<?xml version="1.0" encoding="UTF-8" standalone="no"?>
<gpx xmlns="http://www.topografix.com/GPX/1/1" version="1.1" creator="PPGpS" xmlns:xsi="http://www.w3.org/2001/XMLSchema-instance" xsi:schemaLocation="http://www.topografix.com/GPX/1/1 http://www.topografix.com/GPX/1/1/gpx.xsd">
<metadata>
<link href="http://www.ppgps.info">
<text>Track created by PPGpS 1.59a</text>
</link>
<time>2026-08-27T20:17:10+0300</time>
<bounds maxlat="59.5414767" maxlon="25.2783117" minlat="59.4474567" minlon="25.0930383"/>
</metadata>
<trk>
<name>PPGpS log</name>
<trkseg>
<trkpt lat="59.4522183" lon="25.1133667">
<ele>59.1</ele>
<time>2026-08-27T18:42:01+0300</time>
</trkpt>
<trkpt lat="59.4522183" lon="25.1133667">
<ele>59.1</ele>
<time>2026-08-27T18:42:01+0300</time>
</trkpt>
<trkpt lat="59.45226" lon="25.1133017">
<ele>56.300000000000004</ele>
<time>2026-08-27T18:42:03+0300</time>
</trkpt>
<trkpt lat="59.4524017" lon="25.1135167">
<ele>59.0</ele>
<time>2026-08-27T18:42:04+0300</time>
</trkpt>
<trkpt lat="59.4525483" lon="25.1137217">
<ele>60.4</ele>
<time>2026-08-27T18:42:06+0300</time>
</trkpt>
<trkpt lat="59.452675" lon="25.1138517">
<ele>60.300000000000004</ele>
<time>2026-08-27T18:42:07+0300</time>
</trkpt>
<trkpt lat="59.45277" lon="25.1139233">
<ele>60.0</ele>
<time>2026-08-27T18:42:08+0300</time>
</trkpt>
<trkpt lat="59.4528667" lon="25.1140067">
<ele>60.4</ele>
<time>2026-08-27T18:42:09+0300</time>
</trkpt>
<trkpt lat="59.4529717" lon="25.1140717">
<ele>60.7</ele>
<time>2026-08-27T18:42:10+0300</time>
</trkpt>
<trkpt lat="59.453085" lon="25.1140867">
<ele>61.800000000000004</ele>
<time>2026-08-27T18:42:11+0300</time>
</trkpt>
<trkpt lat="59.4531883" lon="25.114095">
<ele>62.800000000000004</ele>
<time>2026-08-27T18:42:12+0300</time>
</trkpt>
<trkpt lat="59.453295" lon="25.1140767">
<ele>63.5</ele>
<time>2026-08-27T18:42:13+0300</time>
</trkpt>
<trkpt lat="59.4534033" lon="25.11403">
<ele>64.1</ele>
<time>2026-08-27T18:42:14+0300</time>
</trkpt>
<trkpt lat="59.453515" lon="25.1139617">
<ele>63.9</ele>
<time>2026-08-27T18:42:15+0300</time>
</trkpt>
<trkpt lat="59.4536283" lon="25.11388">
<ele>64.30000000000001</ele>
<time>2026-08-27T18:42:16+0300</time>
</trkpt>
<trkpt lat="59.4537433" lon="25.1137767">
<ele>64.9</ele>
<time>2026-08-27T18:42:17+0300</time>
</trkpt>
<trkpt lat="59.45384" lon="25.113645">
<ele>65.4</ele>
<time>2026-08-27T18:42:18+0300</time>
</trkpt>
<trkpt lat="59.4539067" lon="25.1134867">
<ele>65.6</ele>
<time>2026-08-27T18:42:19+0300</time>
</trkpt>
<trkpt lat="59.4539433" lon="25.1132867">
<ele>65.2</ele>
<time>2026-08-27T18:42:20+0300</time>
</trkpt>
<trkpt lat="59.4539467" lon="25.1130567">
<ele>64.2</ele>
<time>2026-08-27T18:42:21+0300</time>
</trkpt>
<trkpt lat="59.4539133" lon="25.1128167">
<ele>64.0</ele>
<time>2026-08-27T18:42:22+0300</time>
</trkpt>
<trkpt lat="59.4538517" lon="25.1125783">
<ele>64.1</ele>
<time>2026-08-27T18:42:23+0300</time>
</trkpt>
<trkpt lat="59.4537783" lon="25.112355">
<ele>65.30000000000001</ele>
<time>2026-08-27T18:42:24+0300</time>
</trkpt>
<trkpt lat="59.4537067" lon="25.1121483">
<ele>66.4</ele>
<time>2026-08-27T18:42:25+0300</time>
</trkpt>
<trkpt lat="59.4536367" lon="25.111945">
<ele>67.1</ele>
<time>2026-08-27T18:42:26+0300</time>
</trkpt>
<trkpt lat="59.4535717" lon="25.11174">
<ele>67.4</ele>
<time>2026-08-27T18:42:27+0300</time>
</trkpt>
<trkpt lat="59.4535117" lon="25.1115283">
<ele>67.2</ele>
<time>2026-08-27T18:42:28+0300</time>
</trkpt>
<trkpt lat="59.4534517" lon="25.1113117">
<ele>67.30000000000001</ele>
<time>2026-08-27T18:42:29+0300</time>
</trkpt>
<trkpt lat="59.4533833" lon="25.1111">
<ele>67.4</ele>
<time>2026-08-27T18:42:30+0300</time>
</trkpt>
<trkpt lat="59.45331" lon="25.1109083">
<ele>67.4</ele>
<time>2026-08-27T18:42:31+0300</time>
</trkpt>
<trkpt lat="59.4532283" lon="25.1107367">
<ele>67.5</ele>
<time>2026-08-27T18:42:32+0300</time>
</trkpt>
<trkpt lat="59.45314" lon="25.1106033">
<ele>68.30000000000001</ele>
<time>2026-08-27T18:42:33+0300</time>
</trkpt>
<trkpt lat="59.4530433" lon="25.11051">
<ele>68.6</ele>
<time>2026-08-27T18:42:34+0300</time>
</trkpt>
<trkpt lat="59.452935" lon="25.1104633">
<ele>68.1</ele>
<time>2026-08-27T18:42:35+0300</time>
</trkpt>
<trkpt lat="59.4528167" lon="25.1104783">
<ele>67.30000000000001</ele>
<time>2026-08-27T18:42:36+0300</time>
</trkpt>
<trkpt lat="59.4526917" lon="25.1105483">
<ele>66.80000000000001</ele>
<time>2026-08-27T18:42:37+0300</time>
</trkpt>
<trkpt lat="59.4525633" lon="25.110635">
<ele>66.80000000000001</ele>
<time>2026-08-27T18:42:38+0300</time>
</trkpt>
<trkpt lat="59.452435" lon="25.1107183">
<ele>67.2</ele>
<time>2026-08-27T18:42:39+0300</time>
</trkpt>
<trkpt lat="59.4523033" lon="25.1107817">
<ele>68.2</ele>
<time>2026-08-27T18:42:40+0300</time>
</trkpt>
<trkpt lat="59.4521733" lon="25.1108333">
<ele>69.4</ele>
<time>2026-08-27T18:42:41+0300</time>
</trkpt>
<trkpt lat="59.4520417" lon="25.110885">
<ele>70.5</ele>
<time>2026-08-27T18:42:42+0300</time>
</trkpt>
<trkpt lat="59.451915" lon="25.11093">
<ele>71.5</ele>
<time>2026-08-27T18:42:43+0300</time>
</trkpt>
<trkpt lat="59.45179" lon="25.1109567">
<ele>72.7</ele>
<time>2026-08-27T18:42:44+0300</time>
</trkpt>
<trkpt lat="59.45167" lon="25.1109417">
<ele>73.80000000000001</ele>
<time>2026-08-27T18:42:45+0300</time>
</trkpt>
<trkpt lat="59.4515567" lon="25.11086">
<ele>74.1</ele>
<time>2026-08-27T18:42:46+0300</time>
</trkpt>
<trkpt lat="59.45146" lon="25.1107017">
<ele>73.7</ele>
<time>2026-08-27T18:42:47+0300</time>
</trkpt>
<trkpt lat="59.451395" lon="25.1104867">
<ele>73.4</ele>
<time>2026-08-27T18:42:48+0300</time>
</trkpt>
<trkpt lat="59.4513783" lon="25.1102267">
<ele>73.2</ele>
<time>2026-08-27T18:42:49+0300</time>
</trkpt>
<trkpt lat="59.4513917" lon="25.109965">
<ele>73.5</ele>
<time>2026-08-27T18:42:50+0300</time>
</trkpt>
<trkpt lat="59.4514067" lon="25.1097167">
<ele>74.30000000000001</ele>
<time>2026-08-27T18:42:51+0300</time>
</trkpt>
<trkpt lat="59.4514117" lon="25.109475">
<ele>75.30000000000001</ele>
<time>2026-08-27T18:42:52+0300</time>
</trkpt>
<trkpt lat="59.451405" lon="25.1092433">
<ele>75.9</ele>
<time>2026-08-27T18:42:53+0300</time>
</trkpt>
<trkpt lat="59.4513917" lon="25.1090167">
<ele>75.5</ele>
<time>2026-08-27T18:42:54+0300</time>
</trkpt>
<trkpt lat="59.4513817" lon="25.1087867">
<ele>75.1</ele>
<time>2026-08-27T18:42:55+0300</time>
</trkpt>
<trkpt lat="59.4513733" lon="25.1085433">
<ele>74.4</ele>
<time>2026-08-27T18:42:56+0300</time>
</trkpt>
<trkpt lat="59.4513667" lon="25.1082983">
<ele>74.2</ele>
<time>2026-08-27T18:42:57+0300</time>
</trkpt>
<trkpt lat="59.4513567" lon="25.1080583">
<ele>74.2</ele>
<time>2026-08-27T18:42:58+0300</time>
</trkpt>
<trkpt lat="59.45134" lon="25.10782">
<ele>74.4</ele>
<time>2026-08-27T18:42:59+0300</time>
</trkpt>
<trkpt lat="59.45132" lon="25.1075817">
<ele>75.0</ele>
<time>2026-08-27T18:43:00+0300</time>
</trkpt>
<trkpt lat="59.4513067" lon="25.1073467">
<ele>75.80000000000001</ele>
<time>2026-08-27T18:43:01+0300</time>
</trkpt>
<trkpt lat="59.4513033" lon="25.1071167">
<ele>76.30000000000001</ele>
<time>2026-08-27T18:43:02+0300</time>
</trkpt>
<trkpt lat="59.451315" lon="25.1068933">
<ele>77.2</ele>
<time>2026-08-27T18:43:03+0300</time>
</trkpt>
<trkpt lat="59.4513483" lon="25.106685">
<ele>78.0</ele>
<time>2026-08-27T18:43:04+0300</time>
</trkpt>
<trkpt lat="59.4513983" lon="25.1064917">
<ele>78.30000000000001</ele>
<time>2026-08-27T18:43:05+0300</time>
</trkpt>
<trkpt lat="59.45146" lon="25.106315">
<ele>78.4</ele>
<time>2026-08-27T18:43:06+0300</time>
</trkpt>
<trkpt lat="59.451525" lon="25.1061367">
<ele>78.9</ele>
<time>2026-08-27T18:43:07+0300</time>
</trkpt>
<trkpt lat="59.45158" lon="25.1059433">
<ele>79.1</ele>
<time>2026-08-27T18:43:08+0300</time>
</trkpt>
<trkpt lat="59.45162" lon="25.1057367">
<ele>79.4</ele>
<time>2026-08-27T18:43:09+0300</time>
</trkpt>
<trkpt lat="59.4516533" lon="25.1055217">
<ele>79.30000000000001</ele>
<time>2026-08-27T18:43:10+0300</time>
</trkpt>
<trkpt lat="59.4516833" lon="25.10531">
<ele>79.30000000000001</ele>
<time>2026-08-27T18:43:11+0300</time>
</trkpt>
<trkpt lat="59.4517217" lon="25.1051017">
<ele>79.1</ele>
<time>2026-08-27T18:43:12+0300</time>
</trkpt>
<trkpt lat="59.45177" lon="25.1049">
<ele>78.9</ele>
<time>2026-08-27T18:43:13+0300</time>
</trkpt>
<trkpt lat="59.451825" lon="25.1047017">
<ele>79.30000000000001</ele>
<time>2026-08-27T18:43:14+0300</time>
</trkpt>
<trkpt lat="59.45188" lon="25.1045067">
<ele>80.1</ele>
<time>2026-08-27T18:43:15+0300</time>
</trkpt>
<trkpt lat="59.4519317" lon="25.104315">
<ele>80.9</ele>
<time>2026-08-27T18:43:16+0300</time>
</trkpt>
<trkpt lat="59.45198" lon="25.1041233">
<ele>81.30000000000001</ele>
<time>2026-08-27T18:43:17+0300</time>
</trkpt>
<trkpt lat="59.4520267" lon="25.1039333">
<ele>81.4</ele>
<time>2026-08-27T18:43:18+0300</time>
</trkpt>
<trkpt lat="59.4520767" lon="25.103745">
<ele>81.2</ele>
<time>2026-08-27T18:43:19+0300</time>
</trkpt>
<trkpt lat="59.45213" lon="25.1035517">
<ele>80.80000000000001</ele>
<time>2026-08-27T18:43:20+0300</time>
</trkpt>
<trkpt lat="59.4521883" lon="25.1033533">
<ele>80.6</ele>
<time>2026-08-27T18:43:21+0300</time>
</trkpt>
<trkpt lat="59.452245" lon="25.1031533">
<ele>80.7</ele>
<time>2026-08-27T18:43:22+0300</time>
</trkpt>
<trkpt lat="59.452305" lon="25.1029583">
<ele>81.1</ele>
<time>2026-08-27T18:43:23+0300</time>
</trkpt>
<trkpt lat="59.4523633" lon="25.102775">
<ele>81.5</ele>
<time>2026-08-27T18:43:24+0300</time>
</trkpt>
<trkpt lat="59.4524233" lon="25.1026">
<ele>82.0</ele>
<time>2026-08-27T18:43:25+0300</time>
</trkpt>
<trkpt lat="59.4524867" lon="25.1024283">
<ele>82.30000000000001</ele>
<time>2026-08-27T18:43:26+0300</time>
</trkpt>
<trkpt lat="59.45255" lon="25.1022517">
<ele>82.5</ele>
<time>2026-08-27T18:43:27+0300</time>
</trkpt>
<trkpt lat="59.4526133" lon="25.1020717">
<ele>82.9</ele>
<time>2026-08-27T18:43:28+0300</time>
</trkpt>
<trkpt lat="59.4526767" lon="25.10189">
<ele>83.2</ele>
<time>2026-08-27T18:43:29+0300</time>
</trkpt>
<trkpt lat="59.4527383" lon="25.1017083">
<ele>83.2</ele>
<time>2026-08-27T18:43:30+0300</time>
</trkpt>
<trkpt lat="59.4528067" lon="25.1015367">
<ele>83.5</ele>
<time>2026-08-27T18:43:31+0300</time>
</trkpt>
<trkpt lat="59.45288" lon="25.1013733">
<ele>83.5</ele>
<time>2026-08-27T18:43:32+0300</time>
</trkpt>
<trkpt lat="59.45296" lon="25.10122">
<ele>83.5</ele>
<time>2026-08-27T18:43:33+0300</time>
</trkpt>
<trkpt lat="59.4530467" lon="25.1010733">
<ele>83.4</ele>
<time>2026-08-27T18:43:34+0300</time>
</trkpt>
<trkpt lat="59.453135" lon="25.1009283">
<ele>83.30000000000001</ele>
<time>2026-08-27T18:43:35+0300</time>
</trkpt>
<trkpt lat="59.4532283" lon="25.1007867">
<ele>83.4</ele>
<time>2026-08-27T18:43:36+0300</time>
</trkpt>
<trkpt lat="59.4533217" lon="25.1006467">
<ele>83.69999999999999</ele>
<time>2026-08-27T18:43:37+0300</time>
</trkpt>
<trkpt lat="59.4534133" lon="25.1005183">
<ele>84.1</ele>
<time>2026-08-27T18:43:38+0300</time>
</trkpt>
<trkpt lat="59.4535033" lon="25.1003983">
<ele>84.19999999999999</ele>
<time>2026-08-27T18:43:39+0300</time>
</trkpt>
<trkpt lat="59.4535917" lon="25.1002817">
<ele>84.30000000000001</ele>
<time>2026-08-27T18:43:40+0300</time>
</trkpt>
<trkpt lat="59.4536833" lon="25.1001533">
<ele>84.30000000000001</ele>
<time>2026-08-27T18:43:41+0300</time>
</trkpt>
<trkpt lat="59.453775" lon="25.1000133">
<ele>84.0</ele>
<time>2026-08-27T18:43:42+0300</time>
</trkpt>
<trkpt lat="59.4538683" lon="25.099865">
<ele>84.1</ele>
<time>2026-08-27T18:43:43+0300</time>
</trkpt>
<trkpt lat="59.4539567" lon="25.0997133">
<ele>84.30000000000001</ele>
<time>2026-08-27T18:43:44+0300</time>
</trkpt>
<trkpt lat="59.4540433" lon="25.0995667">
<ele>84.6</ele>
<time>2026-08-27T18:43:45+0300</time>
</trkpt>
<trkpt lat="59.454125" lon="25.0994217">
<ele>84.6</ele>
<time>2026-08-27T18:43:46+0300</time>
</trkpt>
<trkpt lat="59.4542033" lon="25.099275">
<ele>84.9</ele>
<time>2026-08-27T18:43:47+0300</time>
</trkpt>
<trkpt lat="59.4542867" lon="25.09912">
<ele>84.9</ele>
<time>2026-08-27T18:43:48+0300</time>
</trkpt>
<trkpt lat="59.4543683" lon="25.0989617">
<ele>85.1</ele>
<time>2026-08-27T18:43:49+0300</time>
</trkpt>
<trkpt lat="59.4544483" lon="25.098795">
<ele>85.0</ele>
<time>2026-08-27T18:43:50+0300</time>
</trkpt>
<trkpt lat="59.454525" lon="25.09863">
<ele>85.1</ele>
<time>2026-08-27T18:43:51+0300</time>
</trkpt>
<trkpt lat="59.4545983" lon="25.09846">
<ele>85.30000000000001</ele>
<time>2026-08-27T18:43:52+0300</time>
</trkpt>
<trkpt lat="59.4546683" lon="25.0982917">
<ele>85.5</ele>
<time>2026-08-27T18:43:53+0300</time>
</trkpt>
<trkpt lat="59.4547383" lon="25.0981217">
<ele>85.9</ele>
<time>2026-08-27T18:43:54+0300</time>
</trkpt>
<trkpt lat="59.4548083" lon="25.09795">
<ele>85.6</ele>
<time>2026-08-27T18:43:55+0300</time>
</trkpt>
<trkpt lat="59.4548767" lon="25.0977667">
<ele>85.0</ele>
<time>2026-08-27T18:43:56+0300</time>
</trkpt>
<trkpt lat="59.4549417" lon="25.0975833">
<ele>84.30000000000001</ele>
<time>2026-08-27T18:43:57+0300</time>
</trkpt>
<trkpt lat="59.4550033" lon="25.0974017">
<ele>84.1</ele>
<time>2026-08-27T18:43:58+0300</time>
</trkpt>
<trkpt lat="59.455065" lon="25.0972117">
<ele>83.4</ele>
<time>2026-08-27T18:43:59+0300</time>
</trkpt>
<trkpt lat="59.455125" lon="25.09702">
<ele>82.7</ele>
<time>2026-08-27T18:44:00+0300</time>
</trkpt>
<trkpt lat="59.455185" lon="25.096825">
<ele>82.6</ele>
<time>2026-08-27T18:44:01+0300</time>
</trkpt>
<trkpt lat="59.4552417" lon="25.0966317">
<ele>82.2</ele>
<time>2026-08-27T18:44:02+0300</time>
</trkpt>
<trkpt lat="59.455295" lon="25.0964383">
<ele>82.0</ele>
<time>2026-08-27T18:44:03+0300</time>
</trkpt>
<trkpt lat="59.4553483" lon="25.0962417">
<ele>81.6</ele>
<time>2026-08-27T18:44:04+0300</time>
</trkpt>
<trkpt lat="59.4554" lon="25.0960417">
<ele>81.1</ele>
<time>2026-08-27T18:44:05+0300</time>
</trkpt>
<trkpt lat="59.4554533" lon="25.0958383">
<ele>80.5</ele>
<time>2026-08-27T18:44:06+0300</time>
</trkpt>
<trkpt lat="59.455505" lon="25.0956283">
<ele>80.4</ele>
<time>2026-08-27T18:44:07+0300</time>
</trkpt>
<trkpt lat="59.455545" lon="25.0954167">
<ele>80.6</ele>
<time>2026-08-27T18:44:08+0300</time>
</trkpt>
<trkpt lat="59.45557" lon="25.0951983">
<ele>80.5</ele>
<time>2026-08-27T18:44:09+0300</time>
</trkpt>
<trkpt lat="59.4555783" lon="25.094975">
<ele>80.6</ele>
<time>2026-08-27T18:44:10+0300</time>
</trkpt>
<trkpt lat="59.4555783" lon="25.0947517">
<ele>80.2</ele>
<time>2026-08-27T18:44:11+0300</time>
</trkpt>
<trkpt lat="59.4555733" lon="25.0945233">
<ele>79.30000000000001</ele>
<time>2026-08-27T18:44:12+0300</time>
</trkpt>
<trkpt lat="59.4555733" lon="25.0942917">
<ele>78.5</ele>
<time>2026-08-27T18:44:13+0300</time>
</trkpt>
<trkpt lat="59.4555683" lon="25.0940567">
<ele>78.6</ele>
<time>2026-08-27T18:44:14+0300</time>
</trkpt>
<trkpt lat="59.4555533" lon="25.093815">
<ele>78.7</ele>
<time>2026-08-27T18:44:15+0300</time>
</trkpt>
<trkpt lat="59.4555183" lon="25.0935917">
<ele>79.4</ele>
<time>2026-08-27T18:44:16+0300</time>
</trkpt>
<trkpt lat="59.4554583" lon="25.0933933">
<ele>80.2</ele>
<time>2026-08-27T18:44:17+0300</time>
</trkpt>
<trkpt lat="59.4553733" lon="25.0932417">
<ele>80.0</ele>
<time>2026-08-27T18:44:18+0300</time>
</trkpt>
<trkpt lat="59.4552667" lon="25.0931367">
<ele>79.0</ele>
<time>2026-08-27T18:44:19+0300</time>
</trkpt>
<trkpt lat="59.455145" lon="25.09307">
<ele>78.1</ele>
<time>2026-08-27T18:44:20+0300</time>
</trkpt>
<trkpt lat="59.45502" lon="25.0930383">
<ele>77.5</ele>
<time>2026-08-27T18:44:21+0300</time>
</trkpt>
<trkpt lat="59.454895" lon="25.0930383">
<ele>77.0</ele>
<time>2026-08-27T18:44:22+0300</time>
</trkpt>
<trkpt lat="59.4547717" lon="25.09307">
<ele>76.7</ele>
<time>2026-08-27T18:44:23+0300</time>
</trkpt>
<trkpt lat="59.4546533" lon="25.093125">
<ele>76.6</ele>
<time>2026-08-27T18:44:24+0300</time>
</trkpt>
<trkpt lat="59.45454" lon="25.0931967">
<ele>76.6</ele>
<time>2026-08-27T18:44:25+0300</time>
</trkpt>
<trkpt lat="59.45443" lon="25.09328">
<ele>76.7</ele>
<time>2026-08-27T18:44:26+0300</time>
</trkpt>
<trkpt lat="59.4543233" lon="25.09337">
<ele>76.80000000000001</ele>
<time>2026-08-27T18:44:27+0300</time>
</trkpt>
<trkpt lat="59.4542183" lon="25.09347">
<ele>77.2</ele>
<time>2026-08-27T18:44:28+0300</time>
</trkpt>
<trkpt lat="59.4541133" lon="25.093575">
<ele>77.5</ele>
<time>2026-08-27T18:44:29+0300</time>
</trkpt>
<trkpt lat="59.4540117" lon="25.0936917">
<ele>78.0</ele>
<time>2026-08-27T18:44:30+0300</time>
</trkpt>
<trkpt lat="59.4539117" lon="25.0938133">
<ele>78.5</ele>
<time>2026-08-27T18:44:31+0300</time>
</trkpt>
<trkpt lat="59.45381" lon="25.0939367">
<ele>78.7</ele>
<time>2026-08-27T18:44:32+0300</time>
</trkpt>
<trkpt lat="59.4537117" lon="25.0940633">
<ele>79.2</ele>
<time>2026-08-27T18:44:33+0300</time>
</trkpt>
<trkpt lat="59.453615" lon="25.0941917">
<ele>79.5</ele>
<time>2026-08-27T18:44:34+0300</time>
</trkpt>
<trkpt lat="59.4535183" lon="25.0943233">
<ele>80.0</ele>
<time>2026-08-27T18:44:35+0300</time>
</trkpt>
<trkpt lat="59.453425" lon="25.0944617">
<ele>80.2</ele>
<time>2026-08-27T18:44:36+0300</time>
</trkpt>
<trkpt lat="59.45334" lon="25.094605">
<ele>80.5</ele>
<time>2026-08-27T18:44:37+0300</time>
</trkpt>
<trkpt lat="59.453265" lon="25.0947633">
<ele>80.4</ele>
<time>2026-08-27T18:44:38+0300</time>
</trkpt>
<trkpt lat="59.4531983" lon="25.0949367">
<ele>80.1</ele>
<time>2026-08-27T18:44:39+0300</time>
</trkpt>
<trkpt lat="59.4531383" lon="25.0951233">
<ele>79.6</ele>
<time>2026-08-27T18:44:40+0300</time>
</trkpt>
<trkpt lat="59.4530833" lon="25.0953167">
<ele>79.30000000000001</ele>
<time>2026-08-27T18:44:41+0300</time>
</trkpt>
<trkpt lat="59.4530317" lon="25.0955133">
<ele>78.9</ele>
<time>2026-08-27T18:44:42+0300</time>
</trkpt>
<trkpt lat="59.4529783" lon="25.09571">
<ele>78.5</ele>
<time>2026-08-27T18:44:43+0300</time>
</trkpt>
<trkpt lat="59.45293" lon="25.095905">
<ele>78.5</ele>
<time>2026-08-27T18:44:44+0300</time>
</trkpt>
<trkpt lat="59.4528867" lon="25.0961">
<ele>78.2</ele>
<time>2026-08-27T18:44:45+0300</time>
</trkpt>
<trkpt lat="59.4528467" lon="25.096295">
<ele>77.7</ele>
<time>2026-08-27T18:44:46+0300</time>
</trkpt>
<trkpt lat="59.45281" lon="25.0964933">
<ele>77.4</ele>
<time>2026-08-27T18:44:47+0300</time>
</trkpt>
<trkpt lat="59.452775" lon="25.096695">
<ele>77.0</ele>
<time>2026-08-27T18:44:48+0300</time>
</trkpt>
<trkpt lat="59.4527417" lon="25.0969067">
<ele>76.6</ele>
<time>2026-08-27T18:44:49+0300</time>
</trkpt>
<trkpt lat="59.4527033" lon="25.0971217">
<ele>76.30000000000001</ele>
<time>2026-08-27T18:44:50+0300</time>
</trkpt>
<trkpt lat="59.4526633" lon="25.0973317">
<ele>76.5</ele>
<time>2026-08-27T18:44:51+0300</time>
</trkpt>
<trkpt lat="59.452625" lon="25.097535">
<ele>76.5</ele>
<time>2026-08-27T18:44:52+0300</time>
</trkpt>
<trkpt lat="59.4525917" lon="25.0977333">
<ele>76.2</ele>
<time>2026-08-27T18:44:53+0300</time>
</trkpt>
<trkpt lat="59.4525617" lon="25.0979317">
<ele>75.80000000000001</ele>
<time>2026-08-27T18:44:54+0300</time>
</trkpt>
<trkpt lat="59.45253" lon="25.098135">
<ele>75.30000000000001</ele>
<time>2026-08-27T18:44:55+0300</time>
</trkpt>
<trkpt lat="59.4524983" lon="25.0983417">
<ele>74.80000000000001</ele>
<time>2026-08-27T18:44:56+0300</time>
</trkpt>
<trkpt lat="59.4524633" lon="25.0985517">
<ele>74.2</ele>
<time>2026-08-27T18:44:57+0300</time>
</trkpt>
<trkpt lat="59.4524267" lon="25.09876">
<ele>73.80000000000001</ele>
<time>2026-08-27T18:44:58+0300</time>
</trkpt>
<trkpt lat="59.4523917" lon="25.0989683">
<ele>73.7</ele>
<time>2026-08-27T18:44:59+0300</time>
</trkpt>
<trkpt lat="59.4523567" lon="25.099175">
<ele>73.30000000000001</ele>
<time>2026-08-27T18:45:00+0300</time>
</trkpt>
<trkpt lat="59.45232" lon="25.0993833">
<ele>72.9</ele>
<time>2026-08-27T18:45:01+0300</time>
</trkpt>
<trkpt lat="59.452285" lon="25.0995883">
<ele>72.6</ele>
<time>2026-08-27T18:45:02+0300</time>
</trkpt>
<trkpt lat="59.45225" lon="25.0997967">
<ele>72.30000000000001</ele>
<time>2026-08-27T18:45:03+0300</time>
</trkpt>
<trkpt lat="59.4522167" lon="25.1">
<ele>71.9</ele>
<time>2026-08-27T18:45:04+0300</time>
</trkpt>
<trkpt lat="59.452185" lon="25.1002083">
<ele>71.7</ele>
<time>2026-08-27T18:45:05+0300</time>
</trkpt>
<trkpt lat="59.4521533" lon="25.1004183">
<ele>71.5</ele>
<time>2026-08-27T18:45:06+0300</time>
</trkpt>
<trkpt lat="59.4521217" lon="25.1006283">
<ele>71.6</ele>
<time>2026-08-27T18:45:07+0300</time>
</trkpt>
<trkpt lat="59.4520883" lon="25.10084">
<ele>71.6</ele>
<time>2026-08-27T18:45:08+0300</time>
</trkpt>
<trkpt lat="59.4520533" lon="25.10105">
<ele>71.80000000000001</ele>
<time>2026-08-27T18:45:09+0300</time>
</trkpt>
<trkpt lat="59.4520183" lon="25.1012617">
<ele>72.1</ele>
<time>2026-08-27T18:45:10+0300</time>
</trkpt>
<trkpt lat="59.451985" lon="25.1014717">
<ele>72.1</ele>
<time>2026-08-27T18:45:11+0300</time>
</trkpt>
<trkpt lat="59.4519517" lon="25.1016817">
<ele>72.5</ele>
<time>2026-08-27T18:45:12+0300</time>
</trkpt>
<trkpt lat="59.4519233" lon="25.1018933">
<ele>72.9</ele>
<time>2026-08-27T18:45:13+0300</time>
</trkpt>
<trkpt lat="59.4518967" lon="25.1021017">
<ele>73.1</ele>
<time>2026-08-27T18:45:14+0300</time>
</trkpt>
<trkpt lat="59.45187" lon="25.1023117">
<ele>73.4</ele>
<time>2026-08-27T18:45:15+0300</time>
</trkpt>
<trkpt lat="59.4518417" lon="25.1025233">
<ele>73.5</ele>
<time>2026-08-27T18:45:16+0300</time>
</trkpt>
<trkpt lat="59.4518183" lon="25.10274">
<ele>73.7</ele>
<time>2026-08-27T18:45:17+0300</time>
</trkpt>
<trkpt lat="59.451795" lon="25.1029583">
<ele>74.0</ele>
<time>2026-08-27T18:45:18+0300</time>
</trkpt>
<trkpt lat="59.451775" lon="25.103175">
<ele>74.30000000000001</ele>
<time>2026-08-27T18:45:19+0300</time>
</trkpt>
<trkpt lat="59.4517533" lon="25.1033883">
<ele>74.6</ele>
<time>2026-08-27T18:45:20+0300</time>
</trkpt>
<trkpt lat="59.45173" lon="25.1035967">
<ele>74.80000000000001</ele>
<time>2026-08-27T18:45:21+0300</time>
</trkpt>
<trkpt lat="59.4517067" lon="25.103805">
<ele>75.2</ele>
<time>2026-08-27T18:45:22+0300</time>
</trkpt>
<trkpt lat="59.4516833" lon="25.104015">
<ele>75.30000000000001</ele>
<time>2026-08-27T18:45:23+0300</time>
</trkpt>
<trkpt lat="59.4516617" lon="25.104225">
<ele>75.5</ele>
<time>2026-08-27T18:45:24+0300</time>
</trkpt>
<trkpt lat="59.45164" lon="25.1044333">
<ele>75.6</ele>
<time>2026-08-27T18:45:25+0300</time>
</trkpt>
<trkpt lat="59.45162" lon="25.104645">
<ele>75.80000000000001</ele>
<time>2026-08-27T18:45:26+0300</time>
</trkpt>
<trkpt lat="59.4515983" lon="25.1048583">
<ele>76.2</ele>
<time>2026-08-27T18:45:27+0300</time>
</trkpt>
<trkpt lat="59.4515783" lon="25.10507">
<ele>76.80000000000001</ele>
<time>2026-08-27T18:45:28+0300</time>
</trkpt>
<trkpt lat="59.4515583" lon="25.1052817">
<ele>77.2</ele>
<time>2026-08-27T18:45:29+0300</time>
</trkpt>
<trkpt lat="59.4515433" lon="25.1054933">
<ele>77.4</ele>
<time>2026-08-27T18:45:30+0300</time>
</trkpt>
<trkpt lat="59.45153" lon="25.1057067">
<ele>77.5</ele>
<time>2026-08-27T18:45:31+0300</time>
</trkpt>
<trkpt lat="59.4515183" lon="25.105925">
<ele>77.9</ele>
<time>2026-08-27T18:45:32+0300</time>
</trkpt>
<trkpt lat="59.451505" lon="25.1061417">
<ele>78.4</ele>
<time>2026-08-27T18:45:33+0300</time>
</trkpt>
<trkpt lat="59.45149" lon="25.10636">
<ele>79.2</ele>
<time>2026-08-27T18:45:34+0300</time>
</trkpt>
<trkpt lat="59.4514733" lon="25.106575">
<ele>79.7</ele>
<time>2026-08-27T18:45:35+0300</time>
</trkpt>
<trkpt lat="59.45146" lon="25.10679">
<ele>80.2</ele>
<time>2026-08-27T18:45:36+0300</time>
</trkpt>
<trkpt lat="59.4514483" lon="25.107">
<ele>80.6</ele>
<time>2026-08-27T18:45:37+0300</time>
</trkpt>
<trkpt lat="59.4514383" lon="25.1072117">
<ele>80.9</ele>
<time>2026-08-27T18:45:38+0300</time>
</trkpt>
<trkpt lat="59.451425" lon="25.1074233">
<ele>81.1</ele>
<time>2026-08-27T18:45:39+0300</time>
</trkpt>
<trkpt lat="59.45141" lon="25.1076333">
<ele>81.0</ele>
<time>2026-08-27T18:45:40+0300</time>
</trkpt>
<trkpt lat="59.4513917" lon="25.1078433">
<ele>80.9</ele>
<time>2026-08-27T18:45:41+0300</time>
</trkpt>
<trkpt lat="59.4513717" lon="25.108055">
<ele>80.7</ele>
<time>2026-08-27T18:45:42+0300</time>
</trkpt>
<trkpt lat="59.4513517" lon="25.10827">
<ele>80.5</ele>
<time>2026-08-27T18:45:43+0300</time>
</trkpt>
<trkpt lat="59.451335" lon="25.1084817">
<ele>80.2</ele>
<time>2026-08-27T18:45:44+0300</time>
</trkpt>
<trkpt lat="59.45132" lon="25.10869">
<ele>79.80000000000001</ele>
<time>2026-08-27T18:45:45+0300</time>
</trkpt>
<trkpt lat="59.4513117" lon="25.1088867">
<ele>78.80000000000001</ele>
<time>2026-08-27T18:45:46+0300</time>
</trkpt>
<trkpt lat="59.4513133" lon="25.1090867">
<ele>77.30000000000001</ele>
<time>2026-08-27T18:45:47+0300</time>
</trkpt>
<trkpt lat="59.4513217" lon="25.109295">
<ele>76.4</ele>
<time>2026-08-27T18:45:48+0300</time>
</trkpt>
<trkpt lat="59.4513317" lon="25.1095133">
<ele>75.1</ele>
<time>2026-08-27T18:45:49+0300</time>
</trkpt>
<trkpt lat="59.4513433" lon="25.1097383">
<ele>74.1</ele>
<time>2026-08-27T18:45:50+0300</time>
</trkpt>
<trkpt lat="59.451355" lon="25.1099633">
<ele>73.6</ele>
<time>2026-08-27T18:45:51+0300</time>
</trkpt>
<trkpt lat="59.451365" lon="25.1101817">
<ele>73.0</ele>
<time>2026-08-27T18:45:52+0300</time>
</trkpt>
<trkpt lat="59.4513717" lon="25.110395">
<ele>72.4</ele>
<time>2026-08-27T18:45:53+0300</time>
</trkpt>
<trkpt lat="59.4513783" lon="25.1106083">
<ele>71.80000000000001</ele>
<time>2026-08-27T18:45:54+0300</time>
</trkpt>
<trkpt lat="59.4513867" lon="25.110825">
<ele>71.30000000000001</ele>
<time>2026-08-27T18:45:55+0300</time>
</trkpt>
<trkpt lat="59.4513933" lon="25.1110517">
<ele>70.9</ele>
<time>2026-08-27T18:45:56+0300</time>
</trkpt>
<trkpt lat="59.4514017" lon="25.1112767">
<ele>70.7</ele>
<time>2026-08-27T18:45:57+0300</time>
</trkpt>
<trkpt lat="59.45141" lon="25.1114983">
<ele>70.80000000000001</ele>
<time>2026-08-27T18:45:58+0300</time>
</trkpt>
<trkpt lat="59.4514167" lon="25.111715">
<ele>71.30000000000001</ele>
<time>2026-08-27T18:45:59+0300</time>
</trkpt>
<trkpt lat="59.451425" lon="25.1119233">
<ele>71.5</ele>
<time>2026-08-27T18:46:00+0300</time>
</trkpt>
<trkpt lat="59.451435" lon="25.11213">
<ele>71.5</ele>
<time>2026-08-27T18:46:01+0300</time>
</trkpt>
<trkpt lat="59.4514433" lon="25.1123383">
<ele>71.9</ele>
<time>2026-08-27T18:46:02+0300</time>
</trkpt>
<trkpt lat="59.4514483" lon="25.112545">
<ele>72.1</ele>
<time>2026-08-27T18:46:03+0300</time>
</trkpt>
<trkpt lat="59.451455" lon="25.1127467">
<ele>72.5</ele>
<time>2026-08-27T18:46:04+0300</time>
</trkpt>
<trkpt lat="59.4514633" lon="25.1129483">
<ele>71.2</ele>
<time>2026-08-27T18:46:05+0300</time>
</trkpt>
<trkpt lat="59.4514733" lon="25.1131533">
<ele>70.6</ele>
<time>2026-08-27T18:46:06+0300</time>
</trkpt>
<trkpt lat="59.4514817" lon="25.1133633">
<ele>70.30000000000001</ele>
<time>2026-08-27T18:46:07+0300</time>
</trkpt>
<trkpt lat="59.4514767" lon="25.1135733">
<ele>69.2</ele>
<time>2026-08-27T18:46:08+0300</time>
</trkpt>
<trkpt lat="59.451445" lon="25.1137683">
<ele>68.80000000000001</ele>
<time>2026-08-27T18:46:09+0300</time>
</trkpt>
<trkpt lat="59.4513783" lon="25.113935">
<ele>67.5</ele>
<time>2026-08-27T18:46:10+0300</time>
</trkpt>
<trkpt lat="59.4512833" lon="25.114055">
<ele>67.0</ele>
<time>2026-08-27T18:46:11+0300</time>
</trkpt>
<trkpt lat="59.451165" lon="25.11411">
<ele>66.80000000000001</ele>
<time>2026-08-27T18:46:12+0300</time>
</trkpt>
<trkpt lat="59.4510383" lon="25.1140917">
<ele>67.1</ele>
<time>2026-08-27T18:46:13+0300</time>
</trkpt>
<trkpt lat="59.4509217" lon="25.1139883">
<ele>67.4</ele>
<time>2026-08-27T18:46:14+0300</time>
</trkpt>
<trkpt lat="59.4508183" lon="25.1138317">
<ele>68.6</ele>
<time>2026-08-27T18:46:15+0300</time>
</trkpt>
<trkpt lat="59.45072" lon="25.1136833">
<ele>69.9</ele>
<time>2026-08-27T18:46:16+0300</time>
</trkpt>
<trkpt lat="59.4506217" lon="25.1135583">
<ele>71.0</ele>
<time>2026-08-27T18:46:17+0300</time>
</trkpt>
<trkpt lat="59.4505183" lon="25.1134717">
<ele>71.2</ele>
<time>2026-08-27T18:46:18+0300</time>
</trkpt>
<trkpt lat="59.4504083" lon="25.1134167">
<ele>71.4</ele>
<time>2026-08-27T18:46:19+0300</time>
</trkpt>
<trkpt lat="59.45029" lon="25.1133767">
<ele>71.6</ele>
<time>2026-08-27T18:46:20+0300</time>
</trkpt>
<trkpt lat="59.45017" lon="25.1133683">
<ele>71.4</ele>
<time>2026-08-27T18:46:21+0300</time>
</trkpt>
<trkpt lat="59.4500483" lon="25.1133867">
<ele>71.5</ele>
<time>2026-08-27T18:46:22+0300</time>
</trkpt>
<trkpt lat="59.4499267" lon="25.11343">
<ele>71.6</ele>
<time>2026-08-27T18:46:23+0300</time>
</trkpt>
<trkpt lat="59.4498067" lon="25.1134917">
<ele>71.9</ele>
<time>2026-08-27T18:46:24+0300</time>
</trkpt>
<trkpt lat="59.4496883" lon="25.1135467">
<ele>72.30000000000001</ele>
<time>2026-08-27T18:46:25+0300</time>
</trkpt>
<trkpt lat="59.4495667" lon="25.1135933">
<ele>72.7</ele>
<time>2026-08-27T18:46:26+0300</time>
</trkpt>
<trkpt lat="59.4494467" lon="25.1136383">
<ele>73.0</ele>
<time>2026-08-27T18:46:27+0300</time>
</trkpt>
<trkpt lat="59.44933" lon="25.1136917">
<ele>73.5</ele>
<time>2026-08-27T18:46:28+0300</time>
</trkpt>
<trkpt lat="59.4492183" lon="25.1137683">
<ele>74.0</ele>
<time>2026-08-27T18:46:29+0300</time>
</trkpt>
<trkpt lat="59.449115" lon="25.113865">
<ele>74.5</ele>
<time>2026-08-27T18:46:30+0300</time>
</trkpt>
<trkpt lat="59.4490183" lon="25.11398">
<ele>74.6</ele>
<time>2026-08-27T18:46:31+0300</time>
</trkpt>
<trkpt lat="59.4489283" lon="25.11411">
<ele>74.4</ele>
<time>2026-08-27T18:46:32+0300</time>
</trkpt>
<trkpt lat="59.448845" lon="25.1142417">
<ele>74.0</ele>
<time>2026-08-27T18:46:33+0300</time>
</trkpt>
<trkpt lat="59.4487633" lon="25.1143867">
<ele>73.6</ele>
<time>2026-08-27T18:46:34+0300</time>
</trkpt>
<trkpt lat="59.448685" lon="25.1145483">
<ele>73.2</ele>
<time>2026-08-27T18:46:35+0300</time>
</trkpt>
<trkpt lat="59.4486167" lon="25.1147267">
<ele>72.9</ele>
<time>2026-08-27T18:46:36+0300</time>
</trkpt>
<trkpt lat="59.44857" lon="25.1149167">
<ele>72.5</ele>
<time>2026-08-27T18:46:37+0300</time>
</trkpt>
<trkpt lat="59.4485483" lon="25.1151183">
<ele>71.80000000000001</ele>
<time>2026-08-27T18:46:38+0300</time>
</trkpt>
<trkpt lat="59.4485517" lon="25.1153283">
<ele>71.0</ele>
<time>2026-08-27T18:46:39+0300</time>
</trkpt>
<trkpt lat="59.4485733" lon="25.1155433">
<ele>70.1</ele>
<time>2026-08-27T18:46:40+0300</time>
</trkpt>
<trkpt lat="59.448605" lon="25.115755">
<ele>69.9</ele>
<time>2026-08-27T18:46:41+0300</time>
</trkpt>
<trkpt lat="59.448635" lon="25.1159633">
<ele>69.5</ele>
<time>2026-08-27T18:46:42+0300</time>
</trkpt>
<trkpt lat="59.4486617" lon="25.1161733">
<ele>69.4</ele>
<time>2026-08-27T18:46:43+0300</time>
</trkpt>
<trkpt lat="59.448685" lon="25.1163833">
<ele>69.2</ele>
<time>2026-08-27T18:46:44+0300</time>
</trkpt>
<trkpt lat="59.448705" lon="25.1165967">
<ele>68.9</ele>
<time>2026-08-27T18:46:45+0300</time>
</trkpt>
<trkpt lat="59.44873" lon="25.1168133">
<ele>68.80000000000001</ele>
<time>2026-08-27T18:46:46+0300</time>
</trkpt>
<trkpt lat="59.4487583" lon="25.117025">
<ele>68.4</ele>
<time>2026-08-27T18:46:47+0300</time>
</trkpt>
<trkpt lat="59.4487917" lon="25.1172217">
<ele>67.9</ele>
<time>2026-08-27T18:46:48+0300</time>
</trkpt>
<trkpt lat="59.4488317" lon="25.117405">
<ele>67.6</ele>
<time>2026-08-27T18:46:49+0300</time>
</trkpt>
<trkpt lat="59.4488733" lon="25.1175867">
<ele>67.1</ele>
<time>2026-08-27T18:46:50+0300</time>
</trkpt>
<trkpt lat="59.448915" lon="25.11777">
<ele>67.30000000000001</ele>
<time>2026-08-27T18:46:51+0300</time>
</trkpt>
<trkpt lat="59.4489567" lon="25.1179617">
<ele>67.1</ele>
<time>2026-08-27T18:46:52+0300</time>
</trkpt>
<trkpt lat="59.449" lon="25.1181583">
<ele>66.9</ele>
<time>2026-08-27T18:46:53+0300</time>
</trkpt>
<trkpt lat="59.4490467" lon="25.11835">
<ele>67.0</ele>
<time>2026-08-27T18:46:54+0300</time>
</trkpt>
<trkpt lat="59.4490933" lon="25.1185317">
<ele>67.2</ele>
<time>2026-08-27T18:46:55+0300</time>
</trkpt>
<trkpt lat="59.4491417" lon="25.1187067">
<ele>67.7</ele>
<time>2026-08-27T18:46:56+0300</time>
</trkpt>
<trkpt lat="59.4491933" lon="25.1188767">
<ele>68.0</ele>
<time>2026-08-27T18:46:57+0300</time>
</trkpt>
<trkpt lat="59.4492483" lon="25.1190433">
<ele>68.0</ele>
<time>2026-08-27T18:46:58+0300</time>
</trkpt>
<trkpt lat="59.4493033" lon="25.11921">
<ele>68.0</ele>
<time>2026-08-27T18:46:59+0300</time>
</trkpt>
<trkpt lat="59.4493583" lon="25.1193833">
<ele>68.0</ele>
<time>2026-08-27T18:47:00+0300</time>
</trkpt>
<trkpt lat="59.449415" lon="25.11956">
<ele>68.30000000000001</ele>
<time>2026-08-27T18:47:01+0300</time>
</trkpt>
<trkpt lat="59.4494767" lon="25.1197217">
<ele>68.80000000000001</ele>
<time>2026-08-27T18:47:02+0300</time>
</trkpt>
<trkpt lat="59.44955" lon="25.1198517">
<ele>69.30000000000001</ele>
<time>2026-08-27T18:47:03+0300</time>
</trkpt>
<trkpt lat="59.4496333" lon="25.1199333">
<ele>69.4</ele>
<time>2026-08-27T18:47:04+0300</time>
</trkpt>
<trkpt lat="59.4497267" lon="25.119965">
<ele>69.5</ele>
<time>2026-08-27T18:47:05+0300</time>
</trkpt>
<trkpt lat="59.4498267" lon="25.1199383">
<ele>69.30000000000001</ele>
<time>2026-08-27T18:47:06+0300</time>
</trkpt>
<trkpt lat="59.4499233" lon="25.1198617">
<ele>68.80000000000001</ele>
<time>2026-08-27T18:47:07+0300</time>
</trkpt>
<trkpt lat="59.45001" lon="25.1197433">
<ele>68.5</ele>
<time>2026-08-27T18:47:08+0300</time>
</trkpt>
<trkpt lat="59.4500833" lon="25.1195867">
<ele>68.6</ele>
<time>2026-08-27T18:47:09+0300</time>
</trkpt>
<trkpt lat="59.4501383" lon="25.1194083">
<ele>68.7</ele>
<time>2026-08-27T18:47:10+0300</time>
</trkpt>
<trkpt lat="59.450175" lon="25.1192133">
<ele>69.1</ele>
<time>2026-08-27T18:47:11+0300</time>
</trkpt>
<trkpt lat="59.4501967" lon="25.11901">
<ele>69.30000000000001</ele>
<time>2026-08-27T18:47:12+0300</time>
</trkpt>
<trkpt lat="59.4502083" lon="25.118795">
<ele>69.2</ele>
<time>2026-08-27T18:47:13+0300</time>
</trkpt>
<trkpt lat="59.450225" lon="25.11858">
<ele>68.9</ele>
<time>2026-08-27T18:47:14+0300</time>
</trkpt>
<trkpt lat="59.45026" lon="25.11838">
<ele>68.5</ele>
<time>2026-08-27T18:47:15+0300</time>
</trkpt>
<trkpt lat="59.4503267" lon="25.1182317">
<ele>67.6</ele>
<time>2026-08-27T18:47:16+0300</time>
</trkpt>
<trkpt lat="59.4504283" lon="25.1181567">
<ele>66.5</ele>
<time>2026-08-27T18:47:17+0300</time>
</trkpt>
<trkpt lat="59.4505483" lon="25.1181567">
<ele>66.4</ele>
<time>2026-08-27T18:47:18+0300</time>
</trkpt>
<trkpt lat="59.45065" lon="25.1182567">
<ele>66.2</ele>
<time>2026-08-27T18:47:19+0300</time>
</trkpt>
<trkpt lat="59.4507283" lon="25.1184133">
<ele>66.30000000000001</ele>
<time>2026-08-27T18:47:20+0300</time>
</trkpt>
<trkpt lat="59.4507933" lon="25.1185783">
<ele>67.0</ele>
<time>2026-08-27T18:47:21+0300</time>
</trkpt>
<trkpt lat="59.4508533" lon="25.1187317">
<ele>67.2</ele>
<time>2026-08-27T18:47:22+0300</time>
</trkpt>
<trkpt lat="59.45092" lon="25.1188667">
<ele>67.4</ele>
<time>2026-08-27T18:47:23+0300</time>
</trkpt>
<trkpt lat="59.4509917" lon="25.1189917">
<ele>67.6</ele>
<time>2026-08-27T18:47:24+0300</time>
</trkpt>
<trkpt lat="59.451065" lon="25.11912">
<ele>67.5</ele>
<time>2026-08-27T18:47:25+0300</time>
</trkpt>
<trkpt lat="59.451135" lon="25.11925">
<ele>67.7</ele>
<time>2026-08-27T18:47:26+0300</time>
</trkpt>
<trkpt lat="59.451205" lon="25.1193733">
<ele>68.1</ele>
<time>2026-08-27T18:47:27+0300</time>
</trkpt>
<trkpt lat="59.4512733" lon="25.119485">
<ele>68.1</ele>
<time>2026-08-27T18:47:28+0300</time>
</trkpt>
<trkpt lat="59.4513483" lon="25.119585">
<ele>68.2</ele>
<time>2026-08-27T18:47:29+0300</time>
</trkpt>
<trkpt lat="59.4514283" lon="25.1196767">
<ele>68.1</ele>
<time>2026-08-27T18:47:30+0300</time>
</trkpt>
<trkpt lat="59.4515133" lon="25.11977">
<ele>67.9</ele>
<time>2026-08-27T18:47:31+0300</time>
</trkpt>
<trkpt lat="59.451605" lon="25.1198433">
<ele>68.0</ele>
<time>2026-08-27T18:47:32+0300</time>
</trkpt>
<trkpt lat="59.451705" lon="25.119885">
<ele>68.0</ele>
<time>2026-08-27T18:47:33+0300</time>
</trkpt>
<trkpt lat="59.4518067" lon="25.119885">
<ele>68.4</ele>
<time>2026-08-27T18:47:34+0300</time>
</trkpt>
<trkpt lat="59.451915" lon="25.1198533">
<ele>69.2</ele>
<time>2026-08-27T18:47:35+0300</time>
</trkpt>
<trkpt lat="59.4520183" lon="25.1198">
<ele>70.4</ele>
<time>2026-08-27T18:47:36+0300</time>
</trkpt>
<trkpt lat="59.4521117" lon="25.1197317">
<ele>71.30000000000001</ele>
<time>2026-08-27T18:47:37+0300</time>
</trkpt>
<trkpt lat="59.4522" lon="25.1196483">
<ele>71.7</ele>
<time>2026-08-27T18:47:38+0300</time>
</trkpt>
<trkpt lat="59.4522833" lon="25.1195417">
<ele>72.0</ele>
<time>2026-08-27T18:47:39+0300</time>
</trkpt>
<trkpt lat="59.45236" lon="25.1194033">
<ele>72.30000000000001</ele>
<time>2026-08-27T18:47:40+0300</time>
</trkpt>
<trkpt lat="59.452425" lon="25.119235">
<ele>72.5</ele>
<time>2026-08-27T18:47:41+0300</time>
</trkpt>
<trkpt lat="59.4524733" lon="25.11904">
<ele>72.6</ele>
<time>2026-08-27T18:47:42+0300</time>
</trkpt>
<trkpt lat="59.4525133" lon="25.1188367">
<ele>73.0</ele>
<time>2026-08-27T18:47:43+0300</time>
</trkpt>
<trkpt lat="59.4525583" lon="25.1186367">
<ele>72.9</ele>
<time>2026-08-27T18:47:44+0300</time>
</trkpt>
<trkpt lat="59.4526083" lon="25.1184517">
<ele>73.4</ele>
<time>2026-08-27T18:47:45+0300</time>
</trkpt>
<trkpt lat="59.4526583" lon="25.1182783">
<ele>73.7</ele>
<time>2026-08-27T18:47:46+0300</time>
</trkpt>
<trkpt lat="59.4527067" lon="25.118095">
<ele>73.6</ele>
<time>2026-08-27T18:47:47+0300</time>
</trkpt>
<trkpt lat="59.4527467" lon="25.1178917">
<ele>73.80000000000001</ele>
<time>2026-08-27T18:47:48+0300</time>
</trkpt>
<trkpt lat="59.45278" lon="25.1176733">
<ele>73.80000000000001</ele>
<time>2026-08-27T18:47:49+0300</time>
</trkpt>
<trkpt lat="59.45281" lon="25.1174483">
<ele>73.80000000000001</ele>
<time>2026-08-27T18:47:50+0300</time>
</trkpt>
<trkpt lat="59.45285" lon="25.1172233">
<ele>73.4</ele>
<time>2026-08-27T18:47:51+0300</time>
</trkpt>
<trkpt lat="59.45289" lon="25.117">
<ele>73.0</ele>
<time>2026-08-27T18:47:52+0300</time>
</trkpt>
<trkpt lat="59.4529167" lon="25.1167867">
<ele>73.1</ele>
<time>2026-08-27T18:47:53+0300</time>
</trkpt>
<trkpt lat="59.4529183" lon="25.116575">
<ele>72.9</ele>
<time>2026-08-27T18:47:54+0300</time>
</trkpt>
<trkpt lat="59.4528867" lon="25.11636">
<ele>72.4</ele>
<time>2026-08-27T18:47:55+0300</time>
</trkpt>
<trkpt lat="59.4528233" lon="25.1161533">
<ele>72.30000000000001</ele>
<time>2026-08-27T18:47:56+0300</time>
</trkpt>
<trkpt lat="59.4527367" lon="25.1159667">
<ele>72.5</ele>
<time>2026-08-27T18:47:57+0300</time>
</trkpt>
<trkpt lat="59.4526417" lon="25.1158017">
<ele>73.1</ele>
<time>2026-08-27T18:47:58+0300</time>
</trkpt>
<trkpt lat="59.4525433" lon="25.115655">
<ele>73.5</ele>
<time>2026-08-27T18:47:59+0300</time>
</trkpt>
<trkpt lat="59.4524433" lon="25.11553">
<ele>74.1</ele>
<time>2026-08-27T18:48:00+0300</time>
</trkpt>
<trkpt lat="59.4523417" lon="25.1154183">
<ele>74.2</ele>
<time>2026-08-27T18:48:01+0300</time>
</trkpt>
<trkpt lat="59.4522317" lon="25.1153233">
<ele>74.2</ele>
<time>2026-08-27T18:48:02+0300</time>
</trkpt>
<trkpt lat="59.4521183" lon="25.1152433">
<ele>74.2</ele>
<time>2026-08-27T18:48:03+0300</time>
</trkpt>
<trkpt lat="59.4520017" lon="25.115175">
<ele>74.30000000000001</ele>
<time>2026-08-27T18:48:04+0300</time>
</trkpt>
<trkpt lat="59.4518817" lon="25.1151183">
<ele>74.9</ele>
<time>2026-08-27T18:48:05+0300</time>
</trkpt>
<trkpt lat="59.4517633" lon="25.11507">
<ele>75.4</ele>
<time>2026-08-27T18:48:06+0300</time>
</trkpt>
<trkpt lat="59.4516467" lon="25.11503">
<ele>75.9</ele>
<time>2026-08-27T18:48:07+0300</time>
</trkpt>
<trkpt lat="59.4515267" lon="25.1150017">
<ele>76.30000000000001</ele>
<time>2026-08-27T18:48:08+0300</time>
</trkpt>
<trkpt lat="59.4514083" lon="25.1149883">
<ele>76.30000000000001</ele>
<time>2026-08-27T18:48:09+0300</time>
</trkpt>
<trkpt lat="59.45129" lon="25.1149983">
<ele>76.5</ele>
<time>2026-08-27T18:48:10+0300</time>
</trkpt>
<trkpt lat="59.4511717" lon="25.115035">
<ele>76.6</ele>
<time>2026-08-27T18:48:11+0300</time>
</trkpt>
<trkpt lat="59.4510617" lon="25.1151117">
<ele>76.9</ele>
<time>2026-08-27T18:48:12+0300</time>
</trkpt>
<trkpt lat="59.450955" lon="25.1152133">
<ele>76.9</ele>
<time>2026-08-27T18:48:13+0300</time>
</trkpt>
<trkpt lat="59.4508583" lon="25.1153283">
<ele>76.9</ele>
<time>2026-08-27T18:48:14+0300</time>
</trkpt>
<trkpt lat="59.4507683" lon="25.11546">
<ele>76.7</ele>
<time>2026-08-27T18:48:15+0300</time>
</trkpt>
<trkpt lat="59.450685" lon="25.1156067">
<ele>75.9</ele>
<time>2026-08-27T18:48:16+0300</time>
</trkpt>
<trkpt lat="59.4506033" lon="25.1157667">
<ele>75.5</ele>
<time>2026-08-27T18:48:17+0300</time>
</trkpt>
<trkpt lat="59.4505233" lon="25.11593">
<ele>75.4</ele>
<time>2026-08-27T18:48:18+0300</time>
</trkpt>
<trkpt lat="59.45044" lon="25.11609">
<ele>75.2</ele>
<time>2026-08-27T18:48:19+0300</time>
</trkpt>
<trkpt lat="59.450355" lon="25.1162517">
<ele>74.80000000000001</ele>
<time>2026-08-27T18:48:20+0300</time>
</trkpt>
<trkpt lat="59.45027" lon="25.1164117">
<ele>74.9</ele>
<time>2026-08-27T18:48:21+0300</time>
</trkpt>
<trkpt lat="59.4501867" lon="25.11657">
<ele>75.0</ele>
<time>2026-08-27T18:48:22+0300</time>
</trkpt>
<trkpt lat="59.4501033" lon="25.1167133">
<ele>75.4</ele>
<time>2026-08-27T18:48:23+0300</time>
</trkpt>
<trkpt lat="59.4500167" lon="25.1168517">
<ele>75.4</ele>
<time>2026-08-27T18:48:24+0300</time>
</trkpt>
<trkpt lat="59.449925" lon="25.11698">
<ele>75.2</ele>
<time>2026-08-27T18:48:25+0300</time>
</trkpt>
<trkpt lat="59.4498267" lon="25.1171017">
<ele>74.80000000000001</ele>
<time>2026-08-27T18:48:26+0300</time>
</trkpt>
<trkpt lat="59.4497233" lon="25.117215">
<ele>74.2</ele>
<time>2026-08-27T18:48:27+0300</time>
</trkpt>
<trkpt lat="59.449615" lon="25.11732">
<ele>73.80000000000001</ele>
<time>2026-08-27T18:48:28+0300</time>
</trkpt>
<trkpt lat="59.4495067" lon="25.117415">
<ele>73.4</ele>
<time>2026-08-27T18:48:29+0300</time>
</trkpt>
<trkpt lat="59.4493967" lon="25.1175">
<ele>72.80000000000001</ele>
<time>2026-08-27T18:48:30+0300</time>
</trkpt>
<trkpt lat="59.4492867" lon="25.1175917">
<ele>72.5</ele>
<time>2026-08-27T18:48:31+0300</time>
</trkpt>
<trkpt lat="59.4491817" lon="25.1177">
<ele>71.9</ele>
<time>2026-08-27T18:48:32+0300</time>
</trkpt>
<trkpt lat="59.4490883" lon="25.1178417">
<ele>71.30000000000001</ele>
<time>2026-08-27T18:48:33+0300</time>
</trkpt>
<trkpt lat="59.4490183" lon="25.1180183">
<ele>71.2</ele>
<time>2026-08-27T18:48:34+0300</time>
</trkpt>
<trkpt lat="59.44898" lon="25.1182167">
<ele>70.5</ele>
<time>2026-08-27T18:48:35+0300</time>
</trkpt>
<trkpt lat="59.4489817" lon="25.1184283">
<ele>69.1</ele>
<time>2026-08-27T18:48:36+0300</time>
</trkpt>
<trkpt lat="59.4490167" lon="25.1186417">
<ele>68.6</ele>
<time>2026-08-27T18:48:37+0300</time>
</trkpt>
<trkpt lat="59.449065" lon="25.1188533">
<ele>68.30000000000001</ele>
<time>2026-08-27T18:48:38+0300</time>
</trkpt>
<trkpt lat="59.449105" lon="25.1190617">
<ele>68.4</ele>
<time>2026-08-27T18:48:39+0300</time>
</trkpt>
<trkpt lat="59.4491283" lon="25.1192633">
<ele>68.6</ele>
<time>2026-08-27T18:48:40+0300</time>
</trkpt>
<trkpt lat="59.4491283" lon="25.1194633">
<ele>68.80000000000001</ele>
<time>2026-08-27T18:48:41+0300</time>
</trkpt>
<trkpt lat="59.4491033" lon="25.1196517">
<ele>69.5</ele>
<time>2026-08-27T18:48:42+0300</time>
</trkpt>
<trkpt lat="59.4490433" lon="25.11981">
<ele>68.7</ele>
<time>2026-08-27T18:48:43+0300</time>
</trkpt>
<trkpt lat="59.448945" lon="25.1199317">
<ele>68.4</ele>
<time>2026-08-27T18:48:44+0300</time>
</trkpt>
<trkpt lat="59.4488183" lon="25.1199633">
<ele>67.4</ele>
<time>2026-08-27T18:48:45+0300</time>
</trkpt>
<trkpt lat="59.4486867" lon="25.1198717">
<ele>66.1</ele>
<time>2026-08-27T18:48:46+0300</time>
</trkpt>
<trkpt lat="59.44859" lon="25.1196317">
<ele>64.1</ele>
<time>2026-08-27T18:48:47+0300</time>
</trkpt>
<trkpt lat="59.4485633" lon="25.119315">
<ele>62.300000000000004</ele>
<time>2026-08-27T18:48:48+0300</time>
</trkpt>
<trkpt lat="59.4485983" lon="25.1190317">
<ele>62.1</ele>
<time>2026-08-27T18:48:49+0300</time>
</trkpt>
<trkpt lat="59.4486833" lon="25.1188183">
<ele>61.7</ele>
<time>2026-08-27T18:48:50+0300</time>
</trkpt>
<trkpt lat="59.4487867" lon="25.11868">
<ele>62.800000000000004</ele>
<time>2026-08-27T18:48:51+0300</time>
</trkpt>
<trkpt lat="59.448885" lon="25.1185917">
<ele>64.4</ele>
<time>2026-08-27T18:48:52+0300</time>
</trkpt>
<trkpt lat="59.44897" lon="25.1184983">
<ele>65.0</ele>
<time>2026-08-27T18:48:53+0300</time>
</trkpt>
<trkpt lat="59.44905" lon="25.118395">
<ele>65.1</ele>
<time>2026-08-27T18:48:54+0300</time>
</trkpt>
<trkpt lat="59.44913" lon="25.1182767">
<ele>65.30000000000001</ele>
<time>2026-08-27T18:48:55+0300</time>
</trkpt>
<trkpt lat="59.4492183" lon="25.11814">
<ele>65.4</ele>
<time>2026-08-27T18:48:56+0300</time>
</trkpt>
<trkpt lat="59.4493117" lon="25.1179817">
<ele>66.1</ele>
<time>2026-08-27T18:48:57+0300</time>
</trkpt>
<trkpt lat="59.4493967" lon="25.117805">
<ele>67.0</ele>
<time>2026-08-27T18:48:58+0300</time>
</trkpt>
<trkpt lat="59.4494717" lon="25.1176233">
<ele>67.80000000000001</ele>
<time>2026-08-27T18:48:59+0300</time>
</trkpt>
<trkpt lat="59.4495367" lon="25.1174517">
<ele>69.1</ele>
<time>2026-08-27T18:49:00+0300</time>
</trkpt>
<trkpt lat="59.4495983" lon="25.1172933">
<ele>70.2</ele>
<time>2026-08-27T18:49:01+0300</time>
</trkpt>
<trkpt lat="59.4496633" lon="25.117145">
<ele>70.2</ele>
<time>2026-08-27T18:49:02+0300</time>
</trkpt>
<trkpt lat="59.4497317" lon="25.1169967">
<ele>69.9</ele>
<time>2026-08-27T18:49:03+0300</time>
</trkpt>
<trkpt lat="59.449805" lon="25.11683">
<ele>69.6</ele>
<time>2026-08-27T18:49:04+0300</time>
</trkpt>
<trkpt lat="59.4498733" lon="25.1166483">
<ele>69.6</ele>
<time>2026-08-27T18:49:05+0300</time>
</trkpt>
<trkpt lat="59.4499333" lon="25.1164533">
<ele>69.6</ele>
<time>2026-08-27T18:49:06+0300</time>
</trkpt>
<trkpt lat="59.4499817" lon="25.1162533">
<ele>69.6</ele>
<time>2026-08-27T18:49:07+0300</time>
</trkpt>
<trkpt lat="59.4500167" lon="25.1160483">
<ele>69.7</ele>
<time>2026-08-27T18:49:08+0300</time>
</trkpt>
<trkpt lat="59.45005" lon="25.11584">
<ele>69.30000000000001</ele>
<time>2026-08-27T18:49:09+0300</time>
</trkpt>
<trkpt lat="59.4500783" lon="25.11563">
<ele>68.7</ele>
<time>2026-08-27T18:49:10+0300</time>
</trkpt>
<trkpt lat="59.450105" lon="25.1154117">
<ele>68.30000000000001</ele>
<time>2026-08-27T18:49:11+0300</time>
</trkpt>
<trkpt lat="59.4501267" lon="25.1151817">
<ele>67.80000000000001</ele>
<time>2026-08-27T18:49:12+0300</time>
</trkpt>
<trkpt lat="59.4501367" lon="25.1149483">
<ele>67.6</ele>
<time>2026-08-27T18:49:13+0300</time>
</trkpt>
<trkpt lat="59.4501367" lon="25.1147183">
<ele>67.6</ele>
<time>2026-08-27T18:49:14+0300</time>
</trkpt>
<trkpt lat="59.450125" lon="25.1144917">
<ele>67.7</ele>
<time>2026-08-27T18:49:15+0300</time>
</trkpt>
<trkpt lat="59.4501017" lon="25.11427">
<ele>68.30000000000001</ele>
<time>2026-08-27T18:49:16+0300</time>
</trkpt>
<trkpt lat="59.45007" lon="25.114055">
<ele>68.6</ele>
<time>2026-08-27T18:49:17+0300</time>
</trkpt>
<trkpt lat="59.450035" lon="25.1138433">
<ele>68.9</ele>
<time>2026-08-27T18:49:18+0300</time>
</trkpt>
<trkpt lat="59.4499967" lon="25.1136317">
<ele>69.2</ele>
<time>2026-08-27T18:49:19+0300</time>
</trkpt>
<trkpt lat="59.449955" lon="25.1134183">
<ele>69.80000000000001</ele>
<time>2026-08-27T18:49:20+0300</time>
</trkpt>
<trkpt lat="59.4499133" lon="25.1132">
<ele>70.6</ele>
<time>2026-08-27T18:49:21+0300</time>
</trkpt>
<trkpt lat="59.4498817" lon="25.1129833">
<ele>71.1</ele>
<time>2026-08-27T18:49:22+0300</time>
</trkpt>
<trkpt lat="59.4498767" lon="25.1127633">
<ele>71.4</ele>
<time>2026-08-27T18:49:23+0300</time>
</trkpt>
<trkpt lat="59.44991" lon="25.1125533">
<ele>72.0</ele>
<time>2026-08-27T18:49:24+0300</time>
</trkpt>
<trkpt lat="59.449985" lon="25.112385">
<ele>72.2</ele>
<time>2026-08-27T18:49:25+0300</time>
</trkpt>
<trkpt lat="59.4500917" lon="25.1122967">
<ele>72.5</ele>
<time>2026-08-27T18:49:26+0300</time>
</trkpt>
<trkpt lat="59.450215" lon="25.112325">
<ele>73.2</ele>
<time>2026-08-27T18:49:27+0300</time>
</trkpt>
<trkpt lat="59.450315" lon="25.11246">
<ele>73.4</ele>
<time>2026-08-27T18:49:28+0300</time>
</trkpt>
<trkpt lat="59.4503617" lon="25.1126817">
<ele>73.1</ele>
<time>2026-08-27T18:49:29+0300</time>
</trkpt>
<trkpt lat="59.4503483" lon="25.1129317">
<ele>72.1</ele>
<time>2026-08-27T18:49:30+0300</time>
</trkpt>
<trkpt lat="59.45028" lon="25.1131417">
<ele>71.5</ele>
<time>2026-08-27T18:49:31+0300</time>
</trkpt>
<trkpt lat="59.4501733" lon="25.1132767">
<ele>72.0</ele>
<time>2026-08-27T18:49:32+0300</time>
</trkpt>
<trkpt lat="59.4500417" lon="25.11331">
<ele>72.9</ele>
<time>2026-08-27T18:49:33+0300</time>
</trkpt>
<trkpt lat="59.4499167" lon="25.11325">
<ele>73.80000000000001</ele>
<time>2026-08-27T18:49:34+0300</time>
</trkpt>
<trkpt lat="59.4498133" lon="25.1131067">
<ele>74.7</ele>
<time>2026-08-27T18:49:35+0300</time>
</trkpt>
<trkpt lat="59.4497383" lon="25.1129083">
<ele>75.0</ele>
<time>2026-08-27T18:49:36+0300</time>
</trkpt>
<trkpt lat="59.4496967" lon="25.112685">
<ele>75.2</ele>
<time>2026-08-27T18:49:37+0300</time>
</trkpt>
<trkpt lat="59.4496867" lon="25.112455">
<ele>75.5</ele>
<time>2026-08-27T18:49:38+0300</time>
</trkpt>
<trkpt lat="59.4496983" lon="25.1122333">
<ele>76.30000000000001</ele>
<time>2026-08-27T18:49:39+0300</time>
</trkpt>
<trkpt lat="59.4497283" lon="25.112025">
<ele>76.80000000000001</ele>
<time>2026-08-27T18:49:40+0300</time>
</trkpt>
<trkpt lat="59.449775" lon="25.1118383">
<ele>77.30000000000001</ele>
<time>2026-08-27T18:49:41+0300</time>
</trkpt>
<trkpt lat="59.44984" lon="25.1116717">
<ele>77.5</ele>
<time>2026-08-27T18:49:42+0300</time>
</trkpt>
<trkpt lat="59.4499133" lon="25.11151">
<ele>77.7</ele>
<time>2026-08-27T18:49:43+0300</time>
</trkpt>
<trkpt lat="59.4499833" lon="25.1113467">
<ele>77.80000000000001</ele>
<time>2026-08-27T18:49:44+0300</time>
</trkpt>
<trkpt lat="59.4500433" lon="25.1111633">
<ele>77.6</ele>
<time>2026-08-27T18:49:45+0300</time>
</trkpt>
<trkpt lat="59.45009" lon="25.110965">
<ele>77.6</ele>
<time>2026-08-27T18:49:46+0300</time>
</trkpt>
<trkpt lat="59.4501317" lon="25.1107583">
<ele>77.80000000000001</ele>
<time>2026-08-27T18:49:47+0300</time>
</trkpt>
<trkpt lat="59.4501733" lon="25.1105483">
<ele>77.9</ele>
<time>2026-08-27T18:49:48+0300</time>
</trkpt>
<trkpt lat="59.45022" lon="25.1103433">
<ele>77.9</ele>
<time>2026-08-27T18:49:49+0300</time>
</trkpt>
<trkpt lat="59.450275" lon="25.1101467">
<ele>78.0</ele>
<time>2026-08-27T18:49:50+0300</time>
</trkpt>
<trkpt lat="59.450335" lon="25.1099583">
<ele>78.30000000000001</ele>
<time>2026-08-27T18:49:51+0300</time>
</trkpt>
<trkpt lat="59.450405" lon="25.1097867">
<ele>78.7</ele>
<time>2026-08-27T18:49:52+0300</time>
</trkpt>
<trkpt lat="59.4504817" lon="25.109635">
<ele>79.0</ele>
<time>2026-08-27T18:49:53+0300</time>
</trkpt>
<trkpt lat="59.4505683" lon="25.10951">
<ele>79.7</ele>
<time>2026-08-27T18:49:54+0300</time>
</trkpt>
<trkpt lat="59.450665" lon="25.1094067">
<ele>79.7</ele>
<time>2026-08-27T18:49:55+0300</time>
</trkpt>
<trkpt lat="59.4507667" lon="25.109305">
<ele>80.2</ele>
<time>2026-08-27T18:49:56+0300</time>
</trkpt>
<trkpt lat="59.4508683" lon="25.109195">
<ele>81.1</ele>
<time>2026-08-27T18:49:57+0300</time>
</trkpt>
<trkpt lat="59.450965" lon="25.10908">
<ele>82.0</ele>
<time>2026-08-27T18:49:58+0300</time>
</trkpt>
<trkpt lat="59.4510617" lon="25.1089717">
<ele>82.6</ele>
<time>2026-08-27T18:49:59+0300</time>
</trkpt>
<trkpt lat="59.4511567" lon="25.1088783">
<ele>82.9</ele>
<time>2026-08-27T18:50:00+0300</time>
</trkpt>
<trkpt lat="59.4512533" lon="25.10881">
<ele>82.9</ele>
<time>2026-08-27T18:50:01+0300</time>
</trkpt>
<trkpt lat="59.4513517" lon="25.1087683">
<ele>82.80000000000001</ele>
<time>2026-08-27T18:50:02+0300</time>
</trkpt>
<trkpt lat="59.4514517" lon="25.1087683">
<ele>82.30000000000001</ele>
<time>2026-08-27T18:50:03+0300</time>
</trkpt>
<trkpt lat="59.45155" lon="25.1088217">
<ele>81.9</ele>
<time>2026-08-27T18:50:04+0300</time>
</trkpt>
<trkpt lat="59.4516383" lon="25.1089417">
<ele>80.9</ele>
<time>2026-08-27T18:50:05+0300</time>
</trkpt>
<trkpt lat="59.451705" lon="25.1091183">
<ele>80.2</ele>
<time>2026-08-27T18:50:06+0300</time>
</trkpt>
<trkpt lat="59.4517317" lon="25.1093317">
<ele>79.5</ele>
<time>2026-08-27T18:50:07+0300</time>
</trkpt>
<trkpt lat="59.451725" lon="25.1095533">
<ele>79.2</ele>
<time>2026-08-27T18:50:08+0300</time>
</trkpt>
<trkpt lat="59.451685" lon="25.10975">
<ele>79.0</ele>
<time>2026-08-27T18:50:09+0300</time>
</trkpt>
<trkpt lat="59.4516117" lon="25.1099133">
<ele>78.5</ele>
<time>2026-08-27T18:50:10+0300</time>
</trkpt>
<trkpt lat="59.4515083" lon="25.1100083">
<ele>78.2</ele>
<time>2026-08-27T18:50:11+0300</time>
</trkpt>
<trkpt lat="59.45139" lon="25.1100217">
<ele>77.6</ele>
<time>2026-08-27T18:50:12+0300</time>
</trkpt>
<trkpt lat="59.4512683" lon="25.10994">
<ele>76.9</ele>
<time>2026-08-27T18:50:13+0300</time>
</trkpt>
<trkpt lat="59.4511783" lon="25.1097417">
<ele>76.7</ele>
<time>2026-08-27T18:50:14+0300</time>
</trkpt>
<trkpt lat="59.4511433" lon="25.1094717">
<ele>76.4</ele>
<time>2026-08-27T18:50:15+0300</time>
</trkpt>
<trkpt lat="59.4511667" lon="25.1092167">
<ele>76.30000000000001</ele>
<time>2026-08-27T18:50:16+0300</time>
</trkpt>
<trkpt lat="59.4512367" lon="25.1090183">
<ele>76.4</ele>
<time>2026-08-27T18:50:17+0300</time>
</trkpt>
<trkpt lat="59.4513317" lon="25.1088967">
<ele>76.9</ele>
<time>2026-08-27T18:50:18+0300</time>
</trkpt>
<trkpt lat="59.4514317" lon="25.1088417">
<ele>77.2</ele>
<time>2026-08-27T18:50:19+0300</time>
</trkpt>
<trkpt lat="59.45153" lon="25.10884">
<ele>77.30000000000001</ele>
<time>2026-08-27T18:50:20+0300</time>
</trkpt>
<trkpt lat="59.4516167" lon="25.1089117">
<ele>77.2</ele>
<time>2026-08-27T18:50:21+0300</time>
</trkpt>
<trkpt lat="59.451685" lon="25.1090517">
<ele>76.4</ele>
<time>2026-08-27T18:50:22+0300</time>
</trkpt>
<trkpt lat="59.4517167" lon="25.109245">
<ele>75.9</ele>
<time>2026-08-27T18:50:23+0300</time>
</trkpt>
<trkpt lat="59.4517033" lon="25.1094633">
<ele>75.5</ele>
<time>2026-08-27T18:50:24+0300</time>
</trkpt>
<trkpt lat="59.451645" lon="25.109655">
<ele>74.7</ele>
<time>2026-08-27T18:50:25+0300</time>
</trkpt>
<trkpt lat="59.451545" lon="25.1097867">
<ele>73.6</ele>
<time>2026-08-27T18:50:26+0300</time>
</trkpt>
<trkpt lat="59.45142" lon="25.1098233">
<ele>72.9</ele>
<time>2026-08-27T18:50:27+0300</time>
</trkpt>
<trkpt lat="59.4512883" lon="25.1097583">
<ele>72.80000000000001</ele>
<time>2026-08-27T18:50:28+0300</time>
</trkpt>
<trkpt lat="59.4511683" lon="25.109675">
<ele>73.9</ele>
<time>2026-08-27T18:50:29+0300</time>
</trkpt>
<trkpt lat="59.45105" lon="25.10962">
<ele>74.7</ele>
<time>2026-08-27T18:50:30+0300</time>
</trkpt>
<trkpt lat="59.4509317" lon="25.1096267">
<ele>75.4</ele>
<time>2026-08-27T18:50:31+0300</time>
</trkpt>
<trkpt lat="59.450825" lon="25.109695">
<ele>76.1</ele>
<time>2026-08-27T18:50:32+0300</time>
</trkpt>
<trkpt lat="59.45073" lon="25.109815">
<ele>76.1</ele>
<time>2026-08-27T18:50:33+0300</time>
</trkpt>
<trkpt lat="59.4506583" lon="25.1099783">
<ele>76.1</ele>
<time>2026-08-27T18:50:34+0300</time>
</trkpt>
<trkpt lat="59.4506183" lon="25.1101767">
<ele>75.80000000000001</ele>
<time>2026-08-27T18:50:35+0300</time>
</trkpt>
<trkpt lat="59.45062" lon="25.1103883">
<ele>75.2</ele>
<time>2026-08-27T18:50:36+0300</time>
</trkpt>
<trkpt lat="59.450665" lon="25.1105833">
<ele>75.30000000000001</ele>
<time>2026-08-27T18:50:37+0300</time>
</trkpt>
<trkpt lat="59.4507367" lon="25.1107267">
<ele>75.4</ele>
<time>2026-08-27T18:50:38+0300</time>
</trkpt>
<trkpt lat="59.4508317" lon="25.110815">
<ele>75.7</ele>
<time>2026-08-27T18:50:39+0300</time>
</trkpt>
<trkpt lat="59.4509367" lon="25.110855">
<ele>76.30000000000001</ele>
<time>2026-08-27T18:50:40+0300</time>
</trkpt>
<trkpt lat="59.4510417" lon="25.1108517">
<ele>77.0</ele>
<time>2026-08-27T18:50:41+0300</time>
</trkpt>
<trkpt lat="59.451145" lon="25.1108183">
<ele>77.9</ele>
<time>2026-08-27T18:50:42+0300</time>
</trkpt>
<trkpt lat="59.4512433" lon="25.1107567">
<ele>78.2</ele>
<time>2026-08-27T18:50:43+0300</time>
</trkpt>
<trkpt lat="59.4513417" lon="25.11068">
<ele>78.30000000000001</ele>
<time>2026-08-27T18:50:44+0300</time>
</trkpt>
<trkpt lat="59.4514367" lon="25.1105833">
<ele>78.4</ele>
<time>2026-08-27T18:50:45+0300</time>
</trkpt>
<trkpt lat="59.4515233" lon="25.1104567">
<ele>78.6</ele>
<time>2026-08-27T18:50:46+0300</time>
</trkpt>
<trkpt lat="59.4515933" lon="25.1103">
<ele>79.1</ele>
<time>2026-08-27T18:50:47+0300</time>
</trkpt>
<trkpt lat="59.45164" lon="25.1101067">
<ele>79.30000000000001</ele>
<time>2026-08-27T18:50:48+0300</time>
</trkpt>
<trkpt lat="59.4516567" lon="25.1098917">
<ele>79.0</ele>
<time>2026-08-27T18:50:49+0300</time>
</trkpt>
<trkpt lat="59.4516367" lon="25.1096717">
<ele>78.80000000000001</ele>
<time>2026-08-27T18:50:50+0300</time>
</trkpt>
<trkpt lat="59.4515833" lon="25.1094633">
<ele>78.6</ele>
<time>2026-08-27T18:50:51+0300</time>
</trkpt>
<trkpt lat="59.451495" lon="25.1092983">
<ele>78.7</ele>
<time>2026-08-27T18:50:52+0300</time>
</trkpt>
<trkpt lat="59.4513833" lon="25.1091967">
<ele>78.9</ele>
<time>2026-08-27T18:50:53+0300</time>
</trkpt>
<trkpt lat="59.45126" lon="25.109165">
<ele>78.9</ele>
<time>2026-08-27T18:50:54+0300</time>
</trkpt>
<trkpt lat="59.4511417" lon="25.1092167">
<ele>78.80000000000001</ele>
<time>2026-08-27T18:50:55+0300</time>
</trkpt>
<trkpt lat="59.4510317" lon="25.1093267">
<ele>78.5</ele>
<time>2026-08-27T18:50:56+0300</time>
</trkpt>
<trkpt lat="59.4509317" lon="25.10946">
<ele>79.30000000000001</ele>
<time>2026-08-27T18:50:57+0300</time>
</trkpt>
<trkpt lat="59.450835" lon="25.10959">
<ele>80.1</ele>
<time>2026-08-27T18:50:58+0300</time>
</trkpt>
<trkpt lat="59.4507417" lon="25.1097117">
<ele>80.9</ele>
<time>2026-08-27T18:50:59+0300</time>
</trkpt>
<trkpt lat="59.4506467" lon="25.1098317">
<ele>81.4</ele>
<time>2026-08-27T18:51:00+0300</time>
</trkpt>
<trkpt lat="59.450555" lon="25.1099583">
<ele>81.7</ele>
<time>2026-08-27T18:51:01+0300</time>
</trkpt>
<trkpt lat="59.4504617" lon="25.1100917">
<ele>82.2</ele>
<time>2026-08-27T18:51:02+0300</time>
</trkpt>
<trkpt lat="59.4503683" lon="25.110225">
<ele>82.4</ele>
<time>2026-08-27T18:51:03+0300</time>
</trkpt>
<trkpt lat="59.4502733" lon="25.1103433">
<ele>83.5</ele>
<time>2026-08-27T18:51:04+0300</time>
</trkpt>
<trkpt lat="59.450175" lon="25.1104383">
<ele>84.4</ele>
<time>2026-08-27T18:51:05+0300</time>
</trkpt>
<trkpt lat="59.45007" lon="25.1104867">
<ele>85.19999999999999</ele>
<time>2026-08-27T18:51:06+0300</time>
</trkpt>
<trkpt lat="59.4499567" lon="25.11046">
<ele>85.30000000000001</ele>
<time>2026-08-27T18:51:07+0300</time>
</trkpt>
<trkpt lat="59.4498467" lon="25.110355">
<ele>85.0</ele>
<time>2026-08-27T18:51:08+0300</time>
</trkpt>
<trkpt lat="59.4497617" lon="25.1101617">
<ele>84.4</ele>
<time>2026-08-27T18:51:09+0300</time>
</trkpt>
<trkpt lat="59.4497267" lon="25.1099133">
<ele>83.6</ele>
<time>2026-08-27T18:51:10+0300</time>
</trkpt>
<trkpt lat="59.449745" lon="25.1096567">
<ele>83.5</ele>
<time>2026-08-27T18:51:11+0300</time>
</trkpt>
<trkpt lat="59.44981" lon="25.109435">
<ele>83.5</ele>
<time>2026-08-27T18:51:12+0300</time>
</trkpt>
<trkpt lat="59.4499083" lon="25.1092883">
<ele>83.5</ele>
<time>2026-08-27T18:51:13+0300</time>
</trkpt>
<trkpt lat="59.4500233" lon="25.1092383">
<ele>83.6</ele>
<time>2026-08-27T18:51:14+0300</time>
</trkpt>
<trkpt lat="59.45014" lon="25.1092883">
<ele>83.69999999999999</ele>
<time>2026-08-27T18:51:15+0300</time>
</trkpt>
<trkpt lat="59.4502383" lon="25.1094033">
<ele>84.30000000000001</ele>
<time>2026-08-27T18:51:16+0300</time>
</trkpt>
<trkpt lat="59.45032" lon="25.1095283">
<ele>85.0</ele>
<time>2026-08-27T18:51:17+0300</time>
</trkpt>
<trkpt lat="59.450395" lon="25.109635">
<ele>85.69999999999999</ele>
<time>2026-08-27T18:51:18+0300</time>
</trkpt>
<trkpt lat="59.4504767" lon="25.1097067">
<ele>86.5</ele>
<time>2026-08-27T18:51:19+0300</time>
</trkpt>
<trkpt lat="59.4505767" lon="25.1097">
<ele>86.4</ele>
<time>2026-08-27T18:51:20+0300</time>
</trkpt>
<trkpt lat="59.4506817" lon="25.1096217">
<ele>85.6</ele>
<time>2026-08-27T18:51:21+0300</time>
</trkpt>
<trkpt lat="59.4507783" lon="25.1094983">
<ele>84.69999999999999</ele>
<time>2026-08-27T18:51:22+0300</time>
</trkpt>
<trkpt lat="59.4508533" lon="25.10933">
<ele>83.69999999999999</ele>
<time>2026-08-27T18:51:23+0300</time>
</trkpt>
<trkpt lat="59.450885" lon="25.1091183">
<ele>82.80000000000001</ele>
<time>2026-08-27T18:51:24+0300</time>
</trkpt>
<trkpt lat="59.4508733" lon="25.10888">
<ele>81.5</ele>
<time>2026-08-27T18:51:25+0300</time>
</trkpt>
<trkpt lat="59.4508267" lon="25.1086467">
<ele>81.30000000000001</ele>
<time>2026-08-27T18:51:26+0300</time>
</trkpt>
<trkpt lat="59.450755" lon="25.1084433">
<ele>81.4</ele>
<time>2026-08-27T18:51:27+0300</time>
</trkpt>
<trkpt lat="59.450665" lon="25.1082883">
<ele>82.1</ele>
<time>2026-08-27T18:51:28+0300</time>
</trkpt>
<trkpt lat="59.4505633" lon="25.10818">
<ele>82.7</ele>
<time>2026-08-27T18:51:29+0300</time>
</trkpt>
<trkpt lat="59.4504567" lon="25.108115">
<ele>82.6</ele>
<time>2026-08-27T18:51:30+0300</time>
</trkpt>
<trkpt lat="59.4503433" lon="25.10809">
<ele>82.7</ele>
<time>2026-08-27T18:51:31+0300</time>
</trkpt>
<trkpt lat="59.45023" lon="25.1081133">
<ele>82.7</ele>
<time>2026-08-27T18:51:32+0300</time>
</trkpt>
<trkpt lat="59.4501233" lon="25.108185">
<ele>82.80000000000001</ele>
<time>2026-08-27T18:51:33+0300</time>
</trkpt>
<trkpt lat="59.45003" lon="25.1083033">
<ele>83.4</ele>
<time>2026-08-27T18:51:34+0300</time>
</trkpt>
<trkpt lat="59.449955" lon="25.1084617">
<ele>83.80000000000001</ele>
<time>2026-08-27T18:51:35+0300</time>
</trkpt>
<trkpt lat="59.4499033" lon="25.1086517">
<ele>84.4</ele>
<time>2026-08-27T18:51:36+0300</time>
</trkpt>
<trkpt lat="59.4498717" lon="25.1088567">
<ele>85.0</ele>
<time>2026-08-27T18:51:37+0300</time>
</trkpt>
<trkpt lat="59.4498633" lon="25.1090567">
<ele>85.6</ele>
<time>2026-08-27T18:51:38+0300</time>
</trkpt>
<trkpt lat="59.4498783" lon="25.1092467">
<ele>85.9</ele>
<time>2026-08-27T18:51:39+0300</time>
</trkpt>
<trkpt lat="59.4499217" lon="25.1094117">
<ele>85.80000000000001</ele>
<time>2026-08-27T18:51:40+0300</time>
</trkpt>
<trkpt lat="59.4499867" lon="25.109545">
<ele>86.0</ele>
<time>2026-08-27T18:51:41+0300</time>
</trkpt>
<trkpt lat="59.4500733" lon="25.1096483">
<ele>86.6</ele>
<time>2026-08-27T18:51:42+0300</time>
</trkpt>
<trkpt lat="59.4501733" lon="25.10972">
<ele>87.0</ele>
<time>2026-08-27T18:51:43+0300</time>
</trkpt>
<trkpt lat="59.4502767" lon="25.1097417">
<ele>87.5</ele>
<time>2026-08-27T18:51:44+0300</time>
</trkpt>
<trkpt lat="59.45038" lon="25.1097183">
<ele>87.9</ele>
<time>2026-08-27T18:51:45+0300</time>
</trkpt>
<trkpt lat="59.4504817" lon="25.1096567">
<ele>87.69999999999999</ele>
<time>2026-08-27T18:51:46+0300</time>
</trkpt>
<trkpt lat="59.4505733" lon="25.1095633">
<ele>88.1</ele>
<time>2026-08-27T18:51:47+0300</time>
</trkpt>
<trkpt lat="59.4506517" lon="25.1094283">
<ele>87.9</ele>
<time>2026-08-27T18:51:48+0300</time>
</trkpt>
<trkpt lat="59.4507133" lon="25.1092517">
<ele>87.6</ele>
<time>2026-08-27T18:51:49+0300</time>
</trkpt>
<trkpt lat="59.4507583" lon="25.109045">
<ele>87.1</ele>
<time>2026-08-27T18:51:50+0300</time>
</trkpt>
<trkpt lat="59.4507933" lon="25.1088233">
<ele>87.30000000000001</ele>
<time>2026-08-27T18:51:51+0300</time>
</trkpt>
<trkpt lat="59.45084" lon="25.1086217">
<ele>87.5</ele>
<time>2026-08-27T18:51:52+0300</time>
</trkpt>
<trkpt lat="59.4509133" lon="25.10847">
<ele>87.5</ele>
<time>2026-08-27T18:51:53+0300</time>
</trkpt>
<trkpt lat="59.4510117" lon="25.1083867">
<ele>87.0</ele>
<time>2026-08-27T18:51:54+0300</time>
</trkpt>
<trkpt lat="59.4511167" lon="25.1084033">
<ele>86.9</ele>
<time>2026-08-27T18:51:55+0300</time>
</trkpt>
<trkpt lat="59.4512033" lon="25.1085983">
<ele>86.30000000000001</ele>
<time>2026-08-27T18:51:56+0300</time>
</trkpt>
<trkpt lat="59.4512183" lon="25.10889">
<ele>85.6</ele>
<time>2026-08-27T18:51:57+0300</time>
</trkpt>
<trkpt lat="59.45116" lon="25.1091633">
<ele>85.19999999999999</ele>
<time>2026-08-27T18:51:58+0300</time>
</trkpt>
<trkpt lat="59.4510583" lon="25.109365">
<ele>85.19999999999999</ele>
<time>2026-08-27T18:51:59+0300</time>
</trkpt>
<trkpt lat="59.4509467" lon="25.1094967">
<ele>86.30000000000001</ele>
<time>2026-08-27T18:52:00+0300</time>
</trkpt>
<trkpt lat="59.4508383" lon="25.1095917">
<ele>87.6</ele>
<time>2026-08-27T18:52:01+0300</time>
</trkpt>
<trkpt lat="59.4507433" lon="25.1096933">
<ele>88.4</ele>
<time>2026-08-27T18:52:02+0300</time>
</trkpt>
<trkpt lat="59.4506583" lon="25.1098217">
<ele>88.9</ele>
<time>2026-08-27T18:52:03+0300</time>
</trkpt>
<trkpt lat="59.4505933" lon="25.1099833">
<ele>88.9</ele>
<time>2026-08-27T18:52:04+0300</time>
</trkpt>
<trkpt lat="59.4505483" lon="25.1101733">
<ele>89.0</ele>
<time>2026-08-27T18:52:05+0300</time>
</trkpt>
<trkpt lat="59.450535" lon="25.110375">
<ele>88.0</ele>
<time>2026-08-27T18:52:06+0300</time>
</trkpt>
<trkpt lat="59.45056" lon="25.1105767">
<ele>87.0</ele>
<time>2026-08-27T18:52:07+0300</time>
</trkpt>
<trkpt lat="59.4506167" lon="25.11076">
<ele>86.4</ele>
<time>2026-08-27T18:52:08+0300</time>
</trkpt>
<trkpt lat="59.45069" lon="25.1109083">
<ele>86.4</ele>
<time>2026-08-27T18:52:09+0300</time>
</trkpt>
<trkpt lat="59.4507717" lon="25.1110283">
<ele>87.0</ele>
<time>2026-08-27T18:52:10+0300</time>
</trkpt>
<trkpt lat="59.450855" lon="25.1111233">
<ele>87.69999999999999</ele>
<time>2026-08-27T18:52:11+0300</time>
</trkpt>
<trkpt lat="59.45094" lon="25.1112067">
<ele>88.1</ele>
<time>2026-08-27T18:52:12+0300</time>
</trkpt>
<trkpt lat="59.4510333" lon="25.1112833">
<ele>88.4</ele>
<time>2026-08-27T18:52:13+0300</time>
</trkpt>
<trkpt lat="59.4511333" lon="25.111355">
<ele>88.69999999999999</ele>
<time>2026-08-27T18:52:14+0300</time>
</trkpt>
<trkpt lat="59.4512367" lon="25.1114267">
<ele>89.1</ele>
<time>2026-08-27T18:52:15+0300</time>
</trkpt>
<trkpt lat="59.4513417" lon="25.1115">
<ele>89.6</ele>
<time>2026-08-27T18:52:16+0300</time>
</trkpt>
<trkpt lat="59.4514467" lon="25.111575">
<ele>90.30000000000001</ele>
<time>2026-08-27T18:52:17+0300</time>
</trkpt>
<trkpt lat="59.45155" lon="25.1116483">
<ele>91.0</ele>
<time>2026-08-27T18:52:18+0300</time>
</trkpt>
<trkpt lat="59.45165" lon="25.1117217">
<ele>91.6</ele>
<time>2026-08-27T18:52:19+0300</time>
</trkpt>
<trkpt lat="59.45175" lon="25.1117967">
<ele>92.4</ele>
<time>2026-08-27T18:52:20+0300</time>
</trkpt>
<trkpt lat="59.4518467" lon="25.1118717">
<ele>92.9</ele>
<time>2026-08-27T18:52:21+0300</time>
</trkpt>
<trkpt lat="59.45194" lon="25.1119533">
<ele>93.5</ele>
<time>2026-08-27T18:52:22+0300</time>
</trkpt>
<trkpt lat="59.4520367" lon="25.1120267">
<ele>93.69999999999999</ele>
<time>2026-08-27T18:52:23+0300</time>
</trkpt>
<trkpt lat="59.4521333" lon="25.1120833">
<ele>93.80000000000001</ele>
<time>2026-08-27T18:52:24+0300</time>
</trkpt>
<trkpt lat="59.4522333" lon="25.112105">
<ele>93.9</ele>
<time>2026-08-27T18:52:25+0300</time>
</trkpt>
<trkpt lat="59.4523367" lon="25.1120833">
<ele>93.80000000000001</ele>
<time>2026-08-27T18:52:26+0300</time>
</trkpt>
<trkpt lat="59.452435" lon="25.1120083">
<ele>93.5</ele>
<time>2026-08-27T18:52:27+0300</time>
</trkpt>
<trkpt lat="59.4525283" lon="25.1118867">
<ele>92.6</ele>
<time>2026-08-27T18:52:28+0300</time>
</trkpt>
<trkpt lat="59.4526133" lon="25.11174">
<ele>92.0</ele>
<time>2026-08-27T18:52:29+0300</time>
</trkpt>
<trkpt lat="59.45269" lon="25.11157">
<ele>90.9</ele>
<time>2026-08-27T18:52:30+0300</time>
</trkpt>
<trkpt lat="59.4527683" lon="25.1113983">
<ele>90.1</ele>
<time>2026-08-27T18:52:31+0300</time>
</trkpt>
<trkpt lat="59.4528467" lon="25.1112383">
<ele>89.19999999999999</ele>
<time>2026-08-27T18:52:32+0300</time>
</trkpt>
<trkpt lat="59.4529283" lon="25.1110917">
<ele>88.0</ele>
<time>2026-08-27T18:52:33+0300</time>
</trkpt>
<trkpt lat="59.4530183" lon="25.11094">
<ele>87.4</ele>
<time>2026-08-27T18:52:34+0300</time>
</trkpt>
<trkpt lat="59.4531017" lon="25.1107783">
<ele>86.9</ele>
<time>2026-08-27T18:52:35+0300</time>
</trkpt>
<trkpt lat="59.45318" lon="25.1106033">
<ele>86.19999999999999</ele>
<time>2026-08-27T18:52:36+0300</time>
</trkpt>
<trkpt lat="59.4532517" lon="25.1104233">
<ele>85.4</ele>
<time>2026-08-27T18:52:37+0300</time>
</trkpt>
<trkpt lat="59.4533233" lon="25.11024">
<ele>85.19999999999999</ele>
<time>2026-08-27T18:52:38+0300</time>
</trkpt>
<trkpt lat="59.453395" lon="25.1100717">
<ele>84.9</ele>
<time>2026-08-27T18:52:39+0300</time>
</trkpt>
<trkpt lat="59.453465" lon="25.1099083">
<ele>84.9</ele>
<time>2026-08-27T18:52:40+0300</time>
</trkpt>
<trkpt lat="59.4535367" lon="25.1097383">
<ele>84.6</ele>
<time>2026-08-27T18:52:41+0300</time>
</trkpt>
<trkpt lat="59.4536" lon="25.1095633">
<ele>84.6</ele>
<time>2026-08-27T18:52:42+0300</time>
</trkpt>
<trkpt lat="59.45366" lon="25.10937">
<ele>84.6</ele>
<time>2026-08-27T18:52:43+0300</time>
</trkpt>
<trkpt lat="59.4537133" lon="25.1091667">
<ele>84.5</ele>
<time>2026-08-27T18:52:44+0300</time>
</trkpt>
<trkpt lat="59.4537667" lon="25.1089717">
<ele>84.0</ele>
<time>2026-08-27T18:52:45+0300</time>
</trkpt>
<trkpt lat="59.4538217" lon="25.1087767">
<ele>84.0</ele>
<time>2026-08-27T18:52:46+0300</time>
</trkpt>
<trkpt lat="59.4538817" lon="25.1085867">
<ele>83.80000000000001</ele>
<time>2026-08-27T18:52:47+0300</time>
</trkpt>
<trkpt lat="59.45394" lon="25.1083967">
<ele>84.4</ele>
<time>2026-08-27T18:52:48+0300</time>
</trkpt>
<trkpt lat="59.453995" lon="25.1082">
<ele>84.69999999999999</ele>
<time>2026-08-27T18:52:49+0300</time>
</trkpt>
<trkpt lat="59.4540433" lon="25.1080033">
<ele>85.19999999999999</ele>
<time>2026-08-27T18:52:50+0300</time>
</trkpt>
<trkpt lat="59.4540933" lon="25.107805">
<ele>85.5</ele>
<time>2026-08-27T18:52:51+0300</time>
</trkpt>
<trkpt lat="59.45415" lon="25.10761">
<ele>85.4</ele>
<time>2026-08-27T18:52:52+0300</time>
</trkpt>
<trkpt lat="59.45421" lon="25.10742">
<ele>85.69999999999999</ele>
<time>2026-08-27T18:52:53+0300</time>
</trkpt>
<trkpt lat="59.4542767" lon="25.1072283">
<ele>86.1</ele>
<time>2026-08-27T18:52:54+0300</time>
</trkpt>
<trkpt lat="59.45434" lon="25.10704">
<ele>87.0</ele>
<time>2026-08-27T18:52:55+0300</time>
</trkpt>
<trkpt lat="59.4544017" lon="25.10685">
<ele>88.0</ele>
<time>2026-08-27T18:52:56+0300</time>
</trkpt>
<trkpt lat="59.4544567" lon="25.1066583">
<ele>88.80000000000001</ele>
<time>2026-08-27T18:52:57+0300</time>
</trkpt>
<trkpt lat="59.4545117" lon="25.10646">
<ele>89.4</ele>
<time>2026-08-27T18:52:58+0300</time>
</trkpt>
<trkpt lat="59.4545667" lon="25.10626">
<ele>89.69999999999999</ele>
<time>2026-08-27T18:52:59+0300</time>
</trkpt>
<trkpt lat="59.4546183" lon="25.1060517">
<ele>90.19999999999999</ele>
<time>2026-08-27T18:53:00+0300</time>
</trkpt>
<trkpt lat="59.4546667" lon="25.1058433">
<ele>90.4</ele>
<time>2026-08-27T18:53:01+0300</time>
</trkpt>
<trkpt lat="59.454715" lon="25.1056333">
<ele>90.80000000000001</ele>
<time>2026-08-27T18:53:02+0300</time>
</trkpt>
<trkpt lat="59.4547617" lon="25.1054183">
<ele>91.5</ele>
<time>2026-08-27T18:53:03+0300</time>
</trkpt>
<trkpt lat="59.4548033" lon="25.1051933">
<ele>92.0</ele>
<time>2026-08-27T18:53:04+0300</time>
</trkpt>
<trkpt lat="59.45484" lon="25.104975">
<ele>92.1</ele>
<time>2026-08-27T18:53:05+0300</time>
</trkpt>
<trkpt lat="59.45487" lon="25.104755">
<ele>92.80000000000001</ele>
<time>2026-08-27T18:53:06+0300</time>
</trkpt>
<trkpt lat="59.4548983" lon="25.10453">
<ele>93.1</ele>
<time>2026-08-27T18:53:07+0300</time>
</trkpt>
<trkpt lat="59.4549233" lon="25.1043033">
<ele>93.30000000000001</ele>
<time>2026-08-27T18:53:08+0300</time>
</trkpt>
<trkpt lat="59.4549483" lon="25.104075">
<ele>93.80000000000001</ele>
<time>2026-08-27T18:53:09+0300</time>
</trkpt>
<trkpt lat="59.4549717" lon="25.1038483">
<ele>94.19999999999999</ele>
<time>2026-08-27T18:53:10+0300</time>
</trkpt>
<trkpt lat="59.4549917" lon="25.10362">
<ele>94.5</ele>
<time>2026-08-27T18:53:11+0300</time>
</trkpt>
<trkpt lat="59.4550117" lon="25.1033883">
<ele>94.1</ele>
<time>2026-08-27T18:53:12+0300</time>
</trkpt>
<trkpt lat="59.4550333" lon="25.1031583">
<ele>93.5</ele>
<time>2026-08-27T18:53:13+0300</time>
</trkpt>
<trkpt lat="59.4550533" lon="25.102925">
<ele>93.1</ele>
<time>2026-08-27T18:53:14+0300</time>
</trkpt>
<trkpt lat="59.4550717" lon="25.10269">
<ele>92.5</ele>
<time>2026-08-27T18:53:15+0300</time>
</trkpt>
<trkpt lat="59.4550883" lon="25.1024533">
<ele>92.0</ele>
<time>2026-08-27T18:53:16+0300</time>
</trkpt>
<trkpt lat="59.4551" lon="25.10222">
<ele>91.6</ele>
<time>2026-08-27T18:53:17+0300</time>
</trkpt>
<trkpt lat="59.4551067" lon="25.1019867">
<ele>91.4</ele>
<time>2026-08-27T18:53:18+0300</time>
</trkpt>
<trkpt lat="59.4551117" lon="25.10175">
<ele>91.30000000000001</ele>
<time>2026-08-27T18:53:19+0300</time>
</trkpt>
<trkpt lat="59.45511" lon="25.101515">
<ele>91.1</ele>
<time>2026-08-27T18:53:20+0300</time>
</trkpt>
<trkpt lat="59.455105" lon="25.1012733">
<ele>91.1</ele>
<time>2026-08-27T18:53:21+0300</time>
</trkpt>
<trkpt lat="59.4550967" lon="25.10103">
<ele>91.1</ele>
<time>2026-08-27T18:53:22+0300</time>
</trkpt>
<trkpt lat="59.45508" lon="25.10079">
<ele>90.6</ele>
<time>2026-08-27T18:53:23+0300</time>
</trkpt>
<trkpt lat="59.4550583" lon="25.1005567">
<ele>91.80000000000001</ele>
<time>2026-08-27T18:53:24+0300</time>
</trkpt>
<trkpt lat="59.4550283" lon="25.100335">
<ele>92.6</ele>
<time>2026-08-27T18:53:25+0300</time>
</trkpt>
<trkpt lat="59.454995" lon="25.1001267">
<ele>92.80000000000001</ele>
<time>2026-08-27T18:53:26+0300</time>
</trkpt>
<trkpt lat="59.45495" lon="25.0999183">
<ele>92.4</ele>
<time>2026-08-27T18:53:27+0300</time>
</trkpt>
<trkpt lat="59.45489" lon="25.099715">
<ele>91.6</ele>
<time>2026-08-27T18:53:28+0300</time>
</trkpt>
<trkpt lat="59.4548133" lon="25.0995133">
<ele>91.1</ele>
<time>2026-08-27T18:53:29+0300</time>
</trkpt>
<trkpt lat="59.454725" lon="25.099325">
<ele>91.19999999999999</ele>
<time>2026-08-27T18:53:30+0300</time>
</trkpt>
<trkpt lat="59.4546283" lon="25.0991517">
<ele>91.69999999999999</ele>
<time>2026-08-27T18:53:31+0300</time>
</trkpt>
<trkpt lat="59.4545317" lon="25.0989967">
<ele>92.1</ele>
<time>2026-08-27T18:53:32+0300</time>
</trkpt>
<trkpt lat="59.45444" lon="25.0988483">
<ele>92.5</ele>
<time>2026-08-27T18:53:33+0300</time>
</trkpt>
<trkpt lat="59.4543533" lon="25.098695">
<ele>92.6</ele>
<time>2026-08-27T18:53:34+0300</time>
</trkpt>
<trkpt lat="59.45426" lon="25.0985383">
<ele>92.1</ele>
<time>2026-08-27T18:53:35+0300</time>
</trkpt>
<trkpt lat="59.4541683" lon="25.0983767">
<ele>91.30000000000001</ele>
<time>2026-08-27T18:53:36+0300</time>
</trkpt>
<trkpt lat="59.4540733" lon="25.098215">
<ele>91.19999999999999</ele>
<time>2026-08-27T18:53:37+0300</time>
</trkpt>
<trkpt lat="59.4539783" lon="25.0980483">
<ele>91.30000000000001</ele>
<time>2026-08-27T18:53:38+0300</time>
</trkpt>
<trkpt lat="59.4538867" lon="25.0978733">
<ele>91.30000000000001</ele>
<time>2026-08-27T18:53:39+0300</time>
</trkpt>
<trkpt lat="59.4538" lon="25.0977067">
<ele>91.9</ele>
<time>2026-08-27T18:53:40+0300</time>
</trkpt>
<trkpt lat="59.4537083" lon="25.097545">
<ele>92.0</ele>
<time>2026-08-27T18:53:41+0300</time>
</trkpt>
<trkpt lat="59.4536117" lon="25.0973917">
<ele>92.1</ele>
<time>2026-08-27T18:53:42+0300</time>
</trkpt>
<trkpt lat="59.453515" lon="25.0972433">
<ele>91.9</ele>
<time>2026-08-27T18:53:43+0300</time>
</trkpt>
<trkpt lat="59.4534183" lon="25.097095">
<ele>91.69999999999999</ele>
<time>2026-08-27T18:53:44+0300</time>
</trkpt>
<trkpt lat="59.4533167" lon="25.096945">
<ele>91.19999999999999</ele>
<time>2026-08-27T18:53:45+0300</time>
</trkpt>
<trkpt lat="59.4532133" lon="25.096795">
<ele>90.80000000000001</ele>
<time>2026-08-27T18:53:46+0300</time>
</trkpt>
<trkpt lat="59.4531083" lon="25.096655">
<ele>91.19999999999999</ele>
<time>2026-08-27T18:53:47+0300</time>
</trkpt>
<trkpt lat="59.453" lon="25.0965317">
<ele>92.1</ele>
<time>2026-08-27T18:53:48+0300</time>
</trkpt>
<trkpt lat="59.452895" lon="25.09643">
<ele>92.69999999999999</ele>
<time>2026-08-27T18:53:49+0300</time>
</trkpt>
<trkpt lat="59.4527883" lon="25.096355">
<ele>93.19999999999999</ele>
<time>2026-08-27T18:53:50+0300</time>
</trkpt>
<trkpt lat="59.4526833" lon="25.096305">
<ele>93.1</ele>
<time>2026-08-27T18:53:51+0300</time>
</trkpt>
<trkpt lat="59.4525733" lon="25.0962667">
<ele>92.30000000000001</ele>
<time>2026-08-27T18:53:52+0300</time>
</trkpt>
<trkpt lat="59.4524567" lon="25.0962383">
<ele>90.80000000000001</ele>
<time>2026-08-27T18:53:53+0300</time>
</trkpt>
<trkpt lat="59.45233" lon="25.0962233">
<ele>89.69999999999999</ele>
<time>2026-08-27T18:53:54+0300</time>
</trkpt>
<trkpt lat="59.4522033" lon="25.0962383">
<ele>89.0</ele>
<time>2026-08-27T18:53:55+0300</time>
</trkpt>
<trkpt lat="59.4520817" lon="25.0962983">
<ele>88.30000000000001</ele>
<time>2026-08-27T18:53:56+0300</time>
</trkpt>
<trkpt lat="59.4519733" lon="25.0963917">
<ele>87.80000000000001</ele>
<time>2026-08-27T18:53:57+0300</time>
</trkpt>
<trkpt lat="59.45188" lon="25.0965083">
<ele>87.9</ele>
<time>2026-08-27T18:53:58+0300</time>
</trkpt>
<trkpt lat="59.4518017" lon="25.0966433">
<ele>88.30000000000001</ele>
<time>2026-08-27T18:53:59+0300</time>
</trkpt>
<trkpt lat="59.45173" lon="25.0968033">
<ele>87.6</ele>
<time>2026-08-27T18:54:00+0300</time>
</trkpt>
<trkpt lat="59.4516733" lon="25.09698">
<ele>86.80000000000001</ele>
<time>2026-08-27T18:54:01+0300</time>
</trkpt>
<trkpt lat="59.45163" lon="25.0971817">
<ele>85.19999999999999</ele>
<time>2026-08-27T18:54:02+0300</time>
</trkpt>
<trkpt lat="59.4516017" lon="25.0974">
<ele>84.30000000000001</ele>
<time>2026-08-27T18:54:03+0300</time>
</trkpt>
<trkpt lat="59.451585" lon="25.0976217">
<ele>83.4</ele>
<time>2026-08-27T18:54:04+0300</time>
</trkpt>
<trkpt lat="59.4515883" lon="25.097835">
<ele>82.80000000000001</ele>
<time>2026-08-27T18:54:05+0300</time>
</trkpt>
<trkpt lat="59.4516133" lon="25.0980383">
<ele>82.7</ele>
<time>2026-08-27T18:54:06+0300</time>
</trkpt>
<trkpt lat="59.4516583" lon="25.0982233">
<ele>82.5</ele>
<time>2026-08-27T18:54:07+0300</time>
</trkpt>
<trkpt lat="59.4517183" lon="25.0983917">
<ele>82.5</ele>
<time>2026-08-27T18:54:08+0300</time>
</trkpt>
<trkpt lat="59.4517883" lon="25.098535">
<ele>82.30000000000001</ele>
<time>2026-08-27T18:54:09+0300</time>
</trkpt>
<trkpt lat="59.45187" lon="25.0986667">
<ele>82.0</ele>
<time>2026-08-27T18:54:10+0300</time>
</trkpt>
<trkpt lat="59.4519583" lon="25.0987883">
<ele>82.0</ele>
<time>2026-08-27T18:54:11+0300</time>
</trkpt>
<trkpt lat="59.4520533" lon="25.0989">
<ele>82.0</ele>
<time>2026-08-27T18:54:12+0300</time>
</trkpt>
<trkpt lat="59.4521483" lon="25.0990083">
<ele>82.0</ele>
<time>2026-08-27T18:54:13+0300</time>
</trkpt>
<trkpt lat="59.4522383" lon="25.0991167">
<ele>82.0</ele>
<time>2026-08-27T18:54:14+0300</time>
</trkpt>
<trkpt lat="59.452325" lon="25.0992283">
<ele>81.80000000000001</ele>
<time>2026-08-27T18:54:15+0300</time>
</trkpt>
<trkpt lat="59.4524117" lon="25.0993417">
<ele>81.30000000000001</ele>
<time>2026-08-27T18:54:16+0300</time>
</trkpt>
<trkpt lat="59.4525" lon="25.099455">
<ele>80.80000000000001</ele>
<time>2026-08-27T18:54:17+0300</time>
</trkpt>
<trkpt lat="59.4525917" lon="25.0995733">
<ele>80.6</ele>
<time>2026-08-27T18:54:18+0300</time>
</trkpt>
<trkpt lat="59.4526817" lon="25.0996933">
<ele>80.9</ele>
<time>2026-08-27T18:54:19+0300</time>
</trkpt>
<trkpt lat="59.45277" lon="25.0998183">
<ele>80.5</ele>
<time>2026-08-27T18:54:20+0300</time>
</trkpt>
<trkpt lat="59.4528567" lon="25.0999467">
<ele>80.9</ele>
<time>2026-08-27T18:54:21+0300</time>
</trkpt>
<trkpt lat="59.45294" lon="25.1000717">
<ele>81.4</ele>
<time>2026-08-27T18:54:22+0300</time>
</trkpt>
<trkpt lat="59.4530233" lon="25.100195">
<ele>81.4</ele>
<time>2026-08-27T18:54:23+0300</time>
</trkpt>
<trkpt lat="59.453105" lon="25.10032">
<ele>81.7</ele>
<time>2026-08-27T18:54:24+0300</time>
</trkpt>
<trkpt lat="59.4531883" lon="25.1004467">
<ele>81.6</ele>
<time>2026-08-27T18:54:25+0300</time>
</trkpt>
<trkpt lat="59.453275" lon="25.1005717">
<ele>81.6</ele>
<time>2026-08-27T18:54:26+0300</time>
</trkpt>
<trkpt lat="59.4533617" lon="25.10069">
<ele>81.9</ele>
<time>2026-08-27T18:54:27+0300</time>
</trkpt>
<trkpt lat="59.4534483" lon="25.1008017">
<ele>82.2</ele>
<time>2026-08-27T18:54:28+0300</time>
</trkpt>
<trkpt lat="59.4535317" lon="25.10091">
<ele>82.5</ele>
<time>2026-08-27T18:54:29+0300</time>
</trkpt>
<trkpt lat="59.4536133" lon="25.1010217">
<ele>82.5</ele>
<time>2026-08-27T18:54:30+0300</time>
</trkpt>
<trkpt lat="59.453695" lon="25.10114">
<ele>82.2</ele>
<time>2026-08-27T18:54:31+0300</time>
</trkpt>
<trkpt lat="59.45378" lon="25.1012633">
<ele>83.1</ele>
<time>2026-08-27T18:54:32+0300</time>
</trkpt>
<trkpt lat="59.453865" lon="25.1013867">
<ele>83.2</ele>
<time>2026-08-27T18:54:33+0300</time>
</trkpt>
<trkpt lat="59.45395" lon="25.1015117">
<ele>83.80000000000001</ele>
<time>2026-08-27T18:54:34+0300</time>
</trkpt>
<trkpt lat="59.4540333" lon="25.1016417">
<ele>84.4</ele>
<time>2026-08-27T18:54:35+0300</time>
</trkpt>
<trkpt lat="59.4541117" lon="25.10178">
<ele>84.80000000000001</ele>
<time>2026-08-27T18:54:36+0300</time>
</trkpt>
<trkpt lat="59.4541883" lon="25.10192">
<ele>85.30000000000001</ele>
<time>2026-08-27T18:54:37+0300</time>
</trkpt>
<trkpt lat="59.45426" lon="25.102065">
<ele>85.4</ele>
<time>2026-08-27T18:54:38+0300</time>
</trkpt>
<trkpt lat="59.4543333" lon="25.1022067">
<ele>85.80000000000001</ele>
<time>2026-08-27T18:54:39+0300</time>
</trkpt>
<trkpt lat="59.4544117" lon="25.1023417">
<ele>86.30000000000001</ele>
<time>2026-08-27T18:54:40+0300</time>
</trkpt>
<trkpt lat="59.454495" lon="25.1024617">
<ele>86.6</ele>
<time>2026-08-27T18:54:41+0300</time>
</trkpt>
<trkpt lat="59.4545833" lon="25.1025667">
<ele>86.69999999999999</ele>
<time>2026-08-27T18:54:42+0300</time>
</trkpt>
<trkpt lat="59.4546717" lon="25.1026667">
<ele>86.6</ele>
<time>2026-08-27T18:54:43+0300</time>
</trkpt>
<trkpt lat="59.4547617" lon="25.102765">
<ele>86.5</ele>
<time>2026-08-27T18:54:44+0300</time>
</trkpt>
<trkpt lat="59.454855" lon="25.10286">
<ele>86.5</ele>
<time>2026-08-27T18:54:45+0300</time>
</trkpt>
<trkpt lat="59.45495" lon="25.102945">
<ele>86.19999999999999</ele>
<time>2026-08-27T18:54:46+0300</time>
</trkpt>
<trkpt lat="59.45505" lon="25.1030183">
<ele>86.0</ele>
<time>2026-08-27T18:54:47+0300</time>
</trkpt>
<trkpt lat="59.4551517" lon="25.1030817">
<ele>86.5</ele>
<time>2026-08-27T18:54:48+0300</time>
</trkpt>
<trkpt lat="59.4552533" lon="25.1031433">
<ele>87.1</ele>
<time>2026-08-27T18:54:49+0300</time>
</trkpt>
<trkpt lat="59.4553533" lon="25.1032067">
<ele>87.4</ele>
<time>2026-08-27T18:54:50+0300</time>
</trkpt>
<trkpt lat="59.4554517" lon="25.1032717">
<ele>87.9</ele>
<time>2026-08-27T18:54:51+0300</time>
</trkpt>
<trkpt lat="59.45555" lon="25.10334">
<ele>88.30000000000001</ele>
<time>2026-08-27T18:54:52+0300</time>
</trkpt>
<trkpt lat="59.4556483" lon="25.1034117">
<ele>88.80000000000001</ele>
<time>2026-08-27T18:54:53+0300</time>
</trkpt>
<trkpt lat="59.455745" lon="25.1034867">
<ele>89.1</ele>
<time>2026-08-27T18:54:54+0300</time>
</trkpt>
<trkpt lat="59.45584" lon="25.103565">
<ele>89.4</ele>
<time>2026-08-27T18:54:55+0300</time>
</trkpt>
<trkpt lat="59.455935" lon="25.1036517">
<ele>90.19999999999999</ele>
<time>2026-08-27T18:54:56+0300</time>
</trkpt>
<trkpt lat="59.4560283" lon="25.103735">
<ele>90.5</ele>
<time>2026-08-27T18:54:57+0300</time>
</trkpt>
<trkpt lat="59.456125" lon="25.1038183">
<ele>90.80000000000001</ele>
<time>2026-08-27T18:54:58+0300</time>
</trkpt>
<trkpt lat="59.45622" lon="25.1039">
<ele>90.9</ele>
<time>2026-08-27T18:54:59+0300</time>
</trkpt>
<trkpt lat="59.4563167" lon="25.1039817">
<ele>91.19999999999999</ele>
<time>2026-08-27T18:55:00+0300</time>
</trkpt>
<trkpt lat="59.4564133" lon="25.1040617">
<ele>91.4</ele>
<time>2026-08-27T18:55:01+0300</time>
</trkpt>
<trkpt lat="59.45651" lon="25.1041417">
<ele>91.80000000000001</ele>
<time>2026-08-27T18:55:02+0300</time>
</trkpt>
<trkpt lat="59.4566067" lon="25.1042233">
<ele>92.0</ele>
<time>2026-08-27T18:55:03+0300</time>
</trkpt>
<trkpt lat="59.4567033" lon="25.104305">
<ele>92.19999999999999</ele>
<time>2026-08-27T18:55:04+0300</time>
</trkpt>
<trkpt lat="59.4568" lon="25.104385">
<ele>92.4</ele>
<time>2026-08-27T18:55:05+0300</time>
</trkpt>
<trkpt lat="59.4568967" lon="25.1044667">
<ele>92.80000000000001</ele>
<time>2026-08-27T18:55:06+0300</time>
</trkpt>
<trkpt lat="59.4569933" lon="25.1045533">
<ele>93.69999999999999</ele>
<time>2026-08-27T18:55:07+0300</time>
</trkpt>
<trkpt lat="59.4570867" lon="25.1046433">
<ele>94.6</ele>
<time>2026-08-27T18:55:08+0300</time>
</trkpt>
<trkpt lat="59.4571817" lon="25.104735">
<ele>95.30000000000001</ele>
<time>2026-08-27T18:55:09+0300</time>
</trkpt>
<trkpt lat="59.4572767" lon="25.1048267">
<ele>96.4</ele>
<time>2026-08-27T18:55:10+0300</time>
</trkpt>
<trkpt lat="59.4573683" lon="25.1049267">
<ele>96.5</ele>
<time>2026-08-27T18:55:11+0300</time>
</trkpt>
<trkpt lat="59.4574567" lon="25.10503">
<ele>96.19999999999999</ele>
<time>2026-08-27T18:55:12+0300</time>
</trkpt>
<trkpt lat="59.4575433" lon="25.1051383">
<ele>95.4</ele>
<time>2026-08-27T18:55:13+0300</time>
</trkpt>
<trkpt lat="59.4576233" lon="25.1052583">
<ele>94.30000000000001</ele>
<time>2026-08-27T18:55:14+0300</time>
</trkpt>
<trkpt lat="59.4576967" lon="25.105395">
<ele>93.5</ele>
<time>2026-08-27T18:55:15+0300</time>
</trkpt>
<trkpt lat="59.4577617" lon="25.1055483">
<ele>92.4</ele>
<time>2026-08-27T18:55:16+0300</time>
</trkpt>
<trkpt lat="59.45783" lon="25.1057">
<ele>91.6</ele>
<time>2026-08-27T18:55:17+0300</time>
</trkpt>
<trkpt lat="59.4579083" lon="25.105835">
<ele>91.6</ele>
<time>2026-08-27T18:55:18+0300</time>
</trkpt>
<trkpt lat="59.4579933" lon="25.105945">
<ele>91.30000000000001</ele>
<time>2026-08-27T18:55:19+0300</time>
</trkpt>
<trkpt lat="59.4580817" lon="25.1060433">
<ele>90.9</ele>
<time>2026-08-27T18:55:20+0300</time>
</trkpt>
<trkpt lat="59.4581617" lon="25.1061583">
<ele>90.69999999999999</ele>
<time>2026-08-27T18:55:21+0300</time>
</trkpt>
<trkpt lat="59.4582133" lon="25.1063183">
<ele>90.0</ele>
<time>2026-08-27T18:55:22+0300</time>
</trkpt>
<trkpt lat="59.45823" lon="25.1065133">
<ele>88.5</ele>
<time>2026-08-27T18:55:23+0300</time>
</trkpt>
<trkpt lat="59.4582067" lon="25.1067267">
<ele>87.80000000000001</ele>
<time>2026-08-27T18:55:24+0300</time>
</trkpt>
<trkpt lat="59.45812" lon="25.1069183">
<ele>87.0</ele>
<time>2026-08-27T18:55:25+0300</time>
</trkpt>
<trkpt lat="59.4580017" lon="25.1070467">
<ele>85.80000000000001</ele>
<time>2026-08-27T18:55:26+0300</time>
</trkpt>
<trkpt lat="59.4578633" lon="25.1070867">
<ele>85.4</ele>
<time>2026-08-27T18:55:27+0300</time>
</trkpt>
<trkpt lat="59.4577267" lon="25.1070717">
<ele>85.80000000000001</ele>
<time>2026-08-27T18:55:28+0300</time>
</trkpt>
<trkpt lat="59.4576" lon="25.1070467">
<ele>86.30000000000001</ele>
<time>2026-08-27T18:55:29+0300</time>
</trkpt>
<trkpt lat="59.4574783" lon="25.10704">
<ele>86.80000000000001</ele>
<time>2026-08-27T18:55:30+0300</time>
</trkpt>
<trkpt lat="59.457365" lon="25.1070617">
<ele>87.0</ele>
<time>2026-08-27T18:55:31+0300</time>
</trkpt>
<trkpt lat="59.45725" lon="25.1070883">
<ele>86.6</ele>
<time>2026-08-27T18:55:32+0300</time>
</trkpt>
<trkpt lat="59.4571333" lon="25.1071">
<ele>86.19999999999999</ele>
<time>2026-08-27T18:55:33+0300</time>
</trkpt>
<trkpt lat="59.4570033" lon="25.1070833">
<ele>86.1</ele>
<time>2026-08-27T18:55:34+0300</time>
</trkpt>
<trkpt lat="59.456875" lon="25.1070417">
<ele>86.5</ele>
<time>2026-08-27T18:55:35+0300</time>
</trkpt>
<trkpt lat="59.4567483" lon="25.1069933">
<ele>86.5</ele>
<time>2026-08-27T18:55:36+0300</time>
</trkpt>
<trkpt lat="59.4566267" lon="25.1069383">
<ele>86.6</ele>
<time>2026-08-27T18:55:37+0300</time>
</trkpt>
<trkpt lat="59.4565133" lon="25.106885">
<ele>86.5</ele>
<time>2026-08-27T18:55:38+0300</time>
</trkpt>
<trkpt lat="59.4564033" lon="25.1068217">
<ele>85.4</ele>
<time>2026-08-27T18:55:39+0300</time>
</trkpt>
<trkpt lat="59.4562917" lon="25.106745">
<ele>84.9</ele>
<time>2026-08-27T18:55:40+0300</time>
</trkpt>
<trkpt lat="59.456175" lon="25.1066533">
<ele>84.6</ele>
<time>2026-08-27T18:55:41+0300</time>
</trkpt>
<trkpt lat="59.4560583" lon="25.1065583">
<ele>84.5</ele>
<time>2026-08-27T18:55:42+0300</time>
</trkpt>
<trkpt lat="59.4559417" lon="25.1064633">
<ele>84.4</ele>
<time>2026-08-27T18:55:43+0300</time>
</trkpt>
<trkpt lat="59.4558283" lon="25.106375">
<ele>84.9</ele>
<time>2026-08-27T18:55:44+0300</time>
</trkpt>
<trkpt lat="59.4557217" lon="25.10629">
<ele>85.4</ele>
<time>2026-08-27T18:55:45+0300</time>
</trkpt>
<trkpt lat="59.4556183" lon="25.1062017">
<ele>85.30000000000001</ele>
<time>2026-08-27T18:55:46+0300</time>
</trkpt>
<trkpt lat="59.4555083" lon="25.10611">
<ele>85.4</ele>
<time>2026-08-27T18:55:47+0300</time>
</trkpt>
<trkpt lat="59.4554" lon="25.1060117">
<ele>85.6</ele>
<time>2026-08-27T18:55:48+0300</time>
</trkpt>
<trkpt lat="59.455285" lon="25.1059167">
<ele>86.19999999999999</ele>
<time>2026-08-27T18:55:49+0300</time>
</trkpt>
<trkpt lat="59.4551683" lon="25.1058333">
<ele>86.5</ele>
<time>2026-08-27T18:55:50+0300</time>
</trkpt>
<trkpt lat="59.45505" lon="25.105775">
<ele>87.0</ele>
<time>2026-08-27T18:55:51+0300</time>
</trkpt>
<trkpt lat="59.45493" lon="25.1057333">
<ele>86.9</ele>
<time>2026-08-27T18:55:52+0300</time>
</trkpt>
<trkpt lat="59.45481" lon="25.10569">
<ele>86.80000000000001</ele>
<time>2026-08-27T18:55:53+0300</time>
</trkpt>
<trkpt lat="59.4546917" lon="25.1056433">
<ele>86.1</ele>
<time>2026-08-27T18:55:54+0300</time>
</trkpt>
<trkpt lat="59.4545733" lon="25.1055933">
<ele>85.30000000000001</ele>
<time>2026-08-27T18:55:55+0300</time>
</trkpt>
<trkpt lat="59.4544467" lon="25.105545">
<ele>84.5</ele>
<time>2026-08-27T18:55:56+0300</time>
</trkpt>
<trkpt lat="59.4543183" lon="25.105505">
<ele>84.19999999999999</ele>
<time>2026-08-27T18:55:57+0300</time>
</trkpt>
<trkpt lat="59.45419" lon="25.1054817">
<ele>84.0</ele>
<time>2026-08-27T18:55:58+0300</time>
</trkpt>
<trkpt lat="59.454065" lon="25.1054683">
<ele>84.0</ele>
<time>2026-08-27T18:55:59+0300</time>
</trkpt>
<trkpt lat="59.4539433" lon="25.10546">
<ele>84.0</ele>
<time>2026-08-27T18:56:00+0300</time>
</trkpt>
<trkpt lat="59.4538233" lon="25.1054567">
<ele>83.69999999999999</ele>
<time>2026-08-27T18:56:01+0300</time>
</trkpt>
<trkpt lat="59.4537017" lon="25.1054567">
<ele>83.80000000000001</ele>
<time>2026-08-27T18:56:02+0300</time>
</trkpt>
<trkpt lat="59.4535817" lon="25.1054617">
<ele>84.6</ele>
<time>2026-08-27T18:56:03+0300</time>
</trkpt>
<trkpt lat="59.4534617" lon="25.105475">
<ele>85.4</ele>
<time>2026-08-27T18:56:04+0300</time>
</trkpt>
<trkpt lat="59.453345" lon="25.1055033">
<ele>85.9</ele>
<time>2026-08-27T18:56:05+0300</time>
</trkpt>
<trkpt lat="59.45323" lon="25.10554">
<ele>86.4</ele>
<time>2026-08-27T18:56:06+0300</time>
</trkpt>
<trkpt lat="59.45311" lon="25.1055867">
<ele>86.5</ele>
<time>2026-08-27T18:56:07+0300</time>
</trkpt>
<trkpt lat="59.4529883" lon="25.1056367">
<ele>86.4</ele>
<time>2026-08-27T18:56:08+0300</time>
</trkpt>
<trkpt lat="59.4528683" lon="25.10569">
<ele>86.4</ele>
<time>2026-08-27T18:56:09+0300</time>
</trkpt>
<trkpt lat="59.4527483" lon="25.1057483">
<ele>86.30000000000001</ele>
<time>2026-08-27T18:56:10+0300</time>
</trkpt>
<trkpt lat="59.4526317" lon="25.1058133">
<ele>86.69999999999999</ele>
<time>2026-08-27T18:56:11+0300</time>
</trkpt>
<trkpt lat="59.45252" lon="25.1058933">
<ele>87.1</ele>
<time>2026-08-27T18:56:12+0300</time>
</trkpt>
<trkpt lat="59.45241" lon="25.1059817">
<ele>87.4</ele>
<time>2026-08-27T18:56:13+0300</time>
</trkpt>
<trkpt lat="59.4523033" lon="25.1060767">
<ele>87.30000000000001</ele>
<time>2026-08-27T18:56:14+0300</time>
</trkpt>
<trkpt lat="59.4521983" lon="25.1061767">
<ele>87.4</ele>
<time>2026-08-27T18:56:15+0300</time>
</trkpt>
<trkpt lat="59.4520983" lon="25.1062817">
<ele>87.0</ele>
<time>2026-08-27T18:56:16+0300</time>
</trkpt>
<trkpt lat="59.451995" lon="25.106395">
<ele>86.69999999999999</ele>
<time>2026-08-27T18:56:17+0300</time>
</trkpt>
<trkpt lat="59.4518967" lon="25.106505">
<ele>87.1</ele>
<time>2026-08-27T18:56:18+0300</time>
</trkpt>
<trkpt lat="59.451795" lon="25.1066133">
<ele>86.69999999999999</ele>
<time>2026-08-27T18:56:19+0300</time>
</trkpt>
<trkpt lat="59.4516967" lon="25.1067217">
<ele>86.4</ele>
<time>2026-08-27T18:56:20+0300</time>
</trkpt>
<trkpt lat="59.4515983" lon="25.1068333">
<ele>86.1</ele>
<time>2026-08-27T18:56:21+0300</time>
</trkpt>
<trkpt lat="59.451505" lon="25.106955">
<ele>86.1</ele>
<time>2026-08-27T18:56:22+0300</time>
</trkpt>
<trkpt lat="59.4514133" lon="25.1070883">
<ele>85.9</ele>
<time>2026-08-27T18:56:23+0300</time>
</trkpt>
<trkpt lat="59.451325" lon="25.1072267">
<ele>85.80000000000001</ele>
<time>2026-08-27T18:56:24+0300</time>
</trkpt>
<trkpt lat="59.4512417" lon="25.1073783">
<ele>85.4</ele>
<time>2026-08-27T18:56:25+0300</time>
</trkpt>
<trkpt lat="59.4511617" lon="25.1075283">
<ele>85.0</ele>
<time>2026-08-27T18:56:26+0300</time>
</trkpt>
<trkpt lat="59.4510817" lon="25.10768">
<ele>84.4</ele>
<time>2026-08-27T18:56:27+0300</time>
</trkpt>
<trkpt lat="59.4510033" lon="25.1078317">
<ele>84.1</ele>
<time>2026-08-27T18:56:28+0300</time>
</trkpt>
<trkpt lat="59.45092" lon="25.107985">
<ele>83.2</ele>
<time>2026-08-27T18:56:29+0300</time>
</trkpt>
<trkpt lat="59.4508367" lon="25.1081367">
<ele>82.5</ele>
<time>2026-08-27T18:56:30+0300</time>
</trkpt>
<trkpt lat="59.4507517" lon="25.10829">
<ele>81.5</ele>
<time>2026-08-27T18:56:31+0300</time>
</trkpt>
<trkpt lat="59.4506667" lon="25.1084417">
<ele>80.4</ele>
<time>2026-08-27T18:56:32+0300</time>
</trkpt>
<trkpt lat="59.4505767" lon="25.1085983">
<ele>79.4</ele>
<time>2026-08-27T18:56:33+0300</time>
</trkpt>
<trkpt lat="59.450485" lon="25.1087517">
<ele>78.4</ele>
<time>2026-08-27T18:56:34+0300</time>
</trkpt>
<trkpt lat="59.450395" lon="25.1089017">
<ele>77.0</ele>
<time>2026-08-27T18:56:35+0300</time>
</trkpt>
<trkpt lat="59.4503083" lon="25.10905">
<ele>75.9</ele>
<time>2026-08-27T18:56:36+0300</time>
</trkpt>
<trkpt lat="59.45022" lon="25.1091933">
<ele>74.80000000000001</ele>
<time>2026-08-27T18:56:37+0300</time>
</trkpt>
<trkpt lat="59.45013" lon="25.1093417">
<ele>73.9</ele>
<time>2026-08-27T18:56:38+0300</time>
</trkpt>
<trkpt lat="59.450035" lon="25.1094817">
<ele>73.30000000000001</ele>
<time>2026-08-27T18:56:39+0300</time>
</trkpt>
<trkpt lat="59.449935" lon="25.1096017">
<ele>72.80000000000001</ele>
<time>2026-08-27T18:56:40+0300</time>
</trkpt>
<trkpt lat="59.4498267" lon="25.1096967">
<ele>72.30000000000001</ele>
<time>2026-08-27T18:56:41+0300</time>
</trkpt>
<trkpt lat="59.44971" lon="25.1097533">
<ele>72.0</ele>
<time>2026-08-27T18:56:42+0300</time>
</trkpt>
<trkpt lat="59.4495883" lon="25.109785">
<ele>72.30000000000001</ele>
<time>2026-08-27T18:56:43+0300</time>
</trkpt>
<trkpt lat="59.44947" lon="25.109805">
<ele>72.5</ele>
<time>2026-08-27T18:56:44+0300</time>
</trkpt>
<trkpt lat="59.4493517" lon="25.1098283">
<ele>72.6</ele>
<time>2026-08-27T18:56:45+0300</time>
</trkpt>
<trkpt lat="59.4492367" lon="25.10987">
<ele>72.30000000000001</ele>
<time>2026-08-27T18:56:46+0300</time>
</trkpt>
<trkpt lat="59.44912" lon="25.1099317">
<ele>72.4</ele>
<time>2026-08-27T18:56:47+0300</time>
</trkpt>
<trkpt lat="59.4490033" lon="25.1100017">
<ele>72.5</ele>
<time>2026-08-27T18:56:48+0300</time>
</trkpt>
<trkpt lat="59.4488917" lon="25.1100833">
<ele>72.9</ele>
<time>2026-08-27T18:56:49+0300</time>
</trkpt>
<trkpt lat="59.44879" lon="25.1101783">
<ele>73.2</ele>
<time>2026-08-27T18:56:50+0300</time>
</trkpt>
<trkpt lat="59.4486967" lon="25.1102917">
<ele>73.1</ele>
<time>2026-08-27T18:56:51+0300</time>
</trkpt>
<trkpt lat="59.4486067" lon="25.11042">
<ele>72.4</ele>
<time>2026-08-27T18:56:52+0300</time>
</trkpt>
<trkpt lat="59.4485183" lon="25.1105617">
<ele>71.9</ele>
<time>2026-08-27T18:56:53+0300</time>
</trkpt>
<trkpt lat="59.4484267" lon="25.11071">
<ele>72.0</ele>
<time>2026-08-27T18:56:54+0300</time>
</trkpt>
<trkpt lat="59.4483383" lon="25.1108667">
<ele>72.2</ele>
<time>2026-08-27T18:56:55+0300</time>
</trkpt>
<trkpt lat="59.448255" lon="25.1110183">
<ele>72.9</ele>
<time>2026-08-27T18:56:56+0300</time>
</trkpt>
<trkpt lat="59.44818" lon="25.11117">
<ele>73.7</ele>
<time>2026-08-27T18:56:57+0300</time>
</trkpt>
<trkpt lat="59.4481117" lon="25.1113267">
<ele>74.1</ele>
<time>2026-08-27T18:56:58+0300</time>
</trkpt>
<trkpt lat="59.44805" lon="25.1114883">
<ele>74.0</ele>
<time>2026-08-27T18:56:59+0300</time>
</trkpt>
<trkpt lat="59.4479933" lon="25.1116617">
<ele>73.7</ele>
<time>2026-08-27T18:57:00+0300</time>
</trkpt>
<trkpt lat="59.4479417" lon="25.1118467">
<ele>73.7</ele>
<time>2026-08-27T18:57:01+0300</time>
</trkpt>
<trkpt lat="59.4478983" lon="25.112045">
<ele>73.7</ele>
<time>2026-08-27T18:57:02+0300</time>
</trkpt>
<trkpt lat="59.44786" lon="25.1122533">
<ele>73.4</ele>
<time>2026-08-27T18:57:03+0300</time>
</trkpt>
<trkpt lat="59.4478267" lon="25.1124617">
<ele>73.5</ele>
<time>2026-08-27T18:57:04+0300</time>
</trkpt>
<trkpt lat="59.4477983" lon="25.112665">
<ele>73.5</ele>
<time>2026-08-27T18:57:05+0300</time>
</trkpt>
<trkpt lat="59.447775" lon="25.11287">
<ele>73.0</ele>
<time>2026-08-27T18:57:06+0300</time>
</trkpt>
<trkpt lat="59.447755" lon="25.1130783">
<ele>72.0</ele>
<time>2026-08-27T18:57:07+0300</time>
</trkpt>
<trkpt lat="59.4477433" lon="25.1132967">
<ele>71.30000000000001</ele>
<time>2026-08-27T18:57:08+0300</time>
</trkpt>
<trkpt lat="59.447735" lon="25.1135167">
<ele>70.9</ele>
<time>2026-08-27T18:57:09+0300</time>
</trkpt>
<trkpt lat="59.4477283" lon="25.113735">
<ele>70.80000000000001</ele>
<time>2026-08-27T18:57:10+0300</time>
</trkpt>
<trkpt lat="59.4477217" lon="25.113955">
<ele>70.4</ele>
<time>2026-08-27T18:57:11+0300</time>
</trkpt>
<trkpt lat="59.447715" lon="25.1141783">
<ele>69.6</ele>
<time>2026-08-27T18:57:12+0300</time>
</trkpt>
<trkpt lat="59.4477083" lon="25.1143983">
<ele>68.7</ele>
<time>2026-08-27T18:57:13+0300</time>
</trkpt>
<trkpt lat="59.4477033" lon="25.1146083">
<ele>68.0</ele>
<time>2026-08-27T18:57:14+0300</time>
</trkpt>
<trkpt lat="59.4477033" lon="25.1148183">
<ele>67.80000000000001</ele>
<time>2026-08-27T18:57:15+0300</time>
</trkpt>
<trkpt lat="59.4477067" lon="25.1150283">
<ele>68.30000000000001</ele>
<time>2026-08-27T18:57:16+0300</time>
</trkpt>
<trkpt lat="59.44771" lon="25.115235">
<ele>68.0</ele>
<time>2026-08-27T18:57:17+0300</time>
</trkpt>
<trkpt lat="59.4477183" lon="25.115445">
<ele>68.1</ele>
<time>2026-08-27T18:57:18+0300</time>
</trkpt>
<trkpt lat="59.4477317" lon="25.11565">
<ele>67.80000000000001</ele>
<time>2026-08-27T18:57:19+0300</time>
</trkpt>
<trkpt lat="59.4477483" lon="25.115855">
<ele>67.5</ele>
<time>2026-08-27T18:57:20+0300</time>
</trkpt>
<trkpt lat="59.4477667" lon="25.11606">
<ele>67.30000000000001</ele>
<time>2026-08-27T18:57:21+0300</time>
</trkpt>
<trkpt lat="59.4477867" lon="25.1162617">
<ele>67.0</ele>
<time>2026-08-27T18:57:22+0300</time>
</trkpt>
<trkpt lat="59.4478067" lon="25.1164567">
<ele>66.80000000000001</ele>
<time>2026-08-27T18:57:23+0300</time>
</trkpt>
<trkpt lat="59.4478317" lon="25.11665">
<ele>66.5</ele>
<time>2026-08-27T18:57:24+0300</time>
</trkpt>
<trkpt lat="59.4478583" lon="25.1168433">
<ele>66.0</ele>
<time>2026-08-27T18:57:25+0300</time>
</trkpt>
<trkpt lat="59.4478883" lon="25.1170383">
<ele>65.80000000000001</ele>
<time>2026-08-27T18:57:26+0300</time>
</trkpt>
<trkpt lat="59.4479217" lon="25.1172367">
<ele>65.4</ele>
<time>2026-08-27T18:57:27+0300</time>
</trkpt>
<trkpt lat="59.447955" lon="25.117435">
<ele>65.2</ele>
<time>2026-08-27T18:57:28+0300</time>
</trkpt>
<trkpt lat="59.44799" lon="25.11763">
<ele>64.5</ele>
<time>2026-08-27T18:57:29+0300</time>
</trkpt>
<trkpt lat="59.4480233" lon="25.1178267">
<ele>63.9</ele>
<time>2026-08-27T18:57:30+0300</time>
</trkpt>
<trkpt lat="59.4480533" lon="25.1180217">
<ele>63.0</ele>
<time>2026-08-27T18:57:31+0300</time>
</trkpt>
<trkpt lat="59.4480833" lon="25.1182167">
<ele>62.4</ele>
<time>2026-08-27T18:57:32+0300</time>
</trkpt>
<trkpt lat="59.4481217" lon="25.1184183">
<ele>62.0</ele>
<time>2026-08-27T18:57:33+0300</time>
</trkpt>
<trkpt lat="59.448165" lon="25.1186217">
<ele>61.9</ele>
<time>2026-08-27T18:57:34+0300</time>
</trkpt>
<trkpt lat="59.4482117" lon="25.1188217">
<ele>62.800000000000004</ele>
<time>2026-08-27T18:57:35+0300</time>
</trkpt>
<trkpt lat="59.4482583" lon="25.1190117">
<ele>63.4</ele>
<time>2026-08-27T18:57:36+0300</time>
</trkpt>
<trkpt lat="59.4483033" lon="25.11919">
<ele>64.1</ele>
<time>2026-08-27T18:57:37+0300</time>
</trkpt>
<trkpt lat="59.4483467" lon="25.1193633">
<ele>64.30000000000001</ele>
<time>2026-08-27T18:57:38+0300</time>
</trkpt>
<trkpt lat="59.4483933" lon="25.11954">
<ele>64.30000000000001</ele>
<time>2026-08-27T18:57:39+0300</time>
</trkpt>
<trkpt lat="59.4484433" lon="25.1197267">
<ele>64.0</ele>
<time>2026-08-27T18:57:40+0300</time>
</trkpt>
<trkpt lat="59.4484967" lon="25.1199233">
<ele>63.300000000000004</ele>
<time>2026-08-27T18:57:41+0300</time>
</trkpt>
<trkpt lat="59.4485517" lon="25.120125">
<ele>63.0</ele>
<time>2026-08-27T18:57:42+0300</time>
</trkpt>
<trkpt lat="59.4486083" lon="25.1203233">
<ele>62.800000000000004</ele>
<time>2026-08-27T18:57:43+0300</time>
</trkpt>
<trkpt lat="59.4486667" lon="25.120515">
<ele>63.1</ele>
<time>2026-08-27T18:57:44+0300</time>
</trkpt>
<trkpt lat="59.4487167" lon="25.1207033">
<ele>63.4</ele>
<time>2026-08-27T18:57:45+0300</time>
</trkpt>
<trkpt lat="59.44876" lon="25.12089">
<ele>63.5</ele>
<time>2026-08-27T18:57:46+0300</time>
</trkpt>
<trkpt lat="59.4488017" lon="25.1210833">
<ele>63.800000000000004</ele>
<time>2026-08-27T18:57:47+0300</time>
</trkpt>
<trkpt lat="59.44884" lon="25.1212767">
<ele>63.9</ele>
<time>2026-08-27T18:57:48+0300</time>
</trkpt>
<trkpt lat="59.4488817" lon="25.1214717">
<ele>64.30000000000001</ele>
<time>2026-08-27T18:57:49+0300</time>
</trkpt>
<trkpt lat="59.4489217" lon="25.121665">
<ele>64.6</ele>
<time>2026-08-27T18:57:50+0300</time>
</trkpt>
<trkpt lat="59.4489633" lon="25.1218583">
<ele>64.9</ele>
<time>2026-08-27T18:57:51+0300</time>
</trkpt>
<trkpt lat="59.4490033" lon="25.1220483">
<ele>65.4</ele>
<time>2026-08-27T18:57:52+0300</time>
</trkpt>
<trkpt lat="59.449045" lon="25.122235">
<ele>65.5</ele>
<time>2026-08-27T18:57:53+0300</time>
</trkpt>
<trkpt lat="59.4490883" lon="25.12242">
<ele>65.4</ele>
<time>2026-08-27T18:57:54+0300</time>
</trkpt>
<trkpt lat="59.4491283" lon="25.1226083">
<ele>65.30000000000001</ele>
<time>2026-08-27T18:57:55+0300</time>
</trkpt>
<trkpt lat="59.4491717" lon="25.122805">
<ele>65.1</ele>
<time>2026-08-27T18:57:56+0300</time>
</trkpt>
<trkpt lat="59.449215" lon="25.1230083">
<ele>65.0</ele>
<time>2026-08-27T18:57:57+0300</time>
</trkpt>
<trkpt lat="59.449255" lon="25.123215">
<ele>65.2</ele>
<time>2026-08-27T18:57:58+0300</time>
</trkpt>
<trkpt lat="59.4492883" lon="25.123415">
<ele>65.2</ele>
<time>2026-08-27T18:57:59+0300</time>
</trkpt>
<trkpt lat="59.4493167" lon="25.1236133">
<ele>65.5</ele>
<time>2026-08-27T18:58:00+0300</time>
</trkpt>
<trkpt lat="59.4493383" lon="25.1238067">
<ele>65.2</ele>
<time>2026-08-27T18:58:01+0300</time>
</trkpt>
<trkpt lat="59.4493583" lon="25.1239983">
<ele>64.9</ele>
<time>2026-08-27T18:58:02+0300</time>
</trkpt>
<trkpt lat="59.44938" lon="25.1241917">
<ele>64.5</ele>
<time>2026-08-27T18:58:03+0300</time>
</trkpt>
<trkpt lat="59.4494033" lon="25.1243967">
<ele>63.800000000000004</ele>
<time>2026-08-27T18:58:04+0300</time>
</trkpt>
<trkpt lat="59.4494283" lon="25.1246117">
<ele>63.6</ele>
<time>2026-08-27T18:58:05+0300</time>
</trkpt>
<trkpt lat="59.44945" lon="25.1248283">
<ele>63.4</ele>
<time>2026-08-27T18:58:06+0300</time>
</trkpt>
<trkpt lat="59.4494667" lon="25.1250417">
<ele>63.9</ele>
<time>2026-08-27T18:58:07+0300</time>
</trkpt>
<trkpt lat="59.4494783" lon="25.1252483">
<ele>64.7</ele>
<time>2026-08-27T18:58:08+0300</time>
</trkpt>
<trkpt lat="59.4494867" lon="25.12546">
<ele>65.1</ele>
<time>2026-08-27T18:58:09+0300</time>
</trkpt>
<trkpt lat="59.4494917" lon="25.12567">
<ele>65.5</ele>
<time>2026-08-27T18:58:10+0300</time>
</trkpt>
<trkpt lat="59.4494983" lon="25.125885">
<ele>65.9</ele>
<time>2026-08-27T18:58:11+0300</time>
</trkpt>
<trkpt lat="59.4495033" lon="25.1261017">
<ele>66.2</ele>
<time>2026-08-27T18:58:12+0300</time>
</trkpt>
<trkpt lat="59.4495083" lon="25.126315">
<ele>66.6</ele>
<time>2026-08-27T18:58:13+0300</time>
</trkpt>
<trkpt lat="59.4495117" lon="25.12652">
<ele>67.0</ele>
<time>2026-08-27T18:58:14+0300</time>
</trkpt>
<trkpt lat="59.44952" lon="25.1267183">
<ele>67.6</ele>
<time>2026-08-27T18:58:15+0300</time>
</trkpt>
<trkpt lat="59.4495333" lon="25.12691">
<ele>68.30000000000001</ele>
<time>2026-08-27T18:58:16+0300</time>
</trkpt>
<trkpt lat="59.4495533" lon="25.1271017">
<ele>69.1</ele>
<time>2026-08-27T18:58:17+0300</time>
</trkpt>
<trkpt lat="59.4495783" lon="25.1272967">
<ele>69.7</ele>
<time>2026-08-27T18:58:18+0300</time>
</trkpt>
<trkpt lat="59.449605" lon="25.1275">
<ele>70.6</ele>
<time>2026-08-27T18:58:19+0300</time>
</trkpt>
<trkpt lat="59.4496317" lon="25.1277083">
<ele>71.1</ele>
<time>2026-08-27T18:58:20+0300</time>
</trkpt>
<trkpt lat="59.44966" lon="25.1279133">
<ele>71.7</ele>
<time>2026-08-27T18:58:21+0300</time>
</trkpt>
<trkpt lat="59.4496933" lon="25.12811">
<ele>72.5</ele>
<time>2026-08-27T18:58:22+0300</time>
</trkpt>
<trkpt lat="59.4497267" lon="25.1282983">
<ele>72.80000000000001</ele>
<time>2026-08-27T18:58:23+0300</time>
</trkpt>
<trkpt lat="59.4497583" lon="25.128485">
<ele>73.2</ele>
<time>2026-08-27T18:58:24+0300</time>
</trkpt>
<trkpt lat="59.4497883" lon="25.12868">
<ele>73.6</ele>
<time>2026-08-27T18:58:25+0300</time>
</trkpt>
<trkpt lat="59.449815" lon="25.128885">
<ele>73.9</ele>
<time>2026-08-27T18:58:26+0300</time>
</trkpt>
<trkpt lat="59.4498367" lon="25.1290867">
<ele>73.9</ele>
<time>2026-08-27T18:58:27+0300</time>
</trkpt>
<trkpt lat="59.4498633" lon="25.1292817">
<ele>74.4</ele>
<time>2026-08-27T18:58:28+0300</time>
</trkpt>
<trkpt lat="59.449895" lon="25.129465">
<ele>75.1</ele>
<time>2026-08-27T18:58:29+0300</time>
</trkpt>
<trkpt lat="59.44993" lon="25.1296317">
<ele>75.7</ele>
<time>2026-08-27T18:58:30+0300</time>
</trkpt>
<trkpt lat="59.449965" lon="25.12979">
<ele>75.9</ele>
<time>2026-08-27T18:58:31+0300</time>
</trkpt>
<trkpt lat="59.450005" lon="25.1299467">
<ele>75.5</ele>
<time>2026-08-27T18:58:32+0300</time>
</trkpt>
<trkpt lat="59.4500583" lon="25.1301133">
<ele>74.6</ele>
<time>2026-08-27T18:58:33+0300</time>
</trkpt>
<trkpt lat="59.4501183" lon="25.130295">
<ele>73.7</ele>
<time>2026-08-27T18:58:34+0300</time>
</trkpt>
<trkpt lat="59.4501833" lon="25.1304767">
<ele>73.0</ele>
<time>2026-08-27T18:58:35+0300</time>
</trkpt>
<trkpt lat="59.45025" lon="25.1306583">
<ele>72.4</ele>
<time>2026-08-27T18:58:36+0300</time>
</trkpt>
<trkpt lat="59.450315" lon="25.130835">
<ele>72.1</ele>
<time>2026-08-27T18:58:37+0300</time>
</trkpt>
<trkpt lat="59.45038" lon="25.131">
<ele>72.0</ele>
<time>2026-08-27T18:58:38+0300</time>
</trkpt>
<trkpt lat="59.4504467" lon="25.131155">
<ele>72.1</ele>
<time>2026-08-27T18:58:39+0300</time>
</trkpt>
<trkpt lat="59.450515" lon="25.131305">
<ele>72.1</ele>
<time>2026-08-27T18:58:40+0300</time>
</trkpt>
<trkpt lat="59.4505883" lon="25.13146">
<ele>71.80000000000001</ele>
<time>2026-08-27T18:58:41+0300</time>
</trkpt>
<trkpt lat="59.4506633" lon="25.13162">
<ele>71.6</ele>
<time>2026-08-27T18:58:42+0300</time>
</trkpt>
<trkpt lat="59.4507333" lon="25.1317883">
<ele>71.5</ele>
<time>2026-08-27T18:58:43+0300</time>
</trkpt>
<trkpt lat="59.4508" lon="25.1319617">
<ele>71.5</ele>
<time>2026-08-27T18:58:44+0300</time>
</trkpt>
<trkpt lat="59.45086" lon="25.1321283">
<ele>71.6</ele>
<time>2026-08-27T18:58:45+0300</time>
</trkpt>
<trkpt lat="59.45092" lon="25.13229">
<ele>71.7</ele>
<time>2026-08-27T18:58:46+0300</time>
</trkpt>
<trkpt lat="59.4509817" lon="25.1324467">
<ele>71.80000000000001</ele>
<time>2026-08-27T18:58:47+0300</time>
</trkpt>
<trkpt lat="59.4510483" lon="25.132595">
<ele>72.0</ele>
<time>2026-08-27T18:58:48+0300</time>
</trkpt>
<trkpt lat="59.45112" lon="25.13274">
<ele>72.4</ele>
<time>2026-08-27T18:58:49+0300</time>
</trkpt>
<trkpt lat="59.4511883" lon="25.13288">
<ele>71.80000000000001</ele>
<time>2026-08-27T18:58:50+0300</time>
</trkpt>
<trkpt lat="59.4512567" lon="25.133025">
<ele>71.2</ele>
<time>2026-08-27T18:58:51+0300</time>
</trkpt>
<trkpt lat="59.4513283" lon="25.1331733">
<ele>70.80000000000001</ele>
<time>2026-08-27T18:58:52+0300</time>
</trkpt>
<trkpt lat="59.4514017" lon="25.133325">
<ele>70.30000000000001</ele>
<time>2026-08-27T18:58:53+0300</time>
</trkpt>
<trkpt lat="59.45148" lon="25.1334683">
<ele>70.2</ele>
<time>2026-08-27T18:58:54+0300</time>
</trkpt>
<trkpt lat="59.4515683" lon="25.133585">
<ele>70.6</ele>
<time>2026-08-27T18:58:55+0300</time>
</trkpt>
<trkpt lat="59.4516683" lon="25.1336433">
<ele>71.2</ele>
<time>2026-08-27T18:58:56+0300</time>
</trkpt>
<trkpt lat="59.4517667" lon="25.1336317">
<ele>70.80000000000001</ele>
<time>2026-08-27T18:58:57+0300</time>
</trkpt>
<trkpt lat="59.4518617" lon="25.1335533">
<ele>70.6</ele>
<time>2026-08-27T18:58:58+0300</time>
</trkpt>
<trkpt lat="59.4519433" lon="25.1334133">
<ele>70.9</ele>
<time>2026-08-27T18:58:59+0300</time>
</trkpt>
<trkpt lat="59.4520117" lon="25.1332383">
<ele>71.0</ele>
<time>2026-08-27T18:59:00+0300</time>
</trkpt>
<trkpt lat="59.4520667" lon="25.1330433">
<ele>71.2</ele>
<time>2026-08-27T18:59:01+0300</time>
</trkpt>
<trkpt lat="59.452105" lon="25.1328383">
<ele>72.2</ele>
<time>2026-08-27T18:59:02+0300</time>
</trkpt>
<trkpt lat="59.4521317" lon="25.132625">
<ele>73.1</ele>
<time>2026-08-27T18:59:03+0300</time>
</trkpt>
<trkpt lat="59.45215" lon="25.1324067">
<ele>73.4</ele>
<time>2026-08-27T18:59:04+0300</time>
</trkpt>
<trkpt lat="59.4521683" lon="25.1321933">
<ele>73.1</ele>
<time>2026-08-27T18:59:05+0300</time>
</trkpt>
<trkpt lat="59.452195" lon="25.1319817">
<ele>72.7</ele>
<time>2026-08-27T18:59:06+0300</time>
</trkpt>
<trkpt lat="59.452225" lon="25.131765">
<ele>72.2</ele>
<time>2026-08-27T18:59:07+0300</time>
</trkpt>
<trkpt lat="59.452255" lon="25.1315417">
<ele>72.0</ele>
<time>2026-08-27T18:59:08+0300</time>
</trkpt>
<trkpt lat="59.45228" lon="25.1313167">
<ele>72.30000000000001</ele>
<time>2026-08-27T18:59:09+0300</time>
</trkpt>
<trkpt lat="59.45229" lon="25.1310967">
<ele>72.80000000000001</ele>
<time>2026-08-27T18:59:10+0300</time>
</trkpt>
<trkpt lat="59.4522883" lon="25.130875">
<ele>73.4</ele>
<time>2026-08-27T18:59:11+0300</time>
</trkpt>
<trkpt lat="59.45228" lon="25.1306567">
<ele>74.2</ele>
<time>2026-08-27T18:59:12+0300</time>
</trkpt>
<trkpt lat="59.452275" lon="25.1304333">
<ele>75.0</ele>
<time>2026-08-27T18:59:13+0300</time>
</trkpt>
<trkpt lat="59.4522717" lon="25.1302033">
<ele>75.80000000000001</ele>
<time>2026-08-27T18:59:14+0300</time>
</trkpt>
<trkpt lat="59.45227" lon="25.12997">
<ele>76.7</ele>
<time>2026-08-27T18:59:15+0300</time>
</trkpt>
<trkpt lat="59.4522633" lon="25.1297317">
<ele>78.4</ele>
<time>2026-08-27T18:59:16+0300</time>
</trkpt>
<trkpt lat="59.4522517" lon="25.1295">
<ele>79.4</ele>
<time>2026-08-27T18:59:17+0300</time>
</trkpt>
<trkpt lat="59.452235" lon="25.12927">
<ele>79.80000000000001</ele>
<time>2026-08-27T18:59:18+0300</time>
</trkpt>
<trkpt lat="59.452215" lon="25.1290417">
<ele>80.2</ele>
<time>2026-08-27T18:59:19+0300</time>
</trkpt>
<trkpt lat="59.452195" lon="25.1288167">
<ele>80.4</ele>
<time>2026-08-27T18:59:20+0300</time>
</trkpt>
<trkpt lat="59.4521767" lon="25.1285883">
<ele>80.6</ele>
<time>2026-08-27T18:59:21+0300</time>
</trkpt>
<trkpt lat="59.4521583" lon="25.1283567">
<ele>81.30000000000001</ele>
<time>2026-08-27T18:59:22+0300</time>
</trkpt>
<trkpt lat="59.45214" lon="25.1281217">
<ele>82.2</ele>
<time>2026-08-27T18:59:23+0300</time>
</trkpt>
<trkpt lat="59.4521233" lon="25.127885">
<ele>83.1</ele>
<time>2026-08-27T18:59:24+0300</time>
</trkpt>
<trkpt lat="59.452105" lon="25.1276567">
<ele>83.69999999999999</ele>
<time>2026-08-27T18:59:25+0300</time>
</trkpt>
<trkpt lat="59.4520867" lon="25.127425">
<ele>84.4</ele>
<time>2026-08-27T18:59:26+0300</time>
</trkpt>
<trkpt lat="59.4520667" lon="25.1271933">
<ele>85.0</ele>
<time>2026-08-27T18:59:27+0300</time>
</trkpt>
<trkpt lat="59.4520467" lon="25.1269617">
<ele>85.19999999999999</ele>
<time>2026-08-27T18:59:28+0300</time>
</trkpt>
<trkpt lat="59.4520267" lon="25.1267283">
<ele>85.5</ele>
<time>2026-08-27T18:59:29+0300</time>
</trkpt>
<trkpt lat="59.4520083" lon="25.1264933">
<ele>85.9</ele>
<time>2026-08-27T18:59:30+0300</time>
</trkpt>
<trkpt lat="59.4519917" lon="25.12626">
<ele>86.19999999999999</ele>
<time>2026-08-27T18:59:31+0300</time>
</trkpt>
<trkpt lat="59.4519767" lon="25.1260267">
<ele>86.69999999999999</ele>
<time>2026-08-27T18:59:32+0300</time>
</trkpt>
<trkpt lat="59.45196" lon="25.1257967">
<ele>87.0</ele>
<time>2026-08-27T18:59:33+0300</time>
</trkpt>
<trkpt lat="59.45194" lon="25.1255683">
<ele>87.69999999999999</ele>
<time>2026-08-27T18:59:34+0300</time>
</trkpt>
<trkpt lat="59.4519233" lon="25.1253417">
<ele>88.30000000000001</ele>
<time>2026-08-27T18:59:35+0300</time>
</trkpt>
<trkpt lat="59.4519033" lon="25.1251133">
<ele>88.9</ele>
<time>2026-08-27T18:59:36+0300</time>
</trkpt>
<trkpt lat="59.4518817" lon="25.124885">
<ele>89.5</ele>
<time>2026-08-27T18:59:37+0300</time>
</trkpt>
<trkpt lat="59.4518567" lon="25.1246567">
<ele>90.0</ele>
<time>2026-08-27T18:59:38+0300</time>
</trkpt>
<trkpt lat="59.4518333" lon="25.1244333">
<ele>90.5</ele>
<time>2026-08-27T18:59:39+0300</time>
</trkpt>
<trkpt lat="59.4518083" lon="25.1242067">
<ele>90.69999999999999</ele>
<time>2026-08-27T18:59:40+0300</time>
</trkpt>
<trkpt lat="59.4517867" lon="25.12398">
<ele>90.69999999999999</ele>
<time>2026-08-27T18:59:41+0300</time>
</trkpt>
<trkpt lat="59.4517667" lon="25.12375">
<ele>91.1</ele>
<time>2026-08-27T18:59:42+0300</time>
</trkpt>
<trkpt lat="59.4517467" lon="25.1235167">
<ele>91.69999999999999</ele>
<time>2026-08-27T18:59:43+0300</time>
</trkpt>
<trkpt lat="59.4517283" lon="25.1232867">
<ele>92.4</ele>
<time>2026-08-27T18:59:44+0300</time>
</trkpt>
<trkpt lat="59.45171" lon="25.1230567">
<ele>93.1</ele>
<time>2026-08-27T18:59:45+0300</time>
</trkpt>
<trkpt lat="59.45169" lon="25.1228333">
<ele>94.0</ele>
<time>2026-08-27T18:59:46+0300</time>
</trkpt>
<trkpt lat="59.45167" lon="25.1226067">
<ele>94.80000000000001</ele>
<time>2026-08-27T18:59:47+0300</time>
</trkpt>
<trkpt lat="59.4516467" lon="25.1223783">
<ele>95.6</ele>
<time>2026-08-27T18:59:48+0300</time>
</trkpt>
<trkpt lat="59.451625" lon="25.1221533">
<ele>96.30000000000001</ele>
<time>2026-08-27T18:59:49+0300</time>
</trkpt>
<trkpt lat="59.4516017" lon="25.121925">
<ele>97.19999999999999</ele>
<time>2026-08-27T18:59:50+0300</time>
</trkpt>
<trkpt lat="59.4515783" lon="25.121695">
<ele>97.6</ele>
<time>2026-08-27T18:59:51+0300</time>
</trkpt>
<trkpt lat="59.451555" lon="25.121465">
<ele>98.4</ele>
<time>2026-08-27T18:59:52+0300</time>
</trkpt>
<trkpt lat="59.4515283" lon="25.12124">
<ele>99.30000000000001</ele>
<time>2026-08-27T18:59:53+0300</time>
</trkpt>
<trkpt lat="59.4515033" lon="25.1210117">
<ele>99.80000000000001</ele>
<time>2026-08-27T18:59:54+0300</time>
</trkpt>
<trkpt lat="59.451475" lon="25.1207817">
<ele>100.6</ele>
<time>2026-08-27T18:59:55+0300</time>
</trkpt>
<trkpt lat="59.45145" lon="25.1205483">
<ele>101.4</ele>
<time>2026-08-27T18:59:56+0300</time>
</trkpt>
<trkpt lat="59.4514283" lon="25.1203133">
<ele>102.30000000000001</ele>
<time>2026-08-27T18:59:57+0300</time>
</trkpt>
<trkpt lat="59.4514067" lon="25.1200783">
<ele>103.19999999999999</ele>
<time>2026-08-27T18:59:58+0300</time>
</trkpt>
<trkpt lat="59.4513883" lon="25.11984">
<ele>103.9</ele>
<time>2026-08-27T18:59:59+0300</time>
</trkpt>
<trkpt lat="59.4513683" lon="25.1196033">
<ele>104.9</ele>
<time>2026-08-27T19:00:00+0300</time>
</trkpt>
<trkpt lat="59.4513467" lon="25.1193733">
<ele>105.6</ele>
<time>2026-08-27T19:00:01+0300</time>
</trkpt>
<trkpt lat="59.4513167" lon="25.1191417">
<ele>106.5</ele>
<time>2026-08-27T19:00:02+0300</time>
</trkpt>
<trkpt lat="59.451285" lon="25.1189183">
<ele>107.1</ele>
<time>2026-08-27T19:00:03+0300</time>
</trkpt>
<trkpt lat="59.4512517" lon="25.1186867">
<ele>108.19999999999999</ele>
<time>2026-08-27T19:00:04+0300</time>
</trkpt>
<trkpt lat="59.4512117" lon="25.1184633">
<ele>108.80000000000001</ele>
<time>2026-08-27T19:00:05+0300</time>
</trkpt>
<trkpt lat="59.451175" lon="25.1182367">
<ele>109.69999999999999</ele>
<time>2026-08-27T19:00:06+0300</time>
</trkpt>
<trkpt lat="59.4511367" lon="25.11801">
<ele>110.80000000000001</ele>
<time>2026-08-27T19:00:07+0300</time>
</trkpt>
<trkpt lat="59.4510933" lon="25.11779">
<ele>111.9</ele>
<time>2026-08-27T19:00:08+0300</time>
</trkpt>
<trkpt lat="59.4510367" lon="25.1175933">
<ele>112.80000000000001</ele>
<time>2026-08-27T19:00:09+0300</time>
</trkpt>
<trkpt lat="59.4509633" lon="25.117415">
<ele>113.6</ele>
<time>2026-08-27T19:00:10+0300</time>
</trkpt>
<trkpt lat="59.4508767" lon="25.117255">
<ele>114.30000000000001</ele>
<time>2026-08-27T19:00:11+0300</time>
</trkpt>
<trkpt lat="59.4507833" lon="25.11711">
<ele>115.1</ele>
<time>2026-08-27T19:00:12+0300</time>
</trkpt>
<trkpt lat="59.4506883" lon="25.1169617">
<ele>116.1</ele>
<time>2026-08-27T19:00:13+0300</time>
</trkpt>
<trkpt lat="59.4506017" lon="25.1168033">
<ele>116.9</ele>
<time>2026-08-27T19:00:14+0300</time>
</trkpt>
<trkpt lat="59.4505233" lon="25.1166383">
<ele>117.9</ele>
<time>2026-08-27T19:00:15+0300</time>
</trkpt>
<trkpt lat="59.4504517" lon="25.116455">
<ele>118.6</ele>
<time>2026-08-27T19:00:16+0300</time>
</trkpt>
<trkpt lat="59.4503983" lon="25.116255">
<ele>119.4</ele>
<time>2026-08-27T19:00:17+0300</time>
</trkpt>
<trkpt lat="59.4503583" lon="25.11603">
<ele>120.4</ele>
<time>2026-08-27T19:00:18+0300</time>
</trkpt>
<trkpt lat="59.4503383" lon="25.1157917">
<ele>121.30000000000001</ele>
<time>2026-08-27T19:00:19+0300</time>
</trkpt>
<trkpt lat="59.450345" lon="25.1155467">
<ele>121.19999999999999</ele>
<time>2026-08-27T19:00:20+0300</time>
</trkpt>
<trkpt lat="59.45035" lon="25.1153083">
<ele>122.30000000000001</ele>
<time>2026-08-27T19:00:21+0300</time>
</trkpt>
<trkpt lat="59.450355" lon="25.1150717">
<ele>123.0</ele>
<time>2026-08-27T19:00:22+0300</time>
</trkpt>
<trkpt lat="59.4503533" lon="25.114835">
<ele>124.4</ele>
<time>2026-08-27T19:00:23+0300</time>
</trkpt>
<trkpt lat="59.450345" lon="25.1146017">
<ele>124.80000000000001</ele>
<time>2026-08-27T19:00:24+0300</time>
</trkpt>
<trkpt lat="59.4503267" lon="25.1143767">
<ele>125.19999999999999</ele>
<time>2026-08-27T19:00:25+0300</time>
</trkpt>
<trkpt lat="59.4502933" lon="25.1141533">
<ele>125.69999999999999</ele>
<time>2026-08-27T19:00:26+0300</time>
</trkpt>
<trkpt lat="59.4502433" lon="25.1139533">
<ele>125.80000000000001</ele>
<time>2026-08-27T19:00:27+0300</time>
</trkpt>
<trkpt lat="59.450165" lon="25.11378">
<ele>125.5</ele>
<time>2026-08-27T19:00:28+0300</time>
</trkpt>
<trkpt lat="59.450065" lon="25.1136467">
<ele>125.5</ele>
<time>2026-08-27T19:00:29+0300</time>
</trkpt>
<trkpt lat="59.4499433" lon="25.1135717">
<ele>125.5</ele>
<time>2026-08-27T19:00:30+0300</time>
</trkpt>
<trkpt lat="59.44982" lon="25.1135683">
<ele>125.6</ele>
<time>2026-08-27T19:00:31+0300</time>
</trkpt>
<trkpt lat="59.4497067" lon="25.1136283">
<ele>126.6</ele>
<time>2026-08-27T19:00:32+0300</time>
</trkpt>
<trkpt lat="59.4496117" lon="25.11374">
<ele>127.5</ele>
<time>2026-08-27T19:00:33+0300</time>
</trkpt>
<trkpt lat="59.44954" lon="25.1138883">
<ele>129.0</ele>
<time>2026-08-27T19:00:34+0300</time>
</trkpt>
<trkpt lat="59.4494967" lon="25.11407">
<ele>129.4</ele>
<time>2026-08-27T19:00:35+0300</time>
</trkpt>
<trkpt lat="59.4494733" lon="25.1142617">
<ele>129.7</ele>
<time>2026-08-27T19:00:36+0300</time>
</trkpt>
<trkpt lat="59.4494817" lon="25.11445">
<ele>129.8</ele>
<time>2026-08-27T19:00:37+0300</time>
</trkpt>
<trkpt lat="59.44952" lon="25.1146233">
<ele>130.0</ele>
<time>2026-08-27T19:00:38+0300</time>
</trkpt>
<trkpt lat="59.449585" lon="25.1147633">
<ele>131.0</ele>
<time>2026-08-27T19:00:39+0300</time>
</trkpt>
<trkpt lat="59.44967" lon="25.11486">
<ele>131.8</ele>
<time>2026-08-27T19:00:40+0300</time>
</trkpt>
<trkpt lat="59.4497717" lon="25.1149067">
<ele>132.7</ele>
<time>2026-08-27T19:00:41+0300</time>
</trkpt>
<trkpt lat="59.4498783" lon="25.1149133">
<ele>133.8</ele>
<time>2026-08-27T19:00:42+0300</time>
</trkpt>
<trkpt lat="59.449985" lon="25.1148883">
<ele>134.2</ele>
<time>2026-08-27T19:00:43+0300</time>
</trkpt>
<trkpt lat="59.4500917" lon="25.11485">
<ele>134.6</ele>
<time>2026-08-27T19:00:44+0300</time>
</trkpt>
<trkpt lat="59.4501983" lon="25.1148083">
<ele>135.4</ele>
<time>2026-08-27T19:00:45+0300</time>
</trkpt>
<trkpt lat="59.450305" lon="25.1147583">
<ele>136.0</ele>
<time>2026-08-27T19:00:46+0300</time>
</trkpt>
<trkpt lat="59.4504083" lon="25.1147">
<ele>136.6</ele>
<time>2026-08-27T19:00:47+0300</time>
</trkpt>
<trkpt lat="59.4505117" lon="25.1146283">
<ele>137.2</ele>
<time>2026-08-27T19:00:48+0300</time>
</trkpt>
<trkpt lat="59.4506133" lon="25.1145483">
<ele>137.9</ele>
<time>2026-08-27T19:00:49+0300</time>
</trkpt>
<trkpt lat="59.4507167" lon="25.1144617">
<ele>138.4</ele>
<time>2026-08-27T19:00:50+0300</time>
</trkpt>
<trkpt lat="59.4508233" lon="25.1143733">
<ele>138.6</ele>
<time>2026-08-27T19:00:51+0300</time>
</trkpt>
<trkpt lat="59.4509283" lon="25.11429">
<ele>138.9</ele>
<time>2026-08-27T19:00:52+0300</time>
</trkpt>
<trkpt lat="59.4510333" lon="25.11421">
<ele>138.8</ele>
<time>2026-08-27T19:00:53+0300</time>
</trkpt>
<trkpt lat="59.45114" lon="25.1141333">
<ele>138.5</ele>
<time>2026-08-27T19:00:54+0300</time>
</trkpt>
<trkpt lat="59.451245" lon="25.1140533">
<ele>138.1</ele>
<time>2026-08-27T19:00:55+0300</time>
</trkpt>
<trkpt lat="59.4513483" lon="25.1139767">
<ele>137.8</ele>
<time>2026-08-27T19:00:56+0300</time>
</trkpt>
<trkpt lat="59.4514567" lon="25.1139">
<ele>137.3</ele>
<time>2026-08-27T19:00:57+0300</time>
</trkpt>
<trkpt lat="59.4515667" lon="25.1138233">
<ele>136.8</ele>
<time>2026-08-27T19:00:58+0300</time>
</trkpt>
<trkpt lat="59.4516783" lon="25.1137417">
<ele>136.4</ele>
<time>2026-08-27T19:00:59+0300</time>
</trkpt>
<trkpt lat="59.4517867" lon="25.11366">
<ele>136.6</ele>
<time>2026-08-27T19:01:00+0300</time>
</trkpt>
<trkpt lat="59.4518917" lon="25.1135783">
<ele>137.3</ele>
<time>2026-08-27T19:01:01+0300</time>
</trkpt>
<trkpt lat="59.45199" lon="25.11349">
<ele>138.1</ele>
<time>2026-08-27T19:01:02+0300</time>
</trkpt>
<trkpt lat="59.452085" lon="25.1133917">
<ele>138.8</ele>
<time>2026-08-27T19:01:03+0300</time>
</trkpt>
<trkpt lat="59.4521783" lon="25.1132733">
<ele>139.4</ele>
<time>2026-08-27T19:01:04+0300</time>
</trkpt>
<trkpt lat="59.4522667" lon="25.113145">
<ele>139.7</ele>
<time>2026-08-27T19:01:05+0300</time>
</trkpt>
<trkpt lat="59.452355" lon="25.112995">
<ele>140.2</ele>
<time>2026-08-27T19:01:06+0300</time>
</trkpt>
<trkpt lat="59.4524433" lon="25.112835">
<ele>141.0</ele>
<time>2026-08-27T19:01:07+0300</time>
</trkpt>
<trkpt lat="59.452535" lon="25.1126783">
<ele>141.4</ele>
<time>2026-08-27T19:01:08+0300</time>
</trkpt>
<trkpt lat="59.452635" lon="25.112535">
<ele>141.8</ele>
<time>2026-08-27T19:01:09+0300</time>
</trkpt>
<trkpt lat="59.4527367" lon="25.112415">
<ele>142.2</ele>
<time>2026-08-27T19:01:10+0300</time>
</trkpt>
<trkpt lat="59.4528417" lon="25.1123117">
<ele>142.2</ele>
<time>2026-08-27T19:01:11+0300</time>
</trkpt>
<trkpt lat="59.4529467" lon="25.1122083">
<ele>141.9</ele>
<time>2026-08-27T19:01:12+0300</time>
</trkpt>
<trkpt lat="59.4530533" lon="25.1121033">
<ele>141.3</ele>
<time>2026-08-27T19:01:13+0300</time>
</trkpt>
<trkpt lat="59.4531633" lon="25.1119967">
<ele>140.4</ele>
<time>2026-08-27T19:01:14+0300</time>
</trkpt>
<trkpt lat="59.4532767" lon="25.1118967">
<ele>139.7</ele>
<time>2026-08-27T19:01:15+0300</time>
</trkpt>
<trkpt lat="59.4533967" lon="25.1118167">
<ele>139.7</ele>
<time>2026-08-27T19:01:16+0300</time>
</trkpt>
<trkpt lat="59.453515" lon="25.1117783">
<ele>139.3</ele>
<time>2026-08-27T19:01:17+0300</time>
</trkpt>
<trkpt lat="59.4536283" lon="25.1118033">
<ele>139.0</ele>
<time>2026-08-27T19:01:18+0300</time>
</trkpt>
<trkpt lat="59.4537283" lon="25.1118983">
<ele>139.1</ele>
<time>2026-08-27T19:01:19+0300</time>
</trkpt>
<trkpt lat="59.4538167" lon="25.1120417">
<ele>139.5</ele>
<time>2026-08-27T19:01:20+0300</time>
</trkpt>
<trkpt lat="59.4538983" lon="25.112195">
<ele>141.2</ele>
<time>2026-08-27T19:01:21+0300</time>
</trkpt>
<trkpt lat="59.4539767" lon="25.1123367">
<ele>142.1</ele>
<time>2026-08-27T19:01:22+0300</time>
</trkpt>
<trkpt lat="59.4540617" lon="25.1124533">
<ele>142.7</ele>
<time>2026-08-27T19:01:23+0300</time>
</trkpt>
<trkpt lat="59.4541533" lon="25.1125483">
<ele>143.0</ele>
<time>2026-08-27T19:01:24+0300</time>
</trkpt>
<trkpt lat="59.4542533" lon="25.1126333">
<ele>142.4</ele>
<time>2026-08-27T19:01:25+0300</time>
</trkpt>
<trkpt lat="59.454355" lon="25.1127183">
<ele>142.4</ele>
<time>2026-08-27T19:01:26+0300</time>
</trkpt>
<trkpt lat="59.4544567" lon="25.11281">
<ele>142.8</ele>
<time>2026-08-27T19:01:27+0300</time>
</trkpt>
<trkpt lat="59.4545583" lon="25.112905">
<ele>142.9</ele>
<time>2026-08-27T19:01:28+0300</time>
</trkpt>
<trkpt lat="59.4546567" lon="25.1129917">
<ele>142.6</ele>
<time>2026-08-27T19:01:29+0300</time>
</trkpt>
<trkpt lat="59.454755" lon="25.11305">
<ele>142.1</ele>
<time>2026-08-27T19:01:30+0300</time>
</trkpt>
<trkpt lat="59.4548567" lon="25.1131117">
<ele>142.1</ele>
<time>2026-08-27T19:01:31+0300</time>
</trkpt>
<trkpt lat="59.4549633" lon="25.1131633">
<ele>141.4</ele>
<time>2026-08-27T19:01:32+0300</time>
</trkpt>
<trkpt lat="59.4550683" lon="25.1132167">
<ele>140.6</ele>
<time>2026-08-27T19:01:33+0300</time>
</trkpt>
<trkpt lat="59.4551767" lon="25.11327">
<ele>139.7</ele>
<time>2026-08-27T19:01:34+0300</time>
</trkpt>
<trkpt lat="59.4552833" lon="25.1133133">
<ele>138.7</ele>
<time>2026-08-27T19:01:35+0300</time>
</trkpt>
<trkpt lat="59.45539" lon="25.113345">
<ele>137.9</ele>
<time>2026-08-27T19:01:36+0300</time>
</trkpt>
<trkpt lat="59.4554983" lon="25.1133633">
<ele>137.6</ele>
<time>2026-08-27T19:01:37+0300</time>
</trkpt>
<trkpt lat="59.4556083" lon="25.1133717">
<ele>137.7</ele>
<time>2026-08-27T19:01:38+0300</time>
</trkpt>
<trkpt lat="59.4557167" lon="25.113375">
<ele>137.8</ele>
<time>2026-08-27T19:01:39+0300</time>
</trkpt>
<trkpt lat="59.4558233" lon="25.11338">
<ele>137.3</ele>
<time>2026-08-27T19:01:40+0300</time>
</trkpt>
<trkpt lat="59.4559267" lon="25.1133967">
<ele>136.8</ele>
<time>2026-08-27T19:01:41+0300</time>
</trkpt>
<trkpt lat="59.4560217" lon="25.1134633">
<ele>136.4</ele>
<time>2026-08-27T19:01:42+0300</time>
</trkpt>
<trkpt lat="59.4560983" lon="25.1136017">
<ele>134.9</ele>
<time>2026-08-27T19:01:43+0300</time>
</trkpt>
<trkpt lat="59.45614" lon="25.1138117">
<ele>133.6</ele>
<time>2026-08-27T19:01:44+0300</time>
</trkpt>
<trkpt lat="59.4561383" lon="25.11406">
<ele>132.7</ele>
<time>2026-08-27T19:01:45+0300</time>
</trkpt>
<trkpt lat="59.456115" lon="25.114295">
<ele>133.3</ele>
<time>2026-08-27T19:01:46+0300</time>
</trkpt>
<trkpt lat="59.4560883" lon="25.1145">
<ele>134.3</ele>
<time>2026-08-27T19:01:47+0300</time>
</trkpt>
<trkpt lat="59.45606" lon="25.1146867">
<ele>135.0</ele>
<time>2026-08-27T19:01:48+0300</time>
</trkpt>
<trkpt lat="59.45604" lon="25.1148617">
<ele>135.1</ele>
<time>2026-08-27T19:01:49+0300</time>
</trkpt>
<trkpt lat="59.45602" lon="25.1150417">
<ele>134.2</ele>
<time>2026-08-27T19:01:50+0300</time>
</trkpt>
<trkpt lat="59.456005" lon="25.11524">
<ele>133.3</ele>
<time>2026-08-27T19:01:51+0300</time>
</trkpt>
<trkpt lat="59.4559967" lon="25.115455">
<ele>132.6</ele>
<time>2026-08-27T19:01:52+0300</time>
</trkpt>
<trkpt lat="59.4559967" lon="25.11567">
<ele>132.4</ele>
<time>2026-08-27T19:01:53+0300</time>
</trkpt>
<trkpt lat="59.4560033" lon="25.1158817">
<ele>131.6</ele>
<time>2026-08-27T19:01:54+0300</time>
</trkpt>
<trkpt lat="59.4560067" lon="25.11608">
<ele>131.2</ele>
<time>2026-08-27T19:01:55+0300</time>
</trkpt>
<trkpt lat="59.456" lon="25.1162633">
<ele>131.0</ele>
<time>2026-08-27T19:01:56+0300</time>
</trkpt>
<trkpt lat="59.4559767" lon="25.1164433">
<ele>130.7</ele>
<time>2026-08-27T19:01:57+0300</time>
</trkpt>
<trkpt lat="59.4559167" lon="25.116615">
<ele>129.4</ele>
<time>2026-08-27T19:01:58+0300</time>
</trkpt>
<trkpt lat="59.45583" lon="25.1167617">
<ele>128.6</ele>
<time>2026-08-27T19:01:59+0300</time>
</trkpt>
<trkpt lat="59.4557333" lon="25.11689">
<ele>128.7</ele>
<time>2026-08-27T19:02:00+0300</time>
</trkpt>
<trkpt lat="59.4556333" lon="25.1170067">
<ele>129.0</ele>
<time>2026-08-27T19:02:01+0300</time>
</trkpt>
<trkpt lat="59.45554" lon="25.11712">
<ele>129.4</ele>
<time>2026-08-27T19:02:02+0300</time>
</trkpt>
<trkpt lat="59.4554567" lon="25.1172367">
<ele>130.0</ele>
<time>2026-08-27T19:02:03+0300</time>
</trkpt>
<trkpt lat="59.45538" lon="25.11737">
<ele>129.9</ele>
<time>2026-08-27T19:02:04+0300</time>
</trkpt>
<trkpt lat="59.4553167" lon="25.1175233">
<ele>129.7</ele>
<time>2026-08-27T19:02:05+0300</time>
</trkpt>
<trkpt lat="59.45527" lon="25.1177067">
<ele>129.3</ele>
<time>2026-08-27T19:02:06+0300</time>
</trkpt>
<trkpt lat="59.4552433" lon="25.1179117">
<ele>129.0</ele>
<time>2026-08-27T19:02:07+0300</time>
</trkpt>
<trkpt lat="59.45524" lon="25.1181217">
<ele>128.6</ele>
<time>2026-08-27T19:02:08+0300</time>
</trkpt>
<trkpt lat="59.45525" lon="25.1183267">
<ele>128.4</ele>
<time>2026-08-27T19:02:09+0300</time>
</trkpt>
<trkpt lat="59.4552583" lon="25.1185267">
<ele>129.1</ele>
<time>2026-08-27T19:02:10+0300</time>
</trkpt>
<trkpt lat="59.4552533" lon="25.11872">
<ele>129.3</ele>
<time>2026-08-27T19:02:11+0300</time>
</trkpt>
<trkpt lat="59.4552367" lon="25.1189183">
<ele>129.3</ele>
<time>2026-08-27T19:02:12+0300</time>
</trkpt>
<trkpt lat="59.45521" lon="25.1191133">
<ele>129.7</ele>
<time>2026-08-27T19:02:13+0300</time>
</trkpt>
<trkpt lat="59.4551833" lon="25.1193117">
<ele>129.9</ele>
<time>2026-08-27T19:02:14+0300</time>
</trkpt>
<trkpt lat="59.455155" lon="25.1195117">
<ele>129.9</ele>
<time>2026-08-27T19:02:15+0300</time>
</trkpt>
<trkpt lat="59.4551217" lon="25.1197067">
<ele>129.9</ele>
<time>2026-08-27T19:02:16+0300</time>
</trkpt>
<trkpt lat="59.4550833" lon="25.1198983">
<ele>129.5</ele>
<time>2026-08-27T19:02:17+0300</time>
</trkpt>
<trkpt lat="59.45504" lon="25.120085">
<ele>129.0</ele>
<time>2026-08-27T19:02:18+0300</time>
</trkpt>
<trkpt lat="59.454995" lon="25.1202767">
<ele>128.9</ele>
<time>2026-08-27T19:02:19+0300</time>
</trkpt>
<trkpt lat="59.4549533" lon="25.1204683">
<ele>129.0</ele>
<time>2026-08-27T19:02:20+0300</time>
</trkpt>
<trkpt lat="59.4549167" lon="25.1206667">
<ele>129.5</ele>
<time>2026-08-27T19:02:21+0300</time>
</trkpt>
<trkpt lat="59.45489" lon="25.1208667">
<ele>130.2</ele>
<time>2026-08-27T19:02:22+0300</time>
</trkpt>
<trkpt lat="59.454875" lon="25.121065">
<ele>130.1</ele>
<time>2026-08-27T19:02:23+0300</time>
</trkpt>
<trkpt lat="59.4548717" lon="25.1212667">
<ele>130.6</ele>
<time>2026-08-27T19:02:24+0300</time>
</trkpt>
<trkpt lat="59.4548733" lon="25.1214683">
<ele>131.2</ele>
<time>2026-08-27T19:02:25+0300</time>
</trkpt>
<trkpt lat="59.4548733" lon="25.121675">
<ele>132.0</ele>
<time>2026-08-27T19:02:26+0300</time>
</trkpt>
<trkpt lat="59.454865" lon="25.1218783">
<ele>132.8</ele>
<time>2026-08-27T19:02:27+0300</time>
</trkpt>
<trkpt lat="59.4548467" lon="25.1220817">
<ele>133.5</ele>
<time>2026-08-27T19:02:28+0300</time>
</trkpt>
<trkpt lat="59.45482" lon="25.1222783">
<ele>134.7</ele>
<time>2026-08-27T19:02:29+0300</time>
</trkpt>
<trkpt lat="59.4547867" lon="25.12247">
<ele>135.4</ele>
<time>2026-08-27T19:02:30+0300</time>
</trkpt>
<trkpt lat="59.45475" lon="25.1226583">
<ele>136.2</ele>
<time>2026-08-27T19:02:31+0300</time>
</trkpt>
<trkpt lat="59.4547083" lon="25.12284">
<ele>137.0</ele>
<time>2026-08-27T19:02:32+0300</time>
</trkpt>
<trkpt lat="59.4546517" lon="25.1230083">
<ele>137.6</ele>
<time>2026-08-27T19:02:33+0300</time>
</trkpt>
<trkpt lat="59.4545833" lon="25.1231683">
<ele>138.1</ele>
<time>2026-08-27T19:02:34+0300</time>
</trkpt>
<trkpt lat="59.454505" lon="25.12332">
<ele>138.7</ele>
<time>2026-08-27T19:02:35+0300</time>
</trkpt>
<trkpt lat="59.4544233" lon="25.1234633">
<ele>139.4</ele>
<time>2026-08-27T19:02:36+0300</time>
</trkpt>
<trkpt lat="59.4543467" lon="25.1236133">
<ele>140.2</ele>
<time>2026-08-27T19:02:37+0300</time>
</trkpt>
<trkpt lat="59.4542867" lon="25.12378">
<ele>140.8</ele>
<time>2026-08-27T19:02:38+0300</time>
</trkpt>
<trkpt lat="59.454245" lon="25.12397">
<ele>141.1</ele>
<time>2026-08-27T19:02:39+0300</time>
</trkpt>
<trkpt lat="59.4542267" lon="25.12417">
<ele>141.5</ele>
<time>2026-08-27T19:02:40+0300</time>
</trkpt>
<trkpt lat="59.454235" lon="25.12437">
<ele>141.1</ele>
<time>2026-08-27T19:02:41+0300</time>
</trkpt>
<trkpt lat="59.4542717" lon="25.1245633">
<ele>140.9</ele>
<time>2026-08-27T19:02:42+0300</time>
</trkpt>
<trkpt lat="59.4543333" lon="25.1247367">
<ele>141.3</ele>
<time>2026-08-27T19:02:43+0300</time>
</trkpt>
<trkpt lat="59.45441" lon="25.1248817">
<ele>141.7</ele>
<time>2026-08-27T19:02:44+0300</time>
</trkpt>
<trkpt lat="59.4544883" lon="25.1249933">
<ele>141.8</ele>
<time>2026-08-27T19:02:45+0300</time>
</trkpt>
<trkpt lat="59.4545683" lon="25.1251017">
<ele>142.1</ele>
<time>2026-08-27T19:02:46+0300</time>
</trkpt>
<trkpt lat="59.4546383" lon="25.1252233">
<ele>142.6</ele>
<time>2026-08-27T19:02:47+0300</time>
</trkpt>
<trkpt lat="59.45469" lon="25.1253733">
<ele>142.4</ele>
<time>2026-08-27T19:02:48+0300</time>
</trkpt>
<trkpt lat="59.4547117" lon="25.125555">
<ele>141.9</ele>
<time>2026-08-27T19:02:49+0300</time>
</trkpt>
<trkpt lat="59.4546883" lon="25.1257633">
<ele>141.2</ele>
<time>2026-08-27T19:02:50+0300</time>
</trkpt>
<trkpt lat="59.4546133" lon="25.12594">
<ele>140.6</ele>
<time>2026-08-27T19:02:51+0300</time>
</trkpt>
<trkpt lat="59.4544917" lon="25.1260333">
<ele>139.9</ele>
<time>2026-08-27T19:02:52+0300</time>
</trkpt>
<trkpt lat="59.454365" lon="25.1260517">
<ele>140.6</ele>
<time>2026-08-27T19:02:53+0300</time>
</trkpt>
<trkpt lat="59.4542467" lon="25.1260417">
<ele>142.6</ele>
<time>2026-08-27T19:02:54+0300</time>
</trkpt>
<trkpt lat="59.4541433" lon="25.1260317">
<ele>144.3</ele>
<time>2026-08-27T19:02:55+0300</time>
</trkpt>
<trkpt lat="59.4540417" lon="25.126035">
<ele>145.1</ele>
<time>2026-08-27T19:02:56+0300</time>
</trkpt>
<trkpt lat="59.4539367" lon="25.1260433">
<ele>144.8</ele>
<time>2026-08-27T19:02:57+0300</time>
</trkpt>
<trkpt lat="59.4538233" lon="25.126045">
<ele>144.0</ele>
<time>2026-08-27T19:02:58+0300</time>
</trkpt>
<trkpt lat="59.4537067" lon="25.126045">
<ele>143.5</ele>
<time>2026-08-27T19:02:59+0300</time>
</trkpt>
<trkpt lat="59.4535833" lon="25.1260533">
<ele>143.2</ele>
<time>2026-08-27T19:03:00+0300</time>
</trkpt>
<trkpt lat="59.4534617" lon="25.12608">
<ele>143.3</ele>
<time>2026-08-27T19:03:01+0300</time>
</trkpt>
<trkpt lat="59.4533467" lon="25.1261367">
<ele>143.5</ele>
<time>2026-08-27T19:03:02+0300</time>
</trkpt>
<trkpt lat="59.4532467" lon="25.12621">
<ele>144.2</ele>
<time>2026-08-27T19:03:03+0300</time>
</trkpt>
<trkpt lat="59.4531533" lon="25.1263017">
<ele>144.8</ele>
<time>2026-08-27T19:03:04+0300</time>
</trkpt>
<trkpt lat="59.453065" lon="25.1264033">
<ele>145.3</ele>
<time>2026-08-27T19:03:05+0300</time>
</trkpt>
<trkpt lat="59.4529817" lon="25.1265217">
<ele>145.7</ele>
<time>2026-08-27T19:03:06+0300</time>
</trkpt>
<trkpt lat="59.4529017" lon="25.12666">
<ele>145.8</ele>
<time>2026-08-27T19:03:07+0300</time>
</trkpt>
<trkpt lat="59.4528283" lon="25.12682">
<ele>146.0</ele>
<time>2026-08-27T19:03:08+0300</time>
</trkpt>
<trkpt lat="59.4527617" lon="25.1269883">
<ele>145.9</ele>
<time>2026-08-27T19:03:09+0300</time>
</trkpt>
<trkpt lat="59.4527" lon="25.1271617">
<ele>145.7</ele>
<time>2026-08-27T19:03:10+0300</time>
</trkpt>
<trkpt lat="59.4526333" lon="25.1273283">
<ele>145.9</ele>
<time>2026-08-27T19:03:11+0300</time>
</trkpt>
<trkpt lat="59.4525583" lon="25.1274833">
<ele>146.0</ele>
<time>2026-08-27T19:03:12+0300</time>
</trkpt>
<trkpt lat="59.4524733" lon="25.1276233">
<ele>146.2</ele>
<time>2026-08-27T19:03:13+0300</time>
</trkpt>
<trkpt lat="59.4523833" lon="25.1277517">
<ele>146.4</ele>
<time>2026-08-27T19:03:14+0300</time>
</trkpt>
<trkpt lat="59.4522883" lon="25.1278733">
<ele>146.4</ele>
<time>2026-08-27T19:03:15+0300</time>
</trkpt>
<trkpt lat="59.4521917" lon="25.1279917">
<ele>146.6</ele>
<time>2026-08-27T19:03:16+0300</time>
</trkpt>
<trkpt lat="59.4520933" lon="25.1280967">
<ele>146.3</ele>
<time>2026-08-27T19:03:17+0300</time>
</trkpt>
<trkpt lat="59.4519917" lon="25.1281983">
<ele>146.1</ele>
<time>2026-08-27T19:03:18+0300</time>
</trkpt>
<trkpt lat="59.451895" lon="25.1283067">
<ele>146.0</ele>
<time>2026-08-27T19:03:19+0300</time>
</trkpt>
<trkpt lat="59.45181" lon="25.1284333">
<ele>145.7</ele>
<time>2026-08-27T19:03:20+0300</time>
</trkpt>
<trkpt lat="59.4517383" lon="25.1285817">
<ele>145.3</ele>
<time>2026-08-27T19:03:21+0300</time>
</trkpt>
<trkpt lat="59.4516767" lon="25.1287433">
<ele>145.3</ele>
<time>2026-08-27T19:03:22+0300</time>
</trkpt>
<trkpt lat="59.4516167" lon="25.1289083">
<ele>145.0</ele>
<time>2026-08-27T19:03:23+0300</time>
</trkpt>
<trkpt lat="59.4515533" lon="25.1290733">
<ele>144.5</ele>
<time>2026-08-27T19:03:24+0300</time>
</trkpt>
<trkpt lat="59.4514933" lon="25.12924">
<ele>144.2</ele>
<time>2026-08-27T19:03:25+0300</time>
</trkpt>
<trkpt lat="59.451445" lon="25.1294083">
<ele>143.7</ele>
<time>2026-08-27T19:03:26+0300</time>
</trkpt>
<trkpt lat="59.4514133" lon="25.129595">
<ele>143.1</ele>
<time>2026-08-27T19:03:27+0300</time>
</trkpt>
<trkpt lat="59.4513933" lon="25.1297983">
<ele>142.7</ele>
<time>2026-08-27T19:03:28+0300</time>
</trkpt>
<trkpt lat="59.4513767" lon="25.1300117">
<ele>142.4</ele>
<time>2026-08-27T19:03:29+0300</time>
</trkpt>
<trkpt lat="59.4513567" lon="25.1302233">
<ele>142.0</ele>
<time>2026-08-27T19:03:30+0300</time>
</trkpt>
<trkpt lat="59.45133" lon="25.1304283">
<ele>142.2</ele>
<time>2026-08-27T19:03:31+0300</time>
</trkpt>
<trkpt lat="59.4513083" lon="25.1306233">
<ele>142.8</ele>
<time>2026-08-27T19:03:32+0300</time>
</trkpt>
<trkpt lat="59.4513017" lon="25.1308167">
<ele>142.1</ele>
<time>2026-08-27T19:03:33+0300</time>
</trkpt>
<trkpt lat="59.451325" lon="25.131005">
<ele>140.4</ele>
<time>2026-08-27T19:03:34+0300</time>
</trkpt>
<trkpt lat="59.4513683" lon="25.1311983">
<ele>139.5</ele>
<time>2026-08-27T19:03:35+0300</time>
</trkpt>
<trkpt lat="59.4514133" lon="25.1313967">
<ele>138.6</ele>
<time>2026-08-27T19:03:36+0300</time>
</trkpt>
<trkpt lat="59.4514417" lon="25.1315967">
<ele>138.0</ele>
<time>2026-08-27T19:03:37+0300</time>
</trkpt>
<trkpt lat="59.4514583" lon="25.1317983">
<ele>137.9</ele>
<time>2026-08-27T19:03:38+0300</time>
</trkpt>
<trkpt lat="59.4514733" lon="25.1320033">
<ele>138.2</ele>
<time>2026-08-27T19:03:39+0300</time>
</trkpt>
<trkpt lat="59.4515" lon="25.132205">
<ele>138.0</ele>
<time>2026-08-27T19:03:40+0300</time>
</trkpt>
<trkpt lat="59.45153" lon="25.1323983">
<ele>137.9</ele>
<time>2026-08-27T19:03:41+0300</time>
</trkpt>
<trkpt lat="59.4515583" lon="25.132605">
<ele>137.8</ele>
<time>2026-08-27T19:03:42+0300</time>
</trkpt>
<trkpt lat="59.4515867" lon="25.132805">
<ele>137.8</ele>
<time>2026-08-27T19:03:43+0300</time>
</trkpt>
<trkpt lat="59.4516083" lon="25.1330133">
<ele>137.7</ele>
<time>2026-08-27T19:03:44+0300</time>
</trkpt>
<trkpt lat="59.4516333" lon="25.13322">
<ele>137.4</ele>
<time>2026-08-27T19:03:45+0300</time>
</trkpt>
<trkpt lat="59.4516767" lon="25.13342">
<ele>136.9</ele>
<time>2026-08-27T19:03:46+0300</time>
</trkpt>
<trkpt lat="59.4517467" lon="25.1335733">
<ele>136.0</ele>
<time>2026-08-27T19:03:47+0300</time>
</trkpt>
<trkpt lat="59.4518517" lon="25.133665">
<ele>136.0</ele>
<time>2026-08-27T19:03:48+0300</time>
</trkpt>
<trkpt lat="59.4519617" lon="25.1337183">
<ele>135.7</ele>
<time>2026-08-27T19:03:49+0300</time>
</trkpt>
<trkpt lat="59.4520717" lon="25.1337583">
<ele>136.6</ele>
<time>2026-08-27T19:03:50+0300</time>
</trkpt>
<trkpt lat="59.452175" lon="25.13381">
<ele>137.5</ele>
<time>2026-08-27T19:03:51+0300</time>
</trkpt>
<trkpt lat="59.4522633" lon="25.13391">
<ele>138.0</ele>
<time>2026-08-27T19:03:52+0300</time>
</trkpt>
<trkpt lat="59.4523383" lon="25.1340617">
<ele>138.5</ele>
<time>2026-08-27T19:03:53+0300</time>
</trkpt>
<trkpt lat="59.4523933" lon="25.1342533">
<ele>138.6</ele>
<time>2026-08-27T19:03:54+0300</time>
</trkpt>
<trkpt lat="59.452435" lon="25.1344583">
<ele>139.3</ele>
<time>2026-08-27T19:03:55+0300</time>
</trkpt>
<trkpt lat="59.4524567" lon="25.13467">
<ele>139.2</ele>
<time>2026-08-27T19:03:56+0300</time>
</trkpt>
<trkpt lat="59.4524483" lon="25.1348817">
<ele>138.3</ele>
<time>2026-08-27T19:03:57+0300</time>
</trkpt>
<trkpt lat="59.452415" lon="25.1350867">
<ele>137.2</ele>
<time>2026-08-27T19:03:58+0300</time>
</trkpt>
<trkpt lat="59.4523533" lon="25.1352867">
<ele>136.5</ele>
<time>2026-08-27T19:03:59+0300</time>
</trkpt>
<trkpt lat="59.4522767" lon="25.1354633">
<ele>137.2</ele>
<time>2026-08-27T19:04:00+0300</time>
</trkpt>
<trkpt lat="59.4521883" lon="25.1356067">
<ele>137.9</ele>
<time>2026-08-27T19:04:01+0300</time>
</trkpt>
<trkpt lat="59.4520867" lon="25.13569">
<ele>138.2</ele>
<time>2026-08-27T19:04:02+0300</time>
</trkpt>
<trkpt lat="59.45197" lon="25.1356917">
<ele>137.6</ele>
<time>2026-08-27T19:04:03+0300</time>
</trkpt>
<trkpt lat="59.45185" lon="25.1356267">
<ele>137.0</ele>
<time>2026-08-27T19:04:04+0300</time>
</trkpt>
<trkpt lat="59.4517333" lon="25.1355033">
<ele>137.4</ele>
<time>2026-08-27T19:04:05+0300</time>
</trkpt>
<trkpt lat="59.4516267" lon="25.1353517">
<ele>138.1</ele>
<time>2026-08-27T19:04:06+0300</time>
</trkpt>
<trkpt lat="59.4515217" lon="25.1352083">
<ele>139.7</ele>
<time>2026-08-27T19:04:07+0300</time>
</trkpt>
<trkpt lat="59.4514167" lon="25.1350933">
<ele>141.4</ele>
<time>2026-08-27T19:04:08+0300</time>
</trkpt>
<trkpt lat="59.4513167" lon="25.135">
<ele>141.6</ele>
<time>2026-08-27T19:04:09+0300</time>
</trkpt>
<trkpt lat="59.45122" lon="25.134895">
<ele>140.6</ele>
<time>2026-08-27T19:04:10+0300</time>
</trkpt>
<trkpt lat="59.451125" lon="25.13477">
<ele>139.7</ele>
<time>2026-08-27T19:04:11+0300</time>
</trkpt>
<trkpt lat="59.4510233" lon="25.1346433">
<ele>139.3</ele>
<time>2026-08-27T19:04:12+0300</time>
</trkpt>
<trkpt lat="59.4509117" lon="25.13453">
<ele>139.1</ele>
<time>2026-08-27T19:04:13+0300</time>
</trkpt>
<trkpt lat="59.450795" lon="25.1344467">
<ele>139.7</ele>
<time>2026-08-27T19:04:14+0300</time>
</trkpt>
<trkpt lat="59.45068" lon="25.134395">
<ele>140.3</ele>
<time>2026-08-27T19:04:15+0300</time>
</trkpt>
<trkpt lat="59.4505683" lon="25.1343667">
<ele>141.0</ele>
<time>2026-08-27T19:04:16+0300</time>
</trkpt>
<trkpt lat="59.4504633" lon="25.1343517">
<ele>141.0</ele>
<time>2026-08-27T19:04:17+0300</time>
</trkpt>
<trkpt lat="59.4503567" lon="25.134355">
<ele>141.1</ele>
<time>2026-08-27T19:04:18+0300</time>
</trkpt>
<trkpt lat="59.4502483" lon="25.13438">
<ele>141.0</ele>
<time>2026-08-27T19:04:19+0300</time>
</trkpt>
<trkpt lat="59.4501383" lon="25.1344383">
<ele>141.0</ele>
<time>2026-08-27T19:04:20+0300</time>
</trkpt>
<trkpt lat="59.4500367" lon="25.134535">
<ele>141.1</ele>
<time>2026-08-27T19:04:21+0300</time>
</trkpt>
<trkpt lat="59.449945" lon="25.1346683">
<ele>141.5</ele>
<time>2026-08-27T19:04:22+0300</time>
</trkpt>
<trkpt lat="59.4498667" lon="25.1348283">
<ele>142.1</ele>
<time>2026-08-27T19:04:23+0300</time>
</trkpt>
<trkpt lat="59.4498" lon="25.1350017">
<ele>142.8</ele>
<time>2026-08-27T19:04:24+0300</time>
</trkpt>
<trkpt lat="59.449745" lon="25.1351783">
<ele>143.1</ele>
<time>2026-08-27T19:04:25+0300</time>
</trkpt>
<trkpt lat="59.4496917" lon="25.13535">
<ele>143.4</ele>
<time>2026-08-27T19:04:26+0300</time>
</trkpt>
<trkpt lat="59.4496417" lon="25.1355233">
<ele>143.4</ele>
<time>2026-08-27T19:04:27+0300</time>
</trkpt>
<trkpt lat="59.4495917" lon="25.1357">
<ele>143.5</ele>
<time>2026-08-27T19:04:28+0300</time>
</trkpt>
<trkpt lat="59.449545" lon="25.135885">
<ele>143.6</ele>
<time>2026-08-27T19:04:29+0300</time>
</trkpt>
<trkpt lat="59.4495033" lon="25.136085">
<ele>143.8</ele>
<time>2026-08-27T19:04:30+0300</time>
</trkpt>
<trkpt lat="59.4494817" lon="25.1362833">
<ele>144.2</ele>
<time>2026-08-27T19:04:31+0300</time>
</trkpt>
<trkpt lat="59.4494867" lon="25.1364783">
<ele>143.9</ele>
<time>2026-08-27T19:04:32+0300</time>
</trkpt>
<trkpt lat="59.449525" lon="25.1366683">
<ele>143.3</ele>
<time>2026-08-27T19:04:33+0300</time>
</trkpt>
<trkpt lat="59.4495983" lon="25.1368383">
<ele>142.5</ele>
<time>2026-08-27T19:04:34+0300</time>
</trkpt>
<trkpt lat="59.4496983" lon="25.1369767">
<ele>142.3</ele>
<time>2026-08-27T19:04:35+0300</time>
</trkpt>
<trkpt lat="59.449805" lon="25.1370717">
<ele>142.0</ele>
<time>2026-08-27T19:04:36+0300</time>
</trkpt>
<trkpt lat="59.4499167" lon="25.13715">
<ele>142.9</ele>
<time>2026-08-27T19:04:37+0300</time>
</trkpt>
<trkpt lat="59.4500233" lon="25.13723">
<ele>143.7</ele>
<time>2026-08-27T19:04:38+0300</time>
</trkpt>
<trkpt lat="59.45013" lon="25.1373067">
<ele>144.6</ele>
<time>2026-08-27T19:04:39+0300</time>
</trkpt>
<trkpt lat="59.450235" lon="25.13738">
<ele>145.1</ele>
<time>2026-08-27T19:04:40+0300</time>
</trkpt>
<trkpt lat="59.4503467" lon="25.1374433">
<ele>145.1</ele>
<time>2026-08-27T19:04:41+0300</time>
</trkpt>
<trkpt lat="59.4504617" lon="25.1374983">
<ele>144.9</ele>
<time>2026-08-27T19:04:42+0300</time>
</trkpt>
<trkpt lat="59.45058" lon="25.137545">
<ele>145.0</ele>
<time>2026-08-27T19:04:43+0300</time>
</trkpt>
<trkpt lat="59.450695" lon="25.13759">
<ele>145.4</ele>
<time>2026-08-27T19:04:44+0300</time>
</trkpt>
<trkpt lat="59.4508067" lon="25.137645">
<ele>145.8</ele>
<time>2026-08-27T19:04:45+0300</time>
</trkpt>
<trkpt lat="59.45091" lon="25.137725">
<ele>146.1</ele>
<time>2026-08-27T19:04:46+0300</time>
</trkpt>
<trkpt lat="59.4509967" lon="25.137845">
<ele>145.7</ele>
<time>2026-08-27T19:04:47+0300</time>
</trkpt>
<trkpt lat="59.4510683" lon="25.1380033">
<ele>145.3</ele>
<time>2026-08-27T19:04:48+0300</time>
</trkpt>
<trkpt lat="59.4511233" lon="25.1381867">
<ele>145.0</ele>
<time>2026-08-27T19:04:49+0300</time>
</trkpt>
<trkpt lat="59.451165" lon="25.1383767">
<ele>144.6</ele>
<time>2026-08-27T19:04:50+0300</time>
</trkpt>
<trkpt lat="59.4512033" lon="25.1385517">
<ele>144.5</ele>
<time>2026-08-27T19:04:51+0300</time>
</trkpt>
<trkpt lat="59.4512383" lon="25.1387317">
<ele>144.4</ele>
<time>2026-08-27T19:04:52+0300</time>
</trkpt>
<trkpt lat="59.4512633" lon="25.1389167">
<ele>143.8</ele>
<time>2026-08-27T19:04:53+0300</time>
</trkpt>
<trkpt lat="59.4512867" lon="25.1391083">
<ele>143.4</ele>
<time>2026-08-27T19:04:54+0300</time>
</trkpt>
<trkpt lat="59.45131" lon="25.1393033">
<ele>142.2</ele>
<time>2026-08-27T19:04:55+0300</time>
</trkpt>
<trkpt lat="59.4513367" lon="25.1395033">
<ele>141.3</ele>
<time>2026-08-27T19:04:56+0300</time>
</trkpt>
<trkpt lat="59.4513633" lon="25.1397017">
<ele>140.6</ele>
<time>2026-08-27T19:04:57+0300</time>
</trkpt>
<trkpt lat="59.4513917" lon="25.1399033">
<ele>139.9</ele>
<time>2026-08-27T19:04:58+0300</time>
</trkpt>
<trkpt lat="59.4514183" lon="25.1400967">
<ele>139.0</ele>
<time>2026-08-27T19:04:59+0300</time>
</trkpt>
<trkpt lat="59.451445" lon="25.140285">
<ele>137.8</ele>
<time>2026-08-27T19:05:00+0300</time>
</trkpt>
<trkpt lat="59.4514733" lon="25.1404783">
<ele>136.6</ele>
<time>2026-08-27T19:05:01+0300</time>
</trkpt>
<trkpt lat="59.4515" lon="25.140675">
<ele>135.9</ele>
<time>2026-08-27T19:05:02+0300</time>
</trkpt>
<trkpt lat="59.4515233" lon="25.1408733">
<ele>135.4</ele>
<time>2026-08-27T19:05:03+0300</time>
</trkpt>
<trkpt lat="59.451545" lon="25.1410767">
<ele>134.7</ele>
<time>2026-08-27T19:05:04+0300</time>
</trkpt>
<trkpt lat="59.4515617" lon="25.1412817">
<ele>133.6</ele>
<time>2026-08-27T19:05:05+0300</time>
</trkpt>
<trkpt lat="59.4515833" lon="25.1414817">
<ele>132.2</ele>
<time>2026-08-27T19:05:06+0300</time>
</trkpt>
<trkpt lat="59.4516117" lon="25.1416733">
<ele>131.3</ele>
<time>2026-08-27T19:05:07+0300</time>
</trkpt>
<trkpt lat="59.4516367" lon="25.14187">
<ele>129.9</ele>
<time>2026-08-27T19:05:08+0300</time>
</trkpt>
<trkpt lat="59.4516683" lon="25.1420683">
<ele>129.1</ele>
<time>2026-08-27T19:05:09+0300</time>
</trkpt>
<trkpt lat="59.45171" lon="25.1422567">
<ele>128.2</ele>
<time>2026-08-27T19:05:10+0300</time>
</trkpt>
<trkpt lat="59.45177" lon="25.14243">
<ele>127.4</ele>
<time>2026-08-27T19:05:11+0300</time>
</trkpt>
<trkpt lat="59.4518517" lon="25.1425667">
<ele>126.80000000000001</ele>
<time>2026-08-27T19:05:12+0300</time>
</trkpt>
<trkpt lat="59.451945" lon="25.1426733">
<ele>125.9</ele>
<time>2026-08-27T19:05:13+0300</time>
</trkpt>
<trkpt lat="59.4520417" lon="25.142775">
<ele>125.30000000000001</ele>
<time>2026-08-27T19:05:14+0300</time>
</trkpt>
<trkpt lat="59.4521367" lon="25.14289">
<ele>125.1</ele>
<time>2026-08-27T19:05:15+0300</time>
</trkpt>
<trkpt lat="59.452225" lon="25.1430333">
<ele>126.0</ele>
<time>2026-08-27T19:05:16+0300</time>
</trkpt>
<trkpt lat="59.4523083" lon="25.1431983">
<ele>127.69999999999999</ele>
<time>2026-08-27T19:05:17+0300</time>
</trkpt>
<trkpt lat="59.4523717" lon="25.1433683">
<ele>129.0</ele>
<time>2026-08-27T19:05:18+0300</time>
</trkpt>
<trkpt lat="59.4524067" lon="25.14355">
<ele>128.8</ele>
<time>2026-08-27T19:05:19+0300</time>
</trkpt>
<trkpt lat="59.4524183" lon="25.1437483">
<ele>127.5</ele>
<time>2026-08-27T19:05:20+0300</time>
</trkpt>
<trkpt lat="59.4524117" lon="25.143965">
<ele>126.6</ele>
<time>2026-08-27T19:05:21+0300</time>
</trkpt>
<trkpt lat="59.4524" lon="25.1441917">
<ele>126.0</ele>
<time>2026-08-27T19:05:22+0300</time>
</trkpt>
<trkpt lat="59.45239" lon="25.1444117">
<ele>126.19999999999999</ele>
<time>2026-08-27T19:05:23+0300</time>
</trkpt>
<trkpt lat="59.45238" lon="25.144625">
<ele>126.6</ele>
<time>2026-08-27T19:05:24+0300</time>
</trkpt>
<trkpt lat="59.4523717" lon="25.14483">
<ele>127.0</ele>
<time>2026-08-27T19:05:25+0300</time>
</trkpt>
<trkpt lat="59.4523667" lon="25.1450267">
<ele>126.69999999999999</ele>
<time>2026-08-27T19:05:26+0300</time>
</trkpt>
<trkpt lat="59.4523633" lon="25.1452283">
<ele>125.9</ele>
<time>2026-08-27T19:05:27+0300</time>
</trkpt>
<trkpt lat="59.4523567" lon="25.1454383">
<ele>125.30000000000001</ele>
<time>2026-08-27T19:05:28+0300</time>
</trkpt>
<trkpt lat="59.4523483" lon="25.1456517">
<ele>124.6</ele>
<time>2026-08-27T19:05:29+0300</time>
</trkpt>
<trkpt lat="59.4523317" lon="25.1458633">
<ele>123.6</ele>
<time>2026-08-27T19:05:30+0300</time>
</trkpt>
<trkpt lat="59.4523183" lon="25.1460767">
<ele>122.6</ele>
<time>2026-08-27T19:05:31+0300</time>
</trkpt>
<trkpt lat="59.4523117" lon="25.14629">
<ele>121.6</ele>
<time>2026-08-27T19:05:32+0300</time>
</trkpt>
<trkpt lat="59.4523133" lon="25.146495">
<ele>120.9</ele>
<time>2026-08-27T19:05:33+0300</time>
</trkpt>
<trkpt lat="59.452315" lon="25.1467017">
<ele>119.80000000000001</ele>
<time>2026-08-27T19:05:34+0300</time>
</trkpt>
<trkpt lat="59.4523083" lon="25.1469067">
<ele>118.4</ele>
<time>2026-08-27T19:05:35+0300</time>
</trkpt>
<trkpt lat="59.45229" lon="25.147115">
<ele>117.19999999999999</ele>
<time>2026-08-27T19:05:36+0300</time>
</trkpt>
<trkpt lat="59.452265" lon="25.1473267">
<ele>116.30000000000001</ele>
<time>2026-08-27T19:05:37+0300</time>
</trkpt>
<trkpt lat="59.4522367" lon="25.1475367">
<ele>116.30000000000001</ele>
<time>2026-08-27T19:05:38+0300</time>
</trkpt>
<trkpt lat="59.45222" lon="25.1477433">
<ele>116.4</ele>
<time>2026-08-27T19:05:39+0300</time>
</trkpt>
<trkpt lat="59.452225" lon="25.14794">
<ele>115.69999999999999</ele>
<time>2026-08-27T19:05:40+0300</time>
</trkpt>
<trkpt lat="59.4522617" lon="25.1481267">
<ele>114.6</ele>
<time>2026-08-27T19:05:41+0300</time>
</trkpt>
<trkpt lat="59.452325" lon="25.1483133">
<ele>113.80000000000001</ele>
<time>2026-08-27T19:05:42+0300</time>
</trkpt>
<trkpt lat="59.4523917" lon="25.1485017">
<ele>113.4</ele>
<time>2026-08-27T19:05:43+0300</time>
</trkpt>
<trkpt lat="59.4524433" lon="25.1486967">
<ele>112.9</ele>
<time>2026-08-27T19:05:44+0300</time>
</trkpt>
<trkpt lat="59.45248" lon="25.1488917">
<ele>112.30000000000001</ele>
<time>2026-08-27T19:05:45+0300</time>
</trkpt>
<trkpt lat="59.4525167" lon="25.149085">
<ele>112.4</ele>
<time>2026-08-27T19:05:46+0300</time>
</trkpt>
<trkpt lat="59.452555" lon="25.1492733">
<ele>112.30000000000001</ele>
<time>2026-08-27T19:05:47+0300</time>
</trkpt>
<trkpt lat="59.4525917" lon="25.1494667">
<ele>112.30000000000001</ele>
<time>2026-08-27T19:05:48+0300</time>
</trkpt>
<trkpt lat="59.45262" lon="25.149665">
<ele>112.19999999999999</ele>
<time>2026-08-27T19:05:49+0300</time>
</trkpt>
<trkpt lat="59.45264" lon="25.1498717">
<ele>112.4</ele>
<time>2026-08-27T19:05:50+0300</time>
</trkpt>
<trkpt lat="59.4526533" lon="25.1500783">
<ele>112.5</ele>
<time>2026-08-27T19:05:51+0300</time>
</trkpt>
<trkpt lat="59.4526567" lon="25.1502917">
<ele>112.0</ele>
<time>2026-08-27T19:05:52+0300</time>
</trkpt>
<trkpt lat="59.4526583" lon="25.1504983">
<ele>112.1</ele>
<time>2026-08-27T19:05:53+0300</time>
</trkpt>
<trkpt lat="59.4526533" lon="25.150705">
<ele>112.19999999999999</ele>
<time>2026-08-27T19:05:54+0300</time>
</trkpt>
<trkpt lat="59.45264" lon="25.1509117">
<ele>112.5</ele>
<time>2026-08-27T19:05:55+0300</time>
</trkpt>
<trkpt lat="59.4526283" lon="25.1511217">
<ele>113.0</ele>
<time>2026-08-27T19:05:56+0300</time>
</trkpt>
<trkpt lat="59.4526233" lon="25.1513317">
<ele>113.4</ele>
<time>2026-08-27T19:05:57+0300</time>
</trkpt>
<trkpt lat="59.4526317" lon="25.1515417">
<ele>113.6</ele>
<time>2026-08-27T19:05:58+0300</time>
</trkpt>
<trkpt lat="59.4526517" lon="25.1517517">
<ele>113.9</ele>
<time>2026-08-27T19:05:59+0300</time>
</trkpt>
<trkpt lat="59.4526733" lon="25.151945">
<ele>114.19999999999999</ele>
<time>2026-08-27T19:06:00+0300</time>
</trkpt>
<trkpt lat="59.4526917" lon="25.1521467">
<ele>114.5</ele>
<time>2026-08-27T19:06:01+0300</time>
</trkpt>
<trkpt lat="59.4527083" lon="25.1523567">
<ele>114.30000000000001</ele>
<time>2026-08-27T19:06:02+0300</time>
</trkpt>
<trkpt lat="59.4527333" lon="25.1525583">
<ele>114.5</ele>
<time>2026-08-27T19:06:03+0300</time>
</trkpt>
<trkpt lat="59.4527633" lon="25.1527533">
<ele>114.69999999999999</ele>
<time>2026-08-27T19:06:04+0300</time>
</trkpt>
<trkpt lat="59.4528017" lon="25.1529483">
<ele>115.6</ele>
<time>2026-08-27T19:06:05+0300</time>
</trkpt>
<trkpt lat="59.4528367" lon="25.1531433">
<ele>116.4</ele>
<time>2026-08-27T19:06:06+0300</time>
</trkpt>
<trkpt lat="59.4528617" lon="25.15332">
<ele>117.6</ele>
<time>2026-08-27T19:06:07+0300</time>
</trkpt>
<trkpt lat="59.4528683" lon="25.153515">
<ele>118.19999999999999</ele>
<time>2026-08-27T19:06:08+0300</time>
</trkpt>
<trkpt lat="59.452865" lon="25.1537283">
<ele>119.19999999999999</ele>
<time>2026-08-27T19:06:09+0300</time>
</trkpt>
<trkpt lat="59.45286" lon="25.15394">
<ele>120.19999999999999</ele>
<time>2026-08-27T19:06:10+0300</time>
</trkpt>
<trkpt lat="59.452855" lon="25.1541467">
<ele>121.4</ele>
<time>2026-08-27T19:06:11+0300</time>
</trkpt>
<trkpt lat="59.4528483" lon="25.15435">
<ele>122.4</ele>
<time>2026-08-27T19:06:12+0300</time>
</trkpt>
<trkpt lat="59.4528383" lon="25.1545533">
<ele>123.0</ele>
<time>2026-08-27T19:06:13+0300</time>
</trkpt>
<trkpt lat="59.4528283" lon="25.154755">
<ele>123.6</ele>
<time>2026-08-27T19:06:14+0300</time>
</trkpt>
<trkpt lat="59.4528233" lon="25.1549633">
<ele>124.19999999999999</ele>
<time>2026-08-27T19:06:15+0300</time>
</trkpt>
<trkpt lat="59.452825" lon="25.1551667">
<ele>125.0</ele>
<time>2026-08-27T19:06:16+0300</time>
</trkpt>
<trkpt lat="59.4528333" lon="25.1553717">
<ele>125.30000000000001</ele>
<time>2026-08-27T19:06:17+0300</time>
</trkpt>
<trkpt lat="59.4528467" lon="25.1555733">
<ele>125.6</ele>
<time>2026-08-27T19:06:18+0300</time>
</trkpt>
<trkpt lat="59.4528683" lon="25.15577">
<ele>125.0</ele>
<time>2026-08-27T19:06:19+0300</time>
</trkpt>
<trkpt lat="59.4529033" lon="25.15596">
<ele>124.6</ele>
<time>2026-08-27T19:06:20+0300</time>
</trkpt>
<trkpt lat="59.4529433" lon="25.15615">
<ele>124.80000000000001</ele>
<time>2026-08-27T19:06:21+0300</time>
</trkpt>
<trkpt lat="59.4529733" lon="25.156345">
<ele>124.6</ele>
<time>2026-08-27T19:06:22+0300</time>
</trkpt>
<trkpt lat="59.4529917" lon="25.156545">
<ele>124.0</ele>
<time>2026-08-27T19:06:23+0300</time>
</trkpt>
<trkpt lat="59.4530017" lon="25.1567433">
<ele>123.1</ele>
<time>2026-08-27T19:06:24+0300</time>
</trkpt>
<trkpt lat="59.4530167" lon="25.1569417">
<ele>122.69999999999999</ele>
<time>2026-08-27T19:06:25+0300</time>
</trkpt>
<trkpt lat="59.45304" lon="25.1571417">
<ele>121.6</ele>
<time>2026-08-27T19:06:26+0300</time>
</trkpt>
<trkpt lat="59.4530667" lon="25.1573383">
<ele>120.19999999999999</ele>
<time>2026-08-27T19:06:27+0300</time>
</trkpt>
<trkpt lat="59.453095" lon="25.1575383">
<ele>119.69999999999999</ele>
<time>2026-08-27T19:06:28+0300</time>
</trkpt>
<trkpt lat="59.453125" lon="25.1577417">
<ele>118.80000000000001</ele>
<time>2026-08-27T19:06:29+0300</time>
</trkpt>
<trkpt lat="59.45316" lon="25.15794">
<ele>118.30000000000001</ele>
<time>2026-08-27T19:06:30+0300</time>
</trkpt>
<trkpt lat="59.4531983" lon="25.15813">
<ele>117.9</ele>
<time>2026-08-27T19:06:31+0300</time>
</trkpt>
<trkpt lat="59.453225" lon="25.158315">
<ele>117.30000000000001</ele>
<time>2026-08-27T19:06:32+0300</time>
</trkpt>
<trkpt lat="59.4532383" lon="25.1585017">
<ele>115.69999999999999</ele>
<time>2026-08-27T19:06:33+0300</time>
</trkpt>
<trkpt lat="59.4532283" lon="25.1587033">
<ele>113.9</ele>
<time>2026-08-27T19:06:34+0300</time>
</trkpt>
<trkpt lat="59.4532017" lon="25.1589167">
<ele>112.4</ele>
<time>2026-08-27T19:06:35+0300</time>
</trkpt>
<trkpt lat="59.45317" lon="25.1591333">
<ele>111.69999999999999</ele>
<time>2026-08-27T19:06:36+0300</time>
</trkpt>
<trkpt lat="59.45315" lon="25.15935">
<ele>111.1</ele>
<time>2026-08-27T19:06:37+0300</time>
</trkpt>
<trkpt lat="59.453145" lon="25.1595583">
<ele>111.1</ele>
<time>2026-08-27T19:06:38+0300</time>
</trkpt>
<trkpt lat="59.4531517" lon="25.1597583">
<ele>111.30000000000001</ele>
<time>2026-08-27T19:06:39+0300</time>
</trkpt>
<trkpt lat="59.4531667" lon="25.159955">
<ele>111.19999999999999</ele>
<time>2026-08-27T19:06:40+0300</time>
</trkpt>
<trkpt lat="59.4531883" lon="25.1601483">
<ele>111.0</ele>
<time>2026-08-27T19:06:41+0300</time>
</trkpt>
<trkpt lat="59.4532167" lon="25.1603383">
<ele>110.80000000000001</ele>
<time>2026-08-27T19:06:42+0300</time>
</trkpt>
<trkpt lat="59.4532533" lon="25.16053">
<ele>111.0</ele>
<time>2026-08-27T19:06:43+0300</time>
</trkpt>
<trkpt lat="59.4532883" lon="25.16072">
<ele>110.9</ele>
<time>2026-08-27T19:06:44+0300</time>
</trkpt>
<trkpt lat="59.4533217" lon="25.1609133">
<ele>111.1</ele>
<time>2026-08-27T19:06:45+0300</time>
</trkpt>
<trkpt lat="59.45335" lon="25.1611033">
<ele>111.1</ele>
<time>2026-08-27T19:06:46+0300</time>
</trkpt>
<trkpt lat="59.4533733" lon="25.1612967">
<ele>111.1</ele>
<time>2026-08-27T19:06:47+0300</time>
</trkpt>
<trkpt lat="59.4534017" lon="25.16149">
<ele>111.4</ele>
<time>2026-08-27T19:06:48+0300</time>
</trkpt>
<trkpt lat="59.4534517" lon="25.1616683">
<ele>111.0</ele>
<time>2026-08-27T19:06:49+0300</time>
</trkpt>
<trkpt lat="59.4535317" lon="25.1618133">
<ele>111.1</ele>
<time>2026-08-27T19:06:50+0300</time>
</trkpt>
<trkpt lat="59.4536317" lon="25.1619283">
<ele>111.69999999999999</ele>
<time>2026-08-27T19:06:51+0300</time>
</trkpt>
<trkpt lat="59.453735" lon="25.16204">
<ele>111.9</ele>
<time>2026-08-27T19:06:52+0300</time>
</trkpt>
<trkpt lat="59.4538133" lon="25.162175">
<ele>111.6</ele>
<time>2026-08-27T19:06:53+0300</time>
</trkpt>
<trkpt lat="59.4538467" lon="25.16237">
<ele>110.1</ele>
<time>2026-08-27T19:06:54+0300</time>
</trkpt>
<trkpt lat="59.45383" lon="25.1625983">
<ele>109.9</ele>
<time>2026-08-27T19:06:55+0300</time>
</trkpt>
<trkpt lat="59.4537783" lon="25.1628283">
<ele>110.30000000000001</ele>
<time>2026-08-27T19:06:56+0300</time>
</trkpt>
<trkpt lat="59.4537283" lon="25.16304">
<ele>110.6</ele>
<time>2026-08-27T19:06:57+0300</time>
</trkpt>
<trkpt lat="59.453685" lon="25.16322">
<ele>112.1</ele>
<time>2026-08-27T19:06:58+0300</time>
</trkpt>
<trkpt lat="59.4536383" lon="25.1633683">
<ele>112.80000000000001</ele>
<time>2026-08-27T19:06:59+0300</time>
</trkpt>
<trkpt lat="59.4535783" lon="25.163505">
<ele>112.80000000000001</ele>
<time>2026-08-27T19:07:00+0300</time>
</trkpt>
<trkpt lat="59.4534933" lon="25.1636317">
<ele>112.69999999999999</ele>
<time>2026-08-27T19:07:01+0300</time>
</trkpt>
<trkpt lat="59.4534" lon="25.1637733">
<ele>112.6</ele>
<time>2026-08-27T19:07:02+0300</time>
</trkpt>
<trkpt lat="59.4533117" lon="25.1639133">
<ele>113.30000000000001</ele>
<time>2026-08-27T19:07:03+0300</time>
</trkpt>
<trkpt lat="59.45322" lon="25.16401">
<ele>114.4</ele>
<time>2026-08-27T19:07:04+0300</time>
</trkpt>
<trkpt lat="59.453115" lon="25.1640317">
<ele>114.9</ele>
<time>2026-08-27T19:07:05+0300</time>
</trkpt>
<trkpt lat="59.453" lon="25.163985">
<ele>114.80000000000001</ele>
<time>2026-08-27T19:07:06+0300</time>
</trkpt>
<trkpt lat="59.4528833" lon="25.1639083">
<ele>115.19999999999999</ele>
<time>2026-08-27T19:07:07+0300</time>
</trkpt>
<trkpt lat="59.4527683" lon="25.16386">
<ele>115.6</ele>
<time>2026-08-27T19:07:08+0300</time>
</trkpt>
<trkpt lat="59.4526583" lon="25.16388">
<ele>115.6</ele>
<time>2026-08-27T19:07:09+0300</time>
</trkpt>
<trkpt lat="59.4525617" lon="25.1639617">
<ele>115.69999999999999</ele>
<time>2026-08-27T19:07:10+0300</time>
</trkpt>
<trkpt lat="59.4524767" lon="25.1641">
<ele>115.4</ele>
<time>2026-08-27T19:07:11+0300</time>
</trkpt>
<trkpt lat="59.4524083" lon="25.1642733">
<ele>115.30000000000001</ele>
<time>2026-08-27T19:07:12+0300</time>
</trkpt>
<trkpt lat="59.452365" lon="25.1644733">
<ele>115.19999999999999</ele>
<time>2026-08-27T19:07:13+0300</time>
</trkpt>
<trkpt lat="59.4523517" lon="25.16468">
<ele>114.5</ele>
<time>2026-08-27T19:07:14+0300</time>
</trkpt>
<trkpt lat="59.4523717" lon="25.164885">
<ele>113.9</ele>
<time>2026-08-27T19:07:15+0300</time>
</trkpt>
<trkpt lat="59.4524083" lon="25.165075">
<ele>112.9</ele>
<time>2026-08-27T19:07:16+0300</time>
</trkpt>
<trkpt lat="59.452445" lon="25.165265">
<ele>112.5</ele>
<time>2026-08-27T19:07:17+0300</time>
</trkpt>
<trkpt lat="59.4524717" lon="25.1654533">
<ele>112.19999999999999</ele>
<time>2026-08-27T19:07:18+0300</time>
</trkpt>
<trkpt lat="59.45249" lon="25.1656467">
<ele>112.19999999999999</ele>
<time>2026-08-27T19:07:19+0300</time>
</trkpt>
<trkpt lat="59.4524983" lon="25.1658433">
<ele>112.1</ele>
<time>2026-08-27T19:07:20+0300</time>
</trkpt>
<trkpt lat="59.4525" lon="25.1660417">
<ele>112.1</ele>
<time>2026-08-27T19:07:21+0300</time>
</trkpt>
<trkpt lat="59.4524983" lon="25.1662467">
<ele>112.4</ele>
<time>2026-08-27T19:07:22+0300</time>
</trkpt>
<trkpt lat="59.45249" lon="25.166445">
<ele>112.6</ele>
<time>2026-08-27T19:07:23+0300</time>
</trkpt>
<trkpt lat="59.4524683" lon="25.1666383">
<ele>112.80000000000001</ele>
<time>2026-08-27T19:07:24+0300</time>
</trkpt>
<trkpt lat="59.452435" lon="25.16683">
<ele>113.0</ele>
<time>2026-08-27T19:07:25+0300</time>
</trkpt>
<trkpt lat="59.4523883" lon="25.167015">
<ele>112.69999999999999</ele>
<time>2026-08-27T19:07:26+0300</time>
</trkpt>
<trkpt lat="59.4523333" lon="25.1671933">
<ele>112.4</ele>
<time>2026-08-27T19:07:27+0300</time>
</trkpt>
<trkpt lat="59.4522733" lon="25.1673683">
<ele>112.19999999999999</ele>
<time>2026-08-27T19:07:28+0300</time>
</trkpt>
<trkpt lat="59.4522183" lon="25.167545">
<ele>112.30000000000001</ele>
<time>2026-08-27T19:07:29+0300</time>
</trkpt>
<trkpt lat="59.452175" lon="25.16773">
<ele>112.9</ele>
<time>2026-08-27T19:07:30+0300</time>
</trkpt>
<trkpt lat="59.4521483" lon="25.1679233">
<ele>113.5</ele>
<time>2026-08-27T19:07:31+0300</time>
</trkpt>
<trkpt lat="59.4521367" lon="25.1681233">
<ele>114.0</ele>
<time>2026-08-27T19:07:32+0300</time>
</trkpt>
<trkpt lat="59.4521383" lon="25.1683167">
<ele>114.30000000000001</ele>
<time>2026-08-27T19:07:33+0300</time>
</trkpt>
<trkpt lat="59.4521433" lon="25.1685067">
<ele>114.30000000000001</ele>
<time>2026-08-27T19:07:34+0300</time>
</trkpt>
<trkpt lat="59.45214" lon="25.1686967">
<ele>114.1</ele>
<time>2026-08-27T19:07:35+0300</time>
</trkpt>
<trkpt lat="59.4521183" lon="25.1688867">
<ele>113.6</ele>
<time>2026-08-27T19:07:36+0300</time>
</trkpt>
<trkpt lat="59.45208" lon="25.1690817">
<ele>113.30000000000001</ele>
<time>2026-08-27T19:07:37+0300</time>
</trkpt>
<trkpt lat="59.4520333" lon="25.169275">
<ele>113.4</ele>
<time>2026-08-27T19:07:38+0300</time>
</trkpt>
<trkpt lat="59.451995" lon="25.1694683">
<ele>113.6</ele>
<time>2026-08-27T19:07:39+0300</time>
</trkpt>
<trkpt lat="59.451975" lon="25.1696567">
<ele>113.9</ele>
<time>2026-08-27T19:07:40+0300</time>
</trkpt>
<trkpt lat="59.4519683" lon="25.1698433">
<ele>114.19999999999999</ele>
<time>2026-08-27T19:07:41+0300</time>
</trkpt>
<trkpt lat="59.4519717" lon="25.1700333">
<ele>113.69999999999999</ele>
<time>2026-08-27T19:07:42+0300</time>
</trkpt>
<trkpt lat="59.4519833" lon="25.17023">
<ele>113.1</ele>
<time>2026-08-27T19:07:43+0300</time>
</trkpt>
<trkpt lat="59.451995" lon="25.1704283">
<ele>112.5</ele>
<time>2026-08-27T19:07:44+0300</time>
</trkpt>
<trkpt lat="59.4519933" lon="25.170625">
<ele>110.69999999999999</ele>
<time>2026-08-27T19:07:45+0300</time>
</trkpt>
<trkpt lat="59.4519767" lon="25.1708267">
<ele>109.1</ele>
<time>2026-08-27T19:07:46+0300</time>
</trkpt>
<trkpt lat="59.451935" lon="25.1710183">
<ele>107.80000000000001</ele>
<time>2026-08-27T19:07:47+0300</time>
</trkpt>
<trkpt lat="59.4518717" lon="25.171195">
<ele>106.69999999999999</ele>
<time>2026-08-27T19:07:48+0300</time>
</trkpt>
<trkpt lat="59.4517933" lon="25.17135">
<ele>105.80000000000001</ele>
<time>2026-08-27T19:07:49+0300</time>
</trkpt>
<trkpt lat="59.4517067" lon="25.1714883">
<ele>105.1</ele>
<time>2026-08-27T19:07:50+0300</time>
</trkpt>
<trkpt lat="59.4516167" lon="25.1716133">
<ele>104.69999999999999</ele>
<time>2026-08-27T19:07:51+0300</time>
</trkpt>
<trkpt lat="59.45153" lon="25.1717417">
<ele>103.9</ele>
<time>2026-08-27T19:07:52+0300</time>
</trkpt>
<trkpt lat="59.4514483" lon="25.171885">
<ele>103.0</ele>
<time>2026-08-27T19:07:53+0300</time>
</trkpt>
<trkpt lat="59.4513717" lon="25.1720417">
<ele>101.9</ele>
<time>2026-08-27T19:07:54+0300</time>
</trkpt>
<trkpt lat="59.4513" lon="25.1722083">
<ele>100.69999999999999</ele>
<time>2026-08-27T19:07:55+0300</time>
</trkpt>
<trkpt lat="59.4512333" lon="25.1723783">
<ele>99.6</ele>
<time>2026-08-27T19:07:56+0300</time>
</trkpt>
<trkpt lat="59.4511667" lon="25.17255">
<ele>98.4</ele>
<time>2026-08-27T19:07:57+0300</time>
</trkpt>
<trkpt lat="59.451105" lon="25.1727233">
<ele>97.0</ele>
<time>2026-08-27T19:07:58+0300</time>
</trkpt>
<trkpt lat="59.4510483" lon="25.172905">
<ele>95.69999999999999</ele>
<time>2026-08-27T19:07:59+0300</time>
</trkpt>
<trkpt lat="59.450995" lon="25.1730917">
<ele>94.5</ele>
<time>2026-08-27T19:08:00+0300</time>
</trkpt>
<trkpt lat="59.4509433" lon="25.1732867">
<ele>93.19999999999999</ele>
<time>2026-08-27T19:08:01+0300</time>
</trkpt>
<trkpt lat="59.450895" lon="25.173485">
<ele>92.4</ele>
<time>2026-08-27T19:08:02+0300</time>
</trkpt>
<trkpt lat="59.4508483" lon="25.1736783">
<ele>91.6</ele>
<time>2026-08-27T19:08:03+0300</time>
</trkpt>
<trkpt lat="59.4508033" lon="25.173865">
<ele>90.80000000000001</ele>
<time>2026-08-27T19:08:04+0300</time>
</trkpt>
<trkpt lat="59.45076" lon="25.1740517">
<ele>89.80000000000001</ele>
<time>2026-08-27T19:08:05+0300</time>
</trkpt>
<trkpt lat="59.4507167" lon="25.17424">
<ele>88.6</ele>
<time>2026-08-27T19:08:06+0300</time>
</trkpt>
<trkpt lat="59.450675" lon="25.1744333">
<ele>87.6</ele>
<time>2026-08-27T19:08:07+0300</time>
</trkpt>
<trkpt lat="59.4506367" lon="25.1746317">
<ele>86.4</ele>
<time>2026-08-27T19:08:08+0300</time>
</trkpt>
<trkpt lat="59.4506017" lon="25.174835">
<ele>86.0</ele>
<time>2026-08-27T19:08:09+0300</time>
</trkpt>
<trkpt lat="59.4505683" lon="25.1750383">
<ele>85.19999999999999</ele>
<time>2026-08-27T19:08:10+0300</time>
</trkpt>
<trkpt lat="59.4505367" lon="25.1752383">
<ele>84.4</ele>
<time>2026-08-27T19:08:11+0300</time>
</trkpt>
<trkpt lat="59.45051" lon="25.1754433">
<ele>83.30000000000001</ele>
<time>2026-08-27T19:08:12+0300</time>
</trkpt>
<trkpt lat="59.4504833" lon="25.1756467">
<ele>82.0</ele>
<time>2026-08-27T19:08:13+0300</time>
</trkpt>
<trkpt lat="59.4504567" lon="25.1758517">
<ele>80.6</ele>
<time>2026-08-27T19:08:14+0300</time>
</trkpt>
<trkpt lat="59.4504317" lon="25.1760617">
<ele>78.9</ele>
<time>2026-08-27T19:08:15+0300</time>
</trkpt>
<trkpt lat="59.450405" lon="25.1762733">
<ele>77.2</ele>
<time>2026-08-27T19:08:16+0300</time>
</trkpt>
<trkpt lat="59.45038" lon="25.1764783">
<ele>75.7</ele>
<time>2026-08-27T19:08:17+0300</time>
</trkpt>
<trkpt lat="59.4503533" lon="25.1766833">
<ele>74.30000000000001</ele>
<time>2026-08-27T19:08:18+0300</time>
</trkpt>
<trkpt lat="59.450325" lon="25.1768867">
<ele>72.7</ele>
<time>2026-08-27T19:08:19+0300</time>
</trkpt>
<trkpt lat="59.4502933" lon="25.1770883">
<ele>71.2</ele>
<time>2026-08-27T19:08:20+0300</time>
</trkpt>
<trkpt lat="59.45026" lon="25.177295">
<ele>69.6</ele>
<time>2026-08-27T19:08:21+0300</time>
</trkpt>
<trkpt lat="59.4502267" lon="25.1774967">
<ele>68.0</ele>
<time>2026-08-27T19:08:22+0300</time>
</trkpt>
<trkpt lat="59.4501917" lon="25.1776967">
<ele>66.7</ele>
<time>2026-08-27T19:08:23+0300</time>
</trkpt>
<trkpt lat="59.450155" lon="25.177895">
<ele>65.4</ele>
<time>2026-08-27T19:08:24+0300</time>
</trkpt>
<trkpt lat="59.45012" lon="25.1780917">
<ele>64.4</ele>
<time>2026-08-27T19:08:25+0300</time>
</trkpt>
<trkpt lat="59.4500833" lon="25.1782883">
<ele>63.5</ele>
<time>2026-08-27T19:08:26+0300</time>
</trkpt>
<trkpt lat="59.45005" lon="25.1784933">
<ele>62.300000000000004</ele>
<time>2026-08-27T19:08:27+0300</time>
</trkpt>
<trkpt lat="59.45002" lon="25.1787083">
<ele>61.6</ele>
<time>2026-08-27T19:08:28+0300</time>
</trkpt>
<trkpt lat="59.4499967" lon="25.178925">
<ele>60.7</ele>
<time>2026-08-27T19:08:29+0300</time>
</trkpt>
<trkpt lat="59.4499767" lon="25.1791367">
<ele>60.9</ele>
<time>2026-08-27T19:08:30+0300</time>
</trkpt>
<trkpt lat="59.4499633" lon="25.17934">
<ele>61.7</ele>
<time>2026-08-27T19:08:31+0300</time>
</trkpt>
<trkpt lat="59.44996" lon="25.179525">
<ele>62.6</ele>
<time>2026-08-27T19:08:32+0300</time>
</trkpt>
<trkpt lat="59.4499633" lon="25.1797233">
<ele>63.2</ele>
<time>2026-08-27T19:08:33+0300</time>
</trkpt>
<trkpt lat="59.4499717" lon="25.1799233">
<ele>63.6</ele>
<time>2026-08-27T19:08:34+0300</time>
</trkpt>
<trkpt lat="59.4499817" lon="25.18013">
<ele>64.0</ele>
<time>2026-08-27T19:08:35+0300</time>
</trkpt>
<trkpt lat="59.45" lon="25.18033">
<ele>64.80000000000001</ele>
<time>2026-08-27T19:08:36+0300</time>
</trkpt>
<trkpt lat="59.45002" lon="25.1805383">
<ele>65.4</ele>
<time>2026-08-27T19:08:37+0300</time>
</trkpt>
<trkpt lat="59.4500417" lon="25.1807483">
<ele>65.7</ele>
<time>2026-08-27T19:08:38+0300</time>
</trkpt>
<trkpt lat="59.4500617" lon="25.1809533">
<ele>65.9</ele>
<time>2026-08-27T19:08:39+0300</time>
</trkpt>
<trkpt lat="59.4500817" lon="25.1811517">
<ele>66.2</ele>
<time>2026-08-27T19:08:40+0300</time>
</trkpt>
<trkpt lat="59.4501083" lon="25.181345">
<ele>66.9</ele>
<time>2026-08-27T19:08:41+0300</time>
</trkpt>
<trkpt lat="59.450145" lon="25.1815283">
<ele>67.5</ele>
<time>2026-08-27T19:08:42+0300</time>
</trkpt>
<trkpt lat="59.4501883" lon="25.1817167">
<ele>68.0</ele>
<time>2026-08-27T19:08:43+0300</time>
</trkpt>
<trkpt lat="59.4502333" lon="25.181905">
<ele>68.0</ele>
<time>2026-08-27T19:08:44+0300</time>
</trkpt>
<trkpt lat="59.4502783" lon="25.1820917">
<ele>68.30000000000001</ele>
<time>2026-08-27T19:08:45+0300</time>
</trkpt>
<trkpt lat="59.4503217" lon="25.1822817">
<ele>68.80000000000001</ele>
<time>2026-08-27T19:08:46+0300</time>
</trkpt>
<trkpt lat="59.4503667" lon="25.1824683">
<ele>69.7</ele>
<time>2026-08-27T19:08:47+0300</time>
</trkpt>
<trkpt lat="59.4504167" lon="25.1826517">
<ele>70.2</ele>
<time>2026-08-27T19:08:48+0300</time>
</trkpt>
<trkpt lat="59.45047" lon="25.18283">
<ele>70.7</ele>
<time>2026-08-27T19:08:49+0300</time>
</trkpt>
<trkpt lat="59.4505267" lon="25.1830117">
<ele>71.30000000000001</ele>
<time>2026-08-27T19:08:50+0300</time>
</trkpt>
<trkpt lat="59.4505867" lon="25.1831933">
<ele>72.1</ele>
<time>2026-08-27T19:08:51+0300</time>
</trkpt>
<trkpt lat="59.4506483" lon="25.1833683">
<ele>72.80000000000001</ele>
<time>2026-08-27T19:08:52+0300</time>
</trkpt>
<trkpt lat="59.4507133" lon="25.1835333">
<ele>73.2</ele>
<time>2026-08-27T19:08:53+0300</time>
</trkpt>
<trkpt lat="59.450785" lon="25.1836867">
<ele>73.2</ele>
<time>2026-08-27T19:08:54+0300</time>
</trkpt>
<trkpt lat="59.450865" lon="25.1838233">
<ele>73.2</ele>
<time>2026-08-27T19:08:55+0300</time>
</trkpt>
<trkpt lat="59.4509483" lon="25.1839517">
<ele>73.3</ele>
<time>2026-08-27T19:08:56+0300</time>
</trkpt>
<trkpt lat="59.4510317" lon="25.1840783">
<ele>73.2</ele>
<time>2026-08-27T19:08:57+0300</time>
</trkpt>
<trkpt lat="59.4511133" lon="25.18421">
<ele>73.2</ele>
<time>2026-08-27T19:08:58+0300</time>
</trkpt>
<trkpt lat="59.45119" lon="25.18435">
<ele>73.7</ele>
<time>2026-08-27T19:08:59+0300</time>
</trkpt>
<trkpt lat="59.451265" lon="25.1845">
<ele>74.6</ele>
<time>2026-08-27T19:09:00+0300</time>
</trkpt>
<trkpt lat="59.451335" lon="25.1846417">
<ele>75.0</ele>
<time>2026-08-27T19:09:01+0300</time>
</trkpt>
<trkpt lat="59.4514167" lon="25.184755">
<ele>75.4</ele>
<time>2026-08-27T19:09:02+0300</time>
</trkpt>
<trkpt lat="59.4515117" lon="25.1848117">
<ele>75.0</ele>
<time>2026-08-27T19:09:03+0300</time>
</trkpt>
<trkpt lat="59.4516233" lon="25.1848017">
<ele>74.6</ele>
<time>2026-08-27T19:09:04+0300</time>
</trkpt>
<trkpt lat="59.45174" lon="25.18471">
<ele>75.3</ele>
<time>2026-08-27T19:09:05+0300</time>
</trkpt>
<trkpt lat="59.4518417" lon="25.184545">
<ele>76.8</ele>
<time>2026-08-27T19:09:06+0300</time>
</trkpt>
<trkpt lat="59.4519133" lon="25.184325">
<ele>78.3</ele>
<time>2026-08-27T19:09:07+0300</time>
</trkpt>
<trkpt lat="59.4519433" lon="25.1840783">
<ele>79.0</ele>
<time>2026-08-27T19:09:08+0300</time>
</trkpt>
<trkpt lat="59.4519267" lon="25.183835">
<ele>79.7</ele>
<time>2026-08-27T19:09:09+0300</time>
</trkpt>
<trkpt lat="59.4518783" lon="25.1836167">
<ele>81.0</ele>
<time>2026-08-27T19:09:10+0300</time>
</trkpt>
<trkpt lat="59.451805" lon="25.1834383">
<ele>82.9</ele>
<time>2026-08-27T19:09:11+0300</time>
</trkpt>
<trkpt lat="59.4517167" lon="25.1833">
<ele>84.5</ele>
<time>2026-08-27T19:09:12+0300</time>
</trkpt>
<trkpt lat="59.45162" lon="25.18319">
<ele>85.4</ele>
<time>2026-08-27T19:09:13+0300</time>
</trkpt>
<trkpt lat="59.4515183" lon="25.1831117">
<ele>86.3</ele>
<time>2026-08-27T19:09:14+0300</time>
</trkpt>
<trkpt lat="59.451415" lon="25.18305">
<ele>86.7</ele>
<time>2026-08-27T19:09:15+0300</time>
</trkpt>
<trkpt lat="59.4513117" lon="25.1830067">
<ele>86.8</ele>
<time>2026-08-27T19:09:16+0300</time>
</trkpt>
<trkpt lat="59.4512083" lon="25.18298">
<ele>87.0</ele>
<time>2026-08-27T19:09:17+0300</time>
</trkpt>
<trkpt lat="59.4511033" lon="25.1829683">
<ele>87.69999999999999</ele>
<time>2026-08-27T19:09:18+0300</time>
</trkpt>
<trkpt lat="59.451" lon="25.1829617">
<ele>88.69999999999999</ele>
<time>2026-08-27T19:09:19+0300</time>
</trkpt>
<trkpt lat="59.4508967" lon="25.182945">
<ele>88.80000000000001</ele>
<time>2026-08-27T19:09:20+0300</time>
</trkpt>
<trkpt lat="59.4507933" lon="25.182915">
<ele>88.9</ele>
<time>2026-08-27T19:09:21+0300</time>
</trkpt>
<trkpt lat="59.4506883" lon="25.1828783">
<ele>89.1</ele>
<time>2026-08-27T19:09:22+0300</time>
</trkpt>
<trkpt lat="59.4505767" lon="25.18283">
<ele>89.5</ele>
<time>2026-08-27T19:09:23+0300</time>
</trkpt>
<trkpt lat="59.4504683" lon="25.182755">
<ele>89.9</ele>
<time>2026-08-27T19:09:24+0300</time>
</trkpt>
<trkpt lat="59.45037" lon="25.1826333">
<ele>90.19999999999999</ele>
<time>2026-08-27T19:09:25+0300</time>
</trkpt>
<trkpt lat="59.4502817" lon="25.182485">
<ele>91.0</ele>
<time>2026-08-27T19:09:26+0300</time>
</trkpt>
<trkpt lat="59.450195" lon="25.1823283">
<ele>91.6</ele>
<time>2026-08-27T19:09:27+0300</time>
</trkpt>
<trkpt lat="59.4501183" lon="25.1821767">
<ele>92.6</ele>
<time>2026-08-27T19:09:28+0300</time>
</trkpt>
<trkpt lat="59.4500517" lon="25.18201">
<ele>92.9</ele>
<time>2026-08-27T19:09:29+0300</time>
</trkpt>
<trkpt lat="59.4500033" lon="25.1818117">
<ele>92.5</ele>
<time>2026-08-27T19:09:30+0300</time>
</trkpt>
<trkpt lat="59.449975" lon="25.1815783">
<ele>92.1</ele>
<time>2026-08-27T19:09:31+0300</time>
</trkpt>
<trkpt lat="59.44995" lon="25.1813333">
<ele>92.69999999999999</ele>
<time>2026-08-27T19:09:32+0300</time>
</trkpt>
<trkpt lat="59.4499133" lon="25.181085">
<ele>92.6</ele>
<time>2026-08-27T19:09:33+0300</time>
</trkpt>
<trkpt lat="59.4498633" lon="25.1808617">
<ele>92.9</ele>
<time>2026-08-27T19:09:34+0300</time>
</trkpt>
<trkpt lat="59.4498083" lon="25.18065">
<ele>93.19999999999999</ele>
<time>2026-08-27T19:09:35+0300</time>
</trkpt>
<trkpt lat="59.4497583" lon="25.180445">
<ele>93.0</ele>
<time>2026-08-27T19:09:36+0300</time>
</trkpt>
<trkpt lat="59.4497167" lon="25.1802283">
<ele>92.19999999999999</ele>
<time>2026-08-27T19:09:37+0300</time>
</trkpt>
<trkpt lat="59.4496833" lon="25.1800017">
<ele>90.30000000000001</ele>
<time>2026-08-27T19:09:38+0300</time>
</trkpt>
<trkpt lat="59.4496467" lon="25.1797717">
<ele>88.6</ele>
<time>2026-08-27T19:09:39+0300</time>
</trkpt>
<trkpt lat="59.4496083" lon="25.1795433">
<ele>88.0</ele>
<time>2026-08-27T19:09:40+0300</time>
</trkpt>
<trkpt lat="59.449565" lon="25.179315">
<ele>86.9</ele>
<time>2026-08-27T19:09:41+0300</time>
</trkpt>
<trkpt lat="59.449525" lon="25.1790917">
<ele>86.5</ele>
<time>2026-08-27T19:09:42+0300</time>
</trkpt>
<trkpt lat="59.4494867" lon="25.1788583">
<ele>85.80000000000001</ele>
<time>2026-08-27T19:09:43+0300</time>
</trkpt>
<trkpt lat="59.44945" lon="25.1786217">
<ele>85.9</ele>
<time>2026-08-27T19:09:44+0300</time>
</trkpt>
<trkpt lat="59.44942" lon="25.1783933">
<ele>86.6</ele>
<time>2026-08-27T19:09:45+0300</time>
</trkpt>
<trkpt lat="59.449395" lon="25.17817">
<ele>87.9</ele>
<time>2026-08-27T19:09:46+0300</time>
</trkpt>
<trkpt lat="59.4493833" lon="25.17795">
<ele>87.9</ele>
<time>2026-08-27T19:09:47+0300</time>
</trkpt>
<trkpt lat="59.4493983" lon="25.177735">
<ele>87.9</ele>
<time>2026-08-27T19:09:48+0300</time>
</trkpt>
<trkpt lat="59.449455" lon="25.1775533">
<ele>87.4</ele>
<time>2026-08-27T19:09:49+0300</time>
</trkpt>
<trkpt lat="59.4495533" lon="25.177425">
<ele>86.30000000000001</ele>
<time>2026-08-27T19:09:50+0300</time>
</trkpt>
<trkpt lat="59.4496783" lon="25.1773783">
<ele>84.19999999999999</ele>
<time>2026-08-27T19:09:51+0300</time>
</trkpt>
<trkpt lat="59.4498033" lon="25.1774467">
<ele>81.80000000000001</ele>
<time>2026-08-27T19:09:52+0300</time>
</trkpt>
<trkpt lat="59.4498967" lon="25.1776133">
<ele>79.6</ele>
<time>2026-08-27T19:09:53+0300</time>
</trkpt>
<trkpt lat="59.4499383" lon="25.17785">
<ele>76.9</ele>
<time>2026-08-27T19:09:54+0300</time>
</trkpt>
<trkpt lat="59.4499317" lon="25.1780933">
<ele>74.4</ele>
<time>2026-08-27T19:09:55+0300</time>
</trkpt>
<trkpt lat="59.4499083" lon="25.1783183">
<ele>74.2</ele>
<time>2026-08-27T19:09:56+0300</time>
</trkpt>
<trkpt lat="59.4498917" lon="25.1785217">
<ele>73.30000000000001</ele>
<time>2026-08-27T19:09:57+0300</time>
</trkpt>
<trkpt lat="59.4499083" lon="25.1787083">
<ele>71.9</ele>
<time>2026-08-27T19:09:58+0300</time>
</trkpt>
<trkpt lat="59.4499733" lon="25.178865">
<ele>69.6</ele>
<time>2026-08-27T19:09:59+0300</time>
</trkpt>
<trkpt lat="59.45008" lon="25.1789617">
<ele>68.1</ele>
<time>2026-08-27T19:10:00+0300</time>
</trkpt>
<trkpt lat="59.45021" lon="25.178975">
<ele>67.2</ele>
<time>2026-08-27T19:10:01+0300</time>
</trkpt>
<trkpt lat="59.45034" lon="25.1788983">
<ele>66.7</ele>
<time>2026-08-27T19:10:02+0300</time>
</trkpt>
<trkpt lat="59.4504433" lon="25.1787383">
<ele>66.6</ele>
<time>2026-08-27T19:10:03+0300</time>
</trkpt>
<trkpt lat="59.4505" lon="25.1785017">
<ele>66.4</ele>
<time>2026-08-27T19:10:04+0300</time>
</trkpt>
<trkpt lat="59.45051" lon="25.1782467">
<ele>65.9</ele>
<time>2026-08-27T19:10:05+0300</time>
</trkpt>
<trkpt lat="59.4505133" lon="25.178005">
<ele>66.4</ele>
<time>2026-08-27T19:10:06+0300</time>
</trkpt>
<trkpt lat="59.450535" lon="25.177785">
<ele>66.30000000000001</ele>
<time>2026-08-27T19:10:07+0300</time>
</trkpt>
<trkpt lat="59.4505883" lon="25.177595">
<ele>66.1</ele>
<time>2026-08-27T19:10:08+0300</time>
</trkpt>
<trkpt lat="59.4506783" lon="25.1774533">
<ele>66.1</ele>
<time>2026-08-27T19:10:09+0300</time>
</trkpt>
<trkpt lat="59.450785" lon="25.1773417">
<ele>65.80000000000001</ele>
<time>2026-08-27T19:10:10+0300</time>
</trkpt>
<trkpt lat="59.4508933" lon="25.1772383">
<ele>66.5</ele>
<time>2026-08-27T19:10:11+0300</time>
</trkpt>
<trkpt lat="59.4509967" lon="25.1771433">
<ele>67.6</ele>
<time>2026-08-27T19:10:12+0300</time>
</trkpt>
<trkpt lat="59.451095" lon="25.1770533">
<ele>68.30000000000001</ele>
<time>2026-08-27T19:10:13+0300</time>
</trkpt>
<trkpt lat="59.4511933" lon="25.1769883">
<ele>68.6</ele>
<time>2026-08-27T19:10:14+0300</time>
</trkpt>
<trkpt lat="59.4512967" lon="25.1769733">
<ele>68.2</ele>
<time>2026-08-27T19:10:15+0300</time>
</trkpt>
<trkpt lat="59.4514017" lon="25.1770367">
<ele>66.7</ele>
<time>2026-08-27T19:10:16+0300</time>
</trkpt>
<trkpt lat="59.4514983" lon="25.177195">
<ele>64.5</ele>
<time>2026-08-27T19:10:17+0300</time>
</trkpt>
<trkpt lat="59.4515517" lon="25.1774433">
<ele>63.1</ele>
<time>2026-08-27T19:10:18+0300</time>
</trkpt>
<trkpt lat="59.4515567" lon="25.1777167">
<ele>63.800000000000004</ele>
<time>2026-08-27T19:10:19+0300</time>
</trkpt>
<trkpt lat="59.4515117" lon="25.177955">
<ele>64.2</ele>
<time>2026-08-27T19:10:20+0300</time>
</trkpt>
<trkpt lat="59.4514283" lon="25.1781233">
<ele>64.4</ele>
<time>2026-08-27T19:10:21+0300</time>
</trkpt>
<trkpt lat="59.451335" lon="25.1782283">
<ele>65.7</ele>
<time>2026-08-27T19:10:22+0300</time>
</trkpt>
<trkpt lat="59.45124" lon="25.1782983">
<ele>66.80000000000001</ele>
<time>2026-08-27T19:10:23+0300</time>
</trkpt>
<trkpt lat="59.4511433" lon="25.1783567">
<ele>67.30000000000001</ele>
<time>2026-08-27T19:10:24+0300</time>
</trkpt>
<trkpt lat="59.451045" lon="25.1783933">
<ele>67.30000000000001</ele>
<time>2026-08-27T19:10:25+0300</time>
</trkpt>
<trkpt lat="59.4509383" lon="25.1783767">
<ele>66.80000000000001</ele>
<time>2026-08-27T19:10:26+0300</time>
</trkpt>
<trkpt lat="59.4508317" lon="25.1783067">
<ele>66.0</ele>
<time>2026-08-27T19:10:27+0300</time>
</trkpt>
<trkpt lat="59.4507217" lon="25.178205">
<ele>65.2</ele>
<time>2026-08-27T19:10:28+0300</time>
</trkpt>
<trkpt lat="59.45061" lon="25.1781083">
<ele>64.4</ele>
<time>2026-08-27T19:10:29+0300</time>
</trkpt>
<trkpt lat="59.4504967" lon="25.17804">
<ele>63.7</ele>
<time>2026-08-27T19:10:30+0300</time>
</trkpt>
<trkpt lat="59.4503833" lon="25.1780117">
<ele>62.800000000000004</ele>
<time>2026-08-27T19:10:31+0300</time>
</trkpt>
<trkpt lat="59.4502733" lon="25.1780233">
<ele>61.6</ele>
<time>2026-08-27T19:10:32+0300</time>
</trkpt>
<trkpt lat="59.45017" lon="25.1780717">
<ele>59.9</ele>
<time>2026-08-27T19:10:33+0300</time>
</trkpt>
<trkpt lat="59.45007" lon="25.17816">
<ele>57.9</ele>
<time>2026-08-27T19:10:34+0300</time>
</trkpt>
<trkpt lat="59.4499817" lon="25.1782883">
<ele>56.1</ele>
<time>2026-08-27T19:10:35+0300</time>
</trkpt>
<trkpt lat="59.4499117" lon="25.1784517">
<ele>54.300000000000004</ele>
<time>2026-08-27T19:10:36+0300</time>
</trkpt>
<trkpt lat="59.4498567" lon="25.1786367">
<ele>53.0</ele>
<time>2026-08-27T19:10:37+0300</time>
</trkpt>
<trkpt lat="59.4498167" lon="25.1788417">
<ele>51.800000000000004</ele>
<time>2026-08-27T19:10:38+0300</time>
</trkpt>
<trkpt lat="59.44979" lon="25.1790633">
<ele>50.8</ele>
<time>2026-08-27T19:10:39+0300</time>
</trkpt>
<trkpt lat="59.449775" lon="25.1792817">
<ele>50.5</ele>
<time>2026-08-27T19:10:40+0300</time>
</trkpt>
<trkpt lat="59.4497617" lon="25.1794967">
<ele>51.3</ele>
<time>2026-08-27T19:10:41+0300</time>
</trkpt>
<trkpt lat="59.4497433" lon="25.1797">
<ele>51.800000000000004</ele>
<time>2026-08-27T19:10:42+0300</time>
</trkpt>
<trkpt lat="59.4497233" lon="25.179895">
<ele>52.7</ele>
<time>2026-08-27T19:10:43+0300</time>
</trkpt>
<trkpt lat="59.4497067" lon="25.18009">
<ele>53.6</ele>
<time>2026-08-27T19:10:44+0300</time>
</trkpt>
<trkpt lat="59.4496983" lon="25.1802867">
<ele>53.9</ele>
<time>2026-08-27T19:10:45+0300</time>
</trkpt>
<trkpt lat="59.4497083" lon="25.180485">
<ele>54.4</ele>
<time>2026-08-27T19:10:46+0300</time>
</trkpt>
<trkpt lat="59.4497367" lon="25.1806833">
<ele>54.4</ele>
<time>2026-08-27T19:10:47+0300</time>
</trkpt>
<trkpt lat="59.449785" lon="25.18087">
<ele>54.1</ele>
<time>2026-08-27T19:10:48+0300</time>
</trkpt>
<trkpt lat="59.4498567" lon="25.18102">
<ele>54.5</ele>
<time>2026-08-27T19:10:49+0300</time>
</trkpt>
<trkpt lat="59.4499567" lon="25.1811133">
<ele>55.9</ele>
<time>2026-08-27T19:10:50+0300</time>
</trkpt>
<trkpt lat="59.4500633" lon="25.1811617">
<ele>57.1</ele>
<time>2026-08-27T19:10:51+0300</time>
</trkpt>
<trkpt lat="59.450175" lon="25.1811983">
<ele>58.4</ele>
<time>2026-08-27T19:10:52+0300</time>
</trkpt>
<trkpt lat="59.450275" lon="25.181255">
<ele>59.1</ele>
<time>2026-08-27T19:10:53+0300</time>
</trkpt>
<trkpt lat="59.450375" lon="25.181345">
<ele>60.0</ele>
<time>2026-08-27T19:10:54+0300</time>
</trkpt>
<trkpt lat="59.4504733" lon="25.1814533">
<ele>61.2</ele>
<time>2026-08-27T19:10:55+0300</time>
</trkpt>
<trkpt lat="59.4505667" lon="25.1815633">
<ele>62.300000000000004</ele>
<time>2026-08-27T19:10:56+0300</time>
</trkpt>
<trkpt lat="59.4506617" lon="25.1816667">
<ele>63.1</ele>
<time>2026-08-27T19:10:57+0300</time>
</trkpt>
<trkpt lat="59.4507583" lon="25.1817533">
<ele>64.2</ele>
<time>2026-08-27T19:10:58+0300</time>
</trkpt>
<trkpt lat="59.4508533" lon="25.181835">
<ele>65.2</ele>
<time>2026-08-27T19:10:59+0300</time>
</trkpt>
<trkpt lat="59.4509467" lon="25.1819133">
<ele>66.1</ele>
<time>2026-08-27T19:11:00+0300</time>
</trkpt>
<trkpt lat="59.45104" lon="25.1819783">
<ele>66.7</ele>
<time>2026-08-27T19:11:01+0300</time>
</trkpt>
<trkpt lat="59.451145" lon="25.1820083">
<ele>67.2</ele>
<time>2026-08-27T19:11:02+0300</time>
</trkpt>
<trkpt lat="59.4512567" lon="25.1819967">
<ele>68.30000000000001</ele>
<time>2026-08-27T19:11:03+0300</time>
</trkpt>
<trkpt lat="59.45137" lon="25.18194">
<ele>69.80000000000001</ele>
<time>2026-08-27T19:11:04+0300</time>
</trkpt>
<trkpt lat="59.4514767" lon="25.1818417">
<ele>71.2</ele>
<time>2026-08-27T19:11:05+0300</time>
</trkpt>
<trkpt lat="59.4515733" lon="25.1817133">
<ele>72.7</ele>
<time>2026-08-27T19:11:06+0300</time>
</trkpt>
<trkpt lat="59.4516517" lon="25.181555">
<ele>74.0</ele>
<time>2026-08-27T19:11:07+0300</time>
</trkpt>
<trkpt lat="59.451705" lon="25.181365">
<ele>74.2</ele>
<time>2026-08-27T19:11:08+0300</time>
</trkpt>
<trkpt lat="59.4517283" lon="25.1811383">
<ele>73.7</ele>
<time>2026-08-27T19:11:09+0300</time>
</trkpt>
<trkpt lat="59.4517017" lon="25.18089">
<ele>72.4</ele>
<time>2026-08-27T19:11:10+0300</time>
</trkpt>
<trkpt lat="59.451625" lon="25.18067">
<ele>71.0</ele>
<time>2026-08-27T19:11:11+0300</time>
</trkpt>
<trkpt lat="59.451515" lon="25.1805283">
<ele>70.30000000000001</ele>
<time>2026-08-27T19:11:12+0300</time>
</trkpt>
<trkpt lat="59.4513933" lon="25.180475">
<ele>69.9</ele>
<time>2026-08-27T19:11:13+0300</time>
</trkpt>
<trkpt lat="59.451275" lon="25.1805">
<ele>69.80000000000001</ele>
<time>2026-08-27T19:11:14+0300</time>
</trkpt>
<trkpt lat="59.4511717" lon="25.1805717">
<ele>70.30000000000001</ele>
<time>2026-08-27T19:11:15+0300</time>
</trkpt>
<trkpt lat="59.4510767" lon="25.1806683">
<ele>70.30000000000001</ele>
<time>2026-08-27T19:11:16+0300</time>
</trkpt>
<trkpt lat="59.4509867" lon="25.1807733">
<ele>70.1</ele>
<time>2026-08-27T19:11:17+0300</time>
</trkpt>
<trkpt lat="59.4508917" lon="25.18087">
<ele>69.80000000000001</ele>
<time>2026-08-27T19:11:18+0300</time>
</trkpt>
<trkpt lat="59.4507933" lon="25.1809467">
<ele>69.4</ele>
<time>2026-08-27T19:11:19+0300</time>
</trkpt>
<trkpt lat="59.450685" lon="25.1809933">
<ele>68.7</ele>
<time>2026-08-27T19:11:20+0300</time>
</trkpt>
<trkpt lat="59.450575" lon="25.1810183">
<ele>68.2</ele>
<time>2026-08-27T19:11:21+0300</time>
</trkpt>
<trkpt lat="59.4504633" lon="25.181035">
<ele>68.2</ele>
<time>2026-08-27T19:11:22+0300</time>
</trkpt>
<trkpt lat="59.450355" lon="25.1810583">
<ele>68.4</ele>
<time>2026-08-27T19:11:23+0300</time>
</trkpt>
<trkpt lat="59.4502467" lon="25.1810667">
<ele>68.5</ele>
<time>2026-08-27T19:11:24+0300</time>
</trkpt>
<trkpt lat="59.4501367" lon="25.1810383">
<ele>68.30000000000001</ele>
<time>2026-08-27T19:11:25+0300</time>
</trkpt>
<trkpt lat="59.4500333" lon="25.1809633">
<ele>67.9</ele>
<time>2026-08-27T19:11:26+0300</time>
</trkpt>
<trkpt lat="59.4499367" lon="25.18084">
<ele>67.30000000000001</ele>
<time>2026-08-27T19:11:27+0300</time>
</trkpt>
<trkpt lat="59.44986" lon="25.1806683">
<ele>66.30000000000001</ele>
<time>2026-08-27T19:11:28+0300</time>
</trkpt>
<trkpt lat="59.4498083" lon="25.180455">
<ele>65.1</ele>
<time>2026-08-27T19:11:29+0300</time>
</trkpt>
<trkpt lat="59.449785" lon="25.1802133">
<ele>63.4</ele>
<time>2026-08-27T19:11:30+0300</time>
</trkpt>
<trkpt lat="59.44979" lon="25.1799667">
<ele>61.300000000000004</ele>
<time>2026-08-27T19:11:31+0300</time>
</trkpt>
<trkpt lat="59.4498117" lon="25.17973">
<ele>59.800000000000004</ele>
<time>2026-08-27T19:11:32+0300</time>
</trkpt>
<trkpt lat="59.4498383" lon="25.179505">
<ele>58.6</ele>
<time>2026-08-27T19:11:33+0300</time>
</trkpt>
<trkpt lat="59.4498667" lon="25.1792867">
<ele>57.2</ele>
<time>2026-08-27T19:11:34+0300</time>
</trkpt>
<trkpt lat="59.4498967" lon="25.1790733">
<ele>55.5</ele>
<time>2026-08-27T19:11:35+0300</time>
</trkpt>
<trkpt lat="59.4499367" lon="25.178865">
<ele>54.0</ele>
<time>2026-08-27T19:11:36+0300</time>
</trkpt>
<trkpt lat="59.44998" lon="25.1786517">
<ele>52.6</ele>
<time>2026-08-27T19:11:37+0300</time>
</trkpt>
<trkpt lat="59.45002" lon="25.178425">
<ele>50.2</ele>
<time>2026-08-27T19:11:38+0300</time>
</trkpt>
<trkpt lat="59.4500583" lon="25.1781883">
<ele>49.1</ele>
<time>2026-08-27T19:11:39+0300</time>
</trkpt>
<trkpt lat="59.4501" lon="25.1779517">
<ele>49.400000000000006</ele>
<time>2026-08-27T19:11:40+0300</time>
</trkpt>
<trkpt lat="59.4501383" lon="25.177725">
<ele>50.1</ele>
<time>2026-08-27T19:11:41+0300</time>
</trkpt>
<trkpt lat="59.45018" lon="25.177525">
<ele>51.6</ele>
<time>2026-08-27T19:11:42+0300</time>
</trkpt>
<trkpt lat="59.4502317" lon="25.1773483">
<ele>53.4</ele>
<time>2026-08-27T19:11:43+0300</time>
</trkpt>
<trkpt lat="59.4502917" lon="25.1771783">
<ele>54.7</ele>
<time>2026-08-27T19:11:44+0300</time>
</trkpt>
<trkpt lat="59.4503633" lon="25.17701">
<ele>55.5</ele>
<time>2026-08-27T19:11:45+0300</time>
</trkpt>
<trkpt lat="59.450445" lon="25.1768367">
<ele>56.5</ele>
<time>2026-08-27T19:11:46+0300</time>
</trkpt>
<trkpt lat="59.4505333" lon="25.1766683">
<ele>57.800000000000004</ele>
<time>2026-08-27T19:11:47+0300</time>
</trkpt>
<trkpt lat="59.450625" lon="25.1765167">
<ele>59.6</ele>
<time>2026-08-27T19:11:48+0300</time>
</trkpt>
<trkpt lat="59.4507167" lon="25.17638">
<ele>61.7</ele>
<time>2026-08-27T19:11:49+0300</time>
</trkpt>
<trkpt lat="59.45081" lon="25.1762567">
<ele>64.1</ele>
<time>2026-08-27T19:11:50+0300</time>
</trkpt>
<trkpt lat="59.450905" lon="25.176135">
<ele>65.9</ele>
<time>2026-08-27T19:11:51+0300</time>
</trkpt>
<trkpt lat="59.4510067" lon="25.1760183">
<ele>67.7</ele>
<time>2026-08-27T19:11:52+0300</time>
</trkpt>
<trkpt lat="59.4511133" lon="25.175915">
<ele>69.2</ele>
<time>2026-08-27T19:11:53+0300</time>
</trkpt>
<trkpt lat="59.4512267" lon="25.1758283">
<ele>70.9</ele>
<time>2026-08-27T19:11:54+0300</time>
</trkpt>
<trkpt lat="59.4513417" lon="25.17576">
<ele>73.2</ele>
<time>2026-08-27T19:11:55+0300</time>
</trkpt>
<trkpt lat="59.4514533" lon="25.1757067">
<ele>75.5</ele>
<time>2026-08-27T19:11:56+0300</time>
</trkpt>
<trkpt lat="59.4515617" lon="25.175655">
<ele>77.2</ele>
<time>2026-08-27T19:11:57+0300</time>
</trkpt>
<trkpt lat="59.4516667" lon="25.1756167">
<ele>78.6</ele>
<time>2026-08-27T19:11:58+0300</time>
</trkpt>
<trkpt lat="59.4517733" lon="25.1755933">
<ele>79.9</ele>
<time>2026-08-27T19:11:59+0300</time>
</trkpt>
<trkpt lat="59.451885" lon="25.1755867">
<ele>80.9</ele>
<time>2026-08-27T19:12:00+0300</time>
</trkpt>
<trkpt lat="59.451995" lon="25.1755933">
<ele>81.80000000000001</ele>
<time>2026-08-27T19:12:01+0300</time>
</trkpt>
<trkpt lat="59.4521033" lon="25.1756133">
<ele>82.4</ele>
<time>2026-08-27T19:12:02+0300</time>
</trkpt>
<trkpt lat="59.4522117" lon="25.1756467">
<ele>83.2</ele>
<time>2026-08-27T19:12:03+0300</time>
</trkpt>
<trkpt lat="59.4523183" lon="25.1756833">
<ele>83.80000000000001</ele>
<time>2026-08-27T19:12:04+0300</time>
</trkpt>
<trkpt lat="59.4524233" lon="25.17571">
<ele>84.80000000000001</ele>
<time>2026-08-27T19:12:05+0300</time>
</trkpt>
<trkpt lat="59.4525317" lon="25.1757217">
<ele>85.80000000000001</ele>
<time>2026-08-27T19:12:06+0300</time>
</trkpt>
<trkpt lat="59.4526383" lon="25.17573">
<ele>86.9</ele>
<time>2026-08-27T19:12:07+0300</time>
</trkpt>
<trkpt lat="59.452745" lon="25.17574">
<ele>87.69999999999999</ele>
<time>2026-08-27T19:12:08+0300</time>
</trkpt>
<trkpt lat="59.4528483" lon="25.1757617">
<ele>88.6</ele>
<time>2026-08-27T19:12:09+0300</time>
</trkpt>
<trkpt lat="59.4529517" lon="25.1757933">
<ele>89.30000000000001</ele>
<time>2026-08-27T19:12:10+0300</time>
</trkpt>
<trkpt lat="59.453055" lon="25.1758267">
<ele>89.6</ele>
<time>2026-08-27T19:12:11+0300</time>
</trkpt>
<trkpt lat="59.4531583" lon="25.1758483">
<ele>90.0</ele>
<time>2026-08-27T19:12:12+0300</time>
</trkpt>
<trkpt lat="59.453265" lon="25.1758567">
<ele>90.5</ele>
<time>2026-08-27T19:12:13+0300</time>
</trkpt>
<trkpt lat="59.4533733" lon="25.1758567">
<ele>91.0</ele>
<time>2026-08-27T19:12:14+0300</time>
</trkpt>
<trkpt lat="59.453485" lon="25.175855">
<ele>91.69999999999999</ele>
<time>2026-08-27T19:12:15+0300</time>
</trkpt>
<trkpt lat="59.4535933" lon="25.175855">
<ele>92.19999999999999</ele>
<time>2026-08-27T19:12:16+0300</time>
</trkpt>
<trkpt lat="59.4537" lon="25.1758533">
<ele>93.1</ele>
<time>2026-08-27T19:12:17+0300</time>
</trkpt>
<trkpt lat="59.45381" lon="25.1758567">
<ele>94.0</ele>
<time>2026-08-27T19:12:18+0300</time>
</trkpt>
<trkpt lat="59.4539167" lon="25.1758683">
<ele>94.5</ele>
<time>2026-08-27T19:12:19+0300</time>
</trkpt>
<trkpt lat="59.4540233" lon="25.175895">
<ele>94.9</ele>
<time>2026-08-27T19:12:20+0300</time>
</trkpt>
<trkpt lat="59.454135" lon="25.1759283">
<ele>95.9</ele>
<time>2026-08-27T19:12:21+0300</time>
</trkpt>
<trkpt lat="59.4542467" lon="25.1759633">
<ele>96.4</ele>
<time>2026-08-27T19:12:22+0300</time>
</trkpt>
<trkpt lat="59.4543583" lon="25.1759967">
<ele>97.19999999999999</ele>
<time>2026-08-27T19:12:23+0300</time>
</trkpt>
<trkpt lat="59.454465" lon="25.17603">
<ele>98.19999999999999</ele>
<time>2026-08-27T19:12:24+0300</time>
</trkpt>
<trkpt lat="59.4545683" lon="25.1760683">
<ele>98.19999999999999</ele>
<time>2026-08-27T19:12:25+0300</time>
</trkpt>
<trkpt lat="59.4546717" lon="25.1761167">
<ele>98.69999999999999</ele>
<time>2026-08-27T19:12:26+0300</time>
</trkpt>
<trkpt lat="59.4547717" lon="25.17617">
<ele>98.9</ele>
<time>2026-08-27T19:12:27+0300</time>
</trkpt>
<trkpt lat="59.4548733" lon="25.1762233">
<ele>99.6</ele>
<time>2026-08-27T19:12:28+0300</time>
</trkpt>
<trkpt lat="59.454975" lon="25.17628">
<ele>100.80000000000001</ele>
<time>2026-08-27T19:12:29+0300</time>
</trkpt>
<trkpt lat="59.455075" lon="25.176345">
<ele>101.9</ele>
<time>2026-08-27T19:12:30+0300</time>
</trkpt>
<trkpt lat="59.455175" lon="25.17641">
<ele>103.0</ele>
<time>2026-08-27T19:12:31+0300</time>
</trkpt>
<trkpt lat="59.455275" lon="25.1764767">
<ele>103.9</ele>
<time>2026-08-27T19:12:32+0300</time>
</trkpt>
<trkpt lat="59.4553783" lon="25.1765433">
<ele>104.9</ele>
<time>2026-08-27T19:12:33+0300</time>
</trkpt>
<trkpt lat="59.4554783" lon="25.1765983">
<ele>105.19999999999999</ele>
<time>2026-08-27T19:12:34+0300</time>
</trkpt>
<trkpt lat="59.455585" lon="25.17664">
<ele>106.30000000000001</ele>
<time>2026-08-27T19:12:35+0300</time>
</trkpt>
<trkpt lat="59.4556933" lon="25.17665">
<ele>106.9</ele>
<time>2026-08-27T19:12:36+0300</time>
</trkpt>
<trkpt lat="59.4558" lon="25.176645">
<ele>108.1</ele>
<time>2026-08-27T19:12:37+0300</time>
</trkpt>
<trkpt lat="59.4559067" lon="25.1766483">
<ele>109.0</ele>
<time>2026-08-27T19:12:38+0300</time>
</trkpt>
<trkpt lat="59.456015" lon="25.1766783">
<ele>109.6</ele>
<time>2026-08-27T19:12:39+0300</time>
</trkpt>
<trkpt lat="59.45612" lon="25.17673">
<ele>109.9</ele>
<time>2026-08-27T19:12:40+0300</time>
</trkpt>
<trkpt lat="59.4562333" lon="25.1767917">
<ele>110.6</ele>
<time>2026-08-27T19:12:41+0300</time>
</trkpt>
<trkpt lat="59.45635" lon="25.176855">
<ele>111.69999999999999</ele>
<time>2026-08-27T19:12:42+0300</time>
</trkpt>
<trkpt lat="59.456465" lon="25.1769117">
<ele>112.80000000000001</ele>
<time>2026-08-27T19:12:43+0300</time>
</trkpt>
<trkpt lat="59.4565767" lon="25.1769633">
<ele>114.1</ele>
<time>2026-08-27T19:12:44+0300</time>
</trkpt>
<trkpt lat="59.4566867" lon="25.1769967">
<ele>114.69999999999999</ele>
<time>2026-08-27T19:12:45+0300</time>
</trkpt>
<trkpt lat="59.4568017" lon="25.177005">
<ele>115.5</ele>
<time>2026-08-27T19:12:46+0300</time>
</trkpt>
<trkpt lat="59.45692" lon="25.1769933">
<ele>116.0</ele>
<time>2026-08-27T19:12:47+0300</time>
</trkpt>
<trkpt lat="59.4570417" lon="25.1769633">
<ele>116.4</ele>
<time>2026-08-27T19:12:48+0300</time>
</trkpt>
<trkpt lat="59.4571633" lon="25.176935">
<ele>116.8</ele>
<time>2026-08-27T19:12:49+0300</time>
</trkpt>
<trkpt lat="59.457285" lon="25.17692">
<ele>117.9</ele>
<time>2026-08-27T19:12:50+0300</time>
</trkpt>
<trkpt lat="59.4574033" lon="25.1769133">
<ele>118.4</ele>
<time>2026-08-27T19:12:51+0300</time>
</trkpt>
<trkpt lat="59.4575217" lon="25.1769183">
<ele>119.5</ele>
<time>2026-08-27T19:12:52+0300</time>
</trkpt>
<trkpt lat="59.4576417" lon="25.1769217">
<ele>120.9</ele>
<time>2026-08-27T19:12:53+0300</time>
</trkpt>
<trkpt lat="59.4577567" lon="25.1769233">
<ele>121.4</ele>
<time>2026-08-27T19:12:54+0300</time>
</trkpt>
<trkpt lat="59.4578717" lon="25.1769217">
<ele>121.9</ele>
<time>2026-08-27T19:12:55+0300</time>
</trkpt>
<trkpt lat="59.4579883" lon="25.1769117">
<ele>123.1</ele>
<time>2026-08-27T19:12:56+0300</time>
</trkpt>
<trkpt lat="59.4581017" lon="25.1768983">
<ele>123.4</ele>
<time>2026-08-27T19:12:57+0300</time>
</trkpt>
<trkpt lat="59.4582167" lon="25.1768833">
<ele>123.4</ele>
<time>2026-08-27T19:12:58+0300</time>
</trkpt>
<trkpt lat="59.4583317" lon="25.1768633">
<ele>123.6</ele>
<time>2026-08-27T19:12:59+0300</time>
</trkpt>
<trkpt lat="59.45845" lon="25.1768417">
<ele>123.5</ele>
<time>2026-08-27T19:13:00+0300</time>
</trkpt>
<trkpt lat="59.4585683" lon="25.1768183">
<ele>123.9</ele>
<time>2026-08-27T19:13:01+0300</time>
</trkpt>
<trkpt lat="59.4586867" lon="25.17679">
<ele>124.7</ele>
<time>2026-08-27T19:13:02+0300</time>
</trkpt>
<trkpt lat="59.4588033" lon="25.1767533">
<ele>125.7</ele>
<time>2026-08-27T19:13:03+0300</time>
</trkpt>
<trkpt lat="59.4589217" lon="25.176715">
<ele>126.9</ele>
<time>2026-08-27T19:13:04+0300</time>
</trkpt>
<trkpt lat="59.4590367" lon="25.176675">
<ele>127.1</ele>
<time>2026-08-27T19:13:05+0300</time>
</trkpt>
<trkpt lat="59.4591533" lon="25.1766283">
<ele>127.2</ele>
<time>2026-08-27T19:13:06+0300</time>
</trkpt>
<trkpt lat="59.4592683" lon="25.17657">
<ele>127.2</ele>
<time>2026-08-27T19:13:07+0300</time>
</trkpt>
<trkpt lat="59.4593867" lon="25.176505">
<ele>127.8</ele>
<time>2026-08-27T19:13:08+0300</time>
</trkpt>
<trkpt lat="59.4595033" lon="25.17643">
<ele>128.1</ele>
<time>2026-08-27T19:13:09+0300</time>
</trkpt>
<trkpt lat="59.4596217" lon="25.1763533">
<ele>128.9</ele>
<time>2026-08-27T19:13:10+0300</time>
</trkpt>
<trkpt lat="59.4597383" lon="25.17627">
<ele>129.3</ele>
<time>2026-08-27T19:13:11+0300</time>
</trkpt>
<trkpt lat="59.4598517" lon="25.176185">
<ele>129.6</ele>
<time>2026-08-27T19:13:12+0300</time>
</trkpt>
<trkpt lat="59.4599683" lon="25.1760967">
<ele>130.4</ele>
<time>2026-08-27T19:13:13+0300</time>
</trkpt>
<trkpt lat="59.4600833" lon="25.176005">
<ele>131.3</ele>
<time>2026-08-27T19:13:14+0300</time>
</trkpt>
<trkpt lat="59.4601967" lon="25.17591">
<ele>131.8</ele>
<time>2026-08-27T19:13:15+0300</time>
</trkpt>
<trkpt lat="59.4603117" lon="25.1758167">
<ele>132.4</ele>
<time>2026-08-27T19:13:16+0300</time>
</trkpt>
<trkpt lat="59.460425" lon="25.1757183">
<ele>132.1</ele>
<time>2026-08-27T19:13:17+0300</time>
</trkpt>
<trkpt lat="59.4605383" lon="25.1756217">
<ele>132.1</ele>
<time>2026-08-27T19:13:18+0300</time>
</trkpt>
<trkpt lat="59.4606533" lon="25.1755267">
<ele>132.4</ele>
<time>2026-08-27T19:13:19+0300</time>
</trkpt>
<trkpt lat="59.4607667" lon="25.1754333">
<ele>132.9</ele>
<time>2026-08-27T19:13:20+0300</time>
</trkpt>
<trkpt lat="59.460875" lon="25.1753333">
<ele>133.1</ele>
<time>2026-08-27T19:13:21+0300</time>
</trkpt>
<trkpt lat="59.4609783" lon="25.1752267">
<ele>133.2</ele>
<time>2026-08-27T19:13:22+0300</time>
</trkpt>
<trkpt lat="59.461085" lon="25.1751183">
<ele>133.5</ele>
<time>2026-08-27T19:13:23+0300</time>
</trkpt>
<trkpt lat="59.4611933" lon="25.1750067">
<ele>133.4</ele>
<time>2026-08-27T19:13:24+0300</time>
</trkpt>
<trkpt lat="59.4613" lon="25.1748883">
<ele>133.3</ele>
<time>2026-08-27T19:13:25+0300</time>
</trkpt>
<trkpt lat="59.4614033" lon="25.1747667">
<ele>133.4</ele>
<time>2026-08-27T19:13:26+0300</time>
</trkpt>
<trkpt lat="59.4615117" lon="25.1746433">
<ele>134.2</ele>
<time>2026-08-27T19:13:27+0300</time>
</trkpt>
<trkpt lat="59.46162" lon="25.1745217">
<ele>135.0</ele>
<time>2026-08-27T19:13:28+0300</time>
</trkpt>
<trkpt lat="59.461725" lon="25.1743967">
<ele>134.8</ele>
<time>2026-08-27T19:13:29+0300</time>
</trkpt>
<trkpt lat="59.461835" lon="25.1742717">
<ele>134.0</ele>
<time>2026-08-27T19:13:30+0300</time>
</trkpt>
<trkpt lat="59.4619533" lon="25.1741283">
<ele>132.4</ele>
<time>2026-08-27T19:13:31+0300</time>
</trkpt>
<trkpt lat="59.46208" lon="25.173975">
<ele>130.8</ele>
<time>2026-08-27T19:13:32+0300</time>
</trkpt>
<trkpt lat="59.4622083" lon="25.1738133">
<ele>129.0</ele>
<time>2026-08-27T19:13:33+0300</time>
</trkpt>
<trkpt lat="59.4623317" lon="25.1736517">
<ele>127.7</ele>
<time>2026-08-27T19:13:34+0300</time>
</trkpt>
<trkpt lat="59.462455" lon="25.1734867">
<ele>127.1</ele>
<time>2026-08-27T19:13:35+0300</time>
</trkpt>
<trkpt lat="59.4625733" lon="25.1733267">
<ele>127.4</ele>
<time>2026-08-27T19:13:36+0300</time>
</trkpt>
<trkpt lat="59.4626883" lon="25.1731717">
<ele>127.9</ele>
<time>2026-08-27T19:13:37+0300</time>
</trkpt>
<trkpt lat="59.4628017" lon="25.17302">
<ele>127.4</ele>
<time>2026-08-27T19:13:38+0300</time>
</trkpt>
<trkpt lat="59.4629133" lon="25.1728683">
<ele>126.6</ele>
<time>2026-08-27T19:13:39+0300</time>
</trkpt>
<trkpt lat="59.46303" lon="25.1727133">
<ele>125.7</ele>
<time>2026-08-27T19:13:40+0300</time>
</trkpt>
<trkpt lat="59.4631467" lon="25.1725517">
<ele>124.8</ele>
<time>2026-08-27T19:13:41+0300</time>
</trkpt>
<trkpt lat="59.463265" lon="25.1723917">
<ele>123.8</ele>
<time>2026-08-27T19:13:42+0300</time>
</trkpt>
<trkpt lat="59.463385" lon="25.172225">
<ele>123.2</ele>
<time>2026-08-27T19:13:43+0300</time>
</trkpt>
<trkpt lat="59.4635067" lon="25.17206">
<ele>122.6</ele>
<time>2026-08-27T19:13:44+0300</time>
</trkpt>
<trkpt lat="59.4636283" lon="25.171905">
<ele>122.2</ele>
<time>2026-08-27T19:13:45+0300</time>
</trkpt>
<trkpt lat="59.46375" lon="25.1717483">
<ele>122.1</ele>
<time>2026-08-27T19:13:46+0300</time>
</trkpt>
<trkpt lat="59.4638733" lon="25.1715917">
<ele>122.7</ele>
<time>2026-08-27T19:13:47+0300</time>
</trkpt>
<trkpt lat="59.463995" lon="25.171425">
<ele>122.5</ele>
<time>2026-08-27T19:13:48+0300</time>
</trkpt>
<trkpt lat="59.4641133" lon="25.1712533">
<ele>122.3</ele>
<time>2026-08-27T19:13:49+0300</time>
</trkpt>
<trkpt lat="59.46423" lon="25.17107">
<ele>122.2</ele>
<time>2026-08-27T19:13:50+0300</time>
</trkpt>
<trkpt lat="59.4643467" lon="25.170885">
<ele>122.4</ele>
<time>2026-08-27T19:13:51+0300</time>
</trkpt>
<trkpt lat="59.46446" lon="25.170705">
<ele>123.1</ele>
<time>2026-08-27T19:13:52+0300</time>
</trkpt>
<trkpt lat="59.4645683" lon="25.1705217">
<ele>123.1</ele>
<time>2026-08-27T19:13:53+0300</time>
</trkpt>
<trkpt lat="59.4646783" lon="25.1703317">
<ele>123.5</ele>
<time>2026-08-27T19:13:54+0300</time>
</trkpt>
<trkpt lat="59.464785" lon="25.1701417">
<ele>123.2</ele>
<time>2026-08-27T19:13:55+0300</time>
</trkpt>
<trkpt lat="59.4648967" lon="25.1699567">
<ele>123.7</ele>
<time>2026-08-27T19:13:56+0300</time>
</trkpt>
<trkpt lat="59.46501" lon="25.169775">
<ele>123.4</ele>
<time>2026-08-27T19:13:57+0300</time>
</trkpt>
<trkpt lat="59.4651217" lon="25.1695967">
<ele>123.2</ele>
<time>2026-08-27T19:13:58+0300</time>
</trkpt>
<trkpt lat="59.4652367" lon="25.1694183">
<ele>123.4</ele>
<time>2026-08-27T19:13:59+0300</time>
</trkpt>
<trkpt lat="59.4653483" lon="25.1692417">
<ele>123.6</ele>
<time>2026-08-27T19:14:00+0300</time>
</trkpt>
<trkpt lat="59.465455" lon="25.1690617">
<ele>123.0</ele>
<time>2026-08-27T19:14:01+0300</time>
</trkpt>
<trkpt lat="59.4655633" lon="25.1688833">
<ele>122.8</ele>
<time>2026-08-27T19:14:02+0300</time>
</trkpt>
<trkpt lat="59.4656733" lon="25.1687067">
<ele>122.6</ele>
<time>2026-08-27T19:14:03+0300</time>
</trkpt>
<trkpt lat="59.4657817" lon="25.1685217">
<ele>121.5</ele>
<time>2026-08-27T19:14:04+0300</time>
</trkpt>
<trkpt lat="59.465895" lon="25.1683417">
<ele>120.7</ele>
<time>2026-08-27T19:14:05+0300</time>
</trkpt>
<trkpt lat="59.4660083" lon="25.16816">
<ele>120.2</ele>
<time>2026-08-27T19:14:06+0300</time>
</trkpt>
<trkpt lat="59.4661233" lon="25.1679817">
<ele>120.6</ele>
<time>2026-08-27T19:14:07+0300</time>
</trkpt>
<trkpt lat="59.4662367" lon="25.1678033">
<ele>120.9</ele>
<time>2026-08-27T19:14:08+0300</time>
</trkpt>
<trkpt lat="59.466345" lon="25.16762">
<ele>120.4</ele>
<time>2026-08-27T19:14:09+0300</time>
</trkpt>
<trkpt lat="59.4664533" lon="25.1674367">
<ele>119.80000000000001</ele>
<time>2026-08-27T19:14:10+0300</time>
</trkpt>
<trkpt lat="59.46656" lon="25.1672433">
<ele>119.19999999999999</ele>
<time>2026-08-27T19:14:11+0300</time>
</trkpt>
<trkpt lat="59.4666667" lon="25.16705">
<ele>118.69999999999999</ele>
<time>2026-08-27T19:14:12+0300</time>
</trkpt>
<trkpt lat="59.466775" lon="25.16686">
<ele>118.1</ele>
<time>2026-08-27T19:14:13+0300</time>
</trkpt>
<trkpt lat="59.466885" lon="25.1666717">
<ele>117.5</ele>
<time>2026-08-27T19:14:14+0300</time>
</trkpt>
<trkpt lat="59.4669967" lon="25.16648">
<ele>117.0</ele>
<time>2026-08-27T19:14:15+0300</time>
</trkpt>
<trkpt lat="59.4671067" lon="25.1662883">
<ele>116.5</ele>
<time>2026-08-27T19:14:16+0300</time>
</trkpt>
<trkpt lat="59.4672183" lon="25.166095">
<ele>116.0</ele>
<time>2026-08-27T19:14:17+0300</time>
</trkpt>
<trkpt lat="59.4673283" lon="25.1659017">
<ele>116.4</ele>
<time>2026-08-27T19:14:18+0300</time>
</trkpt>
<trkpt lat="59.4674367" lon="25.1657133">
<ele>116.9</ele>
<time>2026-08-27T19:14:19+0300</time>
</trkpt>
<trkpt lat="59.467545" lon="25.16553">
<ele>116.0</ele>
<time>2026-08-27T19:14:20+0300</time>
</trkpt>
<trkpt lat="59.4676567" lon="25.1653533">
<ele>116.1</ele>
<time>2026-08-27T19:14:21+0300</time>
</trkpt>
<trkpt lat="59.46777" lon="25.1651783">
<ele>115.80000000000001</ele>
<time>2026-08-27T19:14:22+0300</time>
</trkpt>
<trkpt lat="59.4678817" lon="25.1650033">
<ele>115.30000000000001</ele>
<time>2026-08-27T19:14:23+0300</time>
</trkpt>
<trkpt lat="59.467995" lon="25.1648233">
<ele>114.9</ele>
<time>2026-08-27T19:14:24+0300</time>
</trkpt>
<trkpt lat="59.4681067" lon="25.1646417">
<ele>114.80000000000001</ele>
<time>2026-08-27T19:14:25+0300</time>
</trkpt>
<trkpt lat="59.46822" lon="25.1644633">
<ele>114.69999999999999</ele>
<time>2026-08-27T19:14:26+0300</time>
</trkpt>
<trkpt lat="59.46833" lon="25.164285">
<ele>114.6</ele>
<time>2026-08-27T19:14:27+0300</time>
</trkpt>
<trkpt lat="59.46844" lon="25.1641117">
<ele>114.5</ele>
<time>2026-08-27T19:14:28+0300</time>
</trkpt>
<trkpt lat="59.46855" lon="25.1639367">
<ele>114.6</ele>
<time>2026-08-27T19:14:29+0300</time>
</trkpt>
<trkpt lat="59.4686567" lon="25.1637617">
<ele>114.30000000000001</ele>
<time>2026-08-27T19:14:30+0300</time>
</trkpt>
<trkpt lat="59.4687633" lon="25.1635883">
<ele>113.80000000000001</ele>
<time>2026-08-27T19:14:31+0300</time>
</trkpt>
<trkpt lat="59.46887" lon="25.1634083">
<ele>113.4</ele>
<time>2026-08-27T19:14:32+0300</time>
</trkpt>
<trkpt lat="59.4689733" lon="25.1632233">
<ele>112.4</ele>
<time>2026-08-27T19:14:33+0300</time>
</trkpt>
<trkpt lat="59.46908" lon="25.1630383">
<ele>111.30000000000001</ele>
<time>2026-08-27T19:14:34+0300</time>
</trkpt>
<trkpt lat="59.4691933" lon="25.1628567">
<ele>110.80000000000001</ele>
<time>2026-08-27T19:14:35+0300</time>
</trkpt>
<trkpt lat="59.469305" lon="25.162675">
<ele>109.69999999999999</ele>
<time>2026-08-27T19:14:36+0300</time>
</trkpt>
<trkpt lat="59.46942" lon="25.1624933">
<ele>108.6</ele>
<time>2026-08-27T19:14:37+0300</time>
</trkpt>
<trkpt lat="59.4695333" lon="25.1623067">
<ele>107.9</ele>
<time>2026-08-27T19:14:38+0300</time>
</trkpt>
<trkpt lat="59.4696467" lon="25.16212">
<ele>107.6</ele>
<time>2026-08-27T19:14:39+0300</time>
</trkpt>
<trkpt lat="59.469755" lon="25.1619367">
<ele>107.4</ele>
<time>2026-08-27T19:14:40+0300</time>
</trkpt>
<trkpt lat="59.4698617" lon="25.1617533">
<ele>108.0</ele>
<time>2026-08-27T19:14:41+0300</time>
</trkpt>
<trkpt lat="59.4699683" lon="25.1615717">
<ele>108.69999999999999</ele>
<time>2026-08-27T19:14:42+0300</time>
</trkpt>
<trkpt lat="59.4700683" lon="25.16139">
<ele>108.5</ele>
<time>2026-08-27T19:14:43+0300</time>
</trkpt>
<trkpt lat="59.4701667" lon="25.1612117">
<ele>108.1</ele>
<time>2026-08-27T19:14:44+0300</time>
</trkpt>
<trkpt lat="59.4702667" lon="25.16103">
<ele>107.69999999999999</ele>
<time>2026-08-27T19:14:45+0300</time>
</trkpt>
<trkpt lat="59.4703667" lon="25.160855">
<ele>108.5</ele>
<time>2026-08-27T19:14:46+0300</time>
</trkpt>
<trkpt lat="59.4704683" lon="25.16068">
<ele>109.19999999999999</ele>
<time>2026-08-27T19:14:47+0300</time>
</trkpt>
<trkpt lat="59.4705683" lon="25.1605133">
<ele>109.69999999999999</ele>
<time>2026-08-27T19:14:48+0300</time>
</trkpt>
<trkpt lat="59.4706583" lon="25.1603583">
<ele>110.6</ele>
<time>2026-08-27T19:14:49+0300</time>
</trkpt>
<trkpt lat="59.4707517" lon="25.1602083">
<ele>111.5</ele>
<time>2026-08-27T19:14:50+0300</time>
</trkpt>
<trkpt lat="59.4708417" lon="25.1600617">
<ele>112.30000000000001</ele>
<time>2026-08-27T19:14:51+0300</time>
</trkpt>
<trkpt lat="59.4709367" lon="25.1599217">
<ele>112.80000000000001</ele>
<time>2026-08-27T19:14:52+0300</time>
</trkpt>
<trkpt lat="59.4710383" lon="25.15979">
<ele>113.1</ele>
<time>2026-08-27T19:14:53+0300</time>
</trkpt>
<trkpt lat="59.4711433" lon="25.15966">
<ele>112.1</ele>
<time>2026-08-27T19:14:54+0300</time>
</trkpt>
<trkpt lat="59.47125" lon="25.15953">
<ele>111.69999999999999</ele>
<time>2026-08-27T19:14:55+0300</time>
</trkpt>
<trkpt lat="59.4713567" lon="25.1594017">
<ele>111.4</ele>
<time>2026-08-27T19:14:56+0300</time>
</trkpt>
<trkpt lat="59.4714633" lon="25.1592767">
<ele>111.9</ele>
<time>2026-08-27T19:14:57+0300</time>
</trkpt>
<trkpt lat="59.471565" lon="25.1591433">
<ele>111.5</ele>
<time>2026-08-27T19:14:58+0300</time>
</trkpt>
<trkpt lat="59.471675" lon="25.1590083">
<ele>110.19999999999999</ele>
<time>2026-08-27T19:14:59+0300</time>
</trkpt>
<trkpt lat="59.4717917" lon="25.1588683">
<ele>108.9</ele>
<time>2026-08-27T19:15:00+0300</time>
</trkpt>
<trkpt lat="59.471915" lon="25.1587217">
<ele>107.4</ele>
<time>2026-08-27T19:15:01+0300</time>
</trkpt>
<trkpt lat="59.4720417" lon="25.1585717">
<ele>106.1</ele>
<time>2026-08-27T19:15:02+0300</time>
</trkpt>
<trkpt lat="59.4721667" lon="25.15842">
<ele>105.5</ele>
<time>2026-08-27T19:15:03+0300</time>
</trkpt>
<trkpt lat="59.472285" lon="25.1582733">
<ele>105.69999999999999</ele>
<time>2026-08-27T19:15:04+0300</time>
</trkpt>
<trkpt lat="59.4723967" lon="25.1581367">
<ele>105.9</ele>
<time>2026-08-27T19:15:05+0300</time>
</trkpt>
<trkpt lat="59.4725083" lon="25.1580083">
<ele>105.6</ele>
<time>2026-08-27T19:15:06+0300</time>
</trkpt>
<trkpt lat="59.4726233" lon="25.1578917">
<ele>105.1</ele>
<time>2026-08-27T19:15:07+0300</time>
</trkpt>
<trkpt lat="59.472745" lon="25.1577817">
<ele>104.1</ele>
<time>2026-08-27T19:15:08+0300</time>
</trkpt>
<trkpt lat="59.4728717" lon="25.1576617">
<ele>102.9</ele>
<time>2026-08-27T19:15:09+0300</time>
</trkpt>
<trkpt lat="59.4729983" lon="25.15753">
<ele>102.0</ele>
<time>2026-08-27T19:15:10+0300</time>
</trkpt>
<trkpt lat="59.4731233" lon="25.1573967">
<ele>101.69999999999999</ele>
<time>2026-08-27T19:15:11+0300</time>
</trkpt>
<trkpt lat="59.473245" lon="25.1572633">
<ele>102.30000000000001</ele>
<time>2026-08-27T19:15:12+0300</time>
</trkpt>
<trkpt lat="59.4733617" lon="25.1571333">
<ele>102.80000000000001</ele>
<time>2026-08-27T19:15:13+0300</time>
</trkpt>
<trkpt lat="59.473475" lon="25.1570083">
<ele>102.4</ele>
<time>2026-08-27T19:15:14+0300</time>
</trkpt>
<trkpt lat="59.4735917" lon="25.1568883">
<ele>102.30000000000001</ele>
<time>2026-08-27T19:15:15+0300</time>
</trkpt>
<trkpt lat="59.473705" lon="25.1567667">
<ele>101.30000000000001</ele>
<time>2026-08-27T19:15:16+0300</time>
</trkpt>
<trkpt lat="59.473825" lon="25.1566433">
<ele>100.9</ele>
<time>2026-08-27T19:15:17+0300</time>
</trkpt>
<trkpt lat="59.473945" lon="25.1565183">
<ele>100.80000000000001</ele>
<time>2026-08-27T19:15:18+0300</time>
</trkpt>
<trkpt lat="59.4740683" lon="25.1563983">
<ele>100.30000000000001</ele>
<time>2026-08-27T19:15:19+0300</time>
</trkpt>
<trkpt lat="59.4741933" lon="25.156295">
<ele>99.19999999999999</ele>
<time>2026-08-27T19:15:20+0300</time>
</trkpt>
<trkpt lat="59.47432" lon="25.156215">
<ele>97.80000000000001</ele>
<time>2026-08-27T19:15:21+0300</time>
</trkpt>
<trkpt lat="59.4744483" lon="25.1561533">
<ele>95.9</ele>
<time>2026-08-27T19:15:22+0300</time>
</trkpt>
<trkpt lat="59.47458" lon="25.1560967">
<ele>94.30000000000001</ele>
<time>2026-08-27T19:15:23+0300</time>
</trkpt>
<trkpt lat="59.4747133" lon="25.1560433">
<ele>93.30000000000001</ele>
<time>2026-08-27T19:15:24+0300</time>
</trkpt>
<trkpt lat="59.4748433" lon="25.155985">
<ele>92.4</ele>
<time>2026-08-27T19:15:25+0300</time>
</trkpt>
<trkpt lat="59.4749717" lon="25.155935">
<ele>91.6</ele>
<time>2026-08-27T19:15:26+0300</time>
</trkpt>
<trkpt lat="59.4751033" lon="25.1558967">
<ele>91.6</ele>
<time>2026-08-27T19:15:27+0300</time>
</trkpt>
<trkpt lat="59.4752333" lon="25.1558617">
<ele>90.5</ele>
<time>2026-08-27T19:15:28+0300</time>
</trkpt>
<trkpt lat="59.4753683" lon="25.1558283">
<ele>90.69999999999999</ele>
<time>2026-08-27T19:15:29+0300</time>
</trkpt>
<trkpt lat="59.4755017" lon="25.15579">
<ele>91.19999999999999</ele>
<time>2026-08-27T19:15:30+0300</time>
</trkpt>
<trkpt lat="59.47563" lon="25.1557467">
<ele>92.5</ele>
<time>2026-08-27T19:15:31+0300</time>
</trkpt>
<trkpt lat="59.4757483" lon="25.1557">
<ele>94.0</ele>
<time>2026-08-27T19:15:32+0300</time>
</trkpt>
<trkpt lat="59.4758583" lon="25.1556433">
<ele>95.30000000000001</ele>
<time>2026-08-27T19:15:33+0300</time>
</trkpt>
<trkpt lat="59.47596" lon="25.1555767">
<ele>95.80000000000001</ele>
<time>2026-08-27T19:15:34+0300</time>
</trkpt>
<trkpt lat="59.476065" lon="25.1554983">
<ele>95.9</ele>
<time>2026-08-27T19:15:35+0300</time>
</trkpt>
<trkpt lat="59.4761767" lon="25.1554167">
<ele>96.1</ele>
<time>2026-08-27T19:15:36+0300</time>
</trkpt>
<trkpt lat="59.47629" lon="25.15533">
<ele>96.6</ele>
<time>2026-08-27T19:15:37+0300</time>
</trkpt>
<trkpt lat="59.4764017" lon="25.1552583">
<ele>96.30000000000001</ele>
<time>2026-08-27T19:15:38+0300</time>
</trkpt>
<trkpt lat="59.4765167" lon="25.1552283">
<ele>95.80000000000001</ele>
<time>2026-08-27T19:15:39+0300</time>
</trkpt>
<trkpt lat="59.4766283" lon="25.1552733">
<ele>93.80000000000001</ele>
<time>2026-08-27T19:15:40+0300</time>
</trkpt>
<trkpt lat="59.4767267" lon="25.155425">
<ele>91.0</ele>
<time>2026-08-27T19:15:41+0300</time>
</trkpt>
<trkpt lat="59.4767933" lon="25.155665">
<ele>88.19999999999999</ele>
<time>2026-08-27T19:15:42+0300</time>
</trkpt>
<trkpt lat="59.4767933" lon="25.1559633">
<ele>84.80000000000001</ele>
<time>2026-08-27T19:15:43+0300</time>
</trkpt>
<trkpt lat="59.4767283" lon="25.15626">
<ele>82.30000000000001</ele>
<time>2026-08-27T19:15:44+0300</time>
</trkpt>
<trkpt lat="59.4766183" lon="25.156495">
<ele>80.9</ele>
<time>2026-08-27T19:15:45+0300</time>
</trkpt>
<trkpt lat="59.4764817" lon="25.1566333">
<ele>80.1</ele>
<time>2026-08-27T19:15:46+0300</time>
</trkpt>
<trkpt lat="59.4763383" lon="25.1566717">
<ele>80.0</ele>
<time>2026-08-27T19:15:47+0300</time>
</trkpt>
<trkpt lat="59.4761983" lon="25.1566333">
<ele>80.0</ele>
<time>2026-08-27T19:15:48+0300</time>
</trkpt>
<trkpt lat="59.476075" lon="25.1565367">
<ele>80.1</ele>
<time>2026-08-27T19:15:49+0300</time>
</trkpt>
<trkpt lat="59.4759667" lon="25.156405">
<ele>80.1</ele>
<time>2026-08-27T19:15:50+0300</time>
</trkpt>
<trkpt lat="59.4758633" lon="25.1562667">
<ele>80.6</ele>
<time>2026-08-27T19:15:51+0300</time>
</trkpt>
<trkpt lat="59.4757617" lon="25.1561283">
<ele>80.6</ele>
<time>2026-08-27T19:15:52+0300</time>
</trkpt>
<trkpt lat="59.4756583" lon="25.1559833">
<ele>80.2</ele>
<time>2026-08-27T19:15:53+0300</time>
</trkpt>
<trkpt lat="59.475565" lon="25.15582">
<ele>80.0</ele>
<time>2026-08-27T19:15:54+0300</time>
</trkpt>
<trkpt lat="59.4754867" lon="25.1556283">
<ele>79.7</ele>
<time>2026-08-27T19:15:55+0300</time>
</trkpt>
<trkpt lat="59.47543" lon="25.1554">
<ele>78.9</ele>
<time>2026-08-27T19:15:56+0300</time>
</trkpt>
<trkpt lat="59.4754067" lon="25.1551483">
<ele>78.6</ele>
<time>2026-08-27T19:15:57+0300</time>
</trkpt>
<trkpt lat="59.4754233" lon="25.1548867">
<ele>77.7</ele>
<time>2026-08-27T19:15:58+0300</time>
</trkpt>
<trkpt lat="59.475475" lon="25.1546383">
<ele>77.1</ele>
<time>2026-08-27T19:15:59+0300</time>
</trkpt>
<trkpt lat="59.4755533" lon="25.154425">
<ele>76.9</ele>
<time>2026-08-27T19:16:00+0300</time>
</trkpt>
<trkpt lat="59.4756483" lon="25.1542667">
<ele>76.30000000000001</ele>
<time>2026-08-27T19:16:01+0300</time>
</trkpt>
<trkpt lat="59.47575" lon="25.1541467">
<ele>75.9</ele>
<time>2026-08-27T19:16:02+0300</time>
</trkpt>
<trkpt lat="59.475855" lon="25.1540533">
<ele>76.5</ele>
<time>2026-08-27T19:16:03+0300</time>
</trkpt>
<trkpt lat="59.4759617" lon="25.1539717">
<ele>77.1</ele>
<time>2026-08-27T19:16:04+0300</time>
</trkpt>
<trkpt lat="59.4760717" lon="25.1539033">
<ele>77.9</ele>
<time>2026-08-27T19:16:05+0300</time>
</trkpt>
<trkpt lat="59.4761867" lon="25.153845">
<ele>77.7</ele>
<time>2026-08-27T19:16:06+0300</time>
</trkpt>
<trkpt lat="59.4763117" lon="25.1538">
<ele>77.30000000000001</ele>
<time>2026-08-27T19:16:07+0300</time>
</trkpt>
<trkpt lat="59.4764483" lon="25.1537717">
<ele>76.30000000000001</ele>
<time>2026-08-27T19:16:08+0300</time>
</trkpt>
<trkpt lat="59.4765917" lon="25.1537583">
<ele>74.80000000000001</ele>
<time>2026-08-27T19:16:09+0300</time>
</trkpt>
<trkpt lat="59.4767367" lon="25.1537517">
<ele>73.30000000000001</ele>
<time>2026-08-27T19:16:10+0300</time>
</trkpt>
<trkpt lat="59.4768833" lon="25.1537433">
<ele>73.1</ele>
<time>2026-08-27T19:16:11+0300</time>
</trkpt>
<trkpt lat="59.4770217" lon="25.1537267">
<ele>73.0</ele>
<time>2026-08-27T19:16:12+0300</time>
</trkpt>
<trkpt lat="59.4771567" lon="25.15369">
<ele>72.80000000000001</ele>
<time>2026-08-27T19:16:13+0300</time>
</trkpt>
<trkpt lat="59.4772867" lon="25.15365">
<ele>73.0</ele>
<time>2026-08-27T19:16:14+0300</time>
</trkpt>
<trkpt lat="59.477415" lon="25.1536083">
<ele>72.9</ele>
<time>2026-08-27T19:16:15+0300</time>
</trkpt>
<trkpt lat="59.4775483" lon="25.1535683">
<ele>73.30000000000001</ele>
<time>2026-08-27T19:16:16+0300</time>
</trkpt>
<trkpt lat="59.4776833" lon="25.15353">
<ele>73.4</ele>
<time>2026-08-27T19:16:17+0300</time>
</trkpt>
<trkpt lat="59.4778217" lon="25.1534983">
<ele>73.4</ele>
<time>2026-08-27T19:16:18+0300</time>
</trkpt>
<trkpt lat="59.4779617" lon="25.1534717">
<ele>73.5</ele>
<time>2026-08-27T19:16:19+0300</time>
</trkpt>
<trkpt lat="59.4781" lon="25.1534483">
<ele>73.9</ele>
<time>2026-08-27T19:16:20+0300</time>
</trkpt>
<trkpt lat="59.478235" lon="25.1534233">
<ele>73.6</ele>
<time>2026-08-27T19:16:21+0300</time>
</trkpt>
<trkpt lat="59.47837" lon="25.153395">
<ele>73.4</ele>
<time>2026-08-27T19:16:22+0300</time>
</trkpt>
<trkpt lat="59.478505" lon="25.1533633">
<ele>73.6</ele>
<time>2026-08-27T19:16:23+0300</time>
</trkpt>
<trkpt lat="59.4786383" lon="25.1533333">
<ele>72.6</ele>
<time>2026-08-27T19:16:24+0300</time>
</trkpt>
<trkpt lat="59.478775" lon="25.1533083">
<ele>71.9</ele>
<time>2026-08-27T19:16:25+0300</time>
</trkpt>
<trkpt lat="59.47891" lon="25.15329">
<ele>71.0</ele>
<time>2026-08-27T19:16:26+0300</time>
</trkpt>
<trkpt lat="59.4790483" lon="25.1532783">
<ele>70.9</ele>
<time>2026-08-27T19:16:27+0300</time>
</trkpt>
<trkpt lat="59.479185" lon="25.1532667">
<ele>71.0</ele>
<time>2026-08-27T19:16:28+0300</time>
</trkpt>
<trkpt lat="59.4793217" lon="25.15326">
<ele>70.9</ele>
<time>2026-08-27T19:16:29+0300</time>
</trkpt>
<trkpt lat="59.4794567" lon="25.1532533">
<ele>70.30000000000001</ele>
<time>2026-08-27T19:16:30+0300</time>
</trkpt>
<trkpt lat="59.479595" lon="25.1532533">
<ele>70.5</ele>
<time>2026-08-27T19:16:31+0300</time>
</trkpt>
<trkpt lat="59.47973" lon="25.1532617">
<ele>70.6</ele>
<time>2026-08-27T19:16:32+0300</time>
</trkpt>
<trkpt lat="59.4798667" lon="25.1532733">
<ele>70.6</ele>
<time>2026-08-27T19:16:33+0300</time>
</trkpt>
<trkpt lat="59.4800033" lon="25.1532917">
<ele>70.6</ele>
<time>2026-08-27T19:16:34+0300</time>
</trkpt>
<trkpt lat="59.48014" lon="25.1533183">
<ele>70.9</ele>
<time>2026-08-27T19:16:35+0300</time>
</trkpt>
<trkpt lat="59.4802733" lon="25.1533517">
<ele>70.5</ele>
<time>2026-08-27T19:16:36+0300</time>
</trkpt>
<trkpt lat="59.4804033" lon="25.15339">
<ele>69.1</ele>
<time>2026-08-27T19:16:37+0300</time>
</trkpt>
<trkpt lat="59.4805367" lon="25.1534283">
<ele>69.1</ele>
<time>2026-08-27T19:16:38+0300</time>
</trkpt>
<trkpt lat="59.4806717" lon="25.1534667">
<ele>69.0</ele>
<time>2026-08-27T19:16:39+0300</time>
</trkpt>
<trkpt lat="59.480805" lon="25.1535033">
<ele>68.9</ele>
<time>2026-08-27T19:16:40+0300</time>
</trkpt>
<trkpt lat="59.48094" lon="25.1535417">
<ele>68.9</ele>
<time>2026-08-27T19:16:41+0300</time>
</trkpt>
<trkpt lat="59.481075" lon="25.153585">
<ele>69.1</ele>
<time>2026-08-27T19:16:42+0300</time>
</trkpt>
<trkpt lat="59.48121" lon="25.1536333">
<ele>69.0</ele>
<time>2026-08-27T19:16:43+0300</time>
</trkpt>
<trkpt lat="59.4813467" lon="25.1536867">
<ele>69.5</ele>
<time>2026-08-27T19:16:44+0300</time>
</trkpt>
<trkpt lat="59.4814817" lon="25.1537433">
<ele>69.2</ele>
<time>2026-08-27T19:16:45+0300</time>
</trkpt>
<trkpt lat="59.4816167" lon="25.153805">
<ele>69.2</ele>
<time>2026-08-27T19:16:46+0300</time>
</trkpt>
<trkpt lat="59.4817517" lon="25.1538683">
<ele>69.3</ele>
<time>2026-08-27T19:16:47+0300</time>
</trkpt>
<trkpt lat="59.4818833" lon="25.1539317">
<ele>68.2</ele>
<time>2026-08-27T19:16:48+0300</time>
</trkpt>
<trkpt lat="59.482015" lon="25.1540033">
<ele>68.0</ele>
<time>2026-08-27T19:16:49+0300</time>
</trkpt>
<trkpt lat="59.482145" lon="25.15408">
<ele>67.8</ele>
<time>2026-08-27T19:16:50+0300</time>
</trkpt>
<trkpt lat="59.4822717" lon="25.1541683">
<ele>67.2</ele>
<time>2026-08-27T19:16:51+0300</time>
</trkpt>
<trkpt lat="59.4823983" lon="25.154265">
<ele>67.1</ele>
<time>2026-08-27T19:16:52+0300</time>
</trkpt>
<trkpt lat="59.4825217" lon="25.1543683">
<ele>66.5</ele>
<time>2026-08-27T19:16:53+0300</time>
</trkpt>
<trkpt lat="59.4826467" lon="25.154475">
<ele>66.0</ele>
<time>2026-08-27T19:16:54+0300</time>
</trkpt>
<trkpt lat="59.4827683" lon="25.1545883">
<ele>65.2</ele>
<time>2026-08-27T19:16:55+0300</time>
</trkpt>
<trkpt lat="59.48289" lon="25.15471">
<ele>64.7</ele>
<time>2026-08-27T19:16:56+0300</time>
</trkpt>
<trkpt lat="59.48301" lon="25.1548433">
<ele>64.4</ele>
<time>2026-08-27T19:16:57+0300</time>
</trkpt>
<trkpt lat="59.4831267" lon="25.1549883">
<ele>64.0</ele>
<time>2026-08-27T19:16:58+0300</time>
</trkpt>
<trkpt lat="59.4832417" lon="25.1551433">
<ele>63.8</ele>
<time>2026-08-27T19:16:59+0300</time>
</trkpt>
<trkpt lat="59.4833517" lon="25.1553033">
<ele>62.8</ele>
<time>2026-08-27T19:17:00+0300</time>
</trkpt>
<trkpt lat="59.48346" lon="25.1554683">
<ele>62.1</ele>
<time>2026-08-27T19:17:01+0300</time>
</trkpt>
<trkpt lat="59.4835667" lon="25.1556367">
<ele>62.0</ele>
<time>2026-08-27T19:17:02+0300</time>
</trkpt>
<trkpt lat="59.4836683" lon="25.155815">
<ele>61.7</ele>
<time>2026-08-27T19:17:03+0300</time>
</trkpt>
<trkpt lat="59.4837633" lon="25.156005">
<ele>61.3</ele>
<time>2026-08-27T19:17:04+0300</time>
</trkpt>
<trkpt lat="59.48386" lon="25.1562017">
<ele>61.1</ele>
<time>2026-08-27T19:17:05+0300</time>
</trkpt>
<trkpt lat="59.4839617" lon="25.1563983">
<ele>60.9</ele>
<time>2026-08-27T19:17:06+0300</time>
</trkpt>
<trkpt lat="59.484065" lon="25.156585">
<ele>60.8</ele>
<time>2026-08-27T19:17:07+0300</time>
</trkpt>
<trkpt lat="59.4841683" lon="25.1567717">
<ele>60.5</ele>
<time>2026-08-27T19:17:08+0300</time>
</trkpt>
<trkpt lat="59.4842733" lon="25.1569583">
<ele>60.4</ele>
<time>2026-08-27T19:17:09+0300</time>
</trkpt>
<trkpt lat="59.4843717" lon="25.15714">
<ele>60.0</ele>
<time>2026-08-27T19:17:10+0300</time>
</trkpt>
<trkpt lat="59.4844667" lon="25.1573267">
<ele>59.3</ele>
<time>2026-08-27T19:17:11+0300</time>
</trkpt>
<trkpt lat="59.4845583" lon="25.1575233">
<ele>58.9</ele>
<time>2026-08-27T19:17:12+0300</time>
</trkpt>
<trkpt lat="59.4846483" lon="25.1577283">
<ele>58.8</ele>
<time>2026-08-27T19:17:13+0300</time>
</trkpt>
<trkpt lat="59.4847317" lon="25.1579367">
<ele>58.0</ele>
<time>2026-08-27T19:17:14+0300</time>
</trkpt>
<trkpt lat="59.4848167" lon="25.15815">
<ele>57.4</ele>
<time>2026-08-27T19:17:15+0300</time>
</trkpt>
<trkpt lat="59.4849017" lon="25.1583633">
<ele>56.9</ele>
<time>2026-08-27T19:17:16+0300</time>
</trkpt>
<trkpt lat="59.4849867" lon="25.1585733">
<ele>56.4</ele>
<time>2026-08-27T19:17:17+0300</time>
</trkpt>
<trkpt lat="59.4850733" lon="25.15879">
<ele>56.1</ele>
<time>2026-08-27T19:17:18+0300</time>
</trkpt>
<trkpt lat="59.4851583" lon="25.1590033">
<ele>55.8</ele>
<time>2026-08-27T19:17:19+0300</time>
</trkpt>
<trkpt lat="59.485245" lon="25.1592133">
<ele>55.8</ele>
<time>2026-08-27T19:17:20+0300</time>
</trkpt>
<trkpt lat="59.4853333" lon="25.1594233">
<ele>56.1</ele>
<time>2026-08-27T19:17:21+0300</time>
</trkpt>
<trkpt lat="59.4854167" lon="25.1596317">
<ele>56.3</ele>
<time>2026-08-27T19:17:22+0300</time>
</trkpt>
<trkpt lat="59.485495" lon="25.1598333">
<ele>56.6</ele>
<time>2026-08-27T19:17:23+0300</time>
</trkpt>
<trkpt lat="59.48557" lon="25.160025">
<ele>57.1</ele>
<time>2026-08-27T19:17:24+0300</time>
</trkpt>
<trkpt lat="59.4856417" lon="25.1602017">
<ele>56.9</ele>
<time>2026-08-27T19:17:25+0300</time>
</trkpt>
<trkpt lat="59.48571" lon="25.1603633">
<ele>56.2</ele>
<time>2026-08-27T19:17:26+0300</time>
</trkpt>
<trkpt lat="59.4857833" lon="25.16053">
<ele>54.9</ele>
<time>2026-08-27T19:17:27+0300</time>
</trkpt>
<trkpt lat="59.48586" lon="25.1607117">
<ele>53.2</ele>
<time>2026-08-27T19:17:28+0300</time>
</trkpt>
<trkpt lat="59.4859367" lon="25.1609">
<ele>51.8</ele>
<time>2026-08-27T19:17:29+0300</time>
</trkpt>
<trkpt lat="59.486015" lon="25.1610933">
<ele>50.9</ele>
<time>2026-08-27T19:17:30+0300</time>
</trkpt>
<trkpt lat="59.4860917" lon="25.1612817">
<ele>50.4</ele>
<time>2026-08-27T19:17:31+0300</time>
</trkpt>
<trkpt lat="59.4861667" lon="25.161465">
<ele>50.2</ele>
<time>2026-08-27T19:17:32+0300</time>
</trkpt>
<trkpt lat="59.48624" lon="25.161645">
<ele>50.7</ele>
<time>2026-08-27T19:17:33+0300</time>
</trkpt>
<trkpt lat="59.48631" lon="25.1618233">
<ele>51.0</ele>
<time>2026-08-27T19:17:34+0300</time>
</trkpt>
<trkpt lat="59.48638" lon="25.1620033">
<ele>51.0</ele>
<time>2026-08-27T19:17:35+0300</time>
</trkpt>
<trkpt lat="59.48645" lon="25.1621833">
<ele>50.5</ele>
<time>2026-08-27T19:17:36+0300</time>
</trkpt>
<trkpt lat="59.48652" lon="25.1623633">
<ele>50.3</ele>
<time>2026-08-27T19:17:37+0300</time>
</trkpt>
<trkpt lat="59.4865917" lon="25.1625433">
<ele>49.9</ele>
<time>2026-08-27T19:17:38+0300</time>
</trkpt>
<trkpt lat="59.4866683" lon="25.1627267">
<ele>49.8</ele>
<time>2026-08-27T19:17:39+0300</time>
</trkpt>
<trkpt lat="59.486745" lon="25.1629067">
<ele>49.5</ele>
<time>2026-08-27T19:17:40+0300</time>
</trkpt>
<trkpt lat="59.4868217" lon="25.1630767">
<ele>49.4</ele>
<time>2026-08-27T19:17:41+0300</time>
</trkpt>
<trkpt lat="59.4869" lon="25.1632417">
<ele>49.1</ele>
<time>2026-08-27T19:17:42+0300</time>
</trkpt>
<trkpt lat="59.48698" lon="25.163405">
<ele>48.8</ele>
<time>2026-08-27T19:17:43+0300</time>
</trkpt>
<trkpt lat="59.4870633" lon="25.1635617">
<ele>48.4</ele>
<time>2026-08-27T19:17:44+0300</time>
</trkpt>
<trkpt lat="59.4871467" lon="25.1637217">
<ele>48.0</ele>
<time>2026-08-27T19:17:45+0300</time>
</trkpt>
<trkpt lat="59.487225" lon="25.1638817">
<ele>47.0</ele>
<time>2026-08-27T19:17:46+0300</time>
</trkpt>
<trkpt lat="59.487305" lon="25.1640583">
<ele>46.5</ele>
<time>2026-08-27T19:17:47+0300</time>
</trkpt>
<trkpt lat="59.487385" lon="25.1642383">
<ele>46.4</ele>
<time>2026-08-27T19:17:48+0300</time>
</trkpt>
<trkpt lat="59.4874617" lon="25.16442">
<ele>46.7</ele>
<time>2026-08-27T19:17:49+0300</time>
</trkpt>
<trkpt lat="59.4875367" lon="25.164595">
<ele>46.0</ele>
<time>2026-08-27T19:17:50+0300</time>
</trkpt>
<trkpt lat="59.4876117" lon="25.1647667">
<ele>45.7</ele>
<time>2026-08-27T19:17:51+0300</time>
</trkpt>
<trkpt lat="59.48769" lon="25.1649367">
<ele>45.8</ele>
<time>2026-08-27T19:17:52+0300</time>
</trkpt>
<trkpt lat="59.48777" lon="25.1650967">
<ele>46.1</ele>
<time>2026-08-27T19:17:53+0300</time>
</trkpt>
<trkpt lat="59.48785" lon="25.1652667">
<ele>46.3</ele>
<time>2026-08-27T19:17:54+0300</time>
</trkpt>
<trkpt lat="59.4879283" lon="25.1654317">
<ele>45.7</ele>
<time>2026-08-27T19:17:55+0300</time>
</trkpt>
<trkpt lat="59.4880117" lon="25.1655983">
<ele>45.6</ele>
<time>2026-08-27T19:17:56+0300</time>
</trkpt>
<trkpt lat="59.4880933" lon="25.165765">
<ele>45.5</ele>
<time>2026-08-27T19:17:57+0300</time>
</trkpt>
<trkpt lat="59.4881767" lon="25.165935">
<ele>45.8</ele>
<time>2026-08-27T19:17:58+0300</time>
</trkpt>
<trkpt lat="59.4882583" lon="25.1661033">
<ele>45.8</ele>
<time>2026-08-27T19:17:59+0300</time>
</trkpt>
<trkpt lat="59.4883383" lon="25.16627">
<ele>46.0</ele>
<time>2026-08-27T19:18:00+0300</time>
</trkpt>
<trkpt lat="59.4884183" lon="25.1664333">
<ele>46.2</ele>
<time>2026-08-27T19:18:01+0300</time>
</trkpt>
<trkpt lat="59.4885017" lon="25.1665983">
<ele>46.8</ele>
<time>2026-08-27T19:18:02+0300</time>
</trkpt>
<trkpt lat="59.488585" lon="25.1667633">
<ele>46.7</ele>
<time>2026-08-27T19:18:03+0300</time>
</trkpt>
<trkpt lat="59.4886667" lon="25.1669317">
<ele>46.7</ele>
<time>2026-08-27T19:18:04+0300</time>
</trkpt>
<trkpt lat="59.4887467" lon="25.1671033">
<ele>46.6</ele>
<time>2026-08-27T19:18:05+0300</time>
</trkpt>
<trkpt lat="59.4888267" lon="25.1672833">
<ele>46.9</ele>
<time>2026-08-27T19:18:06+0300</time>
</trkpt>
<trkpt lat="59.4889067" lon="25.167465">
<ele>47.1</ele>
<time>2026-08-27T19:18:07+0300</time>
</trkpt>
<trkpt lat="59.4889833" lon="25.167645">
<ele>47.5</ele>
<time>2026-08-27T19:18:08+0300</time>
</trkpt>
<trkpt lat="59.489055" lon="25.1678167">
<ele>47.1</ele>
<time>2026-08-27T19:18:09+0300</time>
</trkpt>
<trkpt lat="59.48913" lon="25.1679817">
<ele>46.7</ele>
<time>2026-08-27T19:18:10+0300</time>
</trkpt>
<trkpt lat="59.4892067" lon="25.168145">
<ele>46.4</ele>
<time>2026-08-27T19:18:11+0300</time>
</trkpt>
<trkpt lat="59.489285" lon="25.16831">
<ele>45.7</ele>
<time>2026-08-27T19:18:12+0300</time>
</trkpt>
<trkpt lat="59.4893667" lon="25.168475">
<ele>44.9</ele>
<time>2026-08-27T19:18:13+0300</time>
</trkpt>
<trkpt lat="59.4894483" lon="25.168635">
<ele>44.4</ele>
<time>2026-08-27T19:18:14+0300</time>
</trkpt>
<trkpt lat="59.4895283" lon="25.16879">
<ele>43.8</ele>
<time>2026-08-27T19:18:15+0300</time>
</trkpt>
<trkpt lat="59.4896083" lon="25.1689433">
<ele>43.4</ele>
<time>2026-08-27T19:18:16+0300</time>
</trkpt>
<trkpt lat="59.48969" lon="25.1690983">
<ele>43.1</ele>
<time>2026-08-27T19:18:17+0300</time>
</trkpt>
<trkpt lat="59.4897683" lon="25.1692617">
<ele>43.0</ele>
<time>2026-08-27T19:18:18+0300</time>
</trkpt>
<trkpt lat="59.48984" lon="25.1694317">
<ele>42.4</ele>
<time>2026-08-27T19:18:19+0300</time>
</trkpt>
<trkpt lat="59.489905" lon="25.1696117">
<ele>42.0</ele>
<time>2026-08-27T19:18:20+0300</time>
</trkpt>
<trkpt lat="59.4899667" lon="25.1697967">
<ele>41.8</ele>
<time>2026-08-27T19:18:21+0300</time>
</trkpt>
<trkpt lat="59.4900283" lon="25.169995">
<ele>42.0</ele>
<time>2026-08-27T19:18:22+0300</time>
</trkpt>
<trkpt lat="59.4900883" lon="25.1702033">
<ele>42.0</ele>
<time>2026-08-27T19:18:23+0300</time>
</trkpt>
<trkpt lat="59.490145" lon="25.1704083">
<ele>42.5</ele>
<time>2026-08-27T19:18:24+0300</time>
</trkpt>
<trkpt lat="59.4902033" lon="25.1706067">
<ele>43.0</ele>
<time>2026-08-27T19:18:25+0300</time>
</trkpt>
<trkpt lat="59.4902667" lon="25.1707917">
<ele>43.8</ele>
<time>2026-08-27T19:18:26+0300</time>
</trkpt>
<trkpt lat="59.4903367" lon="25.1709667">
<ele>44.3</ele>
<time>2026-08-27T19:18:27+0300</time>
</trkpt>
<trkpt lat="59.4904133" lon="25.1711283">
<ele>44.0</ele>
<time>2026-08-27T19:18:28+0300</time>
</trkpt>
<trkpt lat="59.4905017" lon="25.1712767">
<ele>44.0</ele>
<time>2026-08-27T19:18:29+0300</time>
</trkpt>
<trkpt lat="59.490595" lon="25.171415">
<ele>44.3</ele>
<time>2026-08-27T19:18:30+0300</time>
</trkpt>
<trkpt lat="59.4906967" lon="25.1715467">
<ele>44.4</ele>
<time>2026-08-27T19:18:31+0300</time>
</trkpt>
<trkpt lat="59.4908033" lon="25.1716717">
<ele>44.3</ele>
<time>2026-08-27T19:18:32+0300</time>
</trkpt>
<trkpt lat="59.4909083" lon="25.17179">
<ele>44.3</ele>
<time>2026-08-27T19:18:33+0300</time>
</trkpt>
<trkpt lat="59.4910133" lon="25.1718967">
<ele>44.0</ele>
<time>2026-08-27T19:18:34+0300</time>
</trkpt>
<trkpt lat="59.4911183" lon="25.17199">
<ele>43.4</ele>
<time>2026-08-27T19:18:35+0300</time>
</trkpt>
<trkpt lat="59.49123" lon="25.1720817">
<ele>43.3</ele>
<time>2026-08-27T19:18:36+0300</time>
</trkpt>
<trkpt lat="59.4913433" lon="25.1721667">
<ele>43.0</ele>
<time>2026-08-27T19:18:37+0300</time>
</trkpt>
<trkpt lat="59.49146" lon="25.1722483">
<ele>42.1</ele>
<time>2026-08-27T19:18:38+0300</time>
</trkpt>
<trkpt lat="59.4915817" lon="25.1723183">
<ele>42.1</ele>
<time>2026-08-27T19:18:39+0300</time>
</trkpt>
<trkpt lat="59.491705" lon="25.1723783">
<ele>42.0</ele>
<time>2026-08-27T19:18:40+0300</time>
</trkpt>
<trkpt lat="59.49182" lon="25.17244">
<ele>41.3</ele>
<time>2026-08-27T19:18:41+0300</time>
</trkpt>
<trkpt lat="59.49193" lon="25.1725133">
<ele>41.3</ele>
<time>2026-08-27T19:18:42+0300</time>
</trkpt>
<trkpt lat="59.4920333" lon="25.1725933">
<ele>42.4</ele>
<time>2026-08-27T19:18:43+0300</time>
</trkpt>
<trkpt lat="59.49213" lon="25.1726733">
<ele>42.9</ele>
<time>2026-08-27T19:18:44+0300</time>
</trkpt>
<trkpt lat="59.49222" lon="25.1727467">
<ele>42.9</ele>
<time>2026-08-27T19:18:45+0300</time>
</trkpt>
<trkpt lat="59.4923117" lon="25.1728083">
<ele>42.8</ele>
<time>2026-08-27T19:18:46+0300</time>
</trkpt>
<trkpt lat="59.4924117" lon="25.17287">
<ele>42.1</ele>
<time>2026-08-27T19:18:47+0300</time>
</trkpt>
<trkpt lat="59.49252" lon="25.1729383">
<ele>41.9</ele>
<time>2026-08-27T19:18:48+0300</time>
</trkpt>
<trkpt lat="59.492635" lon="25.173005">
<ele>41.2</ele>
<time>2026-08-27T19:18:49+0300</time>
</trkpt>
<trkpt lat="59.492755" lon="25.173045">
<ele>40.2</ele>
<time>2026-08-27T19:18:50+0300</time>
</trkpt>
<trkpt lat="59.492875" lon="25.17303">
<ele>39.7</ele>
<time>2026-08-27T19:18:51+0300</time>
</trkpt>
<trkpt lat="59.49298" lon="25.172965">
<ele>39.7</ele>
<time>2026-08-27T19:18:52+0300</time>
</trkpt>
<trkpt lat="59.4930783" lon="25.1728833">
<ele>39.5</ele>
<time>2026-08-27T19:18:53+0300</time>
</trkpt>
<trkpt lat="59.4931783" lon="25.172825">
<ele>39.2</ele>
<time>2026-08-27T19:18:54+0300</time>
</trkpt>
<trkpt lat="59.4932817" lon="25.1728117">
<ele>38.5</ele>
<time>2026-08-27T19:18:55+0300</time>
</trkpt>
<trkpt lat="59.4933817" lon="25.172855">
<ele>37.1</ele>
<time>2026-08-27T19:18:56+0300</time>
</trkpt>
<trkpt lat="59.493475" lon="25.172965">
<ele>36.5</ele>
<time>2026-08-27T19:18:57+0300</time>
</trkpt>
<trkpt lat="59.493555" lon="25.17313">
<ele>37.1</ele>
<time>2026-08-27T19:18:58+0300</time>
</trkpt>
<trkpt lat="59.4936133" lon="25.17332">
<ele>37.0</ele>
<time>2026-08-27T19:18:59+0300</time>
</trkpt>
<trkpt lat="59.493665" lon="25.1735">
<ele>36.7</ele>
<time>2026-08-27T19:19:00+0300</time>
</trkpt>
<trkpt lat="59.4937217" lon="25.1736583">
<ele>36.1</ele>
<time>2026-08-27T19:19:01+0300</time>
</trkpt>
<trkpt lat="59.493785" lon="25.1738">
<ele>36.1</ele>
<time>2026-08-27T19:19:02+0300</time>
</trkpt>
<trkpt lat="59.49385" lon="25.1739383">
<ele>36.2</ele>
<time>2026-08-27T19:19:03+0300</time>
</trkpt>
<trkpt lat="59.493915" lon="25.17409">
<ele>36.4</ele>
<time>2026-08-27T19:19:04+0300</time>
</trkpt>
<trkpt lat="59.4939767" lon="25.1742633">
<ele>36.9</ele>
<time>2026-08-27T19:19:05+0300</time>
</trkpt>
<trkpt lat="59.4940367" lon="25.17444">
<ele>38.0</ele>
<time>2026-08-27T19:19:06+0300</time>
</trkpt>
<trkpt lat="59.4941033" lon="25.1746067">
<ele>39.3</ele>
<time>2026-08-27T19:19:07+0300</time>
</trkpt>
<trkpt lat="59.4941817" lon="25.17474">
<ele>40.6</ele>
<time>2026-08-27T19:19:08+0300</time>
</trkpt>
<trkpt lat="59.49427" lon="25.17484">
<ele>41.3</ele>
<time>2026-08-27T19:19:09+0300</time>
</trkpt>
<trkpt lat="59.494365" lon="25.1749133">
<ele>42.0</ele>
<time>2026-08-27T19:19:10+0300</time>
</trkpt>
<trkpt lat="59.4944667" lon="25.1749783">
<ele>43.0</ele>
<time>2026-08-27T19:19:11+0300</time>
</trkpt>
<trkpt lat="59.4945667" lon="25.175045">
<ele>43.7</ele>
<time>2026-08-27T19:19:12+0300</time>
</trkpt>
<trkpt lat="59.4946667" lon="25.1751133">
<ele>44.8</ele>
<time>2026-08-27T19:19:13+0300</time>
</trkpt>
<trkpt lat="59.4947633" lon="25.1751667">
<ele>44.8</ele>
<time>2026-08-27T19:19:14+0300</time>
</trkpt>
<trkpt lat="59.4948683" lon="25.175195">
<ele>46.5</ele>
<time>2026-08-27T19:19:15+0300</time>
</trkpt>
<trkpt lat="59.4949783" lon="25.1751717">
<ele>47.4</ele>
<time>2026-08-27T19:19:16+0300</time>
</trkpt>
<trkpt lat="59.49508" lon="25.1750883">
<ele>47.4</ele>
<time>2026-08-27T19:19:17+0300</time>
</trkpt>
<trkpt lat="59.4951783" lon="25.1749517">
<ele>47.3</ele>
<time>2026-08-27T19:19:18+0300</time>
</trkpt>
<trkpt lat="59.4952683" lon="25.1747883">
<ele>46.8</ele>
<time>2026-08-27T19:19:19+0300</time>
</trkpt>
<trkpt lat="59.4953633" lon="25.1746333">
<ele>47.4</ele>
<time>2026-08-27T19:19:20+0300</time>
</trkpt>
<trkpt lat="59.4954617" lon="25.17451">
<ele>48.6</ele>
<time>2026-08-27T19:19:21+0300</time>
</trkpt>
<trkpt lat="59.49556" lon="25.17441">
<ele>49.8</ele>
<time>2026-08-27T19:19:22+0300</time>
</trkpt>
<trkpt lat="59.4956567" lon="25.17433">
<ele>49.8</ele>
<time>2026-08-27T19:19:23+0300</time>
</trkpt>
<trkpt lat="59.4957567" lon="25.174265">
<ele>49.6</ele>
<time>2026-08-27T19:19:24+0300</time>
</trkpt>
<trkpt lat="59.49586" lon="25.1742333">
<ele>48.7</ele>
<time>2026-08-27T19:19:25+0300</time>
</trkpt>
<trkpt lat="59.4959667" lon="25.1742583">
<ele>47.2</ele>
<time>2026-08-27T19:19:26+0300</time>
</trkpt>
<trkpt lat="59.4960667" lon="25.1743567">
<ele>45.2</ele>
<time>2026-08-27T19:19:27+0300</time>
</trkpt>
<trkpt lat="59.496155" lon="25.1745167">
<ele>45.0</ele>
<time>2026-08-27T19:19:28+0300</time>
</trkpt>
<trkpt lat="59.496225" lon="25.1747083">
<ele>45.1</ele>
<time>2026-08-27T19:19:29+0300</time>
</trkpt>
<trkpt lat="59.4962933" lon="25.17489">
<ele>45.6</ele>
<time>2026-08-27T19:19:30+0300</time>
</trkpt>
<trkpt lat="59.4963717" lon="25.1750367">
<ele>46.0</ele>
<time>2026-08-27T19:19:31+0300</time>
</trkpt>
<trkpt lat="59.4964617" lon="25.1751383">
<ele>46.2</ele>
<time>2026-08-27T19:19:32+0300</time>
</trkpt>
<trkpt lat="59.4965617" lon="25.175215">
<ele>46.1</ele>
<time>2026-08-27T19:19:33+0300</time>
</trkpt>
<trkpt lat="59.4966617" lon="25.1752817">
<ele>45.4</ele>
<time>2026-08-27T19:19:34+0300</time>
</trkpt>
<trkpt lat="59.4967633" lon="25.1753383">
<ele>45.1</ele>
<time>2026-08-27T19:19:35+0300</time>
</trkpt>
<trkpt lat="59.4968633" lon="25.1753917">
<ele>44.3</ele>
<time>2026-08-27T19:19:36+0300</time>
</trkpt>
<trkpt lat="59.4969633" lon="25.1754567">
<ele>44.0</ele>
<time>2026-08-27T19:19:37+0300</time>
</trkpt>
<trkpt lat="59.4970567" lon="25.1755383">
<ele>42.0</ele>
<time>2026-08-27T19:19:38+0300</time>
</trkpt>
<trkpt lat="59.4971433" lon="25.1756517">
<ele>39.9</ele>
<time>2026-08-27T19:19:39+0300</time>
</trkpt>
<trkpt lat="59.49722" lon="25.1757983">
<ele>38.9</ele>
<time>2026-08-27T19:19:40+0300</time>
</trkpt>
<trkpt lat="59.4972883" lon="25.1759617">
<ele>38.4</ele>
<time>2026-08-27T19:19:41+0300</time>
</trkpt>
<trkpt lat="59.497355" lon="25.1761183">
<ele>38.5</ele>
<time>2026-08-27T19:19:42+0300</time>
</trkpt>
<trkpt lat="59.4974283" lon="25.1762567">
<ele>38.8</ele>
<time>2026-08-27T19:19:43+0300</time>
</trkpt>
<trkpt lat="59.4975117" lon="25.1763817">
<ele>38.9</ele>
<time>2026-08-27T19:19:44+0300</time>
</trkpt>
<trkpt lat="59.4976033" lon="25.1764967">
<ele>39.2</ele>
<time>2026-08-27T19:19:45+0300</time>
</trkpt>
<trkpt lat="59.4977033" lon="25.1766017">
<ele>39.5</ele>
<time>2026-08-27T19:19:46+0300</time>
</trkpt>
<trkpt lat="59.49781" lon="25.1766733">
<ele>39.5</ele>
<time>2026-08-27T19:19:47+0300</time>
</trkpt>
<trkpt lat="59.497925" lon="25.1767167">
<ele>39.4</ele>
<time>2026-08-27T19:19:48+0300</time>
</trkpt>
<trkpt lat="59.4980383" lon="25.176735">
<ele>40.0</ele>
<time>2026-08-27T19:19:49+0300</time>
</trkpt>
<trkpt lat="59.4981517" lon="25.1767483">
<ele>40.5</ele>
<time>2026-08-27T19:19:50+0300</time>
</trkpt>
<trkpt lat="59.498255" lon="25.1767683">
<ele>40.5</ele>
<time>2026-08-27T19:19:51+0300</time>
</trkpt>
<trkpt lat="59.4983583" lon="25.1768067">
<ele>40.6</ele>
<time>2026-08-27T19:19:52+0300</time>
</trkpt>
<trkpt lat="59.4984583" lon="25.1768583">
<ele>40.7</ele>
<time>2026-08-27T19:19:53+0300</time>
</trkpt>
<trkpt lat="59.4985633" lon="25.1769183">
<ele>41.0</ele>
<time>2026-08-27T19:19:54+0300</time>
</trkpt>
<trkpt lat="59.4986733" lon="25.1769583">
<ele>41.3</ele>
<time>2026-08-27T19:19:55+0300</time>
</trkpt>
<trkpt lat="59.4987883" lon="25.176935">
<ele>41.0</ele>
<time>2026-08-27T19:19:56+0300</time>
</trkpt>
<trkpt lat="59.4988967" lon="25.1768267">
<ele>40.3</ele>
<time>2026-08-27T19:19:57+0300</time>
</trkpt>
<trkpt lat="59.49899" lon="25.1766583">
<ele>40.9</ele>
<time>2026-08-27T19:19:58+0300</time>
</trkpt>
<trkpt lat="59.4990717" lon="25.1764717">
<ele>42.1</ele>
<time>2026-08-27T19:19:59+0300</time>
</trkpt>
<trkpt lat="59.4991433" lon="25.1762967">
<ele>43.8</ele>
<time>2026-08-27T19:20:00+0300</time>
</trkpt>
<trkpt lat="59.4992083" lon="25.176135">
<ele>45.2</ele>
<time>2026-08-27T19:20:01+0300</time>
</trkpt>
<trkpt lat="59.4992717" lon="25.1759767">
<ele>46.4</ele>
<time>2026-08-27T19:20:02+0300</time>
</trkpt>
<trkpt lat="59.4993333" lon="25.1758133">
<ele>47.4</ele>
<time>2026-08-27T19:20:03+0300</time>
</trkpt>
<trkpt lat="59.4994017" lon="25.175645">
<ele>48.1</ele>
<time>2026-08-27T19:20:04+0300</time>
</trkpt>
<trkpt lat="59.49948" lon="25.1754767">
<ele>48.4</ele>
<time>2026-08-27T19:20:05+0300</time>
</trkpt>
<trkpt lat="59.4995667" lon="25.1753233">
<ele>48.8</ele>
<time>2026-08-27T19:20:06+0300</time>
</trkpt>
<trkpt lat="59.499665" lon="25.17522">
<ele>49.9</ele>
<time>2026-08-27T19:20:07+0300</time>
</trkpt>
<trkpt lat="59.4997717" lon="25.17517">
<ele>50.7</ele>
<time>2026-08-27T19:20:08+0300</time>
</trkpt>
<trkpt lat="59.499885" lon="25.1751883">
<ele>51.1</ele>
<time>2026-08-27T19:20:09+0300</time>
</trkpt>
<trkpt lat="59.4999883" lon="25.175275">
<ele>50.7</ele>
<time>2026-08-27T19:20:10+0300</time>
</trkpt>
<trkpt lat="59.5000867" lon="25.1754">
<ele>51.3</ele>
<time>2026-08-27T19:20:11+0300</time>
</trkpt>
<trkpt lat="59.50017" lon="25.1755383">
<ele>51.7</ele>
<time>2026-08-27T19:20:12+0300</time>
</trkpt>
<trkpt lat="59.5002467" lon="25.175675">
<ele>51.9</ele>
<time>2026-08-27T19:20:13+0300</time>
</trkpt>
<trkpt lat="59.5003233" lon="25.1757967">
<ele>52.1</ele>
<time>2026-08-27T19:20:14+0300</time>
</trkpt>
<trkpt lat="59.500405" lon="25.1759133">
<ele>52.2</ele>
<time>2026-08-27T19:20:15+0300</time>
</trkpt>
<trkpt lat="59.50049" lon="25.1760433">
<ele>52.0</ele>
<time>2026-08-27T19:20:16+0300</time>
</trkpt>
<trkpt lat="59.5005683" lon="25.1761967">
<ele>51.4</ele>
<time>2026-08-27T19:20:17+0300</time>
</trkpt>
<trkpt lat="59.50064" lon="25.17637">
<ele>50.9</ele>
<time>2026-08-27T19:20:18+0300</time>
</trkpt>
<trkpt lat="59.500705" lon="25.17655">
<ele>50.7</ele>
<time>2026-08-27T19:20:19+0300</time>
</trkpt>
<trkpt lat="59.5007683" lon="25.1767233">
<ele>50.7</ele>
<time>2026-08-27T19:20:20+0300</time>
</trkpt>
<trkpt lat="59.500835" lon="25.1768817">
<ele>50.7</ele>
<time>2026-08-27T19:20:21+0300</time>
</trkpt>
<trkpt lat="59.5009067" lon="25.177025">
<ele>50.8</ele>
<time>2026-08-27T19:20:22+0300</time>
</trkpt>
<trkpt lat="59.5009817" lon="25.1771667">
<ele>50.8</ele>
<time>2026-08-27T19:20:23+0300</time>
</trkpt>
<trkpt lat="59.5010633" lon="25.1773183">
<ele>51.5</ele>
<time>2026-08-27T19:20:24+0300</time>
</trkpt>
<trkpt lat="59.50114" lon="25.177475">
<ele>52.4</ele>
<time>2026-08-27T19:20:25+0300</time>
</trkpt>
<trkpt lat="59.5012167" lon="25.177615">
<ele>53.3</ele>
<time>2026-08-27T19:20:26+0300</time>
</trkpt>
<trkpt lat="59.5013033" lon="25.1777167">
<ele>54.1</ele>
<time>2026-08-27T19:20:27+0300</time>
</trkpt>
<trkpt lat="59.5014017" lon="25.1777583">
<ele>54.0</ele>
<time>2026-08-27T19:20:28+0300</time>
</trkpt>
<trkpt lat="59.5015167" lon="25.1777167">
<ele>53.5</ele>
<time>2026-08-27T19:20:29+0300</time>
</trkpt>
<trkpt lat="59.5016283" lon="25.1776033">
<ele>53.2</ele>
<time>2026-08-27T19:20:30+0300</time>
</trkpt>
<trkpt lat="59.501725" lon="25.177435">
<ele>53.1</ele>
<time>2026-08-27T19:20:31+0300</time>
</trkpt>
<trkpt lat="59.5018017" lon="25.17724">
<ele>54.0</ele>
<time>2026-08-27T19:20:32+0300</time>
</trkpt>
<trkpt lat="59.50187" lon="25.1770533">
<ele>55.6</ele>
<time>2026-08-27T19:20:33+0300</time>
</trkpt>
<trkpt lat="59.50194" lon="25.1769">
<ele>56.2</ele>
<time>2026-08-27T19:20:34+0300</time>
</trkpt>
<trkpt lat="59.5020217" lon="25.17677">
<ele>56.5</ele>
<time>2026-08-27T19:20:35+0300</time>
</trkpt>
<trkpt lat="59.5021167" lon="25.1766533">
<ele>56.1</ele>
<time>2026-08-27T19:20:36+0300</time>
</trkpt>
<trkpt lat="59.5022183" lon="25.1765467">
<ele>56.0</ele>
<time>2026-08-27T19:20:37+0300</time>
</trkpt>
<trkpt lat="59.50233" lon="25.176465">
<ele>55.5</ele>
<time>2026-08-27T19:20:38+0300</time>
</trkpt>
<trkpt lat="59.502445" lon="25.1764267">
<ele>54.8</ele>
<time>2026-08-27T19:20:39+0300</time>
</trkpt>
<trkpt lat="59.50256" lon="25.1764517">
<ele>55.2</ele>
<time>2026-08-27T19:20:40+0300</time>
</trkpt>
<trkpt lat="59.5026633" lon="25.1765283">
<ele>55.8</ele>
<time>2026-08-27T19:20:41+0300</time>
</trkpt>
<trkpt lat="59.50276" lon="25.1766267">
<ele>55.9</ele>
<time>2026-08-27T19:20:42+0300</time>
</trkpt>
<trkpt lat="59.50286" lon="25.17672">
<ele>57.0</ele>
<time>2026-08-27T19:20:43+0300</time>
</trkpt>
<trkpt lat="59.5029617" lon="25.1768">
<ele>57.4</ele>
<time>2026-08-27T19:20:44+0300</time>
</trkpt>
<trkpt lat="59.503065" lon="25.1768683">
<ele>57.7</ele>
<time>2026-08-27T19:20:45+0300</time>
</trkpt>
<trkpt lat="59.5031667" lon="25.1769367">
<ele>57.9</ele>
<time>2026-08-27T19:20:46+0300</time>
</trkpt>
<trkpt lat="59.5032717" lon="25.17702">
<ele>58.9</ele>
<time>2026-08-27T19:20:47+0300</time>
</trkpt>
<trkpt lat="59.5033767" lon="25.1771167">
<ele>60.2</ele>
<time>2026-08-27T19:20:48+0300</time>
</trkpt>
<trkpt lat="59.5034767" lon="25.17721">
<ele>60.5</ele>
<time>2026-08-27T19:20:49+0300</time>
</trkpt>
<trkpt lat="59.503585" lon="25.1772917">
<ele>60.9</ele>
<time>2026-08-27T19:20:50+0300</time>
</trkpt>
<trkpt lat="59.5036867" lon="25.1773583">
<ele>61.0</ele>
<time>2026-08-27T19:20:51+0300</time>
</trkpt>
<trkpt lat="59.50379" lon="25.1774017">
<ele>61.2</ele>
<time>2026-08-27T19:20:52+0300</time>
</trkpt>
<trkpt lat="59.5038983" lon="25.1774117">
<ele>61.5</ele>
<time>2026-08-27T19:20:53+0300</time>
</trkpt>
<trkpt lat="59.5040067" lon="25.1773583">
<ele>62.2</ele>
<time>2026-08-27T19:20:54+0300</time>
</trkpt>
<trkpt lat="59.504105" lon="25.177215">
<ele>61.2</ele>
<time>2026-08-27T19:20:55+0300</time>
</trkpt>
<trkpt lat="59.5041917" lon="25.1770183">
<ele>60.8</ele>
<time>2026-08-27T19:20:56+0300</time>
</trkpt>
<trkpt lat="59.5042683" lon="25.1768">
<ele>60.8</ele>
<time>2026-08-27T19:20:57+0300</time>
</trkpt>
<trkpt lat="59.504355" lon="25.1766267">
<ele>60.6</ele>
<time>2026-08-27T19:20:58+0300</time>
</trkpt>
<trkpt lat="59.5044583" lon="25.1765567">
<ele>59.8</ele>
<time>2026-08-27T19:20:59+0300</time>
</trkpt>
<trkpt lat="59.5045667" lon="25.176585">
<ele>56.1</ele>
<time>2026-08-27T19:21:00+0300</time>
</trkpt>
<trkpt lat="59.504665" lon="25.1766733">
<ele>52.0</ele>
<time>2026-08-27T19:21:01+0300</time>
</trkpt>
<trkpt lat="59.5047633" lon="25.1768067">
<ele>50.2</ele>
<time>2026-08-27T19:21:02+0300</time>
</trkpt>
<trkpt lat="59.5048617" lon="25.1769267">
<ele>50.0</ele>
<time>2026-08-27T19:21:03+0300</time>
</trkpt>
<trkpt lat="59.504965" lon="25.1770017">
<ele>51.2</ele>
<time>2026-08-27T19:21:04+0300</time>
</trkpt>
<trkpt lat="59.5050683" lon="25.17703">
<ele>51.5</ele>
<time>2026-08-27T19:21:05+0300</time>
</trkpt>
<trkpt lat="59.5051683" lon="25.1770233">
<ele>51.3</ele>
<time>2026-08-27T19:21:06+0300</time>
</trkpt>
<trkpt lat="59.5052717" lon="25.1770117">
<ele>51.2</ele>
<time>2026-08-27T19:21:07+0300</time>
</trkpt>
<trkpt lat="59.5053733" lon="25.1770283">
<ele>51.3</ele>
<time>2026-08-27T19:21:08+0300</time>
</trkpt>
<trkpt lat="59.50547" lon="25.1770933">
<ele>50.2</ele>
<time>2026-08-27T19:21:09+0300</time>
</trkpt>
<trkpt lat="59.5055683" lon="25.1771933">
<ele>50.6</ele>
<time>2026-08-27T19:21:10+0300</time>
</trkpt>
<trkpt lat="59.5056667" lon="25.1772983">
<ele>50.1</ele>
<time>2026-08-27T19:21:11+0300</time>
</trkpt>
<trkpt lat="59.5057767" lon="25.1773667">
<ele>50.1</ele>
<time>2026-08-27T19:21:12+0300</time>
</trkpt>
<trkpt lat="59.505895" lon="25.1773867">
<ele>49.6</ele>
<time>2026-08-27T19:21:13+0300</time>
</trkpt>
<trkpt lat="59.5060133" lon="25.1773583">
<ele>49.6</ele>
<time>2026-08-27T19:21:14+0300</time>
</trkpt>
<trkpt lat="59.506125" lon="25.177295">
<ele>49.8</ele>
<time>2026-08-27T19:21:15+0300</time>
</trkpt>
<trkpt lat="59.506225" lon="25.1772067">
<ele>49.2</ele>
<time>2026-08-27T19:21:16+0300</time>
</trkpt>
<trkpt lat="59.50632" lon="25.1770967">
<ele>48.9</ele>
<time>2026-08-27T19:21:17+0300</time>
</trkpt>
<trkpt lat="59.506405" lon="25.176955">
<ele>48.4</ele>
<time>2026-08-27T19:21:18+0300</time>
</trkpt>
<trkpt lat="59.506475" lon="25.1767733">
<ele>47.7</ele>
<time>2026-08-27T19:21:19+0300</time>
</trkpt>
<trkpt lat="59.50652" lon="25.1765517">
<ele>44.9</ele>
<time>2026-08-27T19:21:20+0300</time>
</trkpt>
<trkpt lat="59.5065517" lon="25.1763133">
<ele>43.1</ele>
<time>2026-08-27T19:21:21+0300</time>
</trkpt>
<trkpt lat="59.506585" lon="25.17608">
<ele>42.8</ele>
<time>2026-08-27T19:21:22+0300</time>
</trkpt>
<trkpt lat="59.5066283" lon="25.1758633">
<ele>42.7</ele>
<time>2026-08-27T19:21:23+0300</time>
</trkpt>
<trkpt lat="59.50668" lon="25.1756617">
<ele>42.3</ele>
<time>2026-08-27T19:21:24+0300</time>
</trkpt>
<trkpt lat="59.5067383" lon="25.1754667">
<ele>42.5</ele>
<time>2026-08-27T19:21:25+0300</time>
</trkpt>
<trkpt lat="59.5068033" lon="25.175275">
<ele>42.4</ele>
<time>2026-08-27T19:21:26+0300</time>
</trkpt>
<trkpt lat="59.5068717" lon="25.1750867">
<ele>42.5</ele>
<time>2026-08-27T19:21:27+0300</time>
</trkpt>
<trkpt lat="59.5069483" lon="25.1749183">
<ele>42.1</ele>
<time>2026-08-27T19:21:28+0300</time>
</trkpt>
<trkpt lat="59.5070433" lon="25.17479">
<ele>41.4</ele>
<time>2026-08-27T19:21:29+0300</time>
</trkpt>
<trkpt lat="59.5071517" lon="25.1747167">
<ele>40.8</ele>
<time>2026-08-27T19:21:30+0300</time>
</trkpt>
<trkpt lat="59.5072667" lon="25.17469">
<ele>40.1</ele>
<time>2026-08-27T19:21:31+0300</time>
</trkpt>
<trkpt lat="59.5073783" lon="25.1746583">
<ele>39.9</ele>
<time>2026-08-27T19:21:32+0300</time>
</trkpt>
<trkpt lat="59.507485" lon="25.1746017">
<ele>39.6</ele>
<time>2026-08-27T19:21:33+0300</time>
</trkpt>
<trkpt lat="59.5075833" lon="25.1745017">
<ele>39.4</ele>
<time>2026-08-27T19:21:34+0300</time>
</trkpt>
<trkpt lat="59.50766" lon="25.174335">
<ele>39.2</ele>
<time>2026-08-27T19:21:35+0300</time>
</trkpt>
<trkpt lat="59.5077167" lon="25.1741183">
<ele>38.8</ele>
<time>2026-08-27T19:21:36+0300</time>
</trkpt>
<trkpt lat="59.507765" lon="25.1738933">
<ele>39.5</ele>
<time>2026-08-27T19:21:37+0300</time>
</trkpt>
<trkpt lat="59.50782" lon="25.1736883">
<ele>40.5</ele>
<time>2026-08-27T19:21:38+0300</time>
</trkpt>
<trkpt lat="59.5078983" lon="25.1735367">
<ele>40.8</ele>
<time>2026-08-27T19:21:39+0300</time>
</trkpt>
<trkpt lat="59.5080017" lon="25.1734467">
<ele>40.8</ele>
<time>2026-08-27T19:21:40+0300</time>
</trkpt>
<trkpt lat="59.508125" lon="25.1734317">
<ele>39.5</ele>
<time>2026-08-27T19:21:41+0300</time>
</trkpt>
<trkpt lat="59.5082533" lon="25.17347">
<ele>40.1</ele>
<time>2026-08-27T19:21:42+0300</time>
</trkpt>
<trkpt lat="59.5083733" lon="25.1735117">
<ele>40.8</ele>
<time>2026-08-27T19:21:43+0300</time>
</trkpt>
<trkpt lat="59.5084833" lon="25.173515">
<ele>42.1</ele>
<time>2026-08-27T19:21:44+0300</time>
</trkpt>
<trkpt lat="59.50859" lon="25.173475">
<ele>43.7</ele>
<time>2026-08-27T19:21:45+0300</time>
</trkpt>
<trkpt lat="59.5086883" lon="25.1733867">
<ele>44.3</ele>
<time>2026-08-27T19:21:46+0300</time>
</trkpt>
<trkpt lat="59.5087783" lon="25.173245">
<ele>45.4</ele>
<time>2026-08-27T19:21:47+0300</time>
</trkpt>
<trkpt lat="59.5088417" lon="25.173045">
<ele>45.4</ele>
<time>2026-08-27T19:21:48+0300</time>
</trkpt>
<trkpt lat="59.5088783" lon="25.17281">
<ele>47.1</ele>
<time>2026-08-27T19:21:49+0300</time>
</trkpt>
<trkpt lat="59.5088633" lon="25.1725683">
<ele>46.9</ele>
<time>2026-08-27T19:21:50+0300</time>
</trkpt>
<trkpt lat="59.5088067" lon="25.1723433">
<ele>45.7</ele>
<time>2026-08-27T19:21:51+0300</time>
</trkpt>
<trkpt lat="59.508735" lon="25.1721533">
<ele>45.5</ele>
<time>2026-08-27T19:21:52+0300</time>
</trkpt>
<trkpt lat="59.5086683" lon="25.171975">
<ele>45.3</ele>
<time>2026-08-27T19:21:53+0300</time>
</trkpt>
<trkpt lat="59.5086267" lon="25.1717867">
<ele>44.8</ele>
<time>2026-08-27T19:21:54+0300</time>
</trkpt>
<trkpt lat="59.508625" lon="25.1715783">
<ele>44.7</ele>
<time>2026-08-27T19:21:55+0300</time>
</trkpt>
<trkpt lat="59.508665" lon="25.17136">
<ele>44.1</ele>
<time>2026-08-27T19:21:56+0300</time>
</trkpt>
<trkpt lat="59.5087517" lon="25.1711783">
<ele>43.8</ele>
<time>2026-08-27T19:21:57+0300</time>
</trkpt>
<trkpt lat="59.5088583" lon="25.1710267">
<ele>42.2</ele>
<time>2026-08-27T19:21:58+0300</time>
</trkpt>
<trkpt lat="59.5089817" lon="25.1709567">
<ele>41.8</ele>
<time>2026-08-27T19:21:59+0300</time>
</trkpt>
<trkpt lat="59.5091033" lon="25.17095">
<ele>42.3</ele>
<time>2026-08-27T19:22:00+0300</time>
</trkpt>
<trkpt lat="59.5092133" lon="25.1709617">
<ele>43.8</ele>
<time>2026-08-27T19:22:01+0300</time>
</trkpt>
<trkpt lat="59.5093183" lon="25.17097">
<ele>44.8</ele>
<time>2026-08-27T19:22:02+0300</time>
</trkpt>
<trkpt lat="59.5094233" lon="25.1709583">
<ele>45.9</ele>
<time>2026-08-27T19:22:03+0300</time>
</trkpt>
<trkpt lat="59.5095267" lon="25.170905">
<ele>46.5</ele>
<time>2026-08-27T19:22:04+0300</time>
</trkpt>
<trkpt lat="59.5096333" lon="25.170795">
<ele>47.6</ele>
<time>2026-08-27T19:22:05+0300</time>
</trkpt>
<trkpt lat="59.5097383" lon="25.17063">
<ele>52.1</ele>
<time>2026-08-27T19:22:06+0300</time>
</trkpt>
<trkpt lat="59.5098067" lon="25.1704033">
<ele>52.5</ele>
<time>2026-08-27T19:22:07+0300</time>
</trkpt>
<trkpt lat="59.509845" lon="25.1701633">
<ele>52.0</ele>
<time>2026-08-27T19:22:08+0300</time>
</trkpt>
<trkpt lat="59.5098617" lon="25.16993">
<ele>51.9</ele>
<time>2026-08-27T19:22:09+0300</time>
</trkpt>
<trkpt lat="59.5098717" lon="25.169715">
<ele>52.3</ele>
<time>2026-08-27T19:22:10+0300</time>
</trkpt>
<trkpt lat="59.5098783" lon="25.1695133">
<ele>52.1</ele>
<time>2026-08-27T19:22:11+0300</time>
</trkpt>
<trkpt lat="59.5098883" lon="25.169315">
<ele>52.1</ele>
<time>2026-08-27T19:22:12+0300</time>
</trkpt>
<trkpt lat="59.5099017" lon="25.1691117">
<ele>51.3</ele>
<time>2026-08-27T19:22:13+0300</time>
</trkpt>
<trkpt lat="59.5099017" lon="25.1688983">
<ele>50.5</ele>
<time>2026-08-27T19:22:14+0300</time>
</trkpt>
<trkpt lat="59.5098667" lon="25.16869">
<ele>50.1</ele>
<time>2026-08-27T19:22:15+0300</time>
</trkpt>
<trkpt lat="59.5097883" lon="25.1684983">
<ele>49.5</ele>
<time>2026-08-27T19:22:16+0300</time>
</trkpt>
<trkpt lat="59.5096767" lon="25.1683567">
<ele>50.0</ele>
<time>2026-08-27T19:22:17+0300</time>
</trkpt>
<trkpt lat="59.5095617" lon="25.1682483">
<ele>51.4</ele>
<time>2026-08-27T19:22:18+0300</time>
</trkpt>
<trkpt lat="59.5094633" lon="25.1681517">
<ele>53.1</ele>
<time>2026-08-27T19:22:19+0300</time>
</trkpt>
<trkpt lat="59.509385" lon="25.1680167">
<ele>54.0</ele>
<time>2026-08-27T19:22:20+0300</time>
</trkpt>
<trkpt lat="59.509335" lon="25.1678417">
<ele>54.1</ele>
<time>2026-08-27T19:22:21+0300</time>
</trkpt>
<trkpt lat="59.5093017" lon="25.1676317">
<ele>54.0</ele>
<time>2026-08-27T19:22:22+0300</time>
</trkpt>
<trkpt lat="59.509285" lon="25.1674">
<ele>53.9</ele>
<time>2026-08-27T19:22:23+0300</time>
</trkpt>
<trkpt lat="59.5092883" lon="25.1671617">
<ele>53.8</ele>
<time>2026-08-27T19:22:24+0300</time>
</trkpt>
<trkpt lat="59.5093267" lon="25.16694">
<ele>53.9</ele>
<time>2026-08-27T19:22:25+0300</time>
</trkpt>
<trkpt lat="59.5093983" lon="25.1667583">
<ele>53.4</ele>
<time>2026-08-27T19:22:26+0300</time>
</trkpt>
<trkpt lat="59.509495" lon="25.1666">
<ele>53.4</ele>
<time>2026-08-27T19:22:27+0300</time>
</trkpt>
<trkpt lat="59.5095983" lon="25.166455">
<ele>55.1</ele>
<time>2026-08-27T19:22:28+0300</time>
</trkpt>
<trkpt lat="59.509685" lon="25.1662967">
<ele>56.2</ele>
<time>2026-08-27T19:22:29+0300</time>
</trkpt>
<trkpt lat="59.50975" lon="25.1661067">
<ele>56.9</ele>
<time>2026-08-27T19:22:30+0300</time>
</trkpt>
<trkpt lat="59.5098017" lon="25.1659017">
<ele>56.9</ele>
<time>2026-08-27T19:22:31+0300</time>
</trkpt>
<trkpt lat="59.50985" lon="25.16569">
<ele>56.5</ele>
<time>2026-08-27T19:22:32+0300</time>
</trkpt>
<trkpt lat="59.5099117" lon="25.16549">
<ele>56.7</ele>
<time>2026-08-27T19:22:33+0300</time>
</trkpt>
<trkpt lat="59.5099817" lon="25.1653033">
<ele>57.7</ele>
<time>2026-08-27T19:22:34+0300</time>
</trkpt>
<trkpt lat="59.5100467" lon="25.16511">
<ele>58.7</ele>
<time>2026-08-27T19:22:35+0300</time>
</trkpt>
<trkpt lat="59.5100867" lon="25.1648967">
<ele>59.7</ele>
<time>2026-08-27T19:22:36+0300</time>
</trkpt>
<trkpt lat="59.5100883" lon="25.1646733">
<ele>60.5</ele>
<time>2026-08-27T19:22:37+0300</time>
</trkpt>
<trkpt lat="59.51005" lon="25.164455">
<ele>60.3</ele>
<time>2026-08-27T19:22:38+0300</time>
</trkpt>
<trkpt lat="59.50998" lon="25.1642583">
<ele>60.1</ele>
<time>2026-08-27T19:22:39+0300</time>
</trkpt>
<trkpt lat="59.50989" lon="25.1640783">
<ele>58.6</ele>
<time>2026-08-27T19:22:40+0300</time>
</trkpt>
<trkpt lat="59.509805" lon="25.1639217">
<ele>57.8</ele>
<time>2026-08-27T19:22:41+0300</time>
</trkpt>
<trkpt lat="59.50973" lon="25.1637633">
<ele>57.7</ele>
<time>2026-08-27T19:22:42+0300</time>
</trkpt>
<trkpt lat="59.509665" lon="25.16359">
<ele>57.1</ele>
<time>2026-08-27T19:22:43+0300</time>
</trkpt>
<trkpt lat="59.509605" lon="25.163405">
<ele>56.8</ele>
<time>2026-08-27T19:22:44+0300</time>
</trkpt>
<trkpt lat="59.509535" lon="25.1632167">
<ele>56.2</ele>
<time>2026-08-27T19:22:45+0300</time>
</trkpt>
<trkpt lat="59.5094583" lon="25.16304">
<ele>55.9</ele>
<time>2026-08-27T19:22:46+0300</time>
</trkpt>
<trkpt lat="59.5093833" lon="25.16287">
<ele>55.7</ele>
<time>2026-08-27T19:22:47+0300</time>
</trkpt>
<trkpt lat="59.50932" lon="25.1626933">
<ele>56.0</ele>
<time>2026-08-27T19:22:48+0300</time>
</trkpt>
<trkpt lat="59.5092683" lon="25.1625017">
<ele>56.5</ele>
<time>2026-08-27T19:22:49+0300</time>
</trkpt>
<trkpt lat="59.50922" lon="25.162305">
<ele>56.3</ele>
<time>2026-08-27T19:22:50+0300</time>
</trkpt>
<trkpt lat="59.50917" lon="25.1621067">
<ele>55.9</ele>
<time>2026-08-27T19:22:51+0300</time>
</trkpt>
<trkpt lat="59.5091217" lon="25.161905">
<ele>55.4</ele>
<time>2026-08-27T19:22:52+0300</time>
</trkpt>
<trkpt lat="59.5090817" lon="25.161695">
<ele>55.3</ele>
<time>2026-08-27T19:22:53+0300</time>
</trkpt>
<trkpt lat="59.509055" lon="25.161475">
<ele>55.3</ele>
<time>2026-08-27T19:22:54+0300</time>
</trkpt>
<trkpt lat="59.5090467" lon="25.1612533">
<ele>56.2</ele>
<time>2026-08-27T19:22:55+0300</time>
</trkpt>
<trkpt lat="59.50905" lon="25.1610233">
<ele>56.8</ele>
<time>2026-08-27T19:22:56+0300</time>
</trkpt>
<trkpt lat="59.5090633" lon="25.1607933">
<ele>57.0</ele>
<time>2026-08-27T19:22:57+0300</time>
</trkpt>
<trkpt lat="59.50909" lon="25.16057">
<ele>57.0</ele>
<time>2026-08-27T19:22:58+0300</time>
</trkpt>
<trkpt lat="59.509135" lon="25.16036">
<ele>56.9</ele>
<time>2026-08-27T19:22:59+0300</time>
</trkpt>
<trkpt lat="59.5091983" lon="25.1601683">
<ele>57.2</ele>
<time>2026-08-27T19:23:00+0300</time>
</trkpt>
<trkpt lat="59.509275" lon="25.16">
<ele>57.7</ele>
<time>2026-08-27T19:23:01+0300</time>
</trkpt>
<trkpt lat="59.509365" lon="25.1598483">
<ele>58.4</ele>
<time>2026-08-27T19:23:02+0300</time>
</trkpt>
<trkpt lat="59.50946" lon="25.1597133">
<ele>59.0</ele>
<time>2026-08-27T19:23:03+0300</time>
</trkpt>
<trkpt lat="59.50956" lon="25.159595">
<ele>60.2</ele>
<time>2026-08-27T19:23:04+0300</time>
</trkpt>
<trkpt lat="59.509665" lon="25.1594967">
<ele>61.7</ele>
<time>2026-08-27T19:23:05+0300</time>
</trkpt>
<trkpt lat="59.50977" lon="25.1594133">
<ele>63.0</ele>
<time>2026-08-27T19:23:06+0300</time>
</trkpt>
<trkpt lat="59.5098717" lon="25.1593233">
<ele>63.7</ele>
<time>2026-08-27T19:23:07+0300</time>
</trkpt>
<trkpt lat="59.5099767" lon="25.1592183">
<ele>66.3</ele>
<time>2026-08-27T19:23:08+0300</time>
</trkpt>
<trkpt lat="59.51007" lon="25.1590833">
<ele>68.0</ele>
<time>2026-08-27T19:23:09+0300</time>
</trkpt>
<trkpt lat="59.5101533" lon="25.158925">
<ele>69.5</ele>
<time>2026-08-27T19:23:10+0300</time>
</trkpt>
<trkpt lat="59.5102467" lon="25.1587717">
<ele>74.2</ele>
<time>2026-08-27T19:23:11+0300</time>
</trkpt>
<trkpt lat="59.5103417" lon="25.15862">
<ele>78.3</ele>
<time>2026-08-27T19:23:12+0300</time>
</trkpt>
<trkpt lat="59.5104317" lon="25.158485">
<ele>79.8</ele>
<time>2026-08-27T19:23:13+0300</time>
</trkpt>
<trkpt lat="59.5105267" lon="25.1583733">
<ele>79.9</ele>
<time>2026-08-27T19:23:14+0300</time>
</trkpt>
<trkpt lat="59.5106233" lon="25.1583">
<ele>77.4</ele>
<time>2026-08-27T19:23:15+0300</time>
</trkpt>
<trkpt lat="59.5107267" lon="25.1582633">
<ele>74.5</ele>
<time>2026-08-27T19:23:16+0300</time>
</trkpt>
<trkpt lat="59.51083" lon="25.1582467">
<ele>71.0</ele>
<time>2026-08-27T19:23:17+0300</time>
</trkpt>
<trkpt lat="59.510935" lon="25.158245">
<ele>68.9</ele>
<time>2026-08-27T19:23:18+0300</time>
</trkpt>
<trkpt lat="59.5110417" lon="25.1582517">
<ele>67.2</ele>
<time>2026-08-27T19:23:19+0300</time>
</trkpt>
<trkpt lat="59.5111467" lon="25.1582667">
<ele>66.6</ele>
<time>2026-08-27T19:23:20+0300</time>
</trkpt>
<trkpt lat="59.5112517" lon="25.1582867">
<ele>66.3</ele>
<time>2026-08-27T19:23:21+0300</time>
</trkpt>
<trkpt lat="59.5113533" lon="25.1583033">
<ele>65.6</ele>
<time>2026-08-27T19:23:22+0300</time>
</trkpt>
<trkpt lat="59.51146" lon="25.1583183">
<ele>65.5</ele>
<time>2026-08-27T19:23:23+0300</time>
</trkpt>
<trkpt lat="59.511565" lon="25.1583267">
<ele>64.9</ele>
<time>2026-08-27T19:23:24+0300</time>
</trkpt>
<trkpt lat="59.5116733" lon="25.1583333">
<ele>64.8</ele>
<time>2026-08-27T19:23:25+0300</time>
</trkpt>
<trkpt lat="59.5117817" lon="25.1583367">
<ele>64.7</ele>
<time>2026-08-27T19:23:26+0300</time>
</trkpt>
<trkpt lat="59.51189" lon="25.1583383">
<ele>64.5</ele>
<time>2026-08-27T19:23:27+0300</time>
</trkpt>
<trkpt lat="59.511995" lon="25.158325">
<ele>64.1</ele>
<time>2026-08-27T19:23:28+0300</time>
</trkpt>
<trkpt lat="59.5120983" lon="25.158285">
<ele>64.2</ele>
<time>2026-08-27T19:23:29+0300</time>
</trkpt>
<trkpt lat="59.512205" lon="25.1582167">
<ele>64.5</ele>
<time>2026-08-27T19:23:30+0300</time>
</trkpt>
<trkpt lat="59.5123017" lon="25.1581117">
<ele>64.8</ele>
<time>2026-08-27T19:23:31+0300</time>
</trkpt>
<trkpt lat="59.5124" lon="25.158">
<ele>65.3</ele>
<time>2026-08-27T19:23:32+0300</time>
</trkpt>
<trkpt lat="59.5124983" lon="25.1578883">
<ele>65.8</ele>
<time>2026-08-27T19:23:33+0300</time>
</trkpt>
<trkpt lat="59.5126" lon="25.1578">
<ele>66.2</ele>
<time>2026-08-27T19:23:34+0300</time>
</trkpt>
<trkpt lat="59.5127083" lon="25.1577533">
<ele>66.3</ele>
<time>2026-08-27T19:23:35+0300</time>
</trkpt>
<trkpt lat="59.5128217" lon="25.1577433">
<ele>66.4</ele>
<time>2026-08-27T19:23:36+0300</time>
</trkpt>
<trkpt lat="59.5129333" lon="25.1577583">
<ele>66.4</ele>
<time>2026-08-27T19:23:37+0300</time>
</trkpt>
<trkpt lat="59.5130417" lon="25.1577867">
<ele>66.7</ele>
<time>2026-08-27T19:23:38+0300</time>
</trkpt>
<trkpt lat="59.5131483" lon="25.1578067">
<ele>67.1</ele>
<time>2026-08-27T19:23:39+0300</time>
</trkpt>
<trkpt lat="59.5132567" lon="25.1578067">
<ele>67.6</ele>
<time>2026-08-27T19:23:40+0300</time>
</trkpt>
<trkpt lat="59.5133667" lon="25.1577633">
<ele>68.1</ele>
<time>2026-08-27T19:23:41+0300</time>
</trkpt>
<trkpt lat="59.513465" lon="25.1576617">
<ele>67.1</ele>
<time>2026-08-27T19:23:42+0300</time>
</trkpt>
<trkpt lat="59.5135483" lon="25.15749">
<ele>67.4</ele>
<time>2026-08-27T19:23:43+0300</time>
</trkpt>
<trkpt lat="59.5135983" lon="25.1572617">
<ele>66.5</ele>
<time>2026-08-27T19:23:44+0300</time>
</trkpt>
<trkpt lat="59.5136167" lon="25.1570117">
<ele>65.9</ele>
<time>2026-08-27T19:23:45+0300</time>
</trkpt>
<trkpt lat="59.5136183" lon="25.1567717">
<ele>66.5</ele>
<time>2026-08-27T19:23:46+0300</time>
</trkpt>
<trkpt lat="59.5136233" lon="25.1565533">
<ele>67.4</ele>
<time>2026-08-27T19:23:47+0300</time>
</trkpt>
<trkpt lat="59.5136433" lon="25.1563517">
<ele>67.9</ele>
<time>2026-08-27T19:23:48+0300</time>
</trkpt>
<trkpt lat="59.513685" lon="25.1561517">
<ele>67.7</ele>
<time>2026-08-27T19:23:49+0300</time>
</trkpt>
<trkpt lat="59.5137317" lon="25.1559483">
<ele>68.3</ele>
<time>2026-08-27T19:23:50+0300</time>
</trkpt>
<trkpt lat="59.5137767" lon="25.1557367">
<ele>68.8</ele>
<time>2026-08-27T19:23:51+0300</time>
</trkpt>
<trkpt lat="59.5138233" lon="25.1555267">
<ele>68.9</ele>
<time>2026-08-27T19:23:52+0300</time>
</trkpt>
<trkpt lat="59.513885" lon="25.1553317">
<ele>69.1</ele>
<time>2026-08-27T19:23:53+0300</time>
</trkpt>
<trkpt lat="59.5139683" lon="25.1551733">
<ele>69.5</ele>
<time>2026-08-27T19:23:54+0300</time>
</trkpt>
<trkpt lat="59.51407" lon="25.1550583">
<ele>69.5</ele>
<time>2026-08-27T19:23:55+0300</time>
</trkpt>
<trkpt lat="59.5141867" lon="25.154985">
<ele>69.4</ele>
<time>2026-08-27T19:23:56+0300</time>
</trkpt>
<trkpt lat="59.514305" lon="25.1549367">
<ele>70.0</ele>
<time>2026-08-27T19:23:57+0300</time>
</trkpt>
<trkpt lat="59.514415" lon="25.1548867">
<ele>68.9</ele>
<time>2026-08-27T19:23:58+0300</time>
</trkpt>
<trkpt lat="59.5145233" lon="25.154825">
<ele>69.6</ele>
<time>2026-08-27T19:23:59+0300</time>
</trkpt>
<trkpt lat="59.5146217" lon="25.154725">
<ele>69.5</ele>
<time>2026-08-27T19:24:00+0300</time>
</trkpt>
<trkpt lat="59.5147083" lon="25.15457">
<ele>69.6</ele>
<time>2026-08-27T19:24:01+0300</time>
</trkpt>
<trkpt lat="59.51478" lon="25.1543683">
<ele>72.1</ele>
<time>2026-08-27T19:24:02+0300</time>
</trkpt>
<trkpt lat="59.514815" lon="25.15413">
<ele>71.6</ele>
<time>2026-08-27T19:24:03+0300</time>
</trkpt>
<trkpt lat="59.5148317" lon="25.1538883">
<ele>71.6</ele>
<time>2026-08-27T19:24:04+0300</time>
</trkpt>
<trkpt lat="59.5148367" lon="25.1536483">
<ele>70.9</ele>
<time>2026-08-27T19:24:05+0300</time>
</trkpt>
<trkpt lat="59.514855" lon="25.1534283">
<ele>70.7</ele>
<time>2026-08-27T19:24:06+0300</time>
</trkpt>
<trkpt lat="59.5149" lon="25.153235">
<ele>70.4</ele>
<time>2026-08-27T19:24:07+0300</time>
</trkpt>
<trkpt lat="59.51498" lon="25.1530717">
<ele>70.3</ele>
<time>2026-08-27T19:24:08+0300</time>
</trkpt>
<trkpt lat="59.51509" lon="25.1529467">
<ele>69.8</ele>
<time>2026-08-27T19:24:09+0300</time>
</trkpt>
<trkpt lat="59.51522" lon="25.15287">
<ele>69.0</ele>
<time>2026-08-27T19:24:10+0300</time>
</trkpt>
<trkpt lat="59.5153517" lon="25.1528533">
<ele>68.8</ele>
<time>2026-08-27T19:24:11+0300</time>
</trkpt>
<trkpt lat="59.515475" lon="25.1528667">
<ele>70.2</ele>
<time>2026-08-27T19:24:12+0300</time>
</trkpt>
<trkpt lat="59.515585" lon="25.152875">
<ele>70.1</ele>
<time>2026-08-27T19:24:13+0300</time>
</trkpt>
<trkpt lat="59.51569" lon="25.152855">
<ele>70.8</ele>
<time>2026-08-27T19:24:14+0300</time>
</trkpt>
<trkpt lat="59.5157933" lon="25.1527867">
<ele>70.4</ele>
<time>2026-08-27T19:24:15+0300</time>
</trkpt>
<trkpt lat="59.5158883" lon="25.1526667">
<ele>69.5</ele>
<time>2026-08-27T19:24:16+0300</time>
</trkpt>
<trkpt lat="59.51597" lon="25.1524883">
<ele>69.3</ele>
<time>2026-08-27T19:24:17+0300</time>
</trkpt>
<trkpt lat="59.51603" lon="25.152265">
<ele>69.6</ele>
<time>2026-08-27T19:24:18+0300</time>
</trkpt>
<trkpt lat="59.5160733" lon="25.152035">
<ele>70.3</ele>
<time>2026-08-27T19:24:19+0300</time>
</trkpt>
<trkpt lat="59.5161133" lon="25.15181">
<ele>70.3</ele>
<time>2026-08-27T19:24:20+0300</time>
</trkpt>
<trkpt lat="59.5161667" lon="25.1516083">
<ele>69.9</ele>
<time>2026-08-27T19:24:21+0300</time>
</trkpt>
<trkpt lat="59.51624" lon="25.1514367">
<ele>71.6</ele>
<time>2026-08-27T19:24:22+0300</time>
</trkpt>
<trkpt lat="59.5163167" lon="25.15127">
<ele>73.9</ele>
<time>2026-08-27T19:24:23+0300</time>
</trkpt>
<trkpt lat="59.5163767" lon="25.15108">
<ele>74.4</ele>
<time>2026-08-27T19:24:24+0300</time>
</trkpt>
<trkpt lat="59.5164183" lon="25.1508667">
<ele>74.3</ele>
<time>2026-08-27T19:24:25+0300</time>
</trkpt>
<trkpt lat="59.51644" lon="25.1506367">
<ele>73.4</ele>
<time>2026-08-27T19:24:26+0300</time>
</trkpt>
<trkpt lat="59.5164533" lon="25.1503967">
<ele>72.4</ele>
<time>2026-08-27T19:24:27+0300</time>
</trkpt>
<trkpt lat="59.5164833" lon="25.1501783">
<ele>71.9</ele>
<time>2026-08-27T19:24:28+0300</time>
</trkpt>
<trkpt lat="59.5165383" lon="25.149985">
<ele>71.6</ele>
<time>2026-08-27T19:24:29+0300</time>
</trkpt>
<trkpt lat="59.5166267" lon="25.1498367">
<ele>71.7</ele>
<time>2026-08-27T19:24:30+0300</time>
</trkpt>
<trkpt lat="59.5167333" lon="25.1497317">
<ele>71.2</ele>
<time>2026-08-27T19:24:31+0300</time>
</trkpt>
<trkpt lat="59.516855" lon="25.14968">
<ele>70.2</ele>
<time>2026-08-27T19:24:32+0300</time>
</trkpt>
<trkpt lat="59.516985" lon="25.1496567">
<ele>70.1</ele>
<time>2026-08-27T19:24:33+0300</time>
</trkpt>
<trkpt lat="59.5171033" lon="25.1496433">
<ele>70.2</ele>
<time>2026-08-27T19:24:34+0300</time>
</trkpt>
<trkpt lat="59.5172217" lon="25.1496283">
<ele>71.2</ele>
<time>2026-08-27T19:24:35+0300</time>
</trkpt>
<trkpt lat="59.5173267" lon="25.1495967">
<ele>70.6</ele>
<time>2026-08-27T19:24:36+0300</time>
</trkpt>
<trkpt lat="59.5174317" lon="25.149555">
<ele>70.1</ele>
<time>2026-08-27T19:24:37+0300</time>
</trkpt>
<trkpt lat="59.5175383" lon="25.149515">
<ele>69.6</ele>
<time>2026-08-27T19:24:38+0300</time>
</trkpt>
<trkpt lat="59.5176483" lon="25.149485">
<ele>68.5</ele>
<time>2026-08-27T19:24:39+0300</time>
</trkpt>
<trkpt lat="59.5177633" lon="25.149475">
<ele>67.9</ele>
<time>2026-08-27T19:24:40+0300</time>
</trkpt>
<trkpt lat="59.5178733" lon="25.1494833">
<ele>67.8</ele>
<time>2026-08-27T19:24:41+0300</time>
</trkpt>
<trkpt lat="59.51798" lon="25.1495017">
<ele>67.8</ele>
<time>2026-08-27T19:24:42+0300</time>
</trkpt>
<trkpt lat="59.5180817" lon="25.1495183">
<ele>68.0</ele>
<time>2026-08-27T19:24:43+0300</time>
</trkpt>
<trkpt lat="59.5181833" lon="25.149525">
<ele>68.4</ele>
<time>2026-08-27T19:24:44+0300</time>
</trkpt>
<trkpt lat="59.5182883" lon="25.1495133">
<ele>69.1</ele>
<time>2026-08-27T19:24:45+0300</time>
</trkpt>
<trkpt lat="59.5183917" lon="25.1494817">
<ele>69.2</ele>
<time>2026-08-27T19:24:46+0300</time>
</trkpt>
<trkpt lat="59.5184983" lon="25.1494333">
<ele>69.2</ele>
<time>2026-08-27T19:24:47+0300</time>
</trkpt>
<trkpt lat="59.518605" lon="25.1493683">
<ele>69.4</ele>
<time>2026-08-27T19:24:48+0300</time>
</trkpt>
<trkpt lat="59.5187067" lon="25.1492783">
<ele>69.6</ele>
<time>2026-08-27T19:24:49+0300</time>
</trkpt>
<trkpt lat="59.5187967" lon="25.14915">
<ele>69.7</ele>
<time>2026-08-27T19:24:50+0300</time>
</trkpt>
<trkpt lat="59.51887" lon="25.1489833">
<ele>69.8</ele>
<time>2026-08-27T19:24:51+0300</time>
</trkpt>
<trkpt lat="59.5189183" lon="25.1487733">
<ele>69.7</ele>
<time>2026-08-27T19:24:52+0300</time>
</trkpt>
<trkpt lat="59.51895" lon="25.1485483">
<ele>69.8</ele>
<time>2026-08-27T19:24:53+0300</time>
</trkpt>
<trkpt lat="59.5189733" lon="25.14832">
<ele>70.0</ele>
<time>2026-08-27T19:24:54+0300</time>
</trkpt>
<trkpt lat="59.5189933" lon="25.1480983">
<ele>69.7</ele>
<time>2026-08-27T19:24:55+0300</time>
</trkpt>
<trkpt lat="59.519015" lon="25.1478883">
<ele>69.4</ele>
<time>2026-08-27T19:24:56+0300</time>
</trkpt>
<trkpt lat="59.51904" lon="25.1476817">
<ele>69.1</ele>
<time>2026-08-27T19:24:57+0300</time>
</trkpt>
<trkpt lat="59.519075" lon="25.1474733">
<ele>68.9</ele>
<time>2026-08-27T19:24:58+0300</time>
</trkpt>
<trkpt lat="59.519125" lon="25.14727">
<ele>68.1</ele>
<time>2026-08-27T19:24:59+0300</time>
</trkpt>
<trkpt lat="59.5191967" lon="25.147095">
<ele>67.8</ele>
<time>2026-08-27T19:25:00+0300</time>
</trkpt>
<trkpt lat="59.5192917" lon="25.14696">
<ele>67.9</ele>
<time>2026-08-27T19:25:01+0300</time>
</trkpt>
<trkpt lat="59.5194067" lon="25.1468683">
<ele>69.4</ele>
<time>2026-08-27T19:25:02+0300</time>
</trkpt>
<trkpt lat="59.5195267" lon="25.14683">
<ele>69.1</ele>
<time>2026-08-27T19:25:03+0300</time>
</trkpt>
<trkpt lat="59.51964" lon="25.1468067">
<ele>69.8</ele>
<time>2026-08-27T19:25:04+0300</time>
</trkpt>
<trkpt lat="59.5197483" lon="25.1467983">
<ele>70.0</ele>
<time>2026-08-27T19:25:05+0300</time>
</trkpt>
<trkpt lat="59.5198533" lon="25.146765">
<ele>69.8</ele>
<time>2026-08-27T19:25:06+0300</time>
</trkpt>
<trkpt lat="59.5199633" lon="25.146725">
<ele>71.0</ele>
<time>2026-08-27T19:25:07+0300</time>
</trkpt>
<trkpt lat="59.520065" lon="25.14666">
<ele>70.4</ele>
<time>2026-08-27T19:25:08+0300</time>
</trkpt>
<trkpt lat="59.520165" lon="25.146575">
<ele>70.3</ele>
<time>2026-08-27T19:25:09+0300</time>
</trkpt>
<trkpt lat="59.5202633" lon="25.1464633">
<ele>70.6</ele>
<time>2026-08-27T19:25:10+0300</time>
</trkpt>
<trkpt lat="59.5203517" lon="25.1463283">
<ele>71.0</ele>
<time>2026-08-27T19:25:11+0300</time>
</trkpt>
<trkpt lat="59.5204383" lon="25.14618">
<ele>73.9</ele>
<time>2026-08-27T19:25:12+0300</time>
</trkpt>
<trkpt lat="59.5205133" lon="25.1460033">
<ele>75.5</ele>
<time>2026-08-27T19:25:13+0300</time>
</trkpt>
<trkpt lat="59.52057" lon="25.145815">
<ele>76.0</ele>
<time>2026-08-27T19:25:14+0300</time>
</trkpt>
<trkpt lat="59.52062" lon="25.1456283">
<ele>75.8</ele>
<time>2026-08-27T19:25:15+0300</time>
</trkpt>
<trkpt lat="59.5206717" lon="25.1454383">
<ele>74.4</ele>
<time>2026-08-27T19:25:16+0300</time>
</trkpt>
<trkpt lat="59.5207317" lon="25.1452467">
<ele>73.5</ele>
<time>2026-08-27T19:25:17+0300</time>
</trkpt>
<trkpt lat="59.520795" lon="25.1450517">
<ele>73.1</ele>
<time>2026-08-27T19:25:18+0300</time>
</trkpt>
<trkpt lat="59.5208583" lon="25.144855">
<ele>72.9</ele>
<time>2026-08-27T19:25:19+0300</time>
</trkpt>
<trkpt lat="59.5209183" lon="25.1446583">
<ele>72.1</ele>
<time>2026-08-27T19:25:20+0300</time>
</trkpt>
<trkpt lat="59.5209817" lon="25.1444783">
<ele>71.8</ele>
<time>2026-08-27T19:25:21+0300</time>
</trkpt>
<trkpt lat="59.52105" lon="25.1443117">
<ele>71.3</ele>
<time>2026-08-27T19:25:22+0300</time>
</trkpt>
<trkpt lat="59.5211317" lon="25.1441733">
<ele>71.3</ele>
<time>2026-08-27T19:25:23+0300</time>
</trkpt>
<trkpt lat="59.5212283" lon="25.1440617">
<ele>70.5</ele>
<time>2026-08-27T19:25:24+0300</time>
</trkpt>
<trkpt lat="59.52134" lon="25.1439967">
<ele>69.3</ele>
<time>2026-08-27T19:25:25+0300</time>
</trkpt>
<trkpt lat="59.5214533" lon="25.143955">
<ele>68.1</ele>
<time>2026-08-27T19:25:26+0300</time>
</trkpt>
<trkpt lat="59.5215683" lon="25.1439517">
<ele>67.7</ele>
<time>2026-08-27T19:25:27+0300</time>
</trkpt>
<trkpt lat="59.52168" lon="25.1439767">
<ele>67.3</ele>
<time>2026-08-27T19:25:28+0300</time>
</trkpt>
<trkpt lat="59.5217883" lon="25.1440017">
<ele>67.3</ele>
<time>2026-08-27T19:25:29+0300</time>
</trkpt>
<trkpt lat="59.5218867" lon="25.14401">
<ele>66.4</ele>
<time>2026-08-27T19:25:30+0300</time>
</trkpt>
<trkpt lat="59.5219883" lon="25.1439967">
<ele>65.6</ele>
<time>2026-08-27T19:25:31+0300</time>
</trkpt>
<trkpt lat="59.52209" lon="25.14395">
<ele>65.0</ele>
<time>2026-08-27T19:25:32+0300</time>
</trkpt>
<trkpt lat="59.5221983" lon="25.143875">
<ele>64.7</ele>
<time>2026-08-27T19:25:33+0300</time>
</trkpt>
<trkpt lat="59.5223167" lon="25.143795">
<ele>67.5</ele>
<time>2026-08-27T19:25:34+0300</time>
</trkpt>
<trkpt lat="59.5224283" lon="25.14372">
<ele>67.4</ele>
<time>2026-08-27T19:25:35+0300</time>
</trkpt>
<trkpt lat="59.5225417" lon="25.14366">
<ele>67.5</ele>
<time>2026-08-27T19:25:36+0300</time>
</trkpt>
<trkpt lat="59.5226517" lon="25.14359">
<ele>69.1</ele>
<time>2026-08-27T19:25:37+0300</time>
</trkpt>
<trkpt lat="59.52276" lon="25.1435033">
<ele>70.7</ele>
<time>2026-08-27T19:25:38+0300</time>
</trkpt>
<trkpt lat="59.52287" lon="25.1434">
<ele>71.4</ele>
<time>2026-08-27T19:25:39+0300</time>
</trkpt>
<trkpt lat="59.522965" lon="25.1432867">
<ele>72.1</ele>
<time>2026-08-27T19:25:40+0300</time>
</trkpt>
<trkpt lat="59.5230683" lon="25.1431683">
<ele>73.3</ele>
<time>2026-08-27T19:25:41+0300</time>
</trkpt>
<trkpt lat="59.5231567" lon="25.1430267">
<ele>73.1</ele>
<time>2026-08-27T19:25:42+0300</time>
</trkpt>
<trkpt lat="59.5232283" lon="25.14285">
<ele>71.8</ele>
<time>2026-08-27T19:25:43+0300</time>
</trkpt>
<trkpt lat="59.5232867" lon="25.1426333">
<ele>71.2</ele>
<time>2026-08-27T19:25:44+0300</time>
</trkpt>
<trkpt lat="59.523335" lon="25.1424033">
<ele>71.1</ele>
<time>2026-08-27T19:25:45+0300</time>
</trkpt>
<trkpt lat="59.5233783" lon="25.1421717">
<ele>70.7</ele>
<time>2026-08-27T19:25:46+0300</time>
</trkpt>
<trkpt lat="59.5234233" lon="25.1419533">
<ele>70.6</ele>
<time>2026-08-27T19:25:47+0300</time>
</trkpt>
<trkpt lat="59.5234633" lon="25.1417367">
<ele>70.5</ele>
<time>2026-08-27T19:25:48+0300</time>
</trkpt>
<trkpt lat="59.5235" lon="25.1415183">
<ele>69.9</ele>
<time>2026-08-27T19:25:49+0300</time>
</trkpt>
<trkpt lat="59.52353" lon="25.1412983">
<ele>68.6</ele>
<time>2026-08-27T19:25:50+0300</time>
</trkpt>
<trkpt lat="59.5235583" lon="25.1410767">
<ele>67.2</ele>
<time>2026-08-27T19:25:51+0300</time>
</trkpt>
<trkpt lat="59.5235883" lon="25.140845">
<ele>65.9</ele>
<time>2026-08-27T19:25:52+0300</time>
</trkpt>
<trkpt lat="59.5236183" lon="25.14061">
<ele>64.9</ele>
<time>2026-08-27T19:25:53+0300</time>
</trkpt>
<trkpt lat="59.5236533" lon="25.1403783">
<ele>64.1</ele>
<time>2026-08-27T19:25:54+0300</time>
</trkpt>
<trkpt lat="59.5237083" lon="25.1401717">
<ele>63.8</ele>
<time>2026-08-27T19:25:55+0300</time>
</trkpt>
<trkpt lat="59.5237933" lon="25.140005">
<ele>63.0</ele>
<time>2026-08-27T19:25:56+0300</time>
</trkpt>
<trkpt lat="59.5239083" lon="25.1399033">
<ele>62.0</ele>
<time>2026-08-27T19:25:57+0300</time>
</trkpt>
<trkpt lat="59.52404" lon="25.1398933">
<ele>60.7</ele>
<time>2026-08-27T19:25:58+0300</time>
</trkpt>
<trkpt lat="59.5241667" lon="25.139945">
<ele>59.8</ele>
<time>2026-08-27T19:25:59+0300</time>
</trkpt>
<trkpt lat="59.5242733" lon="25.1400433">
<ele>60.7</ele>
<time>2026-08-27T19:26:00+0300</time>
</trkpt>
<trkpt lat="59.5243633" lon="25.14016">
<ele>63.0</ele>
<time>2026-08-27T19:26:01+0300</time>
</trkpt>
<trkpt lat="59.5244433" lon="25.1402683">
<ele>64.4</ele>
<time>2026-08-27T19:26:02+0300</time>
</trkpt>
<trkpt lat="59.5245283" lon="25.1403733">
<ele>65.8</ele>
<time>2026-08-27T19:26:03+0300</time>
</trkpt>
<trkpt lat="59.524615" lon="25.1404917">
<ele>66.5</ele>
<time>2026-08-27T19:26:04+0300</time>
</trkpt>
<trkpt lat="59.5247017" lon="25.140635">
<ele>67.2</ele>
<time>2026-08-27T19:26:05+0300</time>
</trkpt>
<trkpt lat="59.5247833" lon="25.1408033">
<ele>68.0</ele>
<time>2026-08-27T19:26:06+0300</time>
</trkpt>
<trkpt lat="59.5248633" lon="25.1409733">
<ele>69.6</ele>
<time>2026-08-27T19:26:07+0300</time>
</trkpt>
<trkpt lat="59.5249433" lon="25.1411267">
<ele>70.6</ele>
<time>2026-08-27T19:26:08+0300</time>
</trkpt>
<trkpt lat="59.5250183" lon="25.141265">
<ele>71.4</ele>
<time>2026-08-27T19:26:09+0300</time>
</trkpt>
<trkpt lat="59.525095" lon="25.1414033">
<ele>72.3</ele>
<time>2026-08-27T19:26:10+0300</time>
</trkpt>
<trkpt lat="59.5251667" lon="25.1415533">
<ele>72.5</ele>
<time>2026-08-27T19:26:11+0300</time>
</trkpt>
<trkpt lat="59.525235" lon="25.1417167">
<ele>72.7</ele>
<time>2026-08-27T19:26:12+0300</time>
</trkpt>
<trkpt lat="59.5253033" lon="25.14189">
<ele>72.5</ele>
<time>2026-08-27T19:26:13+0300</time>
</trkpt>
<trkpt lat="59.5253717" lon="25.1420633">
<ele>72.5</ele>
<time>2026-08-27T19:26:14+0300</time>
</trkpt>
<trkpt lat="59.52544" lon="25.14223">
<ele>73.0</ele>
<time>2026-08-27T19:26:15+0300</time>
</trkpt>
<trkpt lat="59.5255033" lon="25.1423967">
<ele>72.7</ele>
<time>2026-08-27T19:26:16+0300</time>
</trkpt>
<trkpt lat="59.525565" lon="25.1425633">
<ele>72.5</ele>
<time>2026-08-27T19:26:17+0300</time>
</trkpt>
<trkpt lat="59.5256283" lon="25.1427317">
<ele>72.3</ele>
<time>2026-08-27T19:26:18+0300</time>
</trkpt>
<trkpt lat="59.525705" lon="25.1428733">
<ele>71.2</ele>
<time>2026-08-27T19:26:19+0300</time>
</trkpt>
<trkpt lat="59.5258017" lon="25.1429917">
<ele>70.8</ele>
<time>2026-08-27T19:26:20+0300</time>
</trkpt>
<trkpt lat="59.5259083" lon="25.1430933">
<ele>71.3</ele>
<time>2026-08-27T19:26:21+0300</time>
</trkpt>
<trkpt lat="59.526015" lon="25.1432067">
<ele>71.2</ele>
<time>2026-08-27T19:26:22+0300</time>
</trkpt>
<trkpt lat="59.5261133" lon="25.1433467">
<ele>71.3</ele>
<time>2026-08-27T19:26:23+0300</time>
</trkpt>
<trkpt lat="59.5262017" lon="25.1434967">
<ele>71.1</ele>
<time>2026-08-27T19:26:24+0300</time>
</trkpt>
<trkpt lat="59.5262917" lon="25.143635">
<ele>70.0</ele>
<time>2026-08-27T19:26:25+0300</time>
</trkpt>
<trkpt lat="59.5263967" lon="25.1437533">
<ele>68.4</ele>
<time>2026-08-27T19:26:26+0300</time>
</trkpt>
<trkpt lat="59.5265167" lon="25.1438683">
<ele>66.0</ele>
<time>2026-08-27T19:26:27+0300</time>
</trkpt>
<trkpt lat="59.52665" lon="25.1439867">
<ele>64.3</ele>
<time>2026-08-27T19:26:28+0300</time>
</trkpt>
<trkpt lat="59.5267883" lon="25.1441233">
<ele>63.1</ele>
<time>2026-08-27T19:26:29+0300</time>
</trkpt>
<trkpt lat="59.5269267" lon="25.1442667">
<ele>63.1</ele>
<time>2026-08-27T19:26:30+0300</time>
</trkpt>
<trkpt lat="59.5270617" lon="25.1444">
<ele>62.7</ele>
<time>2026-08-27T19:26:31+0300</time>
</trkpt>
<trkpt lat="59.5271917" lon="25.14452">
<ele>62.7</ele>
<time>2026-08-27T19:26:32+0300</time>
</trkpt>
<trkpt lat="59.52732" lon="25.1446283">
<ele>62.4</ele>
<time>2026-08-27T19:26:33+0300</time>
</trkpt>
<trkpt lat="59.5274483" lon="25.1447367">
<ele>62.1</ele>
<time>2026-08-27T19:26:34+0300</time>
</trkpt>
<trkpt lat="59.5275733" lon="25.1448433">
<ele>61.8</ele>
<time>2026-08-27T19:26:35+0300</time>
</trkpt>
<trkpt lat="59.5276983" lon="25.1449533">
<ele>61.6</ele>
<time>2026-08-27T19:26:36+0300</time>
</trkpt>
<trkpt lat="59.527825" lon="25.14506">
<ele>60.9</ele>
<time>2026-08-27T19:26:37+0300</time>
</trkpt>
<trkpt lat="59.527955" lon="25.1451633">
<ele>58.7</ele>
<time>2026-08-27T19:26:38+0300</time>
</trkpt>
<trkpt lat="59.528085" lon="25.1452583">
<ele>56.8</ele>
<time>2026-08-27T19:26:39+0300</time>
</trkpt>
<trkpt lat="59.5282133" lon="25.1453517">
<ele>55.7</ele>
<time>2026-08-27T19:26:40+0300</time>
</trkpt>
<trkpt lat="59.5283367" lon="25.1454367">
<ele>55.2</ele>
<time>2026-08-27T19:26:41+0300</time>
</trkpt>
<trkpt lat="59.5284517" lon="25.14551">
<ele>55.2</ele>
<time>2026-08-27T19:26:42+0300</time>
</trkpt>
<trkpt lat="59.528565" lon="25.145585">
<ele>55.8</ele>
<time>2026-08-27T19:26:43+0300</time>
</trkpt>
<trkpt lat="59.5286767" lon="25.1456583">
<ele>57.4</ele>
<time>2026-08-27T19:26:44+0300</time>
</trkpt>
<trkpt lat="59.5287767" lon="25.1457333">
<ele>58.2</ele>
<time>2026-08-27T19:26:45+0300</time>
</trkpt>
<trkpt lat="59.5288767" lon="25.1458183">
<ele>58.6</ele>
<time>2026-08-27T19:26:46+0300</time>
</trkpt>
<trkpt lat="59.5289767" lon="25.1459017">
<ele>58.3</ele>
<time>2026-08-27T19:26:47+0300</time>
</trkpt>
<trkpt lat="59.5290867" lon="25.1459867">
<ele>58.3</ele>
<time>2026-08-27T19:26:48+0300</time>
</trkpt>
<trkpt lat="59.5291983" lon="25.1460767">
<ele>58.4</ele>
<time>2026-08-27T19:26:49+0300</time>
</trkpt>
<trkpt lat="59.5293083" lon="25.146175">
<ele>58.6</ele>
<time>2026-08-27T19:26:50+0300</time>
</trkpt>
<trkpt lat="59.5294133" lon="25.1462783">
<ele>59.8</ele>
<time>2026-08-27T19:26:51+0300</time>
</trkpt>
<trkpt lat="59.5295083" lon="25.1463733">
<ele>60.9</ele>
<time>2026-08-27T19:26:52+0300</time>
</trkpt>
<trkpt lat="59.5296" lon="25.146445">
<ele>60.7</ele>
<time>2026-08-27T19:26:53+0300</time>
</trkpt>
<trkpt lat="59.5297" lon="25.14649">
<ele>59.7</ele>
<time>2026-08-27T19:26:54+0300</time>
</trkpt>
<trkpt lat="59.529815" lon="25.1465133">
<ele>58.8</ele>
<time>2026-08-27T19:26:55+0300</time>
</trkpt>
<trkpt lat="59.5299333" lon="25.1465217">
<ele>56.6</ele>
<time>2026-08-27T19:26:56+0300</time>
</trkpt>
<trkpt lat="59.5300533" lon="25.1465283">
<ele>55.6</ele>
<time>2026-08-27T19:26:57+0300</time>
</trkpt>
<trkpt lat="59.5301717" lon="25.1465467">
<ele>54.9</ele>
<time>2026-08-27T19:26:58+0300</time>
</trkpt>
<trkpt lat="59.5302817" lon="25.1465717">
<ele>54.2</ele>
<time>2026-08-27T19:26:59+0300</time>
</trkpt>
<trkpt lat="59.5303867" lon="25.1466033">
<ele>53.2</ele>
<time>2026-08-27T19:27:00+0300</time>
</trkpt>
<trkpt lat="59.5304917" lon="25.1466383">
<ele>52.2</ele>
<time>2026-08-27T19:27:01+0300</time>
</trkpt>
<trkpt lat="59.5305933" lon="25.1466667">
<ele>51.1</ele>
<time>2026-08-27T19:27:02+0300</time>
</trkpt>
<trkpt lat="59.5306967" lon="25.1466817">
<ele>50.0</ele>
<time>2026-08-27T19:27:03+0300</time>
</trkpt>
<trkpt lat="59.5308" lon="25.146685">
<ele>48.2</ele>
<time>2026-08-27T19:27:04+0300</time>
</trkpt>
<trkpt lat="59.5309133" lon="25.1466967">
<ele>47.4</ele>
<time>2026-08-27T19:27:05+0300</time>
</trkpt>
<trkpt lat="59.5310267" lon="25.1467133">
<ele>46.4</ele>
<time>2026-08-27T19:27:06+0300</time>
</trkpt>
<trkpt lat="59.5311367" lon="25.146735">
<ele>45.8</ele>
<time>2026-08-27T19:27:07+0300</time>
</trkpt>
<trkpt lat="59.531245" lon="25.1467533">
<ele>43.7</ele>
<time>2026-08-27T19:27:08+0300</time>
</trkpt>
<trkpt lat="59.53135" lon="25.1467617">
<ele>41.7</ele>
<time>2026-08-27T19:27:09+0300</time>
</trkpt>
<trkpt lat="59.531455" lon="25.14676">
<ele>39.2</ele>
<time>2026-08-27T19:27:10+0300</time>
</trkpt>
<trkpt lat="59.5315633" lon="25.1467533">
<ele>37.7</ele>
<time>2026-08-27T19:27:11+0300</time>
</trkpt>
<trkpt lat="59.531675" lon="25.146755">
<ele>36.3</ele>
<time>2026-08-27T19:27:12+0300</time>
</trkpt>
<trkpt lat="59.5317833" lon="25.1467667">
<ele>35.2</ele>
<time>2026-08-27T19:27:13+0300</time>
</trkpt>
<trkpt lat="59.5318917" lon="25.1467983">
<ele>34.2</ele>
<time>2026-08-27T19:27:14+0300</time>
</trkpt>
<trkpt lat="59.5319967" lon="25.1468567">
<ele>33.0</ele>
<time>2026-08-27T19:27:15+0300</time>
</trkpt>
<trkpt lat="59.5320933" lon="25.146945">
<ele>32.1</ele>
<time>2026-08-27T19:27:16+0300</time>
</trkpt>
<trkpt lat="59.532185" lon="25.14706">
<ele>32.4</ele>
<time>2026-08-27T19:27:17+0300</time>
</trkpt>
<trkpt lat="59.5322683" lon="25.1471817">
<ele>33.2</ele>
<time>2026-08-27T19:27:18+0300</time>
</trkpt>
<trkpt lat="59.5323483" lon="25.1472967">
<ele>34.0</ele>
<time>2026-08-27T19:27:19+0300</time>
</trkpt>
<trkpt lat="59.5324233" lon="25.1474033">
<ele>34.0</ele>
<time>2026-08-27T19:27:20+0300</time>
</trkpt>
<trkpt lat="59.5325033" lon="25.1474983">
<ele>33.6</ele>
<time>2026-08-27T19:27:21+0300</time>
</trkpt>
<trkpt lat="59.5325917" lon="25.14757">
<ele>32.7</ele>
<time>2026-08-27T19:27:22+0300</time>
</trkpt>
<trkpt lat="59.5326917" lon="25.1476067">
<ele>32.3</ele>
<time>2026-08-27T19:27:23+0300</time>
</trkpt>
<trkpt lat="59.5327983" lon="25.1476117">
<ele>31.9</ele>
<time>2026-08-27T19:27:24+0300</time>
</trkpt>
<trkpt lat="59.5329083" lon="25.1475883">
<ele>31.8</ele>
<time>2026-08-27T19:27:25+0300</time>
</trkpt>
<trkpt lat="59.533015" lon="25.1475533">
<ele>31.4</ele>
<time>2026-08-27T19:27:26+0300</time>
</trkpt>
<trkpt lat="59.5331183" lon="25.1475133">
<ele>31.0</ele>
<time>2026-08-27T19:27:27+0300</time>
</trkpt>
<trkpt lat="59.5332233" lon="25.14748">
<ele>30.5</ele>
<time>2026-08-27T19:27:28+0300</time>
</trkpt>
<trkpt lat="59.5333317" lon="25.1474533">
<ele>30.3</ele>
<time>2026-08-27T19:27:29+0300</time>
</trkpt>
<trkpt lat="59.5334417" lon="25.1474317">
<ele>29.8</ele>
<time>2026-08-27T19:27:30+0300</time>
</trkpt>
<trkpt lat="59.53355" lon="25.14741">
<ele>29.4</ele>
<time>2026-08-27T19:27:31+0300</time>
</trkpt>
<trkpt lat="59.5336533" lon="25.147385">
<ele>28.7</ele>
<time>2026-08-27T19:27:32+0300</time>
</trkpt>
<trkpt lat="59.533755" lon="25.147355">
<ele>27.5</ele>
<time>2026-08-27T19:27:33+0300</time>
</trkpt>
<trkpt lat="59.533855" lon="25.1473033">
<ele>27.3</ele>
<time>2026-08-27T19:27:34+0300</time>
</trkpt>
<trkpt lat="59.5339517" lon="25.1472233">
<ele>26.8</ele>
<time>2026-08-27T19:27:35+0300</time>
</trkpt>
<trkpt lat="59.534045" lon="25.1471217">
<ele>26.6</ele>
<time>2026-08-27T19:27:36+0300</time>
</trkpt>
<trkpt lat="59.5341417" lon="25.1470117">
<ele>26.2</ele>
<time>2026-08-27T19:27:37+0300</time>
</trkpt>
<trkpt lat="59.5342433" lon="25.14692">
<ele>26.3</ele>
<time>2026-08-27T19:27:38+0300</time>
</trkpt>
<trkpt lat="59.53435" lon="25.1468733">
<ele>25.4</ele>
<time>2026-08-27T19:27:39+0300</time>
</trkpt>
<trkpt lat="59.53446" lon="25.1469033">
<ele>24.0</ele>
<time>2026-08-27T19:27:40+0300</time>
</trkpt>
<trkpt lat="59.5345683" lon="25.1469933">
<ele>23.7</ele>
<time>2026-08-27T19:27:41+0300</time>
</trkpt>
<trkpt lat="59.5346733" lon="25.1470867">
<ele>23.1</ele>
<time>2026-08-27T19:27:42+0300</time>
</trkpt>
<trkpt lat="59.534785" lon="25.14713">
<ele>23.2</ele>
<time>2026-08-27T19:27:43+0300</time>
</trkpt>
<trkpt lat="59.5348967" lon="25.147075">
<ele>23.4</ele>
<time>2026-08-27T19:27:44+0300</time>
</trkpt>
<trkpt lat="59.5350033" lon="25.14694">
<ele>24.2</ele>
<time>2026-08-27T19:27:45+0300</time>
</trkpt>
<trkpt lat="59.535095" lon="25.1467733">
<ele>25.3</ele>
<time>2026-08-27T19:27:46+0300</time>
</trkpt>
<trkpt lat="59.5351867" lon="25.1466233">
<ele>28.3</ele>
<time>2026-08-27T19:27:47+0300</time>
</trkpt>
<trkpt lat="59.5352833" lon="25.1465283">
<ele>29.0</ele>
<time>2026-08-27T19:27:48+0300</time>
</trkpt>
<trkpt lat="59.53539" lon="25.1465117">
<ele>29.3</ele>
<time>2026-08-27T19:27:49+0300</time>
</trkpt>
<trkpt lat="59.5355033" lon="25.1465767">
<ele>28.4</ele>
<time>2026-08-27T19:27:50+0300</time>
</trkpt>
<trkpt lat="59.53562" lon="25.1466667">
<ele>28.7</ele>
<time>2026-08-27T19:27:51+0300</time>
</trkpt>
<trkpt lat="59.5357417" lon="25.1467133">
<ele>28.7</ele>
<time>2026-08-27T19:27:52+0300</time>
</trkpt>
<trkpt lat="59.5358567" lon="25.1466667">
<ele>29.2</ele>
<time>2026-08-27T19:27:53+0300</time>
</trkpt>
<trkpt lat="59.535955" lon="25.1465467">
<ele>29.1</ele>
<time>2026-08-27T19:27:54+0300</time>
</trkpt>
<trkpt lat="59.536045" lon="25.1464233">
<ele>29.0</ele>
<time>2026-08-27T19:27:55+0300</time>
</trkpt>
<trkpt lat="59.53614" lon="25.1463383">
<ele>28.1</ele>
<time>2026-08-27T19:27:56+0300</time>
</trkpt>
<trkpt lat="59.53625" lon="25.1463217">
<ele>27.1</ele>
<time>2026-08-27T19:27:57+0300</time>
</trkpt>
<trkpt lat="59.53636" lon="25.1463533">
<ele>26.0</ele>
<time>2026-08-27T19:27:58+0300</time>
</trkpt>
<trkpt lat="59.53647" lon="25.1463917">
<ele>25.7</ele>
<time>2026-08-27T19:27:59+0300</time>
</trkpt>
<trkpt lat="59.5365817" lon="25.1464067">
<ele>26.1</ele>
<time>2026-08-27T19:28:00+0300</time>
</trkpt>
<trkpt lat="59.536685" lon="25.1463933">
<ele>26.4</ele>
<time>2026-08-27T19:28:01+0300</time>
</trkpt>
<trkpt lat="59.5367883" lon="25.1463767">
<ele>26.3</ele>
<time>2026-08-27T19:28:02+0300</time>
</trkpt>
<trkpt lat="59.53689" lon="25.1463683">
<ele>25.7</ele>
<time>2026-08-27T19:28:03+0300</time>
</trkpt>
<trkpt lat="59.536995" lon="25.1463683">
<ele>24.8</ele>
<time>2026-08-27T19:28:04+0300</time>
</trkpt>
<trkpt lat="59.5371" lon="25.14636">
<ele>24.3</ele>
<time>2026-08-27T19:28:05+0300</time>
</trkpt>
<trkpt lat="59.53721" lon="25.146325">
<ele>23.6</ele>
<time>2026-08-27T19:28:06+0300</time>
</trkpt>
<trkpt lat="59.537315" lon="25.1462617">
<ele>23.6</ele>
<time>2026-08-27T19:28:07+0300</time>
</trkpt>
<trkpt lat="59.537415" lon="25.1461533">
<ele>24.4</ele>
<time>2026-08-27T19:28:08+0300</time>
</trkpt>
<trkpt lat="59.5375083" lon="25.1460133">
<ele>26.3</ele>
<time>2026-08-27T19:28:09+0300</time>
</trkpt>
<trkpt lat="59.537595" lon="25.1458667">
<ele>28.2</ele>
<time>2026-08-27T19:28:10+0300</time>
</trkpt>
<trkpt lat="59.5376867" lon="25.1457633">
<ele>28.7</ele>
<time>2026-08-27T19:28:11+0300</time>
</trkpt>
<trkpt lat="59.5378" lon="25.1457317">
<ele>29.1</ele>
<time>2026-08-27T19:28:12+0300</time>
</trkpt>
<trkpt lat="59.53792" lon="25.145745">
<ele>29.2</ele>
<time>2026-08-27T19:28:13+0300</time>
</trkpt>
<trkpt lat="59.5380383" lon="25.1457567">
<ele>29.2</ele>
<time>2026-08-27T19:28:14+0300</time>
</trkpt>
<trkpt lat="59.538155" lon="25.1457417">
<ele>29.3</ele>
<time>2026-08-27T19:28:15+0300</time>
</trkpt>
<trkpt lat="59.53827" lon="25.1456917">
<ele>30.4</ele>
<time>2026-08-27T19:28:16+0300</time>
</trkpt>
<trkpt lat="59.5383817" lon="25.14562">
<ele>31.8</ele>
<time>2026-08-27T19:28:17+0300</time>
</trkpt>
<trkpt lat="59.5384883" lon="25.1455417">
<ele>32.7</ele>
<time>2026-08-27T19:28:18+0300</time>
</trkpt>
<trkpt lat="59.538595" lon="25.1454583">
<ele>33.3</ele>
<time>2026-08-27T19:28:19+0300</time>
</trkpt>
<trkpt lat="59.5387033" lon="25.1453667">
<ele>35.1</ele>
<time>2026-08-27T19:28:20+0300</time>
</trkpt>
<trkpt lat="59.5388067" lon="25.1452517">
<ele>35.9</ele>
<time>2026-08-27T19:28:21+0300</time>
</trkpt>
<trkpt lat="59.53891" lon="25.1451133">
<ele>38.0</ele>
<time>2026-08-27T19:28:22+0300</time>
</trkpt>
<trkpt lat="59.539005" lon="25.1449617">
<ele>39.2</ele>
<time>2026-08-27T19:28:23+0300</time>
</trkpt>
<trkpt lat="59.5390933" lon="25.1448083">
<ele>40.1</ele>
<time>2026-08-27T19:28:24+0300</time>
</trkpt>
<trkpt lat="59.53918" lon="25.1446567">
<ele>41.4</ele>
<time>2026-08-27T19:28:25+0300</time>
</trkpt>
<trkpt lat="59.5392617" lon="25.1444933">
<ele>42.4</ele>
<time>2026-08-27T19:28:26+0300</time>
</trkpt>
<trkpt lat="59.5393417" lon="25.1443183">
<ele>43.9</ele>
<time>2026-08-27T19:28:27+0300</time>
</trkpt>
<trkpt lat="59.5394167" lon="25.144135">
<ele>44.9</ele>
<time>2026-08-27T19:28:28+0300</time>
</trkpt>
<trkpt lat="59.5394883" lon="25.1439533">
<ele>45.9</ele>
<time>2026-08-27T19:28:29+0300</time>
</trkpt>
<trkpt lat="59.5395633" lon="25.1437717">
<ele>47.1</ele>
<time>2026-08-27T19:28:30+0300</time>
</trkpt>
<trkpt lat="59.5396417" lon="25.1436">
<ele>46.8</ele>
<time>2026-08-27T19:28:31+0300</time>
</trkpt>
<trkpt lat="59.53973" lon="25.1434483">
<ele>46.3</ele>
<time>2026-08-27T19:28:32+0300</time>
</trkpt>
<trkpt lat="59.5398267" lon="25.143335">
<ele>45.0</ele>
<time>2026-08-27T19:28:33+0300</time>
</trkpt>
<trkpt lat="59.5399333" lon="25.1432517">
<ele>43.6</ele>
<time>2026-08-27T19:28:34+0300</time>
</trkpt>
<trkpt lat="59.540045" lon="25.14319">
<ele>42.3</ele>
<time>2026-08-27T19:28:35+0300</time>
</trkpt>
<trkpt lat="59.540155" lon="25.143135">
<ele>41.2</ele>
<time>2026-08-27T19:28:36+0300</time>
</trkpt>
<trkpt lat="59.5402617" lon="25.1430817">
<ele>40.5</ele>
<time>2026-08-27T19:28:37+0300</time>
</trkpt>
<trkpt lat="59.5403633" lon="25.143025">
<ele>40.0</ele>
<time>2026-08-27T19:28:38+0300</time>
</trkpt>
<trkpt lat="59.5404633" lon="25.1429567">
<ele>39.6</ele>
<time>2026-08-27T19:28:39+0300</time>
</trkpt>
<trkpt lat="59.54056" lon="25.1428617">
<ele>39.3</ele>
<time>2026-08-27T19:28:40+0300</time>
</trkpt>
<trkpt lat="59.54065" lon="25.1427267">
<ele>39.1</ele>
<time>2026-08-27T19:28:41+0300</time>
</trkpt>
<trkpt lat="59.5407117" lon="25.1425367">
<ele>38.1</ele>
<time>2026-08-27T19:28:42+0300</time>
</trkpt>
<trkpt lat="59.540745" lon="25.1422967">
<ele>37.3</ele>
<time>2026-08-27T19:28:43+0300</time>
</trkpt>
<trkpt lat="59.5407367" lon="25.1420283">
<ele>36.8</ele>
<time>2026-08-27T19:28:44+0300</time>
</trkpt>
<trkpt lat="59.5406817" lon="25.1417817">
<ele>35.6</ele>
<time>2026-08-27T19:28:45+0300</time>
</trkpt>
<trkpt lat="59.5405983" lon="25.1415683">
<ele>34.9</ele>
<time>2026-08-27T19:28:46+0300</time>
</trkpt>
<trkpt lat="59.5405183" lon="25.1413967">
<ele>35.5</ele>
<time>2026-08-27T19:28:47+0300</time>
</trkpt>
<trkpt lat="59.5404583" lon="25.1412217">
<ele>36.1</ele>
<time>2026-08-27T19:28:48+0300</time>
</trkpt>
<trkpt lat="59.540435" lon="25.1410217">
<ele>35.6</ele>
<time>2026-08-27T19:28:49+0300</time>
</trkpt>
<trkpt lat="59.54046" lon="25.1407867">
<ele>35.3</ele>
<time>2026-08-27T19:28:50+0300</time>
</trkpt>
<trkpt lat="59.5405233" lon="25.140555">
<ele>35.1</ele>
<time>2026-08-27T19:28:51+0300</time>
</trkpt>
<trkpt lat="59.5406267" lon="25.14038">
<ele>36.4</ele>
<time>2026-08-27T19:28:52+0300</time>
</trkpt>
<trkpt lat="59.5407333" lon="25.1402483">
<ele>36.5</ele>
<time>2026-08-27T19:28:53+0300</time>
</trkpt>
<trkpt lat="59.5408267" lon="25.1401367">
<ele>37.9</ele>
<time>2026-08-27T19:28:54+0300</time>
</trkpt>
<trkpt lat="59.5409017" lon="25.1399967">
<ele>38.5</ele>
<time>2026-08-27T19:28:55+0300</time>
</trkpt>
<trkpt lat="59.540955" lon="25.139815">
<ele>38.2</ele>
<time>2026-08-27T19:28:56+0300</time>
</trkpt>
<trkpt lat="59.540995" lon="25.1395933">
<ele>38.1</ele>
<time>2026-08-27T19:28:57+0300</time>
</trkpt>
<trkpt lat="59.541035" lon="25.139355">
<ele>38.0</ele>
<time>2026-08-27T19:28:58+0300</time>
</trkpt>
<trkpt lat="59.541085" lon="25.1391317">
<ele>38.0</ele>
<time>2026-08-27T19:28:59+0300</time>
</trkpt>
<trkpt lat="59.5411467" lon="25.1389367">
<ele>38.4</ele>
<time>2026-08-27T19:29:00+0300</time>
</trkpt>
<trkpt lat="59.5412067" lon="25.1387517">
<ele>39.2</ele>
<time>2026-08-27T19:29:01+0300</time>
</trkpt>
<trkpt lat="59.541255" lon="25.1385533">
<ele>39.1</ele>
<time>2026-08-27T19:29:02+0300</time>
</trkpt>
<trkpt lat="59.541285" lon="25.1383333">
<ele>37.9</ele>
<time>2026-08-27T19:29:03+0300</time>
</trkpt>
<trkpt lat="59.541305" lon="25.1381017">
<ele>36.2</ele>
<time>2026-08-27T19:29:04+0300</time>
</trkpt>
<trkpt lat="59.5413267" lon="25.1378617">
<ele>34.4</ele>
<time>2026-08-27T19:29:05+0300</time>
</trkpt>
<trkpt lat="59.541365" lon="25.13764">
<ele>33.0</ele>
<time>2026-08-27T19:29:06+0300</time>
</trkpt>
<trkpt lat="59.5414117" lon="25.13743">
<ele>31.7</ele>
<time>2026-08-27T19:29:07+0300</time>
</trkpt>
<trkpt lat="59.541455" lon="25.137215">
<ele>31.0</ele>
<time>2026-08-27T19:29:08+0300</time>
</trkpt>
<trkpt lat="59.5414767" lon="25.1369867">
<ele>30.5</ele>
<time>2026-08-27T19:29:09+0300</time>
</trkpt>
<trkpt lat="59.541465" lon="25.13674">
<ele>29.3</ele>
<time>2026-08-27T19:29:10+0300</time>
</trkpt>
<trkpt lat="59.541425" lon="25.136495">
<ele>29.7</ele>
<time>2026-08-27T19:29:11+0300</time>
</trkpt>
<trkpt lat="59.5413783" lon="25.1362667">
<ele>32.7</ele>
<time>2026-08-27T19:29:12+0300</time>
</trkpt>
<trkpt lat="59.5413283" lon="25.1360617">
<ele>33.7</ele>
<time>2026-08-27T19:29:13+0300</time>
</trkpt>
<trkpt lat="59.5412933" lon="25.1358633">
<ele>35.3</ele>
<time>2026-08-27T19:29:14+0300</time>
</trkpt>
<trkpt lat="59.541275" lon="25.1356533">
<ele>35.7</ele>
<time>2026-08-27T19:29:15+0300</time>
</trkpt>
<trkpt lat="59.5412717" lon="25.1354283">
<ele>36.5</ele>
<time>2026-08-27T19:29:16+0300</time>
</trkpt>
<trkpt lat="59.5412683" lon="25.1351933">
<ele>37.2</ele>
<time>2026-08-27T19:29:17+0300</time>
</trkpt>
<trkpt lat="59.5412667" lon="25.1349567">
<ele>38.9</ele>
<time>2026-08-27T19:29:18+0300</time>
</trkpt>
<trkpt lat="59.5412533" lon="25.134725">
<ele>41.2</ele>
<time>2026-08-27T19:29:19+0300</time>
</trkpt>
<trkpt lat="59.5412333" lon="25.1345067">
<ele>42.6</ele>
<time>2026-08-27T19:29:20+0300</time>
</trkpt>
<trkpt lat="59.5412033" lon="25.1342933">
<ele>43.5</ele>
<time>2026-08-27T19:29:21+0300</time>
</trkpt>
<trkpt lat="59.5411633" lon="25.1340883">
<ele>43.9</ele>
<time>2026-08-27T19:29:22+0300</time>
</trkpt>
<trkpt lat="59.5411167" lon="25.133875">
<ele>45.2</ele>
<time>2026-08-27T19:29:23+0300</time>
</trkpt>
<trkpt lat="59.541065" lon="25.1336667">
<ele>46.0</ele>
<time>2026-08-27T19:29:24+0300</time>
</trkpt>
<trkpt lat="59.5410083" lon="25.1334683">
<ele>46.9</ele>
<time>2026-08-27T19:29:25+0300</time>
</trkpt>
<trkpt lat="59.5409383" lon="25.1333">
<ele>48.1</ele>
<time>2026-08-27T19:29:26+0300</time>
</trkpt>
<trkpt lat="59.5408533" lon="25.1331717">
<ele>48.8</ele>
<time>2026-08-27T19:29:27+0300</time>
</trkpt>
<trkpt lat="59.5407583" lon="25.1330533">
<ele>49.0</ele>
<time>2026-08-27T19:29:28+0300</time>
</trkpt>
<trkpt lat="59.54067" lon="25.1329133">
<ele>49.6</ele>
<time>2026-08-27T19:29:29+0300</time>
</trkpt>
<trkpt lat="59.5406017" lon="25.1327217">
<ele>50.8</ele>
<time>2026-08-27T19:29:30+0300</time>
</trkpt>
<trkpt lat="59.5405767" lon="25.1324783">
<ele>50.8</ele>
<time>2026-08-27T19:29:31+0300</time>
</trkpt>
<trkpt lat="59.5406083" lon="25.1322233">
<ele>50.1</ele>
<time>2026-08-27T19:29:32+0300</time>
</trkpt>
<trkpt lat="59.5406917" lon="25.132">
<ele>48.8</ele>
<time>2026-08-27T19:29:33+0300</time>
</trkpt>
<trkpt lat="59.540805" lon="25.1318533">
<ele>47.4</ele>
<time>2026-08-27T19:29:34+0300</time>
</trkpt>
<trkpt lat="59.5409283" lon="25.1318083">
<ele>47.0</ele>
<time>2026-08-27T19:29:35+0300</time>
</trkpt>
<trkpt lat="59.5410517" lon="25.1318617">
<ele>46.5</ele>
<time>2026-08-27T19:29:36+0300</time>
</trkpt>
<trkpt lat="59.5411567" lon="25.13198">
<ele>46.9</ele>
<time>2026-08-27T19:29:37+0300</time>
</trkpt>
<trkpt lat="59.541235" lon="25.1321233">
<ele>48.8</ele>
<time>2026-08-27T19:29:38+0300</time>
</trkpt>
<trkpt lat="59.5412917" lon="25.1322833">
<ele>49.8</ele>
<time>2026-08-27T19:29:39+0300</time>
</trkpt>
<trkpt lat="59.5413117" lon="25.13247">
<ele>48.8</ele>
<time>2026-08-27T19:29:40+0300</time>
</trkpt>
<trkpt lat="59.541295" lon="25.13268">
<ele>47.8</ele>
<time>2026-08-27T19:29:41+0300</time>
</trkpt>
<trkpt lat="59.5412483" lon="25.1328933">
<ele>47.8</ele>
<time>2026-08-27T19:29:42+0300</time>
</trkpt>
<trkpt lat="59.54119" lon="25.133095">
<ele>48.9</ele>
<time>2026-08-27T19:29:43+0300</time>
</trkpt>
<trkpt lat="59.5411283" lon="25.1332717">
<ele>50.5</ele>
<time>2026-08-27T19:29:44+0300</time>
</trkpt>
<trkpt lat="59.5410717" lon="25.1334333">
<ele>51.6</ele>
<time>2026-08-27T19:29:45+0300</time>
</trkpt>
<trkpt lat="59.5410183" lon="25.1335867">
<ele>52.3</ele>
<time>2026-08-27T19:29:46+0300</time>
</trkpt>
<trkpt lat="59.5409633" lon="25.1337417">
<ele>51.3</ele>
<time>2026-08-27T19:29:47+0300</time>
</trkpt>
<trkpt lat="59.5409" lon="25.1339017">
<ele>50.5</ele>
<time>2026-08-27T19:29:48+0300</time>
</trkpt>
<trkpt lat="59.5408267" lon="25.1340617">
<ele>50.3</ele>
<time>2026-08-27T19:29:49+0300</time>
</trkpt>
<trkpt lat="59.5407383" lon="25.1341983">
<ele>50.6</ele>
<time>2026-08-27T19:29:50+0300</time>
</trkpt>
<trkpt lat="59.5406317" lon="25.1342717">
<ele>51.2</ele>
<time>2026-08-27T19:29:51+0300</time>
</trkpt>
<trkpt lat="59.5405117" lon="25.1342567">
<ele>51.5</ele>
<time>2026-08-27T19:29:52+0300</time>
</trkpt>
<trkpt lat="59.5403967" lon="25.1341483">
<ele>52.1</ele>
<time>2026-08-27T19:29:53+0300</time>
</trkpt>
<trkpt lat="59.5403017" lon="25.1339617">
<ele>53.4</ele>
<time>2026-08-27T19:29:54+0300</time>
</trkpt>
<trkpt lat="59.54024" lon="25.1337367">
<ele>55.4</ele>
<time>2026-08-27T19:29:55+0300</time>
</trkpt>
<trkpt lat="59.5402167" lon="25.133495">
<ele>56.9</ele>
<time>2026-08-27T19:29:56+0300</time>
</trkpt>
<trkpt lat="59.5402267" lon="25.133265">
<ele>57.9</ele>
<time>2026-08-27T19:29:57+0300</time>
</trkpt>
<trkpt lat="59.540265" lon="25.1330467">
<ele>58.7</ele>
<time>2026-08-27T19:29:58+0300</time>
</trkpt>
<trkpt lat="59.54032" lon="25.1328367">
<ele>59.7</ele>
<time>2026-08-27T19:29:59+0300</time>
</trkpt>
<trkpt lat="59.54039" lon="25.1326433">
<ele>60.7</ele>
<time>2026-08-27T19:30:00+0300</time>
</trkpt>
<trkpt lat="59.540485" lon="25.1324917">
<ele>61.4</ele>
<time>2026-08-27T19:30:01+0300</time>
</trkpt>
<trkpt lat="59.5405983" lon="25.132405">
<ele>60.1</ele>
<time>2026-08-27T19:30:02+0300</time>
</trkpt>
<trkpt lat="59.540725" lon="25.1324183">
<ele>58.9</ele>
<time>2026-08-27T19:30:03+0300</time>
</trkpt>
<trkpt lat="59.5408433" lon="25.1325367">
<ele>58.6</ele>
<time>2026-08-27T19:30:04+0300</time>
</trkpt>
<trkpt lat="59.5409267" lon="25.132735">
<ele>58.2</ele>
<time>2026-08-27T19:30:05+0300</time>
</trkpt>
<trkpt lat="59.540945" lon="25.1329767">
<ele>56.9</ele>
<time>2026-08-27T19:30:06+0300</time>
</trkpt>
<trkpt lat="59.5409117" lon="25.1332017">
<ele>56.0</ele>
<time>2026-08-27T19:30:07+0300</time>
</trkpt>
<trkpt lat="59.54085" lon="25.1333967">
<ele>57.1</ele>
<time>2026-08-27T19:30:08+0300</time>
</trkpt>
<trkpt lat="59.5407817" lon="25.1335683">
<ele>57.6</ele>
<time>2026-08-27T19:30:09+0300</time>
</trkpt>
<trkpt lat="59.54073" lon="25.13374">
<ele>57.9</ele>
<time>2026-08-27T19:30:10+0300</time>
</trkpt>
<trkpt lat="59.5406967" lon="25.1339133">
<ele>57.0</ele>
<time>2026-08-27T19:30:11+0300</time>
</trkpt>
<trkpt lat="59.5406733" lon="25.1341017">
<ele>56.4</ele>
<time>2026-08-27T19:30:12+0300</time>
</trkpt>
<trkpt lat="59.5406533" lon="25.134305">
<ele>56.1</ele>
<time>2026-08-27T19:30:13+0300</time>
</trkpt>
<trkpt lat="59.540635" lon="25.1345233">
<ele>56.6</ele>
<time>2026-08-27T19:30:14+0300</time>
</trkpt>
<trkpt lat="59.540615" lon="25.1347383">
<ele>56.8</ele>
<time>2026-08-27T19:30:15+0300</time>
</trkpt>
<trkpt lat="59.5406033" lon="25.1349483">
<ele>57.3</ele>
<time>2026-08-27T19:30:16+0300</time>
</trkpt>
<trkpt lat="59.5406" lon="25.1351483">
<ele>57.2</ele>
<time>2026-08-27T19:30:17+0300</time>
</trkpt>
<trkpt lat="59.5406" lon="25.1353467">
<ele>57.4</ele>
<time>2026-08-27T19:30:18+0300</time>
</trkpt>
<trkpt lat="59.5406033" lon="25.1355417">
<ele>57.2</ele>
<time>2026-08-27T19:30:19+0300</time>
</trkpt>
<trkpt lat="59.5406117" lon="25.13574">
<ele>57.4</ele>
<time>2026-08-27T19:30:20+0300</time>
</trkpt>
<trkpt lat="59.540625" lon="25.1359383">
<ele>57.3</ele>
<time>2026-08-27T19:30:21+0300</time>
</trkpt>
<trkpt lat="59.5406467" lon="25.1361383">
<ele>57.4</ele>
<time>2026-08-27T19:30:22+0300</time>
</trkpt>
<trkpt lat="59.5406733" lon="25.1363367">
<ele>57.8</ele>
<time>2026-08-27T19:30:23+0300</time>
</trkpt>
<trkpt lat="59.5406983" lon="25.1365383">
<ele>58.0</ele>
<time>2026-08-27T19:30:24+0300</time>
</trkpt>
<trkpt lat="59.54072" lon="25.1367417">
<ele>58.2</ele>
<time>2026-08-27T19:30:25+0300</time>
</trkpt>
<trkpt lat="59.5407417" lon="25.1369417">
<ele>58.1</ele>
<time>2026-08-27T19:30:26+0300</time>
</trkpt>
<trkpt lat="59.540765" lon="25.1371383">
<ele>57.8</ele>
<time>2026-08-27T19:30:27+0300</time>
</trkpt>
<trkpt lat="59.540785" lon="25.1373317">
<ele>57.5</ele>
<time>2026-08-27T19:30:28+0300</time>
</trkpt>
<trkpt lat="59.5408083" lon="25.1375333">
<ele>57.2</ele>
<time>2026-08-27T19:30:29+0300</time>
</trkpt>
<trkpt lat="59.5408317" lon="25.1377417">
<ele>57.2</ele>
<time>2026-08-27T19:30:30+0300</time>
</trkpt>
<trkpt lat="59.540855" lon="25.1379483">
<ele>58.0</ele>
<time>2026-08-27T19:30:31+0300</time>
</trkpt>
<trkpt lat="59.540875" lon="25.1381467">
<ele>58.8</ele>
<time>2026-08-27T19:30:32+0300</time>
</trkpt>
<trkpt lat="59.540895" lon="25.13834">
<ele>59.6</ele>
<time>2026-08-27T19:30:33+0300</time>
</trkpt>
<trkpt lat="59.540915" lon="25.1385283">
<ele>59.9</ele>
<time>2026-08-27T19:30:34+0300</time>
</trkpt>
<trkpt lat="59.5409317" lon="25.1387233">
<ele>60.1</ele>
<time>2026-08-27T19:30:35+0300</time>
</trkpt>
<trkpt lat="59.5409483" lon="25.1389167">
<ele>60.1</ele>
<time>2026-08-27T19:30:36+0300</time>
</trkpt>
<trkpt lat="59.54096" lon="25.1391183">
<ele>60.1</ele>
<time>2026-08-27T19:30:37+0300</time>
</trkpt>
<trkpt lat="59.54097" lon="25.1393233">
<ele>60.1</ele>
<time>2026-08-27T19:30:38+0300</time>
</trkpt>
<trkpt lat="59.5409817" lon="25.13953">
<ele>60.2</ele>
<time>2026-08-27T19:30:39+0300</time>
</trkpt>
<trkpt lat="59.5409933" lon="25.1397333">
<ele>60.5</ele>
<time>2026-08-27T19:30:40+0300</time>
</trkpt>
<trkpt lat="59.541" lon="25.13993">
<ele>60.5</ele>
<time>2026-08-27T19:30:41+0300</time>
</trkpt>
<trkpt lat="59.5410083" lon="25.1401283">
<ele>60.0</ele>
<time>2026-08-27T19:30:42+0300</time>
</trkpt>
<trkpt lat="59.541015" lon="25.1403283">
<ele>59.5</ele>
<time>2026-08-27T19:30:43+0300</time>
</trkpt>
<trkpt lat="59.5410217" lon="25.14053">
<ele>58.9</ele>
<time>2026-08-27T19:30:44+0300</time>
</trkpt>
<trkpt lat="59.5410317" lon="25.14074">
<ele>58.7</ele>
<time>2026-08-27T19:30:45+0300</time>
</trkpt>
<trkpt lat="59.5410433" lon="25.1409517">
<ele>59.2</ele>
<time>2026-08-27T19:30:46+0300</time>
</trkpt>
<trkpt lat="59.541055" lon="25.1411633">
<ele>60.3</ele>
<time>2026-08-27T19:30:47+0300</time>
</trkpt>
<trkpt lat="59.5410667" lon="25.1413717">
<ele>61.1</ele>
<time>2026-08-27T19:30:48+0300</time>
</trkpt>
<trkpt lat="59.541075" lon="25.1415683">
<ele>61.8</ele>
<time>2026-08-27T19:30:49+0300</time>
</trkpt>
<trkpt lat="59.5410833" lon="25.14176">
<ele>62.2</ele>
<time>2026-08-27T19:30:50+0300</time>
</trkpt>
<trkpt lat="59.5410917" lon="25.141955">
<ele>62.3</ele>
<time>2026-08-27T19:30:51+0300</time>
</trkpt>
<trkpt lat="59.5411" lon="25.142155">
<ele>62.3</ele>
<time>2026-08-27T19:30:52+0300</time>
</trkpt>
<trkpt lat="59.5411033" lon="25.1423567">
<ele>62.6</ele>
<time>2026-08-27T19:30:53+0300</time>
</trkpt>
<trkpt lat="59.5411" lon="25.1425533">
<ele>62.9</ele>
<time>2026-08-27T19:30:54+0300</time>
</trkpt>
<trkpt lat="59.5410883" lon="25.1427517">
<ele>63.2</ele>
<time>2026-08-27T19:30:55+0300</time>
</trkpt>
<trkpt lat="59.5410667" lon="25.1429417">
<ele>63.3</ele>
<time>2026-08-27T19:30:56+0300</time>
</trkpt>
<trkpt lat="59.5410283" lon="25.1431233">
<ele>63.3</ele>
<time>2026-08-27T19:30:57+0300</time>
</trkpt>
<trkpt lat="59.540975" lon="25.1432967">
<ele>63.1</ele>
<time>2026-08-27T19:30:58+0300</time>
</trkpt>
<trkpt lat="59.54092" lon="25.1434733">
<ele>63.0</ele>
<time>2026-08-27T19:30:59+0300</time>
</trkpt>
<trkpt lat="59.5408717" lon="25.14366">
<ele>63.0</ele>
<time>2026-08-27T19:31:00+0300</time>
</trkpt>
<trkpt lat="59.540835" lon="25.1438567">
<ele>63.0</ele>
<time>2026-08-27T19:31:01+0300</time>
</trkpt>
<trkpt lat="59.5408017" lon="25.1440533">
<ele>63.1</ele>
<time>2026-08-27T19:31:02+0300</time>
</trkpt>
<trkpt lat="59.5407617" lon="25.1442417">
<ele>63.3</ele>
<time>2026-08-27T19:31:03+0300</time>
</trkpt>
<trkpt lat="59.5407217" lon="25.1444183">
<ele>63.2</ele>
<time>2026-08-27T19:31:04+0300</time>
</trkpt>
<trkpt lat="59.5406783" lon="25.144595">
<ele>63.0</ele>
<time>2026-08-27T19:31:05+0300</time>
</trkpt>
<trkpt lat="59.5406367" lon="25.1447767">
<ele>63.2</ele>
<time>2026-08-27T19:31:06+0300</time>
</trkpt>
<trkpt lat="59.5405967" lon="25.144965">
<ele>63.3</ele>
<time>2026-08-27T19:31:07+0300</time>
</trkpt>
<trkpt lat="59.54056" lon="25.1451583">
<ele>63.6</ele>
<time>2026-08-27T19:31:08+0300</time>
</trkpt>
<trkpt lat="59.5405233" lon="25.1453467">
<ele>64.0</ele>
<time>2026-08-27T19:31:09+0300</time>
</trkpt>
<trkpt lat="59.54048" lon="25.1455233">
<ele>64.4</ele>
<time>2026-08-27T19:31:10+0300</time>
</trkpt>
<trkpt lat="59.54042" lon="25.1456783">
<ele>64.9</ele>
<time>2026-08-27T19:31:11+0300</time>
</trkpt>
<trkpt lat="59.540345" lon="25.1458083">
<ele>65.4</ele>
<time>2026-08-27T19:31:12+0300</time>
</trkpt>
<trkpt lat="59.5402533" lon="25.1459033">
<ele>66.0</ele>
<time>2026-08-27T19:31:13+0300</time>
</trkpt>
<trkpt lat="59.5401517" lon="25.1459633">
<ele>66.6</ele>
<time>2026-08-27T19:31:14+0300</time>
</trkpt>
<trkpt lat="59.54005" lon="25.1460133">
<ele>68.1</ele>
<time>2026-08-27T19:31:15+0300</time>
</trkpt>
<trkpt lat="59.5399517" lon="25.14606">
<ele>69.6</ele>
<time>2026-08-27T19:31:16+0300</time>
</trkpt>
<trkpt lat="59.539855" lon="25.1461083">
<ele>70.8</ele>
<time>2026-08-27T19:31:17+0300</time>
</trkpt>
<trkpt lat="59.5397583" lon="25.14615">
<ele>71.7</ele>
<time>2026-08-27T19:31:18+0300</time>
</trkpt>
<trkpt lat="59.5396633" lon="25.1461833">
<ele>72.7</ele>
<time>2026-08-27T19:31:19+0300</time>
</trkpt>
<trkpt lat="59.5395683" lon="25.1462117">
<ele>73.4</ele>
<time>2026-08-27T19:31:20+0300</time>
</trkpt>
<trkpt lat="59.53947" lon="25.14624">
<ele>73.9</ele>
<time>2026-08-27T19:31:21+0300</time>
</trkpt>
<trkpt lat="59.5393733" lon="25.1462633">
<ele>74.3</ele>
<time>2026-08-27T19:31:22+0300</time>
</trkpt>
<trkpt lat="59.5392767" lon="25.1462983">
<ele>74.5</ele>
<time>2026-08-27T19:31:23+0300</time>
</trkpt>
<trkpt lat="59.53918" lon="25.146345">
<ele>75.2</ele>
<time>2026-08-27T19:31:24+0300</time>
</trkpt>
<trkpt lat="59.53909" lon="25.1464017">
<ele>75.7</ele>
<time>2026-08-27T19:31:25+0300</time>
</trkpt>
<trkpt lat="59.5390033" lon="25.1464717">
<ele>76.2</ele>
<time>2026-08-27T19:31:26+0300</time>
</trkpt>
<trkpt lat="59.53892" lon="25.146555">
<ele>76.6</ele>
<time>2026-08-27T19:31:27+0300</time>
</trkpt>
<trkpt lat="59.5388367" lon="25.1466483">
<ele>77.0</ele>
<time>2026-08-27T19:31:28+0300</time>
</trkpt>
<trkpt lat="59.5387533" lon="25.1467417">
<ele>77.4</ele>
<time>2026-08-27T19:31:29+0300</time>
</trkpt>
<trkpt lat="59.5386717" lon="25.146835">
<ele>77.5</ele>
<time>2026-08-27T19:31:30+0300</time>
</trkpt>
<trkpt lat="59.5385917" lon="25.1469317">
<ele>77.5</ele>
<time>2026-08-27T19:31:31+0300</time>
</trkpt>
<trkpt lat="59.5385117" lon="25.1470383">
<ele>77.4</ele>
<time>2026-08-27T19:31:32+0300</time>
</trkpt>
<trkpt lat="59.5384333" lon="25.1471567">
<ele>77.5</ele>
<time>2026-08-27T19:31:33+0300</time>
</trkpt>
<trkpt lat="59.5383583" lon="25.14728">
<ele>77.4</ele>
<time>2026-08-27T19:31:34+0300</time>
</trkpt>
<trkpt lat="59.5382833" lon="25.1474117">
<ele>77.5</ele>
<time>2026-08-27T19:31:35+0300</time>
</trkpt>
<trkpt lat="59.5382133" lon="25.14755">
<ele>77.8</ele>
<time>2026-08-27T19:31:36+0300</time>
</trkpt>
<trkpt lat="59.5381517" lon="25.1476983">
<ele>78.3</ele>
<time>2026-08-27T19:31:37+0300</time>
</trkpt>
<trkpt lat="59.5380933" lon="25.1478533">
<ele>78.9</ele>
<time>2026-08-27T19:31:38+0300</time>
</trkpt>
<trkpt lat="59.53804" lon="25.14801">
<ele>79.4</ele>
<time>2026-08-27T19:31:39+0300</time>
</trkpt>
<trkpt lat="59.5379867" lon="25.1481667">
<ele>79.8</ele>
<time>2026-08-27T19:31:40+0300</time>
</trkpt>
<trkpt lat="59.5379383" lon="25.148325">
<ele>80.0</ele>
<time>2026-08-27T19:31:41+0300</time>
</trkpt>
<trkpt lat="59.5378917" lon="25.14849">
<ele>80.3</ele>
<time>2026-08-27T19:31:42+0300</time>
</trkpt>
<trkpt lat="59.5378483" lon="25.148655">
<ele>80.4</ele>
<time>2026-08-27T19:31:43+0300</time>
</trkpt>
<trkpt lat="59.5378083" lon="25.1488217">
<ele>80.6</ele>
<time>2026-08-27T19:31:44+0300</time>
</trkpt>
<trkpt lat="59.5377633" lon="25.148985">
<ele>80.6</ele>
<time>2026-08-27T19:31:45+0300</time>
</trkpt>
<trkpt lat="59.5377133" lon="25.1491417">
<ele>80.7</ele>
<time>2026-08-27T19:31:46+0300</time>
</trkpt>
<trkpt lat="59.53765" lon="25.1492767">
<ele>80.7</ele>
<time>2026-08-27T19:31:47+0300</time>
</trkpt>
<trkpt lat="59.5375733" lon="25.1493833">
<ele>80.5</ele>
<time>2026-08-27T19:31:48+0300</time>
</trkpt>
<trkpt lat="59.53749" lon="25.149475">
<ele>80.1</ele>
<time>2026-08-27T19:31:49+0300</time>
</trkpt>
<trkpt lat="59.5374067" lon="25.1495767">
<ele>79.6</ele>
<time>2026-08-27T19:31:50+0300</time>
</trkpt>
<trkpt lat="59.53733" lon="25.1497">
<ele>79.5</ele>
<time>2026-08-27T19:31:51+0300</time>
</trkpt>
<trkpt lat="59.5372633" lon="25.149845">
<ele>79.5</ele>
<time>2026-08-27T19:31:52+0300</time>
</trkpt>
<trkpt lat="59.5372083" lon="25.150005">
<ele>79.8</ele>
<time>2026-08-27T19:31:53+0300</time>
</trkpt>
<trkpt lat="59.5371617" lon="25.1501733">
<ele>79.9</ele>
<time>2026-08-27T19:31:54+0300</time>
</trkpt>
<trkpt lat="59.5371217" lon="25.1503383">
<ele>79.5</ele>
<time>2026-08-27T19:31:55+0300</time>
</trkpt>
<trkpt lat="59.5370883" lon="25.1505133">
<ele>79.0</ele>
<time>2026-08-27T19:31:56+0300</time>
</trkpt>
<trkpt lat="59.5370633" lon="25.1507">
<ele>78.5</ele>
<time>2026-08-27T19:31:57+0300</time>
</trkpt>
<trkpt lat="59.537045" lon="25.1508883">
<ele>77.8</ele>
<time>2026-08-27T19:31:58+0300</time>
</trkpt>
<trkpt lat="59.53703" lon="25.1510817">
<ele>77.2</ele>
<time>2026-08-27T19:31:59+0300</time>
</trkpt>
<trkpt lat="59.537015" lon="25.1512833">
<ele>76.8</ele>
<time>2026-08-27T19:32:00+0300</time>
</trkpt>
<trkpt lat="59.5370067" lon="25.1514733">
<ele>76.4</ele>
<time>2026-08-27T19:32:01+0300</time>
</trkpt>
<trkpt lat="59.5369983" lon="25.15167">
<ele>76.2</ele>
<time>2026-08-27T19:32:02+0300</time>
</trkpt>
<trkpt lat="59.5369983" lon="25.1518583">
<ele>75.5</ele>
<time>2026-08-27T19:32:03+0300</time>
</trkpt>
<trkpt lat="59.537" lon="25.1520567">
<ele>75.1</ele>
<time>2026-08-27T19:32:04+0300</time>
</trkpt>
<trkpt lat="59.5370033" lon="25.1522567">
<ele>74.8</ele>
<time>2026-08-27T19:32:05+0300</time>
</trkpt>
<trkpt lat="59.5370033" lon="25.1524583">
<ele>74.3</ele>
<time>2026-08-27T19:32:06+0300</time>
</trkpt>
<trkpt lat="59.537005" lon="25.15266">
<ele>74.0</ele>
<time>2026-08-27T19:32:07+0300</time>
</trkpt>
<trkpt lat="59.5370083" lon="25.1528567">
<ele>73.5</ele>
<time>2026-08-27T19:32:08+0300</time>
</trkpt>
<trkpt lat="59.53701" lon="25.1530533">
<ele>73.0</ele>
<time>2026-08-27T19:32:09+0300</time>
</trkpt>
<trkpt lat="59.537005" lon="25.15326">
<ele>72.4</ele>
<time>2026-08-27T19:32:10+0300</time>
</trkpt>
<trkpt lat="59.53699" lon="25.1534683">
<ele>71.9</ele>
<time>2026-08-27T19:32:11+0300</time>
</trkpt>
<trkpt lat="59.5369667" lon="25.1536817">
<ele>71.6</ele>
<time>2026-08-27T19:32:12+0300</time>
</trkpt>
<trkpt lat="59.5369367" lon="25.1538867">
<ele>71.4</ele>
<time>2026-08-27T19:32:13+0300</time>
</trkpt>
<trkpt lat="59.536905" lon="25.15408">
<ele>71.5</ele>
<time>2026-08-27T19:32:14+0300</time>
</trkpt>
<trkpt lat="59.5368683" lon="25.1542617">
<ele>71.8</ele>
<time>2026-08-27T19:32:15+0300</time>
</trkpt>
<trkpt lat="59.5368233" lon="25.154435">
<ele>71.7</ele>
<time>2026-08-27T19:32:16+0300</time>
</trkpt>
<trkpt lat="59.5367767" lon="25.1546033">
<ele>71.7</ele>
<time>2026-08-27T19:32:17+0300</time>
</trkpt>
<trkpt lat="59.536725" lon="25.1547717">
<ele>71.9</ele>
<time>2026-08-27T19:32:18+0300</time>
</trkpt>
<trkpt lat="59.53667" lon="25.154935">
<ele>72.5</ele>
<time>2026-08-27T19:32:19+0300</time>
</trkpt>
<trkpt lat="59.5366083" lon="25.1550883">
<ele>73.0</ele>
<time>2026-08-27T19:32:20+0300</time>
</trkpt>
<trkpt lat="59.5365383" lon="25.1552317">
<ele>73.2</ele>
<time>2026-08-27T19:32:21+0300</time>
</trkpt>
<trkpt lat="59.5364633" lon="25.1553633">
<ele>73.3</ele>
<time>2026-08-27T19:32:22+0300</time>
</trkpt>
<trkpt lat="59.5363867" lon="25.15549">
<ele>73.8</ele>
<time>2026-08-27T19:32:23+0300</time>
</trkpt>
<trkpt lat="59.5363083" lon="25.1556067">
<ele>74.0</ele>
<time>2026-08-27T19:32:24+0300</time>
</trkpt>
<trkpt lat="59.536225" lon="25.15572">
<ele>74.3</ele>
<time>2026-08-27T19:32:25+0300</time>
</trkpt>
<trkpt lat="59.5361417" lon="25.15583">
<ele>74.9</ele>
<time>2026-08-27T19:32:26+0300</time>
</trkpt>
<trkpt lat="59.5360583" lon="25.1559383">
<ele>75.0</ele>
<time>2026-08-27T19:32:27+0300</time>
</trkpt>
<trkpt lat="59.5359717" lon="25.156045">
<ele>74.9</ele>
<time>2026-08-27T19:32:28+0300</time>
</trkpt>
<trkpt lat="59.535885" lon="25.156155">
<ele>75.1</ele>
<time>2026-08-27T19:32:29+0300</time>
</trkpt>
<trkpt lat="59.5358" lon="25.1562717">
<ele>75.5</ele>
<time>2026-08-27T19:32:30+0300</time>
</trkpt>
<trkpt lat="59.5357133" lon="25.15639">
<ele>75.9</ele>
<time>2026-08-27T19:32:31+0300</time>
</trkpt>
<trkpt lat="59.5356283" lon="25.15651">
<ele>76.1</ele>
<time>2026-08-27T19:32:32+0300</time>
</trkpt>
<trkpt lat="59.535545" lon="25.1566317">
<ele>76.2</ele>
<time>2026-08-27T19:32:33+0300</time>
</trkpt>
<trkpt lat="59.5354617" lon="25.156755">
<ele>76.3</ele>
<time>2026-08-27T19:32:34+0300</time>
</trkpt>
<trkpt lat="59.5353783" lon="25.156875">
<ele>76.3</ele>
<time>2026-08-27T19:32:35+0300</time>
</trkpt>
<trkpt lat="59.535295" lon="25.1569933">
<ele>76.4</ele>
<time>2026-08-27T19:32:36+0300</time>
</trkpt>
<trkpt lat="59.5352133" lon="25.1571083">
<ele>76.5</ele>
<time>2026-08-27T19:32:37+0300</time>
</trkpt>
<trkpt lat="59.5351317" lon="25.157225">
<ele>76.7</ele>
<time>2026-08-27T19:32:38+0300</time>
</trkpt>
<trkpt lat="59.53505" lon="25.1573417">
<ele>76.8</ele>
<time>2026-08-27T19:32:39+0300</time>
</trkpt>
<trkpt lat="59.5349683" lon="25.1574667">
<ele>77.0</ele>
<time>2026-08-27T19:32:40+0300</time>
</trkpt>
<trkpt lat="59.5348867" lon="25.15759">
<ele>77.0</ele>
<time>2026-08-27T19:32:41+0300</time>
</trkpt>
<trkpt lat="59.5348067" lon="25.15772">
<ele>77.2</ele>
<time>2026-08-27T19:32:42+0300</time>
</trkpt>
<trkpt lat="59.5347267" lon="25.15785">
<ele>77.4</ele>
<time>2026-08-27T19:32:43+0300</time>
</trkpt>
<trkpt lat="59.5346467" lon="25.1579833">
<ele>77.4</ele>
<time>2026-08-27T19:32:44+0300</time>
</trkpt>
<trkpt lat="59.53457" lon="25.1581167">
<ele>77.6</ele>
<time>2026-08-27T19:32:45+0300</time>
</trkpt>
<trkpt lat="59.5344917" lon="25.1582483">
<ele>77.8</ele>
<time>2026-08-27T19:32:46+0300</time>
</trkpt>
<trkpt lat="59.5344133" lon="25.1583717">
<ele>78.0</ele>
<time>2026-08-27T19:32:47+0300</time>
</trkpt>
<trkpt lat="59.5343367" lon="25.158495">
<ele>78.2</ele>
<time>2026-08-27T19:32:48+0300</time>
</trkpt>
<trkpt lat="59.5342583" lon="25.1586167">
<ele>78.4</ele>
<time>2026-08-27T19:32:49+0300</time>
</trkpt>
<trkpt lat="59.53418" lon="25.1587417">
<ele>78.4</ele>
<time>2026-08-27T19:32:50+0300</time>
</trkpt>
<trkpt lat="59.5341033" lon="25.1588683">
<ele>78.4</ele>
<time>2026-08-27T19:32:51+0300</time>
</trkpt>
<trkpt lat="59.5340267" lon="25.1589983">
<ele>78.4</ele>
<time>2026-08-27T19:32:52+0300</time>
</trkpt>
<trkpt lat="59.53395" lon="25.1591317">
<ele>78.6</ele>
<time>2026-08-27T19:32:53+0300</time>
</trkpt>
<trkpt lat="59.533875" lon="25.15926">
<ele>78.8</ele>
<time>2026-08-27T19:32:54+0300</time>
</trkpt>
<trkpt lat="59.5338" lon="25.1593933">
<ele>79.2</ele>
<time>2026-08-27T19:32:55+0300</time>
</trkpt>
<trkpt lat="59.5337283" lon="25.159525">
<ele>79.6</ele>
<time>2026-08-27T19:32:56+0300</time>
</trkpt>
<trkpt lat="59.53366" lon="25.1596567">
<ele>79.8</ele>
<time>2026-08-27T19:32:57+0300</time>
</trkpt>
<trkpt lat="59.5335933" lon="25.1597967">
<ele>80.1</ele>
<time>2026-08-27T19:32:58+0300</time>
</trkpt>
<trkpt lat="59.5335283" lon="25.1599433">
<ele>80.4</ele>
<time>2026-08-27T19:32:59+0300</time>
</trkpt>
<trkpt lat="59.533465" lon="25.1600933">
<ele>80.7</ele>
<time>2026-08-27T19:33:00+0300</time>
</trkpt>
<trkpt lat="59.5334033" lon="25.1602433">
<ele>80.8</ele>
<time>2026-08-27T19:33:01+0300</time>
</trkpt>
<trkpt lat="59.5333417" lon="25.1603933">
<ele>81.2</ele>
<time>2026-08-27T19:33:02+0300</time>
</trkpt>
<trkpt lat="59.5332817" lon="25.16055">
<ele>81.6</ele>
<time>2026-08-27T19:33:03+0300</time>
</trkpt>
<trkpt lat="59.5332233" lon="25.160705">
<ele>82.2</ele>
<time>2026-08-27T19:33:04+0300</time>
</trkpt>
<trkpt lat="59.5331633" lon="25.160855">
<ele>82.7</ele>
<time>2026-08-27T19:33:05+0300</time>
</trkpt>
<trkpt lat="59.5331033" lon="25.1610067">
<ele>83.3</ele>
<time>2026-08-27T19:33:06+0300</time>
</trkpt>
<trkpt lat="59.5330417" lon="25.1611517">
<ele>84.0</ele>
<time>2026-08-27T19:33:07+0300</time>
</trkpt>
<trkpt lat="59.5329767" lon="25.16129">
<ele>84.7</ele>
<time>2026-08-27T19:33:08+0300</time>
</trkpt>
<trkpt lat="59.5329083" lon="25.161415">
<ele>85.2</ele>
<time>2026-08-27T19:33:09+0300</time>
</trkpt>
<trkpt lat="59.532835" lon="25.1615433">
<ele>85.9</ele>
<time>2026-08-27T19:33:10+0300</time>
</trkpt>
<trkpt lat="59.5327617" lon="25.16167">
<ele>86.4</ele>
<time>2026-08-27T19:33:11+0300</time>
</trkpt>
<trkpt lat="59.5326867" lon="25.1617917">
<ele>87.0</ele>
<time>2026-08-27T19:33:12+0300</time>
</trkpt>
<trkpt lat="59.5326133" lon="25.1619133">
<ele>87.6</ele>
<time>2026-08-27T19:33:13+0300</time>
</trkpt>
<trkpt lat="59.532535" lon="25.1620267">
<ele>88.1</ele>
<time>2026-08-27T19:33:14+0300</time>
</trkpt>
<trkpt lat="59.5324533" lon="25.1621283">
<ele>88.7</ele>
<time>2026-08-27T19:33:15+0300</time>
</trkpt>
<trkpt lat="59.5323683" lon="25.1621933">
<ele>89.6</ele>
<time>2026-08-27T19:33:16+0300</time>
</trkpt>
<trkpt lat="59.5322767" lon="25.1622167">
<ele>90.3</ele>
<time>2026-08-27T19:33:17+0300</time>
</trkpt>
<trkpt lat="59.5321783" lon="25.16218">
<ele>90.6</ele>
<time>2026-08-27T19:33:18+0300</time>
</trkpt>
<trkpt lat="59.53208" lon="25.1620817">
<ele>91.2</ele>
<time>2026-08-27T19:33:19+0300</time>
</trkpt>
<trkpt lat="59.5319833" lon="25.16195">
<ele>91.6</ele>
<time>2026-08-27T19:33:20+0300</time>
</trkpt>
<trkpt lat="59.5318867" lon="25.1618233">
<ele>92.2</ele>
<time>2026-08-27T19:33:21+0300</time>
</trkpt>
<trkpt lat="59.5317867" lon="25.16173">
<ele>92.8</ele>
<time>2026-08-27T19:33:22+0300</time>
</trkpt>
<trkpt lat="59.531685" lon="25.1616767">
<ele>93.4</ele>
<time>2026-08-27T19:33:23+0300</time>
</trkpt>
<trkpt lat="59.531585" lon="25.1616533">
<ele>93.1</ele>
<time>2026-08-27T19:33:24+0300</time>
</trkpt>
<trkpt lat="59.5314883" lon="25.1616617">
<ele>93.1</ele>
<time>2026-08-27T19:33:25+0300</time>
</trkpt>
<trkpt lat="59.5313933" lon="25.1617">
<ele>92.8</ele>
<time>2026-08-27T19:33:26+0300</time>
</trkpt>
<trkpt lat="59.5313" lon="25.1617667">
<ele>92.3</ele>
<time>2026-08-27T19:33:27+0300</time>
</trkpt>
<trkpt lat="59.531215" lon="25.161855">
<ele>91.5</ele>
<time>2026-08-27T19:33:28+0300</time>
</trkpt>
<trkpt lat="59.5311417" lon="25.161955">
<ele>90.3</ele>
<time>2026-08-27T19:33:29+0300</time>
</trkpt>
<trkpt lat="59.5310683" lon="25.1620533">
<ele>88.5</ele>
<time>2026-08-27T19:33:30+0300</time>
</trkpt>
<trkpt lat="59.5309883" lon="25.16214">
<ele>87.0</ele>
<time>2026-08-27T19:33:31+0300</time>
</trkpt>
<trkpt lat="59.5308967" lon="25.1622117">
<ele>85.6</ele>
<time>2026-08-27T19:33:32+0300</time>
</trkpt>
<trkpt lat="59.5308" lon="25.1622733">
<ele>84.1</ele>
<time>2026-08-27T19:33:33+0300</time>
</trkpt>
<trkpt lat="59.5307" lon="25.16233">
<ele>82.7</ele>
<time>2026-08-27T19:33:34+0300</time>
</trkpt>
<trkpt lat="59.5305983" lon="25.1623767">
<ele>81.8</ele>
<time>2026-08-27T19:33:35+0300</time>
</trkpt>
<trkpt lat="59.5305" lon="25.162425">
<ele>81.0</ele>
<time>2026-08-27T19:33:36+0300</time>
</trkpt>
<trkpt lat="59.5304017" lon="25.1624767">
<ele>80.2</ele>
<time>2026-08-27T19:33:37+0300</time>
</trkpt>
<trkpt lat="59.530305" lon="25.162535">
<ele>79.2</ele>
<time>2026-08-27T19:33:38+0300</time>
</trkpt>
<trkpt lat="59.5302083" lon="25.1625983">
<ele>78.3</ele>
<time>2026-08-27T19:33:39+0300</time>
</trkpt>
<trkpt lat="59.53011" lon="25.1626617">
<ele>77.5</ele>
<time>2026-08-27T19:33:40+0300</time>
</trkpt>
<trkpt lat="59.5300117" lon="25.1627167">
<ele>76.9</ele>
<time>2026-08-27T19:33:41+0300</time>
</trkpt>
<trkpt lat="59.5299117" lon="25.1627583">
<ele>76.4</ele>
<time>2026-08-27T19:33:42+0300</time>
</trkpt>
<trkpt lat="59.5298117" lon="25.1627767">
<ele>75.6</ele>
<time>2026-08-27T19:33:43+0300</time>
</trkpt>
<trkpt lat="59.5297083" lon="25.1627817">
<ele>75.0</ele>
<time>2026-08-27T19:33:44+0300</time>
</trkpt>
<trkpt lat="59.5296067" lon="25.162775">
<ele>74.4</ele>
<time>2026-08-27T19:33:45+0300</time>
</trkpt>
<trkpt lat="59.5295033" lon="25.1627317">
<ele>74.0</ele>
<time>2026-08-27T19:33:46+0300</time>
</trkpt>
<trkpt lat="59.52941" lon="25.16263">
<ele>73.5</ele>
<time>2026-08-27T19:33:47+0300</time>
</trkpt>
<trkpt lat="59.5293383" lon="25.1624517">
<ele>73.0</ele>
<time>2026-08-27T19:33:48+0300</time>
</trkpt>
<trkpt lat="59.5293017" lon="25.162205">
<ele>72.5</ele>
<time>2026-08-27T19:33:49+0300</time>
</trkpt>
<trkpt lat="59.5293117" lon="25.16193">
<ele>72.1</ele>
<time>2026-08-27T19:33:50+0300</time>
</trkpt>
<trkpt lat="59.529375" lon="25.16169">
<ele>71.0</ele>
<time>2026-08-27T19:33:51+0300</time>
</trkpt>
<trkpt lat="59.529475" lon="25.161515">
<ele>70.4</ele>
<time>2026-08-27T19:33:52+0300</time>
</trkpt>
<trkpt lat="59.529595" lon="25.16143">
<ele>69.6</ele>
<time>2026-08-27T19:33:53+0300</time>
</trkpt>
<trkpt lat="59.5297167" lon="25.161425">
<ele>69.2</ele>
<time>2026-08-27T19:33:54+0300</time>
</trkpt>
<trkpt lat="59.529835" lon="25.16145">
<ele>69.5</ele>
<time>2026-08-27T19:33:55+0300</time>
</trkpt>
<trkpt lat="59.52995" lon="25.16147">
<ele>69.4</ele>
<time>2026-08-27T19:33:56+0300</time>
</trkpt>
<trkpt lat="59.5300617" lon="25.1614883">
<ele>69.5</ele>
<time>2026-08-27T19:33:57+0300</time>
</trkpt>
<trkpt lat="59.530175" lon="25.1615067">
<ele>69.4</ele>
<time>2026-08-27T19:33:58+0300</time>
</trkpt>
<trkpt lat="59.53029" lon="25.1615383">
<ele>69.4</ele>
<time>2026-08-27T19:33:59+0300</time>
</trkpt>
<trkpt lat="59.5304017" lon="25.1615983">
<ele>69.2</ele>
<time>2026-08-27T19:34:00+0300</time>
</trkpt>
<trkpt lat="59.53051" lon="25.161705">
<ele>69.4</ele>
<time>2026-08-27T19:34:01+0300</time>
</trkpt>
<trkpt lat="59.5306067" lon="25.1618433">
<ele>70.4</ele>
<time>2026-08-27T19:34:02+0300</time>
</trkpt>
<trkpt lat="59.5306683" lon="25.1620117">
<ele>70.0</ele>
<time>2026-08-27T19:34:03+0300</time>
</trkpt>
<trkpt lat="59.5307133" lon="25.1621933">
<ele>69.3</ele>
<time>2026-08-27T19:34:04+0300</time>
</trkpt>
<trkpt lat="59.5307283" lon="25.1623967">
<ele>68.9</ele>
<time>2026-08-27T19:34:05+0300</time>
</trkpt>
<trkpt lat="59.5307117" lon="25.16261">
<ele>68.4</ele>
<time>2026-08-27T19:34:06+0300</time>
</trkpt>
<trkpt lat="59.5306633" lon="25.1628">
<ele>67.9</ele>
<time>2026-08-27T19:34:07+0300</time>
</trkpt>
<trkpt lat="59.5305783" lon="25.162935">
<ele>67.0</ele>
<time>2026-08-27T19:34:08+0300</time>
</trkpt>
<trkpt lat="59.53048" lon="25.1630017">
<ele>67.7</ele>
<time>2026-08-27T19:34:09+0300</time>
</trkpt>
<trkpt lat="59.5303733" lon="25.1630033">
<ele>66.3</ele>
<time>2026-08-27T19:34:10+0300</time>
</trkpt>
<trkpt lat="59.530265" lon="25.1629717">
<ele>65.8</ele>
<time>2026-08-27T19:34:11+0300</time>
</trkpt>
<trkpt lat="59.5301567" lon="25.1629267">
<ele>65.8</ele>
<time>2026-08-27T19:34:12+0300</time>
</trkpt>
<trkpt lat="59.5300483" lon="25.1628817">
<ele>65.7</ele>
<time>2026-08-27T19:34:13+0300</time>
</trkpt>
<trkpt lat="59.5299317" lon="25.1628533">
<ele>64.3</ele>
<time>2026-08-27T19:34:14+0300</time>
</trkpt>
<trkpt lat="59.529815" lon="25.1628467">
<ele>63.2</ele>
<time>2026-08-27T19:34:15+0300</time>
</trkpt>
<trkpt lat="59.5296983" lon="25.16284">
<ele>62.9</ele>
<time>2026-08-27T19:34:16+0300</time>
</trkpt>
<trkpt lat="59.5295833" lon="25.1628233">
<ele>61.8</ele>
<time>2026-08-27T19:34:17+0300</time>
</trkpt>
<trkpt lat="59.5294733" lon="25.1628117">
<ele>61.0</ele>
<time>2026-08-27T19:34:18+0300</time>
</trkpt>
<trkpt lat="59.52936" lon="25.16281">
<ele>60.2</ele>
<time>2026-08-27T19:34:19+0300</time>
</trkpt>
<trkpt lat="59.529245" lon="25.1628233">
<ele>59.2</ele>
<time>2026-08-27T19:34:20+0300</time>
</trkpt>
<trkpt lat="59.5291283" lon="25.1628633">
<ele>58.5</ele>
<time>2026-08-27T19:34:21+0300</time>
</trkpt>
<trkpt lat="59.5290183" lon="25.1629433">
<ele>58.3</ele>
<time>2026-08-27T19:34:22+0300</time>
</trkpt>
<trkpt lat="59.5289217" lon="25.163055">
<ele>58.9</ele>
<time>2026-08-27T19:34:23+0300</time>
</trkpt>
<trkpt lat="59.5288367" lon="25.163195">
<ele>59.9</ele>
<time>2026-08-27T19:34:24+0300</time>
</trkpt>
<trkpt lat="59.5287633" lon="25.163335">
<ele>60.5</ele>
<time>2026-08-27T19:34:25+0300</time>
</trkpt>
<trkpt lat="59.528705" lon="25.1634833">
<ele>61.4</ele>
<time>2026-08-27T19:34:26+0300</time>
</trkpt>
<trkpt lat="59.5286517" lon="25.1636433">
<ele>62.1</ele>
<time>2026-08-27T19:34:27+0300</time>
</trkpt>
<trkpt lat="59.5286" lon="25.1638167">
<ele>62.8</ele>
<time>2026-08-27T19:34:28+0300</time>
</trkpt>
<trkpt lat="59.5285533" lon="25.1639983">
<ele>62.9</ele>
<time>2026-08-27T19:34:29+0300</time>
</trkpt>
<trkpt lat="59.52852" lon="25.1641967">
<ele>63.1</ele>
<time>2026-08-27T19:34:30+0300</time>
</trkpt>
<trkpt lat="59.5284933" lon="25.1644267">
<ele>63.0</ele>
<time>2026-08-27T19:34:31+0300</time>
</trkpt>
<trkpt lat="59.5284617" lon="25.1646317">
<ele>63.1</ele>
<time>2026-08-27T19:34:32+0300</time>
</trkpt>
<trkpt lat="59.52843" lon="25.1648217">
<ele>63.2</ele>
<time>2026-08-27T19:34:33+0300</time>
</trkpt>
<trkpt lat="59.5283967" lon="25.1650167">
<ele>63.3</ele>
<time>2026-08-27T19:34:34+0300</time>
</trkpt>
<trkpt lat="59.5283617" lon="25.1652">
<ele>63.3</ele>
<time>2026-08-27T19:34:35+0300</time>
</trkpt>
<trkpt lat="59.52833" lon="25.16539">
<ele>63.5</ele>
<time>2026-08-27T19:34:36+0300</time>
</trkpt>
<trkpt lat="59.5283" lon="25.1655883">
<ele>63.4</ele>
<time>2026-08-27T19:34:37+0300</time>
</trkpt>
<trkpt lat="59.5282667" lon="25.1657917">
<ele>62.7</ele>
<time>2026-08-27T19:34:38+0300</time>
</trkpt>
<trkpt lat="59.528235" lon="25.165995">
<ele>62.9</ele>
<time>2026-08-27T19:34:39+0300</time>
</trkpt>
<trkpt lat="59.5282067" lon="25.166195">
<ele>63.1</ele>
<time>2026-08-27T19:34:40+0300</time>
</trkpt>
<trkpt lat="59.528175" lon="25.1663867">
<ele>63.5</ele>
<time>2026-08-27T19:34:41+0300</time>
</trkpt>
<trkpt lat="59.5281383" lon="25.16657">
<ele>63.8</ele>
<time>2026-08-27T19:34:42+0300</time>
</trkpt>
<trkpt lat="59.5281" lon="25.1667567">
<ele>63.2</ele>
<time>2026-08-27T19:34:43+0300</time>
</trkpt>
<trkpt lat="59.52806" lon="25.1669433">
<ele>62.4</ele>
<time>2026-08-27T19:34:44+0300</time>
</trkpt>
<trkpt lat="59.52802" lon="25.1671383">
<ele>62.2</ele>
<time>2026-08-27T19:34:45+0300</time>
</trkpt>
<trkpt lat="59.5279767" lon="25.16734">
<ele>62.0</ele>
<time>2026-08-27T19:34:46+0300</time>
</trkpt>
<trkpt lat="59.5279283" lon="25.1675383">
<ele>62.5</ele>
<time>2026-08-27T19:34:47+0300</time>
</trkpt>
<trkpt lat="59.5278767" lon="25.1677283">
<ele>64.1</ele>
<time>2026-08-27T19:34:48+0300</time>
</trkpt>
<trkpt lat="59.5278283" lon="25.16791">
<ele>65.5</ele>
<time>2026-08-27T19:34:49+0300</time>
</trkpt>
<trkpt lat="59.5277883" lon="25.16809">
<ele>66.4</ele>
<time>2026-08-27T19:34:50+0300</time>
</trkpt>
<trkpt lat="59.5277583" lon="25.1682817">
<ele>66.7</ele>
<time>2026-08-27T19:34:51+0300</time>
</trkpt>
<trkpt lat="59.5277283" lon="25.1684883">
<ele>66.6</ele>
<time>2026-08-27T19:34:52+0300</time>
</trkpt>
<trkpt lat="59.52768" lon="25.168705">
<ele>66.8</ele>
<time>2026-08-27T19:34:53+0300</time>
</trkpt>
<trkpt lat="59.52762" lon="25.168915">
<ele>67.8</ele>
<time>2026-08-27T19:34:54+0300</time>
</trkpt>
<trkpt lat="59.527565" lon="25.1691117">
<ele>69.0</ele>
<time>2026-08-27T19:34:55+0300</time>
</trkpt>
<trkpt lat="59.5275267" lon="25.169305">
<ele>70.1</ele>
<time>2026-08-27T19:34:56+0300</time>
</trkpt>
<trkpt lat="59.527505" lon="25.1695083">
<ele>70.6</ele>
<time>2026-08-27T19:34:57+0300</time>
</trkpt>
<trkpt lat="59.527495" lon="25.1697233">
<ele>70.5</ele>
<time>2026-08-27T19:34:58+0300</time>
</trkpt>
<trkpt lat="59.5274867" lon="25.1699483">
<ele>69.8</ele>
<time>2026-08-27T19:34:59+0300</time>
</trkpt>
<trkpt lat="59.5274733" lon="25.1701867">
<ele>68.3</ele>
<time>2026-08-27T19:35:00+0300</time>
</trkpt>
<trkpt lat="59.527455" lon="25.1704367">
<ele>67.2</ele>
<time>2026-08-27T19:35:01+0300</time>
</trkpt>
<trkpt lat="59.527435" lon="25.1706933">
<ele>66.2</ele>
<time>2026-08-27T19:35:02+0300</time>
</trkpt>
<trkpt lat="59.52741" lon="25.1709483">
<ele>66.2</ele>
<time>2026-08-27T19:35:03+0300</time>
</trkpt>
<trkpt lat="59.5273833" lon="25.171195">
<ele>66.6</ele>
<time>2026-08-27T19:35:04+0300</time>
</trkpt>
<trkpt lat="59.527355" lon="25.1714283">
<ele>67.3</ele>
<time>2026-08-27T19:35:05+0300</time>
</trkpt>
<trkpt lat="59.527325" lon="25.1716467">
<ele>68.1</ele>
<time>2026-08-27T19:35:06+0300</time>
</trkpt>
<trkpt lat="59.527295" lon="25.1718583">
<ele>68.9</ele>
<time>2026-08-27T19:35:07+0300</time>
</trkpt>
<trkpt lat="59.52727" lon="25.1720667">
<ele>69.3</ele>
<time>2026-08-27T19:35:08+0300</time>
</trkpt>
<trkpt lat="59.5272467" lon="25.1722767">
<ele>69.2</ele>
<time>2026-08-27T19:35:09+0300</time>
</trkpt>
<trkpt lat="59.5272183" lon="25.1724833">
<ele>69.1</ele>
<time>2026-08-27T19:35:10+0300</time>
</trkpt>
<trkpt lat="59.5271767" lon="25.1726917">
<ele>69.2</ele>
<time>2026-08-27T19:35:11+0300</time>
</trkpt>
<trkpt lat="59.5271233" lon="25.172895">
<ele>69.8</ele>
<time>2026-08-27T19:35:12+0300</time>
</trkpt>
<trkpt lat="59.5270617" lon="25.1730817">
<ele>71.2</ele>
<time>2026-08-27T19:35:13+0300</time>
</trkpt>
<trkpt lat="59.527005" lon="25.173255">
<ele>72.6</ele>
<time>2026-08-27T19:35:14+0300</time>
</trkpt>
<trkpt lat="59.5269683" lon="25.1734217">
<ele>73.3</ele>
<time>2026-08-27T19:35:15+0300</time>
</trkpt>
<trkpt lat="59.526945" lon="25.1735967">
<ele>73.4</ele>
<time>2026-08-27T19:35:16+0300</time>
</trkpt>
<trkpt lat="59.526935" lon="25.17381">
<ele>72.2</ele>
<time>2026-08-27T19:35:17+0300</time>
</trkpt>
<trkpt lat="59.5269283" lon="25.1740433">
<ele>71.1</ele>
<time>2026-08-27T19:35:18+0300</time>
</trkpt>
<trkpt lat="59.5269167" lon="25.1742883">
<ele>69.9</ele>
<time>2026-08-27T19:35:19+0300</time>
</trkpt>
<trkpt lat="59.5269017" lon="25.1745367">
<ele>69.2</ele>
<time>2026-08-27T19:35:20+0300</time>
</trkpt>
<trkpt lat="59.5268883" lon="25.1747767">
<ele>69.4</ele>
<time>2026-08-27T19:35:21+0300</time>
</trkpt>
<trkpt lat="59.52687" lon="25.1750033">
<ele>69.3</ele>
<time>2026-08-27T19:35:22+0300</time>
</trkpt>
<trkpt lat="59.5268533" lon="25.1752183">
<ele>69.1</ele>
<time>2026-08-27T19:35:23+0300</time>
</trkpt>
<trkpt lat="59.526835" lon="25.1754233">
<ele>68.6</ele>
<time>2026-08-27T19:35:24+0300</time>
</trkpt>
<trkpt lat="59.526815" lon="25.1756317">
<ele>68.1</ele>
<time>2026-08-27T19:35:25+0300</time>
</trkpt>
<trkpt lat="59.5267967" lon="25.1758433">
<ele>67.7</ele>
<time>2026-08-27T19:35:26+0300</time>
</trkpt>
<trkpt lat="59.526775" lon="25.17606">
<ele>67.1</ele>
<time>2026-08-27T19:35:27+0300</time>
</trkpt>
<trkpt lat="59.5267517" lon="25.1762817">
<ele>66.9</ele>
<time>2026-08-27T19:35:28+0300</time>
</trkpt>
<trkpt lat="59.5267333" lon="25.1765033">
<ele>66.7</ele>
<time>2026-08-27T19:35:29+0300</time>
</trkpt>
<trkpt lat="59.5267133" lon="25.1767217">
<ele>66.4</ele>
<time>2026-08-27T19:35:30+0300</time>
</trkpt>
<trkpt lat="59.5266883" lon="25.176935">
<ele>66.3</ele>
<time>2026-08-27T19:35:31+0300</time>
</trkpt>
<trkpt lat="59.5266633" lon="25.1771417">
<ele>66.3</ele>
<time>2026-08-27T19:35:32+0300</time>
</trkpt>
<trkpt lat="59.52664" lon="25.17734">
<ele>66.1</ele>
<time>2026-08-27T19:35:33+0300</time>
</trkpt>
<trkpt lat="59.5266167" lon="25.17755">
<ele>66.1</ele>
<time>2026-08-27T19:35:34+0300</time>
</trkpt>
<trkpt lat="59.526595" lon="25.1777617">
<ele>66.2</ele>
<time>2026-08-27T19:35:35+0300</time>
</trkpt>
<trkpt lat="59.5265733" lon="25.1779783">
<ele>66.4</ele>
<time>2026-08-27T19:35:36+0300</time>
</trkpt>
<trkpt lat="59.52655" lon="25.1781983">
<ele>66.7</ele>
<time>2026-08-27T19:35:37+0300</time>
</trkpt>
<trkpt lat="59.526525" lon="25.1784167">
<ele>67.3</ele>
<time>2026-08-27T19:35:38+0300</time>
</trkpt>
<trkpt lat="59.526495" lon="25.1786283">
<ele>67.8</ele>
<time>2026-08-27T19:35:39+0300</time>
</trkpt>
<trkpt lat="59.5264667" lon="25.1788317">
<ele>67.8</ele>
<time>2026-08-27T19:35:40+0300</time>
</trkpt>
<trkpt lat="59.5264367" lon="25.1790333">
<ele>67.5</ele>
<time>2026-08-27T19:35:41+0300</time>
</trkpt>
<trkpt lat="59.52641" lon="25.1792417">
<ele>67.1</ele>
<time>2026-08-27T19:35:42+0300</time>
</trkpt>
<trkpt lat="59.5263867" lon="25.179455">
<ele>66.6</ele>
<time>2026-08-27T19:35:43+0300</time>
</trkpt>
<trkpt lat="59.5263667" lon="25.1796717">
<ele>66.2</ele>
<time>2026-08-27T19:35:44+0300</time>
</trkpt>
<trkpt lat="59.526345" lon="25.17989">
<ele>66.2</ele>
<time>2026-08-27T19:35:45+0300</time>
</trkpt>
<trkpt lat="59.526325" lon="25.1801067">
<ele>66.2</ele>
<time>2026-08-27T19:35:46+0300</time>
</trkpt>
<trkpt lat="59.526305" lon="25.1803233">
<ele>66.1</ele>
<time>2026-08-27T19:35:47+0300</time>
</trkpt>
<trkpt lat="59.526285" lon="25.1805367">
<ele>66.1</ele>
<time>2026-08-27T19:35:48+0300</time>
</trkpt>
<trkpt lat="59.5262667" lon="25.1807483">
<ele>65.9</ele>
<time>2026-08-27T19:35:49+0300</time>
</trkpt>
<trkpt lat="59.5262483" lon="25.1809567">
<ele>65.7</ele>
<time>2026-08-27T19:35:50+0300</time>
</trkpt>
<trkpt lat="59.5262267" lon="25.1811633">
<ele>65.4</ele>
<time>2026-08-27T19:35:51+0300</time>
</trkpt>
<trkpt lat="59.5262" lon="25.1813733">
<ele>65.3</ele>
<time>2026-08-27T19:35:52+0300</time>
</trkpt>
<trkpt lat="59.5261667" lon="25.1815817">
<ele>65.0</ele>
<time>2026-08-27T19:35:53+0300</time>
</trkpt>
<trkpt lat="59.5261233" lon="25.1817917">
<ele>64.9</ele>
<time>2026-08-27T19:35:54+0300</time>
</trkpt>
<trkpt lat="59.5260767" lon="25.1819917">
<ele>65.0</ele>
<time>2026-08-27T19:35:55+0300</time>
</trkpt>
<trkpt lat="59.526025" lon="25.1821883">
<ele>65.3</ele>
<time>2026-08-27T19:35:56+0300</time>
</trkpt>
<trkpt lat="59.52597" lon="25.1823733">
<ele>65.3</ele>
<time>2026-08-27T19:35:57+0300</time>
</trkpt>
<trkpt lat="59.52591" lon="25.1825533">
<ele>65.3</ele>
<time>2026-08-27T19:35:58+0300</time>
</trkpt>
<trkpt lat="59.5258467" lon="25.1827283">
<ele>65.2</ele>
<time>2026-08-27T19:35:59+0300</time>
</trkpt>
<trkpt lat="59.5257867" lon="25.1829067">
<ele>65.4</ele>
<time>2026-08-27T19:36:00+0300</time>
</trkpt>
<trkpt lat="59.5257333" lon="25.1830967">
<ele>65.7</ele>
<time>2026-08-27T19:36:01+0300</time>
</trkpt>
<trkpt lat="59.5256817" lon="25.1832867">
<ele>66.0</ele>
<time>2026-08-27T19:36:02+0300</time>
</trkpt>
<trkpt lat="59.5256283" lon="25.183475">
<ele>66.3</ele>
<time>2026-08-27T19:36:03+0300</time>
</trkpt>
<trkpt lat="59.5255733" lon="25.1836583">
<ele>66.4</ele>
<time>2026-08-27T19:36:04+0300</time>
</trkpt>
<trkpt lat="59.525525" lon="25.18384">
<ele>66.3</ele>
<time>2026-08-27T19:36:05+0300</time>
</trkpt>
<trkpt lat="59.52548" lon="25.1840217">
<ele>66.1</ele>
<time>2026-08-27T19:36:06+0300</time>
</trkpt>
<trkpt lat="59.5254317" lon="25.1842033">
<ele>66.0</ele>
<time>2026-08-27T19:36:07+0300</time>
</trkpt>
<trkpt lat="59.52537" lon="25.1843783">
<ele>65.8</ele>
<time>2026-08-27T19:36:08+0300</time>
</trkpt>
<trkpt lat="59.525285" lon="25.1845317">
<ele>65.3</ele>
<time>2026-08-27T19:36:09+0300</time>
</trkpt>
<trkpt lat="59.5251867" lon="25.1846517">
<ele>64.9</ele>
<time>2026-08-27T19:36:10+0300</time>
</trkpt>
<trkpt lat="59.5250867" lon="25.1847617">
<ele>65.7</ele>
<time>2026-08-27T19:36:11+0300</time>
</trkpt>
<trkpt lat="59.5249967" lon="25.1848933">
<ele>65.7</ele>
<time>2026-08-27T19:36:12+0300</time>
</trkpt>
<trkpt lat="59.5249283" lon="25.18506">
<ele>65.6</ele>
<time>2026-08-27T19:36:13+0300</time>
</trkpt>
<trkpt lat="59.5248733" lon="25.18525">
<ele>65.5</ele>
<time>2026-08-27T19:36:14+0300</time>
</trkpt>
<trkpt lat="59.5248233" lon="25.1854517">
<ele>65.5</ele>
<time>2026-08-27T19:36:15+0300</time>
</trkpt>
<trkpt lat="59.5247733" lon="25.1856467">
<ele>65.8</ele>
<time>2026-08-27T19:36:16+0300</time>
</trkpt>
<trkpt lat="59.52472" lon="25.185815">
<ele>65.1</ele>
<time>2026-08-27T19:36:17+0300</time>
</trkpt>
<trkpt lat="59.5246517" lon="25.1859767">
<ele>64.8</ele>
<time>2026-08-27T19:36:18+0300</time>
</trkpt>
<trkpt lat="59.5245733" lon="25.18612">
<ele>64.6</ele>
<time>2026-08-27T19:36:19+0300</time>
</trkpt>
<trkpt lat="59.5244867" lon="25.186255">
<ele>64.4</ele>
<time>2026-08-27T19:36:20+0300</time>
</trkpt>
<trkpt lat="59.5243967" lon="25.18639">
<ele>64.4</ele>
<time>2026-08-27T19:36:21+0300</time>
</trkpt>
<trkpt lat="59.52431" lon="25.1865233">
<ele>64.6</ele>
<time>2026-08-27T19:36:22+0300</time>
</trkpt>
<trkpt lat="59.524225" lon="25.1866633">
<ele>65.0</ele>
<time>2026-08-27T19:36:23+0300</time>
</trkpt>
<trkpt lat="59.5241433" lon="25.1867967">
<ele>65.3</ele>
<time>2026-08-27T19:36:24+0300</time>
</trkpt>
<trkpt lat="59.5240633" lon="25.1869217">
<ele>65.2</ele>
<time>2026-08-27T19:36:25+0300</time>
</trkpt>
<trkpt lat="59.5239833" lon="25.1870533">
<ele>64.7</ele>
<time>2026-08-27T19:36:26+0300</time>
</trkpt>
<trkpt lat="59.5239067" lon="25.187195">
<ele>64.1</ele>
<time>2026-08-27T19:36:27+0300</time>
</trkpt>
<trkpt lat="59.52383" lon="25.1873483">
<ele>63.5</ele>
<time>2026-08-27T19:36:28+0300</time>
</trkpt>
<trkpt lat="59.5237517" lon="25.187505">
<ele>63.1</ele>
<time>2026-08-27T19:36:29+0300</time>
</trkpt>
<trkpt lat="59.5236667" lon="25.1876483">
<ele>62.7</ele>
<time>2026-08-27T19:36:30+0300</time>
</trkpt>
<trkpt lat="59.5235767" lon="25.18776">
<ele>62.0</ele>
<time>2026-08-27T19:36:31+0300</time>
</trkpt>
<trkpt lat="59.5234783" lon="25.1878517">
<ele>61.6</ele>
<time>2026-08-27T19:36:32+0300</time>
</trkpt>
<trkpt lat="59.5233783" lon="25.187935">
<ele>61.2</ele>
<time>2026-08-27T19:36:33+0300</time>
</trkpt>
<trkpt lat="59.5232783" lon="25.1880233">
<ele>61.0</ele>
<time>2026-08-27T19:36:34+0300</time>
</trkpt>
<trkpt lat="59.5231783" lon="25.188105">
<ele>60.9</ele>
<time>2026-08-27T19:36:35+0300</time>
</trkpt>
<trkpt lat="59.52308" lon="25.1881833">
<ele>60.6</ele>
<time>2026-08-27T19:36:36+0300</time>
</trkpt>
<trkpt lat="59.5229817" lon="25.1882633">
<ele>60.4</ele>
<time>2026-08-27T19:36:37+0300</time>
</trkpt>
<trkpt lat="59.522885" lon="25.18835">
<ele>60.0</ele>
<time>2026-08-27T19:36:38+0300</time>
</trkpt>
<trkpt lat="59.5227917" lon="25.1884467">
<ele>59.2</ele>
<time>2026-08-27T19:36:39+0300</time>
</trkpt>
<trkpt lat="59.5227017" lon="25.1885583">
<ele>58.2</ele>
<time>2026-08-27T19:36:40+0300</time>
</trkpt>
<trkpt lat="59.5226117" lon="25.1886783">
<ele>57.4</ele>
<time>2026-08-27T19:36:41+0300</time>
</trkpt>
<trkpt lat="59.52252" lon="25.1887933">
<ele>56.3</ele>
<time>2026-08-27T19:36:42+0300</time>
</trkpt>
<trkpt lat="59.5224267" lon="25.188905">
<ele>55.3</ele>
<time>2026-08-27T19:36:43+0300</time>
</trkpt>
<trkpt lat="59.5223317" lon="25.1890183">
<ele>54.6</ele>
<time>2026-08-27T19:36:44+0300</time>
</trkpt>
<trkpt lat="59.5222367" lon="25.1891383">
<ele>53.8</ele>
<time>2026-08-27T19:36:45+0300</time>
</trkpt>
<trkpt lat="59.5221433" lon="25.1892733">
<ele>53.3</ele>
<time>2026-08-27T19:36:46+0300</time>
</trkpt>
<trkpt lat="59.522055" lon="25.189415">
<ele>53.6</ele>
<time>2026-08-27T19:36:47+0300</time>
</trkpt>
<trkpt lat="59.52197" lon="25.189555">
<ele>53.5</ele>
<time>2026-08-27T19:36:48+0300</time>
</trkpt>
<trkpt lat="59.5218833" lon="25.1896883">
<ele>53.0</ele>
<time>2026-08-27T19:36:49+0300</time>
</trkpt>
<trkpt lat="59.5217933" lon="25.1898167">
<ele>52.5</ele>
<time>2026-08-27T19:36:50+0300</time>
</trkpt>
<trkpt lat="59.5217" lon="25.1899517">
<ele>52.4</ele>
<time>2026-08-27T19:36:51+0300</time>
</trkpt>
<trkpt lat="59.5216067" lon="25.190085">
<ele>52.3</ele>
<time>2026-08-27T19:36:52+0300</time>
</trkpt>
<trkpt lat="59.521515" lon="25.1902233">
<ele>52.4</ele>
<time>2026-08-27T19:36:53+0300</time>
</trkpt>
<trkpt lat="59.5214267" lon="25.1903617">
<ele>52.8</ele>
<time>2026-08-27T19:36:54+0300</time>
</trkpt>
<trkpt lat="59.5213383" lon="25.1905033">
<ele>53.1</ele>
<time>2026-08-27T19:36:55+0300</time>
</trkpt>
<trkpt lat="59.52125" lon="25.1906383">
<ele>53.2</ele>
<time>2026-08-27T19:36:56+0300</time>
</trkpt>
<trkpt lat="59.521165" lon="25.1907833">
<ele>53.8</ele>
<time>2026-08-27T19:36:57+0300</time>
</trkpt>
<trkpt lat="59.52108" lon="25.1909283">
<ele>53.9</ele>
<time>2026-08-27T19:36:58+0300</time>
</trkpt>
<trkpt lat="59.520995" lon="25.191075">
<ele>53.9</ele>
<time>2026-08-27T19:36:59+0300</time>
</trkpt>
<trkpt lat="59.5209067" lon="25.1912183">
<ele>53.9</ele>
<time>2026-08-27T19:37:00+0300</time>
</trkpt>
<trkpt lat="59.520815" lon="25.1913667">
<ele>54.0</ele>
<time>2026-08-27T19:37:01+0300</time>
</trkpt>
<trkpt lat="59.5207283" lon="25.1915217">
<ele>54.3</ele>
<time>2026-08-27T19:37:02+0300</time>
</trkpt>
<trkpt lat="59.5206433" lon="25.1916783">
<ele>54.2</ele>
<time>2026-08-27T19:37:03+0300</time>
</trkpt>
<trkpt lat="59.52056" lon="25.1918333">
<ele>54.3</ele>
<time>2026-08-27T19:37:04+0300</time>
</trkpt>
<trkpt lat="59.5204767" lon="25.1919867">
<ele>54.3</ele>
<time>2026-08-27T19:37:05+0300</time>
</trkpt>
<trkpt lat="59.5203933" lon="25.19214">
<ele>54.3</ele>
<time>2026-08-27T19:37:06+0300</time>
</trkpt>
<trkpt lat="59.52031" lon="25.1922967">
<ele>54.2</ele>
<time>2026-08-27T19:37:07+0300</time>
</trkpt>
<trkpt lat="59.5202217" lon="25.192455">
<ele>54.3</ele>
<time>2026-08-27T19:37:08+0300</time>
</trkpt>
<trkpt lat="59.5201333" lon="25.1926083">
<ele>54.4</ele>
<time>2026-08-27T19:37:09+0300</time>
</trkpt>
<trkpt lat="59.5200433" lon="25.1927533">
<ele>54.8</ele>
<time>2026-08-27T19:37:10+0300</time>
</trkpt>
<trkpt lat="59.519955" lon="25.1928917">
<ele>55.3</ele>
<time>2026-08-27T19:37:11+0300</time>
</trkpt>
<trkpt lat="59.5198633" lon="25.19302">
<ele>55.6</ele>
<time>2026-08-27T19:37:12+0300</time>
</trkpt>
<trkpt lat="59.5197683" lon="25.1931533">
<ele>56.2</ele>
<time>2026-08-27T19:37:13+0300</time>
</trkpt>
<trkpt lat="59.519675" lon="25.19329">
<ele>56.5</ele>
<time>2026-08-27T19:37:14+0300</time>
</trkpt>
<trkpt lat="59.5195817" lon="25.1934233">
<ele>57.0</ele>
<time>2026-08-27T19:37:15+0300</time>
</trkpt>
<trkpt lat="59.5194917" lon="25.1935583">
<ele>57.4</ele>
<time>2026-08-27T19:37:16+0300</time>
</trkpt>
<trkpt lat="59.519405" lon="25.1936917">
<ele>57.5</ele>
<time>2026-08-27T19:37:17+0300</time>
</trkpt>
<trkpt lat="59.5193183" lon="25.1938233">
<ele>57.1</ele>
<time>2026-08-27T19:37:18+0300</time>
</trkpt>
<trkpt lat="59.5192317" lon="25.1939683">
<ele>56.6</ele>
<time>2026-08-27T19:37:19+0300</time>
</trkpt>
<trkpt lat="59.519145" lon="25.1941217">
<ele>56.3</ele>
<time>2026-08-27T19:37:20+0300</time>
</trkpt>
<trkpt lat="59.519055" lon="25.19428">
<ele>56.0</ele>
<time>2026-08-27T19:37:21+0300</time>
</trkpt>
<trkpt lat="59.5189633" lon="25.1944383">
<ele>55.9</ele>
<time>2026-08-27T19:37:22+0300</time>
</trkpt>
<trkpt lat="59.518875" lon="25.1945867">
<ele>56.0</ele>
<time>2026-08-27T19:37:23+0300</time>
</trkpt>
<trkpt lat="59.5187867" lon="25.194725">
<ele>56.0</ele>
<time>2026-08-27T19:37:24+0300</time>
</trkpt>
<trkpt lat="59.5187017" lon="25.1948633">
<ele>55.8</ele>
<time>2026-08-27T19:37:25+0300</time>
</trkpt>
<trkpt lat="59.518615" lon="25.1949933">
<ele>55.5</ele>
<time>2026-08-27T19:37:26+0300</time>
</trkpt>
<trkpt lat="59.5185233" lon="25.1951133">
<ele>54.9</ele>
<time>2026-08-27T19:37:27+0300</time>
</trkpt>
<trkpt lat="59.5184267" lon="25.1952267">
<ele>54.5</ele>
<time>2026-08-27T19:37:28+0300</time>
</trkpt>
<trkpt lat="59.5183283" lon="25.1953417">
<ele>54.3</ele>
<time>2026-08-27T19:37:29+0300</time>
</trkpt>
<trkpt lat="59.5182283" lon="25.195465">
<ele>54.3</ele>
<time>2026-08-27T19:37:30+0300</time>
</trkpt>
<trkpt lat="59.51813" lon="25.1955917">
<ele>54.5</ele>
<time>2026-08-27T19:37:31+0300</time>
</trkpt>
<trkpt lat="59.518035" lon="25.195715">
<ele>54.7</ele>
<time>2026-08-27T19:37:32+0300</time>
</trkpt>
<trkpt lat="59.5179367" lon="25.195825">
<ele>55.1</ele>
<time>2026-08-27T19:37:33+0300</time>
</trkpt>
<trkpt lat="59.51784" lon="25.1959233">
<ele>55.2</ele>
<time>2026-08-27T19:37:34+0300</time>
</trkpt>
<trkpt lat="59.517745" lon="25.196025">
<ele>55.1</ele>
<time>2026-08-27T19:37:35+0300</time>
</trkpt>
<trkpt lat="59.517655" lon="25.1961433">
<ele>54.7</ele>
<time>2026-08-27T19:37:36+0300</time>
</trkpt>
<trkpt lat="59.5175683" lon="25.1962767">
<ele>54.4</ele>
<time>2026-08-27T19:37:37+0300</time>
</trkpt>
<trkpt lat="59.5174867" lon="25.1964233">
<ele>53.8</ele>
<time>2026-08-27T19:37:38+0300</time>
</trkpt>
<trkpt lat="59.5174067" lon="25.1965783">
<ele>53.5</ele>
<time>2026-08-27T19:37:39+0300</time>
</trkpt>
<trkpt lat="59.5173267" lon="25.196735">
<ele>53.1</ele>
<time>2026-08-27T19:37:40+0300</time>
</trkpt>
<trkpt lat="59.5172433" lon="25.196885">
<ele>52.8</ele>
<time>2026-08-27T19:37:41+0300</time>
</trkpt>
<trkpt lat="59.5171583" lon="25.197025">
<ele>52.3</ele>
<time>2026-08-27T19:37:42+0300</time>
</trkpt>
<trkpt lat="59.5170683" lon="25.1971567">
<ele>51.8</ele>
<time>2026-08-27T19:37:43+0300</time>
</trkpt>
<trkpt lat="59.5169767" lon="25.1972783">
<ele>50.8</ele>
<time>2026-08-27T19:37:44+0300</time>
</trkpt>
<trkpt lat="59.5168833" lon="25.1973917">
<ele>49.9</ele>
<time>2026-08-27T19:37:45+0300</time>
</trkpt>
<trkpt lat="59.5167867" lon="25.1975">
<ele>49.1</ele>
<time>2026-08-27T19:37:46+0300</time>
</trkpt>
<trkpt lat="59.516685" lon="25.1975967">
<ele>48.4</ele>
<time>2026-08-27T19:37:47+0300</time>
</trkpt>
<trkpt lat="59.516575" lon="25.1976683">
<ele>47.6</ele>
<time>2026-08-27T19:37:48+0300</time>
</trkpt>
<trkpt lat="59.5164617" lon="25.1976967">
<ele>46.5</ele>
<time>2026-08-27T19:37:49+0300</time>
</trkpt>
<trkpt lat="59.5163433" lon="25.1976783">
<ele>45.3</ele>
<time>2026-08-27T19:37:50+0300</time>
</trkpt>
<trkpt lat="59.5162217" lon="25.197635">
<ele>44.5</ele>
<time>2026-08-27T19:37:51+0300</time>
</trkpt>
<trkpt lat="59.5161" lon="25.1975983">
<ele>44.0</ele>
<time>2026-08-27T19:37:52+0300</time>
</trkpt>
<trkpt lat="59.5159767" lon="25.1975683">
<ele>44.6</ele>
<time>2026-08-27T19:37:53+0300</time>
</trkpt>
<trkpt lat="59.5158583" lon="25.1975367">
<ele>45.7</ele>
<time>2026-08-27T19:37:54+0300</time>
</trkpt>
<trkpt lat="59.5157483" lon="25.1975">
<ele>46.7</ele>
<time>2026-08-27T19:37:55+0300</time>
</trkpt>
<trkpt lat="59.51564" lon="25.19745">
<ele>47.4</ele>
<time>2026-08-27T19:37:56+0300</time>
</trkpt>
<trkpt lat="59.51553" lon="25.1973933">
<ele>48.1</ele>
<time>2026-08-27T19:37:57+0300</time>
</trkpt>
<trkpt lat="59.5154183" lon="25.1973367">
<ele>48.9</ele>
<time>2026-08-27T19:37:58+0300</time>
</trkpt>
<trkpt lat="59.515305" lon="25.1972833">
<ele>49.4</ele>
<time>2026-08-27T19:37:59+0300</time>
</trkpt>
<trkpt lat="59.5151917" lon="25.197235">
<ele>50.0</ele>
<time>2026-08-27T19:38:00+0300</time>
</trkpt>
<trkpt lat="59.5150767" lon="25.197195">
<ele>50.8</ele>
<time>2026-08-27T19:38:01+0300</time>
</trkpt>
<trkpt lat="59.5149633" lon="25.197165">
<ele>51.6</ele>
<time>2026-08-27T19:38:02+0300</time>
</trkpt>
<trkpt lat="59.51485" lon="25.1971483">
<ele>52.1</ele>
<time>2026-08-27T19:38:03+0300</time>
</trkpt>
<trkpt lat="59.5147383" lon="25.1971483">
<ele>52.7</ele>
<time>2026-08-27T19:38:04+0300</time>
</trkpt>
<trkpt lat="59.5146283" lon="25.1971617">
<ele>53.4</ele>
<time>2026-08-27T19:38:05+0300</time>
</trkpt>
<trkpt lat="59.5145183" lon="25.1971883">
<ele>53.9</ele>
<time>2026-08-27T19:38:06+0300</time>
</trkpt>
<trkpt lat="59.5144083" lon="25.19722">
<ele>54.4</ele>
<time>2026-08-27T19:38:07+0300</time>
</trkpt>
<trkpt lat="59.5142983" lon="25.1972617">
<ele>55.0</ele>
<time>2026-08-27T19:38:08+0300</time>
</trkpt>
<trkpt lat="59.51419" lon="25.197305">
<ele>55.4</ele>
<time>2026-08-27T19:38:09+0300</time>
</trkpt>
<trkpt lat="59.5140817" lon="25.1973483">
<ele>55.8</ele>
<time>2026-08-27T19:38:10+0300</time>
</trkpt>
<trkpt lat="59.5139733" lon="25.19739">
<ele>56.5</ele>
<time>2026-08-27T19:38:11+0300</time>
</trkpt>
<trkpt lat="59.5138633" lon="25.1974233">
<ele>57.1</ele>
<time>2026-08-27T19:38:12+0300</time>
</trkpt>
<trkpt lat="59.5137517" lon="25.1974433">
<ele>57.7</ele>
<time>2026-08-27T19:38:13+0300</time>
</trkpt>
<trkpt lat="59.5136383" lon="25.1974467">
<ele>58.1</ele>
<time>2026-08-27T19:38:14+0300</time>
</trkpt>
<trkpt lat="59.5135233" lon="25.1974417">
<ele>58.7</ele>
<time>2026-08-27T19:38:15+0300</time>
</trkpt>
<trkpt lat="59.5134117" lon="25.1974183">
<ele>59.4</ele>
<time>2026-08-27T19:38:16+0300</time>
</trkpt>
<trkpt lat="59.5133" lon="25.1973917">
<ele>59.9</ele>
<time>2026-08-27T19:38:17+0300</time>
</trkpt>
<trkpt lat="59.5131883" lon="25.19736">
<ele>60.6</ele>
<time>2026-08-27T19:38:18+0300</time>
</trkpt>
<trkpt lat="59.5130783" lon="25.19732">
<ele>61.3</ele>
<time>2026-08-27T19:38:19+0300</time>
</trkpt>
<trkpt lat="59.51297" lon="25.197265">
<ele>62.0</ele>
<time>2026-08-27T19:38:20+0300</time>
</trkpt>
<trkpt lat="59.512865" lon="25.19718">
<ele>62.6</ele>
<time>2026-08-27T19:38:21+0300</time>
</trkpt>
<trkpt lat="59.5127633" lon="25.1970767">
<ele>63.3</ele>
<time>2026-08-27T19:38:22+0300</time>
</trkpt>
<trkpt lat="59.5126667" lon="25.1969533">
<ele>63.9</ele>
<time>2026-08-27T19:38:23+0300</time>
</trkpt>
<trkpt lat="59.5125717" lon="25.19682">
<ele>64.6</ele>
<time>2026-08-27T19:38:24+0300</time>
</trkpt>
<trkpt lat="59.5124767" lon="25.1966833">
<ele>65.1</ele>
<time>2026-08-27T19:38:25+0300</time>
</trkpt>
<trkpt lat="59.5123767" lon="25.1965567">
<ele>65.3</ele>
<time>2026-08-27T19:38:26+0300</time>
</trkpt>
<trkpt lat="59.5122733" lon="25.1964533">
<ele>65.9</ele>
<time>2026-08-27T19:38:27+0300</time>
</trkpt>
<trkpt lat="59.5121667" lon="25.1963717">
<ele>66.3</ele>
<time>2026-08-27T19:38:28+0300</time>
</trkpt>
<trkpt lat="59.512055" lon="25.1963067">
<ele>67.1</ele>
<time>2026-08-27T19:38:29+0300</time>
</trkpt>
<trkpt lat="59.5119433" lon="25.1962567">
<ele>67.9</ele>
<time>2026-08-27T19:38:30+0300</time>
</trkpt>
<trkpt lat="59.5118317" lon="25.19622">
<ele>68.6</ele>
<time>2026-08-27T19:38:31+0300</time>
</trkpt>
<trkpt lat="59.5117217" lon="25.196195">
<ele>69.1</ele>
<time>2026-08-27T19:38:32+0300</time>
</trkpt>
<trkpt lat="59.5116133" lon="25.196185">
<ele>69.4</ele>
<time>2026-08-27T19:38:33+0300</time>
</trkpt>
<trkpt lat="59.511505" lon="25.1961783">
<ele>69.7</ele>
<time>2026-08-27T19:38:34+0300</time>
</trkpt>
<trkpt lat="59.5113967" lon="25.19618">
<ele>70.1</ele>
<time>2026-08-27T19:38:35+0300</time>
</trkpt>
<trkpt lat="59.5112883" lon="25.1961833">
<ele>70.4</ele>
<time>2026-08-27T19:38:36+0300</time>
</trkpt>
<trkpt lat="59.5111833" lon="25.1961917">
<ele>70.9</ele>
<time>2026-08-27T19:38:37+0300</time>
</trkpt>
<trkpt lat="59.5110767" lon="25.1962033">
<ele>71.5</ele>
<time>2026-08-27T19:38:38+0300</time>
</trkpt>
<trkpt lat="59.5109717" lon="25.1962033">
<ele>72.2</ele>
<time>2026-08-27T19:38:39+0300</time>
</trkpt>
<trkpt lat="59.5108667" lon="25.1961967">
<ele>72.6</ele>
<time>2026-08-27T19:38:40+0300</time>
</trkpt>
<trkpt lat="59.5107583" lon="25.196185">
<ele>72.8</ele>
<time>2026-08-27T19:38:41+0300</time>
</trkpt>
<trkpt lat="59.5106517" lon="25.1961617">
<ele>72.9</ele>
<time>2026-08-27T19:38:42+0300</time>
</trkpt>
<trkpt lat="59.510545" lon="25.196125">
<ele>73.0</ele>
<time>2026-08-27T19:38:43+0300</time>
</trkpt>
<trkpt lat="59.5104383" lon="25.19607">
<ele>73.3</ele>
<time>2026-08-27T19:38:44+0300</time>
</trkpt>
<trkpt lat="59.5103333" lon="25.195995">
<ele>73.5</ele>
<time>2026-08-27T19:38:45+0300</time>
</trkpt>
<trkpt lat="59.51023" lon="25.1959117">
<ele>73.7</ele>
<time>2026-08-27T19:38:46+0300</time>
</trkpt>
<trkpt lat="59.510125" lon="25.1958367">
<ele>74.0</ele>
<time>2026-08-27T19:38:47+0300</time>
</trkpt>
<trkpt lat="59.5100167" lon="25.1957817">
<ele>74.4</ele>
<time>2026-08-27T19:38:48+0300</time>
</trkpt>
<trkpt lat="59.509905" lon="25.19574">
<ele>74.9</ele>
<time>2026-08-27T19:38:49+0300</time>
</trkpt>
<trkpt lat="59.509795" lon="25.1956983">
<ele>75.6</ele>
<time>2026-08-27T19:38:50+0300</time>
</trkpt>
<trkpt lat="59.5096883" lon="25.1956517">
<ele>76.7</ele>
<time>2026-08-27T19:38:51+0300</time>
</trkpt>
<trkpt lat="59.5095817" lon="25.1956033">
<ele>78.1</ele>
<time>2026-08-27T19:38:52+0300</time>
</trkpt>
<trkpt lat="59.50948" lon="25.195555">
<ele>79.2</ele>
<time>2026-08-27T19:38:53+0300</time>
</trkpt>
<trkpt lat="59.5093767" lon="25.1955117">
<ele>80.6</ele>
<time>2026-08-27T19:38:54+0300</time>
</trkpt>
<trkpt lat="59.5092733" lon="25.19547">
<ele>81.5</ele>
<time>2026-08-27T19:38:55+0300</time>
</trkpt>
<trkpt lat="59.5091667" lon="25.1954317">
<ele>82.4</ele>
<time>2026-08-27T19:38:56+0300</time>
</trkpt>
<trkpt lat="59.5090583" lon="25.1954">
<ele>83.0</ele>
<time>2026-08-27T19:38:57+0300</time>
</trkpt>
<trkpt lat="59.5089467" lon="25.1953783">
<ele>83.6</ele>
<time>2026-08-27T19:38:58+0300</time>
</trkpt>
<trkpt lat="59.5088383" lon="25.1953733">
<ele>84.3</ele>
<time>2026-08-27T19:38:59+0300</time>
</trkpt>
<trkpt lat="59.50873" lon="25.195375">
<ele>84.7</ele>
<time>2026-08-27T19:39:00+0300</time>
</trkpt>
<trkpt lat="59.5086233" lon="25.1953833">
<ele>84.9</ele>
<time>2026-08-27T19:39:01+0300</time>
</trkpt>
<trkpt lat="59.5085167" lon="25.1953917">
<ele>84.8</ele>
<time>2026-08-27T19:39:02+0300</time>
</trkpt>
<trkpt lat="59.50841" lon="25.195395">
<ele>84.2</ele>
<time>2026-08-27T19:39:03+0300</time>
</trkpt>
<trkpt lat="59.5083" lon="25.1953917">
<ele>83.8</ele>
<time>2026-08-27T19:39:04+0300</time>
</trkpt>
<trkpt lat="59.50819" lon="25.195385">
<ele>83.7</ele>
<time>2026-08-27T19:39:05+0300</time>
</trkpt>
<trkpt lat="59.5080817" lon="25.1953783">
<ele>83.7</ele>
<time>2026-08-27T19:39:06+0300</time>
</trkpt>
<trkpt lat="59.507975" lon="25.1953833">
<ele>83.9</ele>
<time>2026-08-27T19:39:07+0300</time>
</trkpt>
<trkpt lat="59.5078667" lon="25.1953883">
<ele>84.5</ele>
<time>2026-08-27T19:39:08+0300</time>
</trkpt>
<trkpt lat="59.5077617" lon="25.1953917">
<ele>84.7</ele>
<time>2026-08-27T19:39:09+0300</time>
</trkpt>
<trkpt lat="59.5076533" lon="25.19539">
<ele>85.0</ele>
<time>2026-08-27T19:39:10+0300</time>
</trkpt>
<trkpt lat="59.507545" lon="25.1953733">
<ele>85.6</ele>
<time>2026-08-27T19:39:11+0300</time>
</trkpt>
<trkpt lat="59.50744" lon="25.1953367">
<ele>85.7</ele>
<time>2026-08-27T19:39:12+0300</time>
</trkpt>
<trkpt lat="59.5073317" lon="25.195305">
<ele>85.8</ele>
<time>2026-08-27T19:39:13+0300</time>
</trkpt>
<trkpt lat="59.5072233" lon="25.1952933">
<ele>85.3</ele>
<time>2026-08-27T19:39:14+0300</time>
</trkpt>
<trkpt lat="59.5071167" lon="25.1953267">
<ele>84.8</ele>
<time>2026-08-27T19:39:15+0300</time>
</trkpt>
<trkpt lat="59.507015" lon="25.19541">
<ele>84.7</ele>
<time>2026-08-27T19:39:16+0300</time>
</trkpt>
<trkpt lat="59.5069233" lon="25.195525">
<ele>85.2</ele>
<time>2026-08-27T19:39:17+0300</time>
</trkpt>
<trkpt lat="59.5068417" lon="25.19566">
<ele>85.8</ele>
<time>2026-08-27T19:39:18+0300</time>
</trkpt>
<trkpt lat="59.5067683" lon="25.195805">
<ele>86.8</ele>
<time>2026-08-27T19:39:19+0300</time>
</trkpt>
<trkpt lat="59.5066983" lon="25.19595">
<ele>87.2</ele>
<time>2026-08-27T19:39:20+0300</time>
</trkpt>
<trkpt lat="59.50663" lon="25.196095">
<ele>87.4</ele>
<time>2026-08-27T19:39:21+0300</time>
</trkpt>
<trkpt lat="59.5065633" lon="25.196245">
<ele>87.3</ele>
<time>2026-08-27T19:39:22+0300</time>
</trkpt>
<trkpt lat="59.5065033" lon="25.1964067">
<ele>87.5</ele>
<time>2026-08-27T19:39:23+0300</time>
</trkpt>
<trkpt lat="59.5064467" lon="25.19658">
<ele>87.8</ele>
<time>2026-08-27T19:39:24+0300</time>
</trkpt>
<trkpt lat="59.506395" lon="25.1967583">
<ele>88.3</ele>
<time>2026-08-27T19:39:25+0300</time>
</trkpt>
<trkpt lat="59.5063467" lon="25.1969417">
<ele>88.9</ele>
<time>2026-08-27T19:39:26+0300</time>
</trkpt>
<trkpt lat="59.5063" lon="25.19712">
<ele>89.6</ele>
<time>2026-08-27T19:39:27+0300</time>
</trkpt>
<trkpt lat="59.506255" lon="25.1972967">
<ele>90.5</ele>
<time>2026-08-27T19:39:28+0300</time>
</trkpt>
<trkpt lat="59.5062133" lon="25.197475">
<ele>91.3</ele>
<time>2026-08-27T19:39:29+0300</time>
</trkpt>
<trkpt lat="59.5061733" lon="25.19766">
<ele>91.7</ele>
<time>2026-08-27T19:39:30+0300</time>
</trkpt>
<trkpt lat="59.506135" lon="25.1978517">
<ele>92.2</ele>
<time>2026-08-27T19:39:31+0300</time>
</trkpt>
<trkpt lat="59.506095" lon="25.198045">
<ele>92.5</ele>
<time>2026-08-27T19:39:32+0300</time>
</trkpt>
<trkpt lat="59.5060517" lon="25.198235">
<ele>92.9</ele>
<time>2026-08-27T19:39:33+0300</time>
</trkpt>
<trkpt lat="59.50601" lon="25.1984217">
<ele>93.4</ele>
<time>2026-08-27T19:39:34+0300</time>
</trkpt>
<trkpt lat="59.5059667" lon="25.1986033">
<ele>94.0</ele>
<time>2026-08-27T19:39:35+0300</time>
</trkpt>
<trkpt lat="59.5059183" lon="25.19878">
<ele>94.3</ele>
<time>2026-08-27T19:39:36+0300</time>
</trkpt>
<trkpt lat="59.5058667" lon="25.1989533">
<ele>94.6</ele>
<time>2026-08-27T19:39:37+0300</time>
</trkpt>
<trkpt lat="59.505815" lon="25.1991267">
<ele>95.0</ele>
<time>2026-08-27T19:39:38+0300</time>
</trkpt>
<trkpt lat="59.5057667" lon="25.199305">
<ele>95.4</ele>
<time>2026-08-27T19:39:39+0300</time>
</trkpt>
<trkpt lat="59.5057233" lon="25.19949">
<ele>95.8</ele>
<time>2026-08-27T19:39:40+0300</time>
</trkpt>
<trkpt lat="59.50568" lon="25.1996767">
<ele>96.1</ele>
<time>2026-08-27T19:39:41+0300</time>
</trkpt>
<trkpt lat="59.5056417" lon="25.1998633">
<ele>96.2</ele>
<time>2026-08-27T19:39:42+0300</time>
</trkpt>
<trkpt lat="59.5056033" lon="25.20005">
<ele>96.1</ele>
<time>2026-08-27T19:39:43+0300</time>
</trkpt>
<trkpt lat="59.5055683" lon="25.2002383">
<ele>96.0</ele>
<time>2026-08-27T19:39:44+0300</time>
</trkpt>
<trkpt lat="59.505535" lon="25.20043">
<ele>96.0</ele>
<time>2026-08-27T19:39:45+0300</time>
</trkpt>
<trkpt lat="59.5055" lon="25.2006233">
<ele>96.0</ele>
<time>2026-08-27T19:39:46+0300</time>
</trkpt>
<trkpt lat="59.505465" lon="25.2008167">
<ele>96.0</ele>
<time>2026-08-27T19:39:47+0300</time>
</trkpt>
<trkpt lat="59.5054283" lon="25.2010083">
<ele>96.2</ele>
<time>2026-08-27T19:39:48+0300</time>
</trkpt>
<trkpt lat="59.5053883" lon="25.201195">
<ele>96.4</ele>
<time>2026-08-27T19:39:49+0300</time>
</trkpt>
<trkpt lat="59.5053483" lon="25.2013767">
<ele>96.7</ele>
<time>2026-08-27T19:39:50+0300</time>
</trkpt>
<trkpt lat="59.5053033" lon="25.2015567">
<ele>96.9</ele>
<time>2026-08-27T19:39:51+0300</time>
</trkpt>
<trkpt lat="59.5052567" lon="25.2017383">
<ele>97.4</ele>
<time>2026-08-27T19:39:52+0300</time>
</trkpt>
<trkpt lat="59.50521" lon="25.2019183">
<ele>97.8</ele>
<time>2026-08-27T19:39:53+0300</time>
</trkpt>
<trkpt lat="59.505165" lon="25.2020833">
<ele>98.0</ele>
<time>2026-08-27T19:39:54+0300</time>
</trkpt>
<trkpt lat="59.5051183" lon="25.2022567">
<ele>98.2</ele>
<time>2026-08-27T19:39:55+0300</time>
</trkpt>
<trkpt lat="59.5050683" lon="25.2024333">
<ele>98.6</ele>
<time>2026-08-27T19:39:56+0300</time>
</trkpt>
<trkpt lat="59.5050183" lon="25.2026083">
<ele>98.9</ele>
<time>2026-08-27T19:39:57+0300</time>
</trkpt>
<trkpt lat="59.5049683" lon="25.2027867">
<ele>99.4</ele>
<time>2026-08-27T19:39:58+0300</time>
</trkpt>
<trkpt lat="59.5049217" lon="25.2029683">
<ele>99.8</ele>
<time>2026-08-27T19:39:59+0300</time>
</trkpt>
<trkpt lat="59.5048783" lon="25.2031533">
<ele>100.3</ele>
<time>2026-08-27T19:40:00+0300</time>
</trkpt>
<trkpt lat="59.5048367" lon="25.2033417">
<ele>100.5</ele>
<time>2026-08-27T19:40:01+0300</time>
</trkpt>
<trkpt lat="59.504795" lon="25.20353">
<ele>101.0</ele>
<time>2026-08-27T19:40:02+0300</time>
</trkpt>
<trkpt lat="59.504755" lon="25.203715">
<ele>101.2</ele>
<time>2026-08-27T19:40:03+0300</time>
</trkpt>
<trkpt lat="59.504715" lon="25.2039017">
<ele>101.6</ele>
<time>2026-08-27T19:40:04+0300</time>
</trkpt>
<trkpt lat="59.504675" lon="25.2040867">
<ele>101.8</ele>
<time>2026-08-27T19:40:05+0300</time>
</trkpt>
<trkpt lat="59.504635" lon="25.20428">
<ele>102.0</ele>
<time>2026-08-27T19:40:06+0300</time>
</trkpt>
<trkpt lat="59.5045967" lon="25.204475">
<ele>102.4</ele>
<time>2026-08-27T19:40:07+0300</time>
</trkpt>
<trkpt lat="59.5045583" lon="25.2046683">
<ele>102.9</ele>
<time>2026-08-27T19:40:08+0300</time>
</trkpt>
<trkpt lat="59.5045183" lon="25.2048617">
<ele>103.3</ele>
<time>2026-08-27T19:40:09+0300</time>
</trkpt>
<trkpt lat="59.5044783" lon="25.205055">
<ele>103.8</ele>
<time>2026-08-27T19:40:10+0300</time>
</trkpt>
<trkpt lat="59.5044367" lon="25.2052433">
<ele>104.2</ele>
<time>2026-08-27T19:40:11+0300</time>
</trkpt>
<trkpt lat="59.5043933" lon="25.2054317">
<ele>104.6</ele>
<time>2026-08-27T19:40:12+0300</time>
</trkpt>
<trkpt lat="59.5043533" lon="25.2056183">
<ele>105.0</ele>
<time>2026-08-27T19:40:13+0300</time>
</trkpt>
<trkpt lat="59.5043133" lon="25.2058083">
<ele>105.5</ele>
<time>2026-08-27T19:40:14+0300</time>
</trkpt>
<trkpt lat="59.50428" lon="25.206">
<ele>106.0</ele>
<time>2026-08-27T19:40:15+0300</time>
</trkpt>
<trkpt lat="59.5042483" lon="25.206195">
<ele>106.5</ele>
<time>2026-08-27T19:40:16+0300</time>
</trkpt>
<trkpt lat="59.5042217" lon="25.2063967">
<ele>106.9</ele>
<time>2026-08-27T19:40:17+0300</time>
</trkpt>
<trkpt lat="59.5041983" lon="25.2065967">
<ele>107.4</ele>
<time>2026-08-27T19:40:18+0300</time>
</trkpt>
<trkpt lat="59.5041767" lon="25.2067967">
<ele>107.9</ele>
<time>2026-08-27T19:40:19+0300</time>
</trkpt>
<trkpt lat="59.50416" lon="25.2069833">
<ele>108.0</ele>
<time>2026-08-27T19:40:20+0300</time>
</trkpt>
<trkpt lat="59.50414" lon="25.207185">
<ele>108.3</ele>
<time>2026-08-27T19:40:21+0300</time>
</trkpt>
<trkpt lat="59.50412" lon="25.2073817">
<ele>108.3</ele>
<time>2026-08-27T19:40:22+0300</time>
</trkpt>
<trkpt lat="59.5041017" lon="25.2075783">
<ele>108.2</ele>
<time>2026-08-27T19:40:23+0300</time>
</trkpt>
<trkpt lat="59.5040833" lon="25.2077833">
<ele>108.0</ele>
<time>2026-08-27T19:40:24+0300</time>
</trkpt>
<trkpt lat="59.504065" lon="25.2079817">
<ele>107.5</ele>
<time>2026-08-27T19:40:25+0300</time>
</trkpt>
<trkpt lat="59.5040433" lon="25.2081933">
<ele>107.5</ele>
<time>2026-08-27T19:40:26+0300</time>
</trkpt>
<trkpt lat="59.5040217" lon="25.2083967">
<ele>107.5</ele>
<time>2026-08-27T19:40:27+0300</time>
</trkpt>
<trkpt lat="59.5039983" lon="25.208595">
<ele>107.6</ele>
<time>2026-08-27T19:40:28+0300</time>
</trkpt>
<trkpt lat="59.5039783" lon="25.2087933">
<ele>107.6</ele>
<time>2026-08-27T19:40:29+0300</time>
</trkpt>
<trkpt lat="59.5039583" lon="25.2089917">
<ele>107.5</ele>
<time>2026-08-27T19:40:30+0300</time>
</trkpt>
<trkpt lat="59.5039417" lon="25.2091933">
<ele>107.2</ele>
<time>2026-08-27T19:40:31+0300</time>
</trkpt>
<trkpt lat="59.5039317" lon="25.2093967">
<ele>107.1</ele>
<time>2026-08-27T19:40:32+0300</time>
</trkpt>
<trkpt lat="59.50392" lon="25.2096017">
<ele>106.9</ele>
<time>2026-08-27T19:40:33+0300</time>
</trkpt>
<trkpt lat="59.5039067" lon="25.20981">
<ele>106.7</ele>
<time>2026-08-27T19:40:34+0300</time>
</trkpt>
<trkpt lat="59.5038933" lon="25.21001">
<ele>106.3</ele>
<time>2026-08-27T19:40:35+0300</time>
</trkpt>
<trkpt lat="59.50388" lon="25.2102117">
<ele>106.0</ele>
<time>2026-08-27T19:40:36+0300</time>
</trkpt>
<trkpt lat="59.50387" lon="25.2104117">
<ele>105.6</ele>
<time>2026-08-27T19:40:37+0300</time>
</trkpt>
<trkpt lat="59.5038633" lon="25.21061">
<ele>104.7</ele>
<time>2026-08-27T19:40:38+0300</time>
</trkpt>
<trkpt lat="59.5038583" lon="25.2108133">
<ele>103.7</ele>
<time>2026-08-27T19:40:39+0300</time>
</trkpt>
<trkpt lat="59.5038533" lon="25.21102">
<ele>102.5</ele>
<time>2026-08-27T19:40:40+0300</time>
</trkpt>
<trkpt lat="59.5038483" lon="25.2112317">
<ele>101.8</ele>
<time>2026-08-27T19:40:41+0300</time>
</trkpt>
<trkpt lat="59.5038417" lon="25.211445">
<ele>101.2</ele>
<time>2026-08-27T19:40:42+0300</time>
</trkpt>
<trkpt lat="59.50383" lon="25.21166">
<ele>101.0</ele>
<time>2026-08-27T19:40:43+0300</time>
</trkpt>
<trkpt lat="59.5038117" lon="25.2118717">
<ele>101.0</ele>
<time>2026-08-27T19:40:44+0300</time>
</trkpt>
<trkpt lat="59.503795" lon="25.21208">
<ele>101.0</ele>
<time>2026-08-27T19:40:45+0300</time>
</trkpt>
<trkpt lat="59.5037783" lon="25.212285">
<ele>101.1</ele>
<time>2026-08-27T19:40:46+0300</time>
</trkpt>
<trkpt lat="59.5037617" lon="25.21249">
<ele>101.2</ele>
<time>2026-08-27T19:40:47+0300</time>
</trkpt>
<trkpt lat="59.50375" lon="25.212695">
<ele>101.0</ele>
<time>2026-08-27T19:40:48+0300</time>
</trkpt>
<trkpt lat="59.5037333" lon="25.2128983">
<ele>100.8</ele>
<time>2026-08-27T19:40:49+0300</time>
</trkpt>
<trkpt lat="59.5037133" lon="25.2131">
<ele>100.8</ele>
<time>2026-08-27T19:40:50+0300</time>
</trkpt>
<trkpt lat="59.5036933" lon="25.2133033">
<ele>101.5</ele>
<time>2026-08-27T19:40:51+0300</time>
</trkpt>
<trkpt lat="59.50368" lon="25.2134967">
<ele>101.5</ele>
<time>2026-08-27T19:40:52+0300</time>
</trkpt>
<trkpt lat="59.5036633" lon="25.213695">
<ele>101.7</ele>
<time>2026-08-27T19:40:53+0300</time>
</trkpt>
<trkpt lat="59.5036467" lon="25.2139017">
<ele>101.7</ele>
<time>2026-08-27T19:40:54+0300</time>
</trkpt>
<trkpt lat="59.50363" lon="25.2141033">
<ele>102.1</ele>
<time>2026-08-27T19:40:55+0300</time>
</trkpt>
<trkpt lat="59.5036117" lon="25.214305">
<ele>102.5</ele>
<time>2026-08-27T19:40:56+0300</time>
</trkpt>
<trkpt lat="59.5035967" lon="25.214505">
<ele>102.6</ele>
<time>2026-08-27T19:40:57+0300</time>
</trkpt>
<trkpt lat="59.5035817" lon="25.2147017">
<ele>103.0</ele>
<time>2026-08-27T19:40:58+0300</time>
</trkpt>
<trkpt lat="59.5035717" lon="25.2149067">
<ele>103.1</ele>
<time>2026-08-27T19:40:59+0300</time>
</trkpt>
<trkpt lat="59.5035617" lon="25.2151067">
<ele>102.8</ele>
<time>2026-08-27T19:41:00+0300</time>
</trkpt>
<trkpt lat="59.5035533" lon="25.2153117">
<ele>102.2</ele>
<time>2026-08-27T19:41:01+0300</time>
</trkpt>
<trkpt lat="59.5035383" lon="25.215515">
<ele>102.0</ele>
<time>2026-08-27T19:41:02+0300</time>
</trkpt>
<trkpt lat="59.5035233" lon="25.2157117">
<ele>101.8</ele>
<time>2026-08-27T19:41:03+0300</time>
</trkpt>
<trkpt lat="59.50351" lon="25.2159133">
<ele>101.4</ele>
<time>2026-08-27T19:41:04+0300</time>
</trkpt>
<trkpt lat="59.5034967" lon="25.2161167">
<ele>101.2</ele>
<time>2026-08-27T19:41:05+0300</time>
</trkpt>
<trkpt lat="59.50348" lon="25.216315">
<ele>101.0</ele>
<time>2026-08-27T19:41:06+0300</time>
</trkpt>
<trkpt lat="59.503465" lon="25.2165133">
<ele>100.6</ele>
<time>2026-08-27T19:41:07+0300</time>
</trkpt>
<trkpt lat="59.5034517" lon="25.2167167">
<ele>100.4</ele>
<time>2026-08-27T19:41:08+0300</time>
</trkpt>
<trkpt lat="59.5034367" lon="25.2169233">
<ele>100.2</ele>
<time>2026-08-27T19:41:09+0300</time>
</trkpt>
<trkpt lat="59.5034217" lon="25.2171283">
<ele>99.9</ele>
<time>2026-08-27T19:41:10+0300</time>
</trkpt>
<trkpt lat="59.5034067" lon="25.2173333">
<ele>99.6</ele>
<time>2026-08-27T19:41:11+0300</time>
</trkpt>
<trkpt lat="59.5033933" lon="25.21754">
<ele>99.6</ele>
<time>2026-08-27T19:41:12+0300</time>
</trkpt>
<trkpt lat="59.5033767" lon="25.2177533">
<ele>100.1</ele>
<time>2026-08-27T19:41:13+0300</time>
</trkpt>
<trkpt lat="59.5033617" lon="25.2179617">
<ele>100.7</ele>
<time>2026-08-27T19:41:14+0300</time>
</trkpt>
<trkpt lat="59.50335" lon="25.2181567">
<ele>100.5</ele>
<time>2026-08-27T19:41:15+0300</time>
</trkpt>
<trkpt lat="59.5033383" lon="25.2183567">
<ele>100.4</ele>
<time>2026-08-27T19:41:16+0300</time>
</trkpt>
<trkpt lat="59.5033283" lon="25.2185633">
<ele>100.7</ele>
<time>2026-08-27T19:41:17+0300</time>
</trkpt>
<trkpt lat="59.50332" lon="25.21877">
<ele>101.0</ele>
<time>2026-08-27T19:41:18+0300</time>
</trkpt>
<trkpt lat="59.503315" lon="25.2189783">
<ele>101.5</ele>
<time>2026-08-27T19:41:19+0300</time>
</trkpt>
<trkpt lat="59.503315" lon="25.21918">
<ele>101.8</ele>
<time>2026-08-27T19:41:20+0300</time>
</trkpt>
<trkpt lat="59.503325" lon="25.21939">
<ele>102.4</ele>
<time>2026-08-27T19:41:21+0300</time>
</trkpt>
<trkpt lat="59.5033417" lon="25.2196033">
<ele>103.0</ele>
<time>2026-08-27T19:41:22+0300</time>
</trkpt>
<trkpt lat="59.5033633" lon="25.2198183">
<ele>103.7</ele>
<time>2026-08-27T19:41:23+0300</time>
</trkpt>
<trkpt lat="59.5033833" lon="25.22003">
<ele>104.3</ele>
<time>2026-08-27T19:41:24+0300</time>
</trkpt>
<trkpt lat="59.5034017" lon="25.220245">
<ele>104.9</ele>
<time>2026-08-27T19:41:25+0300</time>
</trkpt>
<trkpt lat="59.5034217" lon="25.2204583">
<ele>105.6</ele>
<time>2026-08-27T19:41:26+0300</time>
</trkpt>
<trkpt lat="59.5034417" lon="25.2206683">
<ele>106.4</ele>
<time>2026-08-27T19:41:27+0300</time>
</trkpt>
<trkpt lat="59.50346" lon="25.2208683">
<ele>107.1</ele>
<time>2026-08-27T19:41:28+0300</time>
</trkpt>
<trkpt lat="59.5034783" lon="25.221065">
<ele>107.5</ele>
<time>2026-08-27T19:41:29+0300</time>
</trkpt>
<trkpt lat="59.5034967" lon="25.221265">
<ele>107.7</ele>
<time>2026-08-27T19:41:30+0300</time>
</trkpt>
<trkpt lat="59.50351" lon="25.2214667">
<ele>107.8</ele>
<time>2026-08-27T19:41:31+0300</time>
</trkpt>
<trkpt lat="59.5035317" lon="25.22167">
<ele>108.0</ele>
<time>2026-08-27T19:41:32+0300</time>
</trkpt>
<trkpt lat="59.5035517" lon="25.2218767">
<ele>108.6</ele>
<time>2026-08-27T19:41:33+0300</time>
</trkpt>
<trkpt lat="59.5035733" lon="25.2220867">
<ele>108.9</ele>
<time>2026-08-27T19:41:34+0300</time>
</trkpt>
<trkpt lat="59.5035967" lon="25.2222967">
<ele>109.4</ele>
<time>2026-08-27T19:41:35+0300</time>
</trkpt>
<trkpt lat="59.503625" lon="25.2224983">
<ele>110.2</ele>
<time>2026-08-27T19:41:36+0300</time>
</trkpt>
<trkpt lat="59.5036633" lon="25.22269">
<ele>111.1</ele>
<time>2026-08-27T19:41:37+0300</time>
</trkpt>
<trkpt lat="59.503715" lon="25.2228717">
<ele>112.0</ele>
<time>2026-08-27T19:41:38+0300</time>
</trkpt>
<trkpt lat="59.5037833" lon="25.2230467">
<ele>112.7</ele>
<time>2026-08-27T19:41:39+0300</time>
</trkpt>
<trkpt lat="59.5038667" lon="25.2231983">
<ele>112.6</ele>
<time>2026-08-27T19:41:40+0300</time>
</trkpt>
<trkpt lat="59.503945" lon="25.22336">
<ele>113.0</ele>
<time>2026-08-27T19:41:41+0300</time>
</trkpt>
<trkpt lat="59.5040083" lon="25.2235417">
<ele>113.3</ele>
<time>2026-08-27T19:41:42+0300</time>
</trkpt>
<trkpt lat="59.5040433" lon="25.22375">
<ele>113.1</ele>
<time>2026-08-27T19:41:43+0300</time>
</trkpt>
<trkpt lat="59.5040383" lon="25.2239767">
<ele>113.1</ele>
<time>2026-08-27T19:41:44+0300</time>
</trkpt>
<trkpt lat="59.5039967" lon="25.2241967">
<ele>112.9</ele>
<time>2026-08-27T19:41:45+0300</time>
</trkpt>
<trkpt lat="59.503945" lon="25.224405">
<ele>114.4</ele>
<time>2026-08-27T19:41:46+0300</time>
</trkpt>
<trkpt lat="59.503905" lon="25.2246017">
<ele>115.7</ele>
<time>2026-08-27T19:41:47+0300</time>
</trkpt>
<trkpt lat="59.5038833" lon="25.2247933">
<ele>116.6</ele>
<time>2026-08-27T19:41:48+0300</time>
</trkpt>
<trkpt lat="59.503875" lon="25.2249817">
<ele>117.1</ele>
<time>2026-08-27T19:41:49+0300</time>
</trkpt>
<trkpt lat="59.503875" lon="25.225175">
<ele>117.1</ele>
<time>2026-08-27T19:41:50+0300</time>
</trkpt>
<trkpt lat="59.5038833" lon="25.22538">
<ele>116.9</ele>
<time>2026-08-27T19:41:51+0300</time>
</trkpt>
<trkpt lat="59.5038983" lon="25.2256017">
<ele>117.0</ele>
<time>2026-08-27T19:41:52+0300</time>
</trkpt>
<trkpt lat="59.5039183" lon="25.22582">
<ele>117.1</ele>
<time>2026-08-27T19:41:53+0300</time>
</trkpt>
<trkpt lat="59.5039417" lon="25.2260317">
<ele>117.5</ele>
<time>2026-08-27T19:41:54+0300</time>
</trkpt>
<trkpt lat="59.50397" lon="25.2262383">
<ele>118.2</ele>
<time>2026-08-27T19:41:55+0300</time>
</trkpt>
<trkpt lat="59.5040033" lon="25.22644">
<ele>118.5</ele>
<time>2026-08-27T19:41:56+0300</time>
</trkpt>
<trkpt lat="59.5040383" lon="25.226645">
<ele>118.5</ele>
<time>2026-08-27T19:41:57+0300</time>
</trkpt>
<trkpt lat="59.50407" lon="25.2268533">
<ele>118.4</ele>
<time>2026-08-27T19:41:58+0300</time>
</trkpt>
<trkpt lat="59.5040983" lon="25.2270683">
<ele>118.5</ele>
<time>2026-08-27T19:41:59+0300</time>
</trkpt>
<trkpt lat="59.5041267" lon="25.2272917">
<ele>119.0</ele>
<time>2026-08-27T19:42:00+0300</time>
</trkpt>
<trkpt lat="59.5041517" lon="25.2275117">
<ele>120.1</ele>
<time>2026-08-27T19:42:01+0300</time>
</trkpt>
<trkpt lat="59.504175" lon="25.2277217">
<ele>121.5</ele>
<time>2026-08-27T19:42:02+0300</time>
</trkpt>
<trkpt lat="59.504195" lon="25.22791">
<ele>122.7</ele>
<time>2026-08-27T19:42:03+0300</time>
</trkpt>
<trkpt lat="59.5042133" lon="25.2280817">
<ele>123.2</ele>
<time>2026-08-27T19:42:04+0300</time>
</trkpt>
<trkpt lat="59.50423" lon="25.2282517">
<ele>123.2</ele>
<time>2026-08-27T19:42:05+0300</time>
</trkpt>
<trkpt lat="59.5042433" lon="25.2284233">
<ele>121.8</ele>
<time>2026-08-27T19:42:06+0300</time>
</trkpt>
<trkpt lat="59.50426" lon="25.2286133">
<ele>120.3</ele>
<time>2026-08-27T19:42:07+0300</time>
</trkpt>
<trkpt lat="59.5042767" lon="25.22883">
<ele>119.5</ele>
<time>2026-08-27T19:42:08+0300</time>
</trkpt>
<trkpt lat="59.5042967" lon="25.22905">
<ele>119.7</ele>
<time>2026-08-27T19:42:09+0300</time>
</trkpt>
<trkpt lat="59.5043267" lon="25.22925">
<ele>120.1</ele>
<time>2026-08-27T19:42:10+0300</time>
</trkpt>
<trkpt lat="59.5043767" lon="25.22942">
<ele>120.6</ele>
<time>2026-08-27T19:42:11+0300</time>
</trkpt>
<trkpt lat="59.504445" lon="25.2295583">
<ele>120.5</ele>
<time>2026-08-27T19:42:12+0300</time>
</trkpt>
<trkpt lat="59.5045267" lon="25.22969">
<ele>119.7</ele>
<time>2026-08-27T19:42:13+0300</time>
</trkpt>
<trkpt lat="59.5046133" lon="25.2298433">
<ele>118.9</ele>
<time>2026-08-27T19:42:14+0300</time>
</trkpt>
<trkpt lat="59.5046933" lon="25.23002">
<ele>119.0</ele>
<time>2026-08-27T19:42:15+0300</time>
</trkpt>
<trkpt lat="59.50476" lon="25.2302067">
<ele>119.5</ele>
<time>2026-08-27T19:42:16+0300</time>
</trkpt>
<trkpt lat="59.50482" lon="25.2303933">
<ele>121.1</ele>
<time>2026-08-27T19:42:17+0300</time>
</trkpt>
<trkpt lat="59.5048767" lon="25.2305667">
<ele>122.4</ele>
<time>2026-08-27T19:42:18+0300</time>
</trkpt>
<trkpt lat="59.50493" lon="25.2307267">
<ele>123.4</ele>
<time>2026-08-27T19:42:19+0300</time>
</trkpt>
<trkpt lat="59.5049783" lon="25.230885">
<ele>123.4</ele>
<time>2026-08-27T19:42:20+0300</time>
</trkpt>
<trkpt lat="59.505025" lon="25.2310617">
<ele>123.2</ele>
<time>2026-08-27T19:42:21+0300</time>
</trkpt>
<trkpt lat="59.5050667" lon="25.2312517">
<ele>123.3</ele>
<time>2026-08-27T19:42:22+0300</time>
</trkpt>
<trkpt lat="59.5051" lon="25.2314417">
<ele>123.7</ele>
<time>2026-08-27T19:42:23+0300</time>
</trkpt>
<trkpt lat="59.505135" lon="25.2316333">
<ele>124.9</ele>
<time>2026-08-27T19:42:24+0300</time>
</trkpt>
<trkpt lat="59.5051717" lon="25.2318133">
<ele>126.1</ele>
<time>2026-08-27T19:42:25+0300</time>
</trkpt>
<trkpt lat="59.5052133" lon="25.231985">
<ele>127.1</ele>
<time>2026-08-27T19:42:26+0300</time>
</trkpt>
<trkpt lat="59.50526" lon="25.2321517">
<ele>128.1</ele>
<time>2026-08-27T19:42:27+0300</time>
</trkpt>
<trkpt lat="59.5053133" lon="25.232315">
<ele>129.0</ele>
<time>2026-08-27T19:42:28+0300</time>
</trkpt>
<trkpt lat="59.5053683" lon="25.232485">
<ele>130.0</ele>
<time>2026-08-27T19:42:29+0300</time>
</trkpt>
<trkpt lat="59.5054233" lon="25.232665">
<ele>130.8</ele>
<time>2026-08-27T19:42:30+0300</time>
</trkpt>
<trkpt lat="59.505475" lon="25.23284">
<ele>131.6</ele>
<time>2026-08-27T19:42:31+0300</time>
</trkpt>
<trkpt lat="59.5055167" lon="25.2330183">
<ele>132.4</ele>
<time>2026-08-27T19:42:32+0300</time>
</trkpt>
<trkpt lat="59.50556" lon="25.2331883">
<ele>133.1</ele>
<time>2026-08-27T19:42:33+0300</time>
</trkpt>
<trkpt lat="59.5056033" lon="25.23336">
<ele>133.6</ele>
<time>2026-08-27T19:42:34+0300</time>
</trkpt>
<trkpt lat="59.5056483" lon="25.2335317">
<ele>134.1</ele>
<time>2026-08-27T19:42:35+0300</time>
</trkpt>
<trkpt lat="59.5056983" lon="25.233705">
<ele>134.5</ele>
<time>2026-08-27T19:42:36+0300</time>
</trkpt>
<trkpt lat="59.50575" lon="25.2338783">
<ele>135.0</ele>
<time>2026-08-27T19:42:37+0300</time>
</trkpt>
<trkpt lat="59.5058067" lon="25.2340517">
<ele>135.8</ele>
<time>2026-08-27T19:42:38+0300</time>
</trkpt>
<trkpt lat="59.5058683" lon="25.2342233">
<ele>136.7</ele>
<time>2026-08-27T19:42:39+0300</time>
</trkpt>
<trkpt lat="59.5059283" lon="25.234385">
<ele>137.2</ele>
<time>2026-08-27T19:42:40+0300</time>
</trkpt>
<trkpt lat="59.50599" lon="25.234545">
<ele>137.7</ele>
<time>2026-08-27T19:42:41+0300</time>
</trkpt>
<trkpt lat="59.50605" lon="25.2347067">
<ele>138.4</ele>
<time>2026-08-27T19:42:42+0300</time>
</trkpt>
<trkpt lat="59.50611" lon="25.2348683">
<ele>138.6</ele>
<time>2026-08-27T19:42:43+0300</time>
</trkpt>
<trkpt lat="59.5061683" lon="25.2350333">
<ele>138.4</ele>
<time>2026-08-27T19:42:44+0300</time>
</trkpt>
<trkpt lat="59.506225" lon="25.2351967">
<ele>138.0</ele>
<time>2026-08-27T19:42:45+0300</time>
</trkpt>
<trkpt lat="59.5062867" lon="25.235365">
<ele>137.9</ele>
<time>2026-08-27T19:42:46+0300</time>
</trkpt>
<trkpt lat="59.50635" lon="25.2355333">
<ele>137.4</ele>
<time>2026-08-27T19:42:47+0300</time>
</trkpt>
<trkpt lat="59.5064167" lon="25.2357033">
<ele>137.0</ele>
<time>2026-08-27T19:42:48+0300</time>
</trkpt>
<trkpt lat="59.506485" lon="25.2358683">
<ele>136.6</ele>
<time>2026-08-27T19:42:49+0300</time>
</trkpt>
<trkpt lat="59.5065517" lon="25.23603">
<ele>135.9</ele>
<time>2026-08-27T19:42:50+0300</time>
</trkpt>
<trkpt lat="59.5066183" lon="25.23618">
<ele>134.6</ele>
<time>2026-08-27T19:42:51+0300</time>
</trkpt>
<trkpt lat="59.5066883" lon="25.2363333">
<ele>133.1</ele>
<time>2026-08-27T19:42:52+0300</time>
</trkpt>
<trkpt lat="59.5067617" lon="25.2364967">
<ele>131.9</ele>
<time>2026-08-27T19:42:53+0300</time>
</trkpt>
<trkpt lat="59.5068383" lon="25.23667">
<ele>131.0</ele>
<time>2026-08-27T19:42:54+0300</time>
</trkpt>
<trkpt lat="59.5069117" lon="25.2368417">
<ele>131.1</ele>
<time>2026-08-27T19:42:55+0300</time>
</trkpt>
<trkpt lat="59.50698" lon="25.2370067">
<ele>131.8</ele>
<time>2026-08-27T19:42:56+0300</time>
</trkpt>
<trkpt lat="59.507045" lon="25.23716">
<ele>132.1</ele>
<time>2026-08-27T19:42:57+0300</time>
</trkpt>
<trkpt lat="59.5071083" lon="25.2373133">
<ele>131.7</ele>
<time>2026-08-27T19:42:58+0300</time>
</trkpt>
<trkpt lat="59.5071733" lon="25.2374683">
<ele>130.9</ele>
<time>2026-08-27T19:42:59+0300</time>
</trkpt>
<trkpt lat="59.50724" lon="25.2376267">
<ele>130.2</ele>
<time>2026-08-27T19:43:00+0300</time>
</trkpt>
<trkpt lat="59.5073083" lon="25.2377933">
<ele>130.0</ele>
<time>2026-08-27T19:43:01+0300</time>
</trkpt>
<trkpt lat="59.5073767" lon="25.2379633">
<ele>130.0</ele>
<time>2026-08-27T19:43:02+0300</time>
</trkpt>
<trkpt lat="59.5074433" lon="25.2381333">
<ele>130.3</ele>
<time>2026-08-27T19:43:03+0300</time>
</trkpt>
<trkpt lat="59.5075083" lon="25.2382967">
<ele>130.7</ele>
<time>2026-08-27T19:43:04+0300</time>
</trkpt>
<trkpt lat="59.5075717" lon="25.238455">
<ele>130.8</ele>
<time>2026-08-27T19:43:05+0300</time>
</trkpt>
<trkpt lat="59.507635" lon="25.2386133">
<ele>130.8</ele>
<time>2026-08-27T19:43:06+0300</time>
</trkpt>
<trkpt lat="59.5076967" lon="25.2387783">
<ele>130.6</ele>
<time>2026-08-27T19:43:07+0300</time>
</trkpt>
<trkpt lat="59.5077583" lon="25.2389483">
<ele>130.4</ele>
<time>2026-08-27T19:43:08+0300</time>
</trkpt>
<trkpt lat="59.5078183" lon="25.2391183">
<ele>130.2</ele>
<time>2026-08-27T19:43:09+0300</time>
</trkpt>
<trkpt lat="59.5078767" lon="25.2392917">
<ele>130.0</ele>
<time>2026-08-27T19:43:10+0300</time>
</trkpt>
<trkpt lat="59.5079333" lon="25.239465">
<ele>130.0</ele>
<time>2026-08-27T19:43:11+0300</time>
</trkpt>
<trkpt lat="59.50799" lon="25.239635">
<ele>129.9</ele>
<time>2026-08-27T19:43:12+0300</time>
</trkpt>
<trkpt lat="59.508045" lon="25.2398033">
<ele>129.8</ele>
<time>2026-08-27T19:43:13+0300</time>
</trkpt>
<trkpt lat="59.5081" lon="25.2399717">
<ele>129.6</ele>
<time>2026-08-27T19:43:14+0300</time>
</trkpt>
<trkpt lat="59.5081533" lon="25.2401433">
<ele>129.3</ele>
<time>2026-08-27T19:43:15+0300</time>
</trkpt>
<trkpt lat="59.508205" lon="25.2403167">
<ele>129.0</ele>
<time>2026-08-27T19:43:16+0300</time>
</trkpt>
<trkpt lat="59.508255" lon="25.2404933">
<ele>128.7</ele>
<time>2026-08-27T19:43:17+0300</time>
</trkpt>
<trkpt lat="59.5083033" lon="25.2406683">
<ele>128.4</ele>
<time>2026-08-27T19:43:18+0300</time>
</trkpt>
<trkpt lat="59.50835" lon="25.2408317">
<ele>128.1</ele>
<time>2026-08-27T19:43:19+0300</time>
</trkpt>
<trkpt lat="59.5083983" lon="25.241005">
<ele>128.0</ele>
<time>2026-08-27T19:43:20+0300</time>
</trkpt>
<trkpt lat="59.5084417" lon="25.2411817">
<ele>128.2</ele>
<time>2026-08-27T19:43:21+0300</time>
</trkpt>
<trkpt lat="59.5084817" lon="25.2413567">
<ele>128.4</ele>
<time>2026-08-27T19:43:22+0300</time>
</trkpt>
<trkpt lat="59.5085233" lon="25.2415283">
<ele>128.6</ele>
<time>2026-08-27T19:43:23+0300</time>
</trkpt>
<trkpt lat="59.50857" lon="25.2417">
<ele>128.7</ele>
<time>2026-08-27T19:43:24+0300</time>
</trkpt>
<trkpt lat="59.5086233" lon="25.2418767">
<ele>128.6</ele>
<time>2026-08-27T19:43:25+0300</time>
</trkpt>
<trkpt lat="59.508675" lon="25.2420483">
<ele>128.5</ele>
<time>2026-08-27T19:43:26+0300</time>
</trkpt>
<trkpt lat="59.5087317" lon="25.2422233">
<ele>128.5</ele>
<time>2026-08-27T19:43:27+0300</time>
</trkpt>
<trkpt lat="59.5087867" lon="25.2423967">
<ele>128.7</ele>
<time>2026-08-27T19:43:28+0300</time>
</trkpt>
<trkpt lat="59.5088433" lon="25.24257">
<ele>129.2</ele>
<time>2026-08-27T19:43:29+0300</time>
</trkpt>
<trkpt lat="59.5089" lon="25.24274">
<ele>129.7</ele>
<time>2026-08-27T19:43:30+0300</time>
</trkpt>
<trkpt lat="59.5089583" lon="25.2429083">
<ele>130.3</ele>
<time>2026-08-27T19:43:31+0300</time>
</trkpt>
<trkpt lat="59.5090167" lon="25.2430733">
<ele>130.8</ele>
<time>2026-08-27T19:43:32+0300</time>
</trkpt>
<trkpt lat="59.509075" lon="25.243235">
<ele>131.3</ele>
<time>2026-08-27T19:43:33+0300</time>
</trkpt>
<trkpt lat="59.509135" lon="25.2434">
<ele>131.7</ele>
<time>2026-08-27T19:43:34+0300</time>
</trkpt>
<trkpt lat="59.5091933" lon="25.2435633">
<ele>132.3</ele>
<time>2026-08-27T19:43:35+0300</time>
</trkpt>
<trkpt lat="59.5092533" lon="25.2437267">
<ele>132.7</ele>
<time>2026-08-27T19:43:36+0300</time>
</trkpt>
<trkpt lat="59.5093133" lon="25.2438933">
<ele>133.3</ele>
<time>2026-08-27T19:43:37+0300</time>
</trkpt>
<trkpt lat="59.5093733" lon="25.2440533">
<ele>134.0</ele>
<time>2026-08-27T19:43:38+0300</time>
</trkpt>
<trkpt lat="59.5094367" lon="25.2442067">
<ele>134.8</ele>
<time>2026-08-27T19:43:39+0300</time>
</trkpt>
<trkpt lat="59.5095017" lon="25.244355">
<ele>135.1</ele>
<time>2026-08-27T19:43:40+0300</time>
</trkpt>
<trkpt lat="59.5095733" lon="25.2445">
<ele>135.2</ele>
<time>2026-08-27T19:43:41+0300</time>
</trkpt>
<trkpt lat="59.50965" lon="25.2446417">
<ele>135.2</ele>
<time>2026-08-27T19:43:42+0300</time>
</trkpt>
<trkpt lat="59.50973" lon="25.2447783">
<ele>135.2</ele>
<time>2026-08-27T19:43:43+0300</time>
</trkpt>
<trkpt lat="59.50981" lon="25.244915">
<ele>135.3</ele>
<time>2026-08-27T19:43:44+0300</time>
</trkpt>
<trkpt lat="59.5098867" lon="25.24505">
<ele>135.1</ele>
<time>2026-08-27T19:43:45+0300</time>
</trkpt>
<trkpt lat="59.509965" lon="25.245185">
<ele>134.9</ele>
<time>2026-08-27T19:43:46+0300</time>
</trkpt>
<trkpt lat="59.5100417" lon="25.2453183">
<ele>134.5</ele>
<time>2026-08-27T19:43:47+0300</time>
</trkpt>
<trkpt lat="59.51012" lon="25.245445">
<ele>134.1</ele>
<time>2026-08-27T19:43:48+0300</time>
</trkpt>
<trkpt lat="59.5102" lon="25.2455667">
<ele>133.6</ele>
<time>2026-08-27T19:43:49+0300</time>
</trkpt>
<trkpt lat="59.5102833" lon="25.245685">
<ele>132.8</ele>
<time>2026-08-27T19:43:50+0300</time>
</trkpt>
<trkpt lat="59.5103683" lon="25.245805">
<ele>132.1</ele>
<time>2026-08-27T19:43:51+0300</time>
</trkpt>
<trkpt lat="59.510455" lon="25.2459217">
<ele>131.5</ele>
<time>2026-08-27T19:43:52+0300</time>
</trkpt>
<trkpt lat="59.5105383" lon="25.246035">
<ele>130.9</ele>
<time>2026-08-27T19:43:53+0300</time>
</trkpt>
<trkpt lat="59.5106217" lon="25.246145">
<ele>130.2</ele>
<time>2026-08-27T19:43:54+0300</time>
</trkpt>
<trkpt lat="59.510705" lon="25.2462517">
<ele>129.2</ele>
<time>2026-08-27T19:43:55+0300</time>
</trkpt>
<trkpt lat="59.51079" lon="25.2463583">
<ele>128.3</ele>
<time>2026-08-27T19:43:56+0300</time>
</trkpt>
<trkpt lat="59.5108767" lon="25.246465">
<ele>127.8</ele>
<time>2026-08-27T19:43:57+0300</time>
</trkpt>
<trkpt lat="59.5109633" lon="25.246575">
<ele>127.2</ele>
<time>2026-08-27T19:43:58+0300</time>
</trkpt>
<trkpt lat="59.5110467" lon="25.2466867">
<ele>126.5</ele>
<time>2026-08-27T19:43:59+0300</time>
</trkpt>
<trkpt lat="59.511125" lon="25.2468017">
<ele>125.8</ele>
<time>2026-08-27T19:44:00+0300</time>
</trkpt>
<trkpt lat="59.5112017" lon="25.24693">
<ele>125.7</ele>
<time>2026-08-27T19:44:01+0300</time>
</trkpt>
<trkpt lat="59.511265" lon="25.2470817">
<ele>125.2</ele>
<time>2026-08-27T19:44:02+0300</time>
</trkpt>
<trkpt lat="59.5113217" lon="25.247245">
<ele>125.1</ele>
<time>2026-08-27T19:44:03+0300</time>
</trkpt>
<trkpt lat="59.5113783" lon="25.2474083">
<ele>125.2</ele>
<time>2026-08-27T19:44:04+0300</time>
</trkpt>
<trkpt lat="59.51144" lon="25.2475583">
<ele>125.1</ele>
<time>2026-08-27T19:44:05+0300</time>
</trkpt>
<trkpt lat="59.5115067" lon="25.2476967">
<ele>124.5</ele>
<time>2026-08-27T19:44:06+0300</time>
</trkpt>
<trkpt lat="59.5115783" lon="25.2478317">
<ele>123.8</ele>
<time>2026-08-27T19:44:07+0300</time>
</trkpt>
<trkpt lat="59.51165" lon="25.2479767">
<ele>123.5</ele>
<time>2026-08-27T19:44:08+0300</time>
</trkpt>
<trkpt lat="59.5117183" lon="25.2481333">
<ele>123.2</ele>
<time>2026-08-27T19:44:09+0300</time>
</trkpt>
<trkpt lat="59.5117817" lon="25.248295">
<ele>123.3</ele>
<time>2026-08-27T19:44:10+0300</time>
</trkpt>
<trkpt lat="59.511845" lon="25.2484517">
<ele>123.9</ele>
<time>2026-08-27T19:44:11+0300</time>
</trkpt>
<trkpt lat="59.51191" lon="25.2486083">
<ele>124.3</ele>
<time>2026-08-27T19:44:12+0300</time>
</trkpt>
<trkpt lat="59.5119733" lon="25.2487617">
<ele>125.0</ele>
<time>2026-08-27T19:44:13+0300</time>
</trkpt>
<trkpt lat="59.5120333" lon="25.2489117">
<ele>125.1</ele>
<time>2026-08-27T19:44:14+0300</time>
</trkpt>
<trkpt lat="59.5120933" lon="25.2490683">
<ele>125.2</ele>
<time>2026-08-27T19:44:15+0300</time>
</trkpt>
<trkpt lat="59.51215" lon="25.2492317">
<ele>125.3</ele>
<time>2026-08-27T19:44:16+0300</time>
</trkpt>
<trkpt lat="59.5122067" lon="25.2493933">
<ele>125.7</ele>
<time>2026-08-27T19:44:17+0300</time>
</trkpt>
<trkpt lat="59.5122633" lon="25.2495583">
<ele>126.1</ele>
<time>2026-08-27T19:44:18+0300</time>
</trkpt>
<trkpt lat="59.5123167" lon="25.2497217">
<ele>126.3</ele>
<time>2026-08-27T19:44:19+0300</time>
</trkpt>
<trkpt lat="59.5123683" lon="25.2498833">
<ele>126.3</ele>
<time>2026-08-27T19:44:20+0300</time>
</trkpt>
<trkpt lat="59.5124217" lon="25.2500483">
<ele>126.3</ele>
<time>2026-08-27T19:44:21+0300</time>
</trkpt>
<trkpt lat="59.5124783" lon="25.2502133">
<ele>126.5</ele>
<time>2026-08-27T19:44:22+0300</time>
</trkpt>
<trkpt lat="59.5125383" lon="25.2503767">
<ele>126.8</ele>
<time>2026-08-27T19:44:23+0300</time>
</trkpt>
<trkpt lat="59.5126033" lon="25.2505317">
<ele>127.2</ele>
<time>2026-08-27T19:44:24+0300</time>
</trkpt>
<trkpt lat="59.51267" lon="25.2506817">
<ele>127.6</ele>
<time>2026-08-27T19:44:25+0300</time>
</trkpt>
<trkpt lat="59.5127417" lon="25.2508233">
<ele>127.8</ele>
<time>2026-08-27T19:44:26+0300</time>
</trkpt>
<trkpt lat="59.5128133" lon="25.25096">
<ele>127.7</ele>
<time>2026-08-27T19:44:27+0300</time>
</trkpt>
<trkpt lat="59.51289" lon="25.2510883">
<ele>127.6</ele>
<time>2026-08-27T19:44:28+0300</time>
</trkpt>
<trkpt lat="59.5129667" lon="25.251215">
<ele>127.8</ele>
<time>2026-08-27T19:44:29+0300</time>
</trkpt>
<trkpt lat="59.5130417" lon="25.2513467">
<ele>128.1</ele>
<time>2026-08-27T19:44:30+0300</time>
</trkpt>
<trkpt lat="59.5131" lon="25.2514983">
<ele>128.0</ele>
<time>2026-08-27T19:44:31+0300</time>
</trkpt>
<trkpt lat="59.51313" lon="25.25168">
<ele>127.4</ele>
<time>2026-08-27T19:44:32+0300</time>
</trkpt>
<trkpt lat="59.5131267" lon="25.2518783">
<ele>126.7</ele>
<time>2026-08-27T19:44:33+0300</time>
</trkpt>
<trkpt lat="59.513105" lon="25.2520783">
<ele>126.4</ele>
<time>2026-08-27T19:44:34+0300</time>
</trkpt>
<trkpt lat="59.51308" lon="25.2522733">
<ele>127.2</ele>
<time>2026-08-27T19:44:35+0300</time>
</trkpt>
<trkpt lat="59.51306" lon="25.25246">
<ele>127.4</ele>
<time>2026-08-27T19:44:36+0300</time>
</trkpt>
<trkpt lat="59.5130483" lon="25.2526383">
<ele>127.3</ele>
<time>2026-08-27T19:44:37+0300</time>
</trkpt>
<trkpt lat="59.5130433" lon="25.252815">
<ele>126.6</ele>
<time>2026-08-27T19:44:38+0300</time>
</trkpt>
<trkpt lat="59.51305" lon="25.2530017">
<ele>126.2</ele>
<time>2026-08-27T19:44:39+0300</time>
</trkpt>
<trkpt lat="59.5130717" lon="25.2531867">
<ele>126.0</ele>
<time>2026-08-27T19:44:40+0300</time>
</trkpt>
<trkpt lat="59.5131183" lon="25.2533717">
<ele>125.4</ele>
<time>2026-08-27T19:44:41+0300</time>
</trkpt>
<trkpt lat="59.5131833" lon="25.25354">
<ele>125.6</ele>
<time>2026-08-27T19:44:42+0300</time>
</trkpt>
<trkpt lat="59.513265" lon="25.2536817">
<ele>125.7</ele>
<time>2026-08-27T19:44:43+0300</time>
</trkpt>
<trkpt lat="59.5133583" lon="25.25379">
<ele>125.7</ele>
<time>2026-08-27T19:44:44+0300</time>
</trkpt>
<trkpt lat="59.513455" lon="25.2538633">
<ele>125.8</ele>
<time>2026-08-27T19:44:45+0300</time>
</trkpt>
<trkpt lat="59.5135583" lon="25.253885">
<ele>125.6</ele>
<time>2026-08-27T19:44:46+0300</time>
</trkpt>
<trkpt lat="59.5136717" lon="25.2539133">
<ele>125.5</ele>
<time>2026-08-27T19:44:47+0300</time>
</trkpt>
<trkpt lat="59.5137817" lon="25.253935">
<ele>125.6</ele>
<time>2026-08-27T19:44:48+0300</time>
</trkpt>
<trkpt lat="59.5138933" lon="25.25395">
<ele>126.1</ele>
<time>2026-08-27T19:44:49+0300</time>
</trkpt>
<trkpt lat="59.5140033" lon="25.253945">
<ele>125.9</ele>
<time>2026-08-27T19:44:50+0300</time>
</trkpt>
<trkpt lat="59.51412" lon="25.2539167">
<ele>126.1</ele>
<time>2026-08-27T19:44:51+0300</time>
</trkpt>
<trkpt lat="59.514235" lon="25.2538733">
<ele>126.3</ele>
<time>2026-08-27T19:44:52+0300</time>
</trkpt>
<trkpt lat="59.5143517" lon="25.2538483">
<ele>126.5</ele>
<time>2026-08-27T19:44:53+0300</time>
</trkpt>
<trkpt lat="59.514465" lon="25.2538733">
<ele>126.8</ele>
<time>2026-08-27T19:44:54+0300</time>
</trkpt>
<trkpt lat="59.5145667" lon="25.253965">
<ele>126.3</ele>
<time>2026-08-27T19:44:55+0300</time>
</trkpt>
<trkpt lat="59.5146533" lon="25.2541033">
<ele>126.2</ele>
<time>2026-08-27T19:44:56+0300</time>
</trkpt>
<trkpt lat="59.51473" lon="25.2542583">
<ele>126.1</ele>
<time>2026-08-27T19:44:57+0300</time>
</trkpt>
<trkpt lat="59.514805" lon="25.2544083">
<ele>126.2</ele>
<time>2026-08-27T19:44:58+0300</time>
</trkpt>
<trkpt lat="59.5148767" lon="25.2545517">
<ele>126.2</ele>
<time>2026-08-27T19:44:59+0300</time>
</trkpt>
<trkpt lat="59.5149433" lon="25.25469">
<ele>125.9</ele>
<time>2026-08-27T19:45:00+0300</time>
</trkpt>
<trkpt lat="59.5150067" lon="25.2548417">
<ele>125.1</ele>
<time>2026-08-27T19:45:01+0300</time>
</trkpt>
<trkpt lat="59.5150717" lon="25.2549967">
<ele>124.3</ele>
<time>2026-08-27T19:45:02+0300</time>
</trkpt>
<trkpt lat="59.5151417" lon="25.2551583">
<ele>123.4</ele>
<time>2026-08-27T19:45:03+0300</time>
</trkpt>
<trkpt lat="59.515215" lon="25.25532">
<ele>122.6</ele>
<time>2026-08-27T19:45:04+0300</time>
</trkpt>
<trkpt lat="59.51529" lon="25.2554783">
<ele>122.1</ele>
<time>2026-08-27T19:45:05+0300</time>
</trkpt>
<trkpt lat="59.515365" lon="25.2556333">
<ele>121.8</ele>
<time>2026-08-27T19:45:06+0300</time>
</trkpt>
<trkpt lat="59.5154383" lon="25.2557867">
<ele>121.3</ele>
<time>2026-08-27T19:45:07+0300</time>
</trkpt>
<trkpt lat="59.51551" lon="25.255935">
<ele>120.9</ele>
<time>2026-08-27T19:45:08+0300</time>
</trkpt>
<trkpt lat="59.5155833" lon="25.2560833">
<ele>120.3</ele>
<time>2026-08-27T19:45:09+0300</time>
</trkpt>
<trkpt lat="59.5156567" lon="25.256235">
<ele>119.6</ele>
<time>2026-08-27T19:45:10+0300</time>
</trkpt>
<trkpt lat="59.5157317" lon="25.25639">
<ele>119.2</ele>
<time>2026-08-27T19:45:11+0300</time>
</trkpt>
<trkpt lat="59.5158117" lon="25.2565417">
<ele>119.0</ele>
<time>2026-08-27T19:45:12+0300</time>
</trkpt>
<trkpt lat="59.51589" lon="25.2566933">
<ele>119.3</ele>
<time>2026-08-27T19:45:13+0300</time>
</trkpt>
<trkpt lat="59.5159667" lon="25.25684">
<ele>118.9</ele>
<time>2026-08-27T19:45:14+0300</time>
</trkpt>
<trkpt lat="59.5160417" lon="25.25699">
<ele>119.0</ele>
<time>2026-08-27T19:45:15+0300</time>
</trkpt>
<trkpt lat="59.516115" lon="25.25714">
<ele>119.0</ele>
<time>2026-08-27T19:45:16+0300</time>
</trkpt>
<trkpt lat="59.516185" lon="25.257295">
<ele>119.0</ele>
<time>2026-08-27T19:45:17+0300</time>
</trkpt>
<trkpt lat="59.5162567" lon="25.25745">
<ele>118.9</ele>
<time>2026-08-27T19:45:18+0300</time>
</trkpt>
<trkpt lat="59.51633" lon="25.2576067">
<ele>119.0</ele>
<time>2026-08-27T19:45:19+0300</time>
</trkpt>
<trkpt lat="59.5164033" lon="25.2577633">
<ele>119.0</ele>
<time>2026-08-27T19:45:20+0300</time>
</trkpt>
<trkpt lat="59.5164767" lon="25.2579233">
<ele>119.1</ele>
<time>2026-08-27T19:45:21+0300</time>
</trkpt>
<trkpt lat="59.51655" lon="25.2580833">
<ele>119.4</ele>
<time>2026-08-27T19:45:22+0300</time>
</trkpt>
<trkpt lat="59.51662" lon="25.2582433">
<ele>119.6</ele>
<time>2026-08-27T19:45:23+0300</time>
</trkpt>
<trkpt lat="59.51669" lon="25.2584067">
<ele>120.2</ele>
<time>2026-08-27T19:45:24+0300</time>
</trkpt>
<trkpt lat="59.5167567" lon="25.25857">
<ele>120.7</ele>
<time>2026-08-27T19:45:25+0300</time>
</trkpt>
<trkpt lat="59.5168183" lon="25.258735">
<ele>121.1</ele>
<time>2026-08-27T19:45:26+0300</time>
</trkpt>
<trkpt lat="59.5168817" lon="25.2589083">
<ele>121.1</ele>
<time>2026-08-27T19:45:27+0300</time>
</trkpt>
<trkpt lat="59.5169417" lon="25.2590917">
<ele>120.9</ele>
<time>2026-08-27T19:45:28+0300</time>
</trkpt>
<trkpt lat="59.51701" lon="25.259295">
<ele>120.5</ele>
<time>2026-08-27T19:45:29+0300</time>
</trkpt>
<trkpt lat="59.5170783" lon="25.2594967">
<ele>120.1</ele>
<time>2026-08-27T19:45:30+0300</time>
</trkpt>
<trkpt lat="59.5171433" lon="25.25968">
<ele>120.0</ele>
<time>2026-08-27T19:45:31+0300</time>
</trkpt>
<trkpt lat="59.517215" lon="25.2598517">
<ele>119.9</ele>
<time>2026-08-27T19:45:32+0300</time>
</trkpt>
<trkpt lat="59.517295" lon="25.26002">
<ele>119.8</ele>
<time>2026-08-27T19:45:33+0300</time>
</trkpt>
<trkpt lat="59.5173767" lon="25.2601967">
<ele>119.1</ele>
<time>2026-08-27T19:45:34+0300</time>
</trkpt>
<trkpt lat="59.5174633" lon="25.260375">
<ele>118.2</ele>
<time>2026-08-27T19:45:35+0300</time>
</trkpt>
<trkpt lat="59.5175483" lon="25.2605467">
<ele>117.6</ele>
<time>2026-08-27T19:45:36+0300</time>
</trkpt>
<trkpt lat="59.51764" lon="25.26071">
<ele>117.0</ele>
<time>2026-08-27T19:45:37+0300</time>
</trkpt>
<trkpt lat="59.517735" lon="25.2608667">
<ele>116.6</ele>
<time>2026-08-27T19:45:38+0300</time>
</trkpt>
<trkpt lat="59.5178283" lon="25.2610167">
<ele>116.4</ele>
<time>2026-08-27T19:45:39+0300</time>
</trkpt>
<trkpt lat="59.5179183" lon="25.2611583">
<ele>116.6</ele>
<time>2026-08-27T19:45:40+0300</time>
</trkpt>
<trkpt lat="59.5180117" lon="25.26131">
<ele>116.4</ele>
<time>2026-08-27T19:45:41+0300</time>
</trkpt>
<trkpt lat="59.5181017" lon="25.26146">
<ele>116.3</ele>
<time>2026-08-27T19:45:42+0300</time>
</trkpt>
<trkpt lat="59.5181933" lon="25.2616117">
<ele>116.3</ele>
<time>2026-08-27T19:45:43+0300</time>
</trkpt>
<trkpt lat="59.518285" lon="25.261765">
<ele>116.6</ele>
<time>2026-08-27T19:45:44+0300</time>
</trkpt>
<trkpt lat="59.51838" lon="25.2619183">
<ele>117.0</ele>
<time>2026-08-27T19:45:45+0300</time>
</trkpt>
<trkpt lat="59.518475" lon="25.2620667">
<ele>116.9</ele>
<time>2026-08-27T19:45:46+0300</time>
</trkpt>
<trkpt lat="59.5185683" lon="25.2622167">
<ele>116.5</ele>
<time>2026-08-27T19:45:47+0300</time>
</trkpt>
<trkpt lat="59.5186617" lon="25.2623683">
<ele>116.0</ele>
<time>2026-08-27T19:45:48+0300</time>
</trkpt>
<trkpt lat="59.518755" lon="25.26252">
<ele>116.0</ele>
<time>2026-08-27T19:45:49+0300</time>
</trkpt>
<trkpt lat="59.5188483" lon="25.2626717">
<ele>115.5</ele>
<time>2026-08-27T19:45:50+0300</time>
</trkpt>
<trkpt lat="59.5189417" lon="25.26282">
<ele>115.2</ele>
<time>2026-08-27T19:45:51+0300</time>
</trkpt>
<trkpt lat="59.5190383" lon="25.26297">
<ele>114.7</ele>
<time>2026-08-27T19:45:52+0300</time>
</trkpt>
<trkpt lat="59.5191333" lon="25.26312">
<ele>114.1</ele>
<time>2026-08-27T19:45:53+0300</time>
</trkpt>
<trkpt lat="59.51923" lon="25.2632733">
<ele>113.6</ele>
<time>2026-08-27T19:45:54+0300</time>
</trkpt>
<trkpt lat="59.5193267" lon="25.2634233">
<ele>113.3</ele>
<time>2026-08-27T19:45:55+0300</time>
</trkpt>
<trkpt lat="59.5194233" lon="25.2635683">
<ele>112.9</ele>
<time>2026-08-27T19:45:56+0300</time>
</trkpt>
<trkpt lat="59.51952" lon="25.2637117">
<ele>112.3</ele>
<time>2026-08-27T19:45:57+0300</time>
</trkpt>
<trkpt lat="59.51962" lon="25.2638533">
<ele>111.7</ele>
<time>2026-08-27T19:45:58+0300</time>
</trkpt>
<trkpt lat="59.51972" lon="25.2639967">
<ele>111.4</ele>
<time>2026-08-27T19:45:59+0300</time>
</trkpt>
<trkpt lat="59.51982" lon="25.26414">
<ele>110.9</ele>
<time>2026-08-27T19:46:00+0300</time>
</trkpt>
<trkpt lat="59.51992" lon="25.2642867">
<ele>110.3</ele>
<time>2026-08-27T19:46:01+0300</time>
</trkpt>
<trkpt lat="59.5200183" lon="25.2644317">
<ele>109.5</ele>
<time>2026-08-27T19:46:02+0300</time>
</trkpt>
<trkpt lat="59.5201167" lon="25.2645767">
<ele>108.7</ele>
<time>2026-08-27T19:46:03+0300</time>
</trkpt>
<trkpt lat="59.52021" lon="25.2647167">
<ele>107.8</ele>
<time>2026-08-27T19:46:04+0300</time>
</trkpt>
<trkpt lat="59.520305" lon="25.264855">
<ele>106.7</ele>
<time>2026-08-27T19:46:05+0300</time>
</trkpt>
<trkpt lat="59.5204017" lon="25.2649933">
<ele>105.3</ele>
<time>2026-08-27T19:46:06+0300</time>
</trkpt>
<trkpt lat="59.520505" lon="25.2651333">
<ele>104.1</ele>
<time>2026-08-27T19:46:07+0300</time>
</trkpt>
<trkpt lat="59.5206083" lon="25.2652767">
<ele>102.8</ele>
<time>2026-08-27T19:46:08+0300</time>
</trkpt>
<trkpt lat="59.52071" lon="25.265425">
<ele>101.8</ele>
<time>2026-08-27T19:46:09+0300</time>
</trkpt>
<trkpt lat="59.52081" lon="25.265575">
<ele>101.1</ele>
<time>2026-08-27T19:46:10+0300</time>
</trkpt>
<trkpt lat="59.5209083" lon="25.2657183">
<ele>100.2</ele>
<time>2026-08-27T19:46:11+0300</time>
</trkpt>
<trkpt lat="59.52101" lon="25.2658567">
<ele>99.4</ele>
<time>2026-08-27T19:46:12+0300</time>
</trkpt>
<trkpt lat="59.52111" lon="25.26599">
<ele>98.5</ele>
<time>2026-08-27T19:46:13+0300</time>
</trkpt>
<trkpt lat="59.5212117" lon="25.2661267">
<ele>97.7</ele>
<time>2026-08-27T19:46:14+0300</time>
</trkpt>
<trkpt lat="59.5213117" lon="25.266265">
<ele>97.0</ele>
<time>2026-08-27T19:46:15+0300</time>
</trkpt>
<trkpt lat="59.52141" lon="25.266405">
<ele>96.2</ele>
<time>2026-08-27T19:46:16+0300</time>
</trkpt>
<trkpt lat="59.52151" lon="25.2665433">
<ele>95.4</ele>
<time>2026-08-27T19:46:17+0300</time>
</trkpt>
<trkpt lat="59.521605" lon="25.266675">
<ele>93.8</ele>
<time>2026-08-27T19:46:18+0300</time>
</trkpt>
<trkpt lat="59.5217017" lon="25.2668033">
<ele>92.8</ele>
<time>2026-08-27T19:46:19+0300</time>
</trkpt>
<trkpt lat="59.5218017" lon="25.26693">
<ele>91.5</ele>
<time>2026-08-27T19:46:20+0300</time>
</trkpt>
<trkpt lat="59.5219017" lon="25.267055">
<ele>90.1</ele>
<time>2026-08-27T19:46:21+0300</time>
</trkpt>
<trkpt lat="59.5220067" lon="25.26718">
<ele>89.0</ele>
<time>2026-08-27T19:46:22+0300</time>
</trkpt>
<trkpt lat="59.5221133" lon="25.2673067">
<ele>87.9</ele>
<time>2026-08-27T19:46:23+0300</time>
</trkpt>
<trkpt lat="59.52222" lon="25.2674333">
<ele>87.0</ele>
<time>2026-08-27T19:46:24+0300</time>
</trkpt>
<trkpt lat="59.522325" lon="25.26756">
<ele>86.4</ele>
<time>2026-08-27T19:46:25+0300</time>
</trkpt>
<trkpt lat="59.52243" lon="25.26768">
<ele>85.2</ele>
<time>2026-08-27T19:46:26+0300</time>
</trkpt>
<trkpt lat="59.522535" lon="25.2677917">
<ele>84.3</ele>
<time>2026-08-27T19:46:27+0300</time>
</trkpt>
<trkpt lat="59.522645" lon="25.2678983">
<ele>83.2</ele>
<time>2026-08-27T19:46:28+0300</time>
</trkpt>
<trkpt lat="59.5227567" lon="25.2680033">
<ele>82.1</ele>
<time>2026-08-27T19:46:29+0300</time>
</trkpt>
<trkpt lat="59.52287" lon="25.26811">
<ele>81.2</ele>
<time>2026-08-27T19:46:30+0300</time>
</trkpt>
<trkpt lat="59.522985" lon="25.2682183">
<ele>81.0</ele>
<time>2026-08-27T19:46:31+0300</time>
</trkpt>
<trkpt lat="59.5231" lon="25.2683217">
<ele>81.0</ele>
<time>2026-08-27T19:46:32+0300</time>
</trkpt>
<trkpt lat="59.5232117" lon="25.268425">
<ele>81.0</ele>
<time>2026-08-27T19:46:33+0300</time>
</trkpt>
<trkpt lat="59.5233217" lon="25.268525">
<ele>80.7</ele>
<time>2026-08-27T19:46:34+0300</time>
</trkpt>
<trkpt lat="59.5234333" lon="25.2686233">
<ele>80.5</ele>
<time>2026-08-27T19:46:35+0300</time>
</trkpt>
<trkpt lat="59.523545" lon="25.26872">
<ele>79.9</ele>
<time>2026-08-27T19:46:36+0300</time>
</trkpt>
<trkpt lat="59.5236583" lon="25.268815">
<ele>79.2</ele>
<time>2026-08-27T19:46:37+0300</time>
</trkpt>
<trkpt lat="59.5237767" lon="25.2689">
<ele>78.4</ele>
<time>2026-08-27T19:46:38+0300</time>
</trkpt>
<trkpt lat="59.5238967" lon="25.2689783">
<ele>77.8</ele>
<time>2026-08-27T19:46:39+0300</time>
</trkpt>
<trkpt lat="59.5240183" lon="25.2690417">
<ele>77.3</ele>
<time>2026-08-27T19:46:40+0300</time>
</trkpt>
<trkpt lat="59.52414" lon="25.2691083">
<ele>76.6</ele>
<time>2026-08-27T19:46:41+0300</time>
</trkpt>
<trkpt lat="59.5242617" lon="25.2691667">
<ele>75.5</ele>
<time>2026-08-27T19:46:42+0300</time>
</trkpt>
<trkpt lat="59.5243833" lon="25.269215">
<ele>74.3</ele>
<time>2026-08-27T19:46:43+0300</time>
</trkpt>
<trkpt lat="59.5245067" lon="25.2692583">
<ele>73.0</ele>
<time>2026-08-27T19:46:44+0300</time>
</trkpt>
<trkpt lat="59.5246317" lon="25.2692983">
<ele>72.5</ele>
<time>2026-08-27T19:46:45+0300</time>
</trkpt>
<trkpt lat="59.524755" lon="25.26933">
<ele>71.8</ele>
<time>2026-08-27T19:46:46+0300</time>
</trkpt>
<trkpt lat="59.52488" lon="25.2693467">
<ele>71.2</ele>
<time>2026-08-27T19:46:47+0300</time>
</trkpt>
<trkpt lat="59.525005" lon="25.269345">
<ele>69.9</ele>
<time>2026-08-27T19:46:48+0300</time>
</trkpt>
<trkpt lat="59.5251317" lon="25.2693317">
<ele>68.8</ele>
<time>2026-08-27T19:46:49+0300</time>
</trkpt>
<trkpt lat="59.5252583" lon="25.269305">
<ele>68.1</ele>
<time>2026-08-27T19:46:50+0300</time>
</trkpt>
<trkpt lat="59.5253867" lon="25.269275">
<ele>68.2</ele>
<time>2026-08-27T19:46:51+0300</time>
</trkpt>
<trkpt lat="59.5255117" lon="25.269235">
<ele>66.9</ele>
<time>2026-08-27T19:46:52+0300</time>
</trkpt>
<trkpt lat="59.5256383" lon="25.26919">
<ele>66.6</ele>
<time>2026-08-27T19:46:53+0300</time>
</trkpt>
<trkpt lat="59.5257583" lon="25.2691383">
<ele>66.1</ele>
<time>2026-08-27T19:46:54+0300</time>
</trkpt>
<trkpt lat="59.52588" lon="25.26908">
<ele>65.8</ele>
<time>2026-08-27T19:46:55+0300</time>
</trkpt>
<trkpt lat="59.5260033" lon="25.26902">
<ele>65.8</ele>
<time>2026-08-27T19:46:56+0300</time>
</trkpt>
<trkpt lat="59.5261283" lon="25.26896">
<ele>65.8</ele>
<time>2026-08-27T19:46:57+0300</time>
</trkpt>
<trkpt lat="59.5262533" lon="25.268905">
<ele>65.8</ele>
<time>2026-08-27T19:46:58+0300</time>
</trkpt>
<trkpt lat="59.5263783" lon="25.268855">
<ele>66.1</ele>
<time>2026-08-27T19:46:59+0300</time>
</trkpt>
<trkpt lat="59.5265017" lon="25.268805">
<ele>65.2</ele>
<time>2026-08-27T19:47:00+0300</time>
</trkpt>
<trkpt lat="59.5266283" lon="25.26876">
<ele>64.9</ele>
<time>2026-08-27T19:47:01+0300</time>
</trkpt>
<trkpt lat="59.5267533" lon="25.26872">
<ele>64.5</ele>
<time>2026-08-27T19:47:02+0300</time>
</trkpt>
<trkpt lat="59.52688" lon="25.2686833">
<ele>64.2</ele>
<time>2026-08-27T19:47:03+0300</time>
</trkpt>
<trkpt lat="59.5270067" lon="25.2686467">
<ele>64.5</ele>
<time>2026-08-27T19:47:04+0300</time>
</trkpt>
<trkpt lat="59.5271333" lon="25.26861">
<ele>64.6</ele>
<time>2026-08-27T19:47:05+0300</time>
</trkpt>
<trkpt lat="59.5272567" lon="25.2685733">
<ele>64.2</ele>
<time>2026-08-27T19:47:06+0300</time>
</trkpt>
<trkpt lat="59.527385" lon="25.26854">
<ele>64.3</ele>
<time>2026-08-27T19:47:07+0300</time>
</trkpt>
<trkpt lat="59.52751" lon="25.268505">
<ele>63.4</ele>
<time>2026-08-27T19:47:08+0300</time>
</trkpt>
<trkpt lat="59.5276383" lon="25.2684733">
<ele>62.6</ele>
<time>2026-08-27T19:47:09+0300</time>
</trkpt>
<trkpt lat="59.5277633" lon="25.2684517">
<ele>62.3</ele>
<time>2026-08-27T19:47:10+0300</time>
</trkpt>
<trkpt lat="59.527885" lon="25.26844">
<ele>61.8</ele>
<time>2026-08-27T19:47:11+0300</time>
</trkpt>
<trkpt lat="59.5280067" lon="25.2684567">
<ele>61.7</ele>
<time>2026-08-27T19:47:12+0300</time>
</trkpt>
<trkpt lat="59.5281233" lon="25.2685117">
<ele>60.5</ele>
<time>2026-08-27T19:47:13+0300</time>
</trkpt>
<trkpt lat="59.5282317" lon="25.26861">
<ele>59.4</ele>
<time>2026-08-27T19:47:14+0300</time>
</trkpt>
<trkpt lat="59.528325" lon="25.2687567">
<ele>58.3</ele>
<time>2026-08-27T19:47:15+0300</time>
</trkpt>
<trkpt lat="59.5283967" lon="25.2689467">
<ele>56.9</ele>
<time>2026-08-27T19:47:16+0300</time>
</trkpt>
<trkpt lat="59.5284433" lon="25.269165">
<ele>56.1</ele>
<time>2026-08-27T19:47:17+0300</time>
</trkpt>
<trkpt lat="59.5284633" lon="25.2694">
<ele>55.8</ele>
<time>2026-08-27T19:47:18+0300</time>
</trkpt>
<trkpt lat="59.5284567" lon="25.269635">
<ele>55.4</ele>
<time>2026-08-27T19:47:19+0300</time>
</trkpt>
<trkpt lat="59.52842" lon="25.2698517">
<ele>54.8</ele>
<time>2026-08-27T19:47:20+0300</time>
</trkpt>
<trkpt lat="59.528355" lon="25.27005">
<ele>53.9</ele>
<time>2026-08-27T19:47:21+0300</time>
</trkpt>
<trkpt lat="59.52827" lon="25.2702183">
<ele>52.6</ele>
<time>2026-08-27T19:47:22+0300</time>
</trkpt>
<trkpt lat="59.528175" lon="25.2703617">
<ele>52.3</ele>
<time>2026-08-27T19:47:23+0300</time>
</trkpt>
<trkpt lat="59.5280683" lon="25.2704817">
<ele>52.7</ele>
<time>2026-08-27T19:47:24+0300</time>
</trkpt>
<trkpt lat="59.527965" lon="25.2705983">
<ele>53.1</ele>
<time>2026-08-27T19:47:25+0300</time>
</trkpt>
<trkpt lat="59.5278683" lon="25.270725">
<ele>53.3</ele>
<time>2026-08-27T19:47:26+0300</time>
</trkpt>
<trkpt lat="59.5277817" lon="25.2708667">
<ele>53.1</ele>
<time>2026-08-27T19:47:27+0300</time>
</trkpt>
<trkpt lat="59.527705" lon="25.2710233">
<ele>52.9</ele>
<time>2026-08-27T19:47:28+0300</time>
</trkpt>
<trkpt lat="59.5276367" lon="25.271195">
<ele>52.5</ele>
<time>2026-08-27T19:47:29+0300</time>
</trkpt>
<trkpt lat="59.5275767" lon="25.2713817">
<ele>52.2</ele>
<time>2026-08-27T19:47:30+0300</time>
</trkpt>
<trkpt lat="59.5275217" lon="25.2715783">
<ele>52.2</ele>
<time>2026-08-27T19:47:31+0300</time>
</trkpt>
<trkpt lat="59.5274683" lon="25.2717817">
<ele>52.1</ele>
<time>2026-08-27T19:47:32+0300</time>
</trkpt>
<trkpt lat="59.527415" lon="25.2719833">
<ele>52.2</ele>
<time>2026-08-27T19:47:33+0300</time>
</trkpt>
<trkpt lat="59.5273633" lon="25.2721833">
<ele>52.4</ele>
<time>2026-08-27T19:47:34+0300</time>
</trkpt>
<trkpt lat="59.5273133" lon="25.2723883">
<ele>52.3</ele>
<time>2026-08-27T19:47:35+0300</time>
</trkpt>
<trkpt lat="59.5272633" lon="25.2725867">
<ele>52.1</ele>
<time>2026-08-27T19:47:36+0300</time>
</trkpt>
<trkpt lat="59.5272117" lon="25.2727833">
<ele>52.0</ele>
<time>2026-08-27T19:47:37+0300</time>
</trkpt>
<trkpt lat="59.527155" lon="25.272975">
<ele>52.2</ele>
<time>2026-08-27T19:47:38+0300</time>
</trkpt>
<trkpt lat="59.5270917" lon="25.27316">
<ele>51.9</ele>
<time>2026-08-27T19:47:39+0300</time>
</trkpt>
<trkpt lat="59.5270217" lon="25.2733383">
<ele>52.0</ele>
<time>2026-08-27T19:47:40+0300</time>
</trkpt>
<trkpt lat="59.5269433" lon="25.273505">
<ele>52.0</ele>
<time>2026-08-27T19:47:41+0300</time>
</trkpt>
<trkpt lat="59.5268583" lon="25.273655">
<ele>52.0</ele>
<time>2026-08-27T19:47:42+0300</time>
</trkpt>
<trkpt lat="59.5267667" lon="25.2737867">
<ele>51.8</ele>
<time>2026-08-27T19:47:43+0300</time>
</trkpt>
<trkpt lat="59.5266717" lon="25.2739233">
<ele>51.8</ele>
<time>2026-08-27T19:47:44+0300</time>
</trkpt>
<trkpt lat="59.5265767" lon="25.2740567">
<ele>52.0</ele>
<time>2026-08-27T19:47:45+0300</time>
</trkpt>
<trkpt lat="59.52648" lon="25.274185">
<ele>52.4</ele>
<time>2026-08-27T19:47:46+0300</time>
</trkpt>
<trkpt lat="59.52638" lon="25.274305">
<ele>52.8</ele>
<time>2026-08-27T19:47:47+0300</time>
</trkpt>
<trkpt lat="59.5262767" lon="25.2744067">
<ele>53.1</ele>
<time>2026-08-27T19:47:48+0300</time>
</trkpt>
<trkpt lat="59.5261683" lon="25.2744883">
<ele>53.5</ele>
<time>2026-08-27T19:47:49+0300</time>
</trkpt>
<trkpt lat="59.52606" lon="25.2745633">
<ele>54.0</ele>
<time>2026-08-27T19:47:50+0300</time>
</trkpt>
<trkpt lat="59.5259517" lon="25.2746483">
<ele>54.0</ele>
<time>2026-08-27T19:47:51+0300</time>
</trkpt>
<trkpt lat="59.525845" lon="25.27475">
<ele>53.5</ele>
<time>2026-08-27T19:47:52+0300</time>
</trkpt>
<trkpt lat="59.525745" lon="25.2748667">
<ele>53.1</ele>
<time>2026-08-27T19:47:53+0300</time>
</trkpt>
<trkpt lat="59.525645" lon="25.2749833">
<ele>53.1</ele>
<time>2026-08-27T19:47:54+0300</time>
</trkpt>
<trkpt lat="59.5255417" lon="25.275075">
<ele>53.2</ele>
<time>2026-08-27T19:47:55+0300</time>
</trkpt>
<trkpt lat="59.525435" lon="25.2751367">
<ele>53.0</ele>
<time>2026-08-27T19:47:56+0300</time>
</trkpt>
<trkpt lat="59.52532" lon="25.27517">
<ele>52.4</ele>
<time>2026-08-27T19:47:57+0300</time>
</trkpt>
<trkpt lat="59.5251983" lon="25.2751883">
<ele>51.6</ele>
<time>2026-08-27T19:47:58+0300</time>
</trkpt>
<trkpt lat="59.5250767" lon="25.27521">
<ele>50.3</ele>
<time>2026-08-27T19:47:59+0300</time>
</trkpt>
<trkpt lat="59.5249533" lon="25.2752383">
<ele>49.6</ele>
<time>2026-08-27T19:48:00+0300</time>
</trkpt>
<trkpt lat="59.5248317" lon="25.27528">
<ele>49.1</ele>
<time>2026-08-27T19:48:01+0300</time>
</trkpt>
<trkpt lat="59.52471" lon="25.27533">
<ele>48.9</ele>
<time>2026-08-27T19:48:02+0300</time>
</trkpt>
<trkpt lat="59.5245917" lon="25.275375">
<ele>48.8</ele>
<time>2026-08-27T19:48:03+0300</time>
</trkpt>
<trkpt lat="59.5244733" lon="25.2754117">
<ele>48.2</ele>
<time>2026-08-27T19:48:04+0300</time>
</trkpt>
<trkpt lat="59.524355" lon="25.275445">
<ele>47.7</ele>
<time>2026-08-27T19:48:05+0300</time>
</trkpt>
<trkpt lat="59.5242383" lon="25.2754767">
<ele>47.3</ele>
<time>2026-08-27T19:48:06+0300</time>
</trkpt>
<trkpt lat="59.52412" lon="25.2755217">
<ele>46.6</ele>
<time>2026-08-27T19:48:07+0300</time>
</trkpt>
<trkpt lat="59.5240033" lon="25.2755783">
<ele>46.0</ele>
<time>2026-08-27T19:48:08+0300</time>
</trkpt>
<trkpt lat="59.523885" lon="25.2756383">
<ele>45.5</ele>
<time>2026-08-27T19:48:09+0300</time>
</trkpt>
<trkpt lat="59.5237683" lon="25.2756967">
<ele>45.9</ele>
<time>2026-08-27T19:48:10+0300</time>
</trkpt>
<trkpt lat="59.52365" lon="25.2757383">
<ele>45.6</ele>
<time>2026-08-27T19:48:11+0300</time>
</trkpt>
<trkpt lat="59.5235317" lon="25.2757717">
<ele>45.7</ele>
<time>2026-08-27T19:48:12+0300</time>
</trkpt>
<trkpt lat="59.5234133" lon="25.275795">
<ele>45.4</ele>
<time>2026-08-27T19:48:13+0300</time>
</trkpt>
<trkpt lat="59.523295" lon="25.2758183">
<ele>45.4</ele>
<time>2026-08-27T19:48:14+0300</time>
</trkpt>
<trkpt lat="59.5231783" lon="25.2758433">
<ele>45.2</ele>
<time>2026-08-27T19:48:15+0300</time>
</trkpt>
<trkpt lat="59.5230617" lon="25.2758767">
<ele>45.1</ele>
<time>2026-08-27T19:48:16+0300</time>
</trkpt>
<trkpt lat="59.5229467" lon="25.275925">
<ele>45.0</ele>
<time>2026-08-27T19:48:17+0300</time>
</trkpt>
<trkpt lat="59.522835" lon="25.276">
<ele>44.7</ele>
<time>2026-08-27T19:48:18+0300</time>
</trkpt>
<trkpt lat="59.5227283" lon="25.2761033">
<ele>44.2</ele>
<time>2026-08-27T19:48:19+0300</time>
</trkpt>
<trkpt lat="59.5226267" lon="25.2762267">
<ele>43.9</ele>
<time>2026-08-27T19:48:20+0300</time>
</trkpt>
<trkpt lat="59.5225283" lon="25.2763633">
<ele>44.0</ele>
<time>2026-08-27T19:48:21+0300</time>
</trkpt>
<trkpt lat="59.52243" lon="25.2765">
<ele>44.3</ele>
<time>2026-08-27T19:48:22+0300</time>
</trkpt>
<trkpt lat="59.5223317" lon="25.2766283">
<ele>44.9</ele>
<time>2026-08-27T19:48:23+0300</time>
</trkpt>
<trkpt lat="59.5222317" lon="25.2767483">
<ele>45.0</ele>
<time>2026-08-27T19:48:24+0300</time>
</trkpt>
<trkpt lat="59.5221317" lon="25.2768583">
<ele>45.0</ele>
<time>2026-08-27T19:48:25+0300</time>
</trkpt>
<trkpt lat="59.5220283" lon="25.2769617">
<ele>45.0</ele>
<time>2026-08-27T19:48:26+0300</time>
</trkpt>
<trkpt lat="59.5219233" lon="25.2770667">
<ele>45.1</ele>
<time>2026-08-27T19:48:27+0300</time>
</trkpt>
<trkpt lat="59.5218167" lon="25.2771717">
<ele>45.4</ele>
<time>2026-08-27T19:48:28+0300</time>
</trkpt>
<trkpt lat="59.5217083" lon="25.2772683">
<ele>46.0</ele>
<time>2026-08-27T19:48:29+0300</time>
</trkpt>
<trkpt lat="59.5215983" lon="25.2773583">
<ele>46.4</ele>
<time>2026-08-27T19:48:30+0300</time>
</trkpt>
<trkpt lat="59.52149" lon="25.2774417">
<ele>47.3</ele>
<time>2026-08-27T19:48:31+0300</time>
</trkpt>
<trkpt lat="59.52138" lon="25.2775217">
<ele>47.9</ele>
<time>2026-08-27T19:48:32+0300</time>
</trkpt>
<trkpt lat="59.5212717" lon="25.2776083">
<ele>48.7</ele>
<time>2026-08-27T19:48:33+0300</time>
</trkpt>
<trkpt lat="59.521165" lon="25.277705">
<ele>49.4</ele>
<time>2026-08-27T19:48:34+0300</time>
</trkpt>
<trkpt lat="59.5210617" lon="25.2778067">
<ele>49.9</ele>
<time>2026-08-27T19:48:35+0300</time>
</trkpt>
<trkpt lat="59.52096" lon="25.2779083">
<ele>50.0</ele>
<time>2026-08-27T19:48:36+0300</time>
</trkpt>
<trkpt lat="59.5208583" lon="25.278005">
<ele>49.4</ele>
<time>2026-08-27T19:48:37+0300</time>
</trkpt>
<trkpt lat="59.5207533" lon="25.2780933">
<ele>49.1</ele>
<time>2026-08-27T19:48:38+0300</time>
</trkpt>
<trkpt lat="59.5206433" lon="25.2781683">
<ele>48.5</ele>
<time>2026-08-27T19:48:39+0300</time>
</trkpt>
<trkpt lat="59.52053" lon="25.2782283">
<ele>47.6</ele>
<time>2026-08-27T19:48:40+0300</time>
</trkpt>
<trkpt lat="59.5204117" lon="25.2782733">
<ele>46.9</ele>
<time>2026-08-27T19:48:41+0300</time>
</trkpt>
<trkpt lat="59.52029" lon="25.2783">
<ele>46.3</ele>
<time>2026-08-27T19:48:42+0300</time>
</trkpt>
<trkpt lat="59.5201667" lon="25.2783117">
<ele>46.2</ele>
<time>2026-08-27T19:48:43+0300</time>
</trkpt>
<trkpt lat="59.5200417" lon="25.27831">
<ele>45.5</ele>
<time>2026-08-27T19:48:44+0300</time>
</trkpt>
<trkpt lat="59.5199183" lon="25.2782867">
<ele>45.4</ele>
<time>2026-08-27T19:48:45+0300</time>
</trkpt>
<trkpt lat="59.5198" lon="25.2782467">
<ele>45.1</ele>
<time>2026-08-27T19:48:46+0300</time>
</trkpt>
<trkpt lat="59.5196817" lon="25.2781867">
<ele>45.0</ele>
<time>2026-08-27T19:48:47+0300</time>
</trkpt>
<trkpt lat="59.5195667" lon="25.2781033">
<ele>45.4</ele>
<time>2026-08-27T19:48:48+0300</time>
</trkpt>
<trkpt lat="59.5194583" lon="25.2779817">
<ele>46.5</ele>
<time>2026-08-27T19:48:49+0300</time>
</trkpt>
<trkpt lat="59.5193617" lon="25.27782">
<ele>47.1</ele>
<time>2026-08-27T19:48:50+0300</time>
</trkpt>
<trkpt lat="59.519285" lon="25.27761">
<ele>47.8</ele>
<time>2026-08-27T19:48:51+0300</time>
</trkpt>
<trkpt lat="59.5192333" lon="25.2773617">
<ele>48.2</ele>
<time>2026-08-27T19:48:52+0300</time>
</trkpt>
<trkpt lat="59.519215" lon="25.277095">
<ele>48.9</ele>
<time>2026-08-27T19:48:53+0300</time>
</trkpt>
<trkpt lat="59.5192283" lon="25.2768283">
<ele>48.9</ele>
<time>2026-08-27T19:48:54+0300</time>
</trkpt>
<trkpt lat="59.5192683" lon="25.276575">
<ele>48.7</ele>
<time>2026-08-27T19:48:55+0300</time>
</trkpt>
<trkpt lat="59.5193367" lon="25.2763517">
<ele>48.3</ele>
<time>2026-08-27T19:48:56+0300</time>
</trkpt>
<trkpt lat="59.5194267" lon="25.2761683">
<ele>48.2</ele>
<time>2026-08-27T19:48:57+0300</time>
</trkpt>
<trkpt lat="59.5195317" lon="25.2760183">
<ele>47.2</ele>
<time>2026-08-27T19:48:58+0300</time>
</trkpt>
<trkpt lat="59.5196467" lon="25.2759017">
<ele>47.1</ele>
<time>2026-08-27T19:48:59+0300</time>
</trkpt>
<trkpt lat="59.51976" lon="25.2758">
<ele>47.8</ele>
<time>2026-08-27T19:49:00+0300</time>
</trkpt>
<trkpt lat="59.5198717" lon="25.2757033">
<ele>47.6</ele>
<time>2026-08-27T19:49:01+0300</time>
</trkpt>
<trkpt lat="59.5199833" lon="25.27562">
<ele>47.9</ele>
<time>2026-08-27T19:49:02+0300</time>
</trkpt>
<trkpt lat="59.520095" lon="25.2755467">
<ele>48.3</ele>
<time>2026-08-27T19:49:03+0300</time>
</trkpt>
<trkpt lat="59.5202133" lon="25.2754883">
<ele>48.5</ele>
<time>2026-08-27T19:49:04+0300</time>
</trkpt>
<trkpt lat="59.5203333" lon="25.2754483">
<ele>48.5</ele>
<time>2026-08-27T19:49:05+0300</time>
</trkpt>
<trkpt lat="59.520455" lon="25.27543">
<ele>48.4</ele>
<time>2026-08-27T19:49:06+0300</time>
</trkpt>
<trkpt lat="59.520575" lon="25.27544">
<ele>47.7</ele>
<time>2026-08-27T19:49:07+0300</time>
</trkpt>
<trkpt lat="59.5206917" lon="25.2754933">
<ele>47.0</ele>
<time>2026-08-27T19:49:08+0300</time>
</trkpt>
<trkpt lat="59.5208017" lon="25.2755933">
<ele>47.6</ele>
<time>2026-08-27T19:49:09+0300</time>
</trkpt>
<trkpt lat="59.5209" lon="25.2757383">
<ele>48.0</ele>
<time>2026-08-27T19:49:10+0300</time>
</trkpt>
<trkpt lat="59.5209817" lon="25.2759133">
<ele>49.3</ele>
<time>2026-08-27T19:49:11+0300</time>
</trkpt>
<trkpt lat="59.5210517" lon="25.2761067">
<ele>50.6</ele>
<time>2026-08-27T19:49:12+0300</time>
</trkpt>
<trkpt lat="59.5211083" lon="25.2763133">
<ele>52.1</ele>
<time>2026-08-27T19:49:13+0300</time>
</trkpt>
<trkpt lat="59.521145" lon="25.2765283">
<ele>53.1</ele>
<time>2026-08-27T19:49:14+0300</time>
</trkpt>
<trkpt lat="59.5211617" lon="25.27675">
<ele>53.8</ele>
<time>2026-08-27T19:49:15+0300</time>
</trkpt>
<trkpt lat="59.52116" lon="25.2769767">
<ele>54.4</ele>
<time>2026-08-27T19:49:16+0300</time>
</trkpt>
<trkpt lat="59.5211367" lon="25.2772083">
<ele>54.6</ele>
<time>2026-08-27T19:49:17+0300</time>
</trkpt>
<trkpt lat="59.5210917" lon="25.2774333">
<ele>55.0</ele>
<time>2026-08-27T19:49:18+0300</time>
</trkpt>
<trkpt lat="59.52103" lon="25.2776383">
<ele>55.8</ele>
<time>2026-08-27T19:49:19+0300</time>
</trkpt>
<trkpt lat="59.5209517" lon="25.2778183">
<ele>56.5</ele>
<time>2026-08-27T19:49:20+0300</time>
</trkpt>
<trkpt lat="59.52086" lon="25.2779717">
<ele>57.2</ele>
<time>2026-08-27T19:49:21+0300</time>
</trkpt>
<trkpt lat="59.5207617" lon="25.278095">
<ele>57.9</ele>
<time>2026-08-27T19:49:22+0300</time>
</trkpt>
<trkpt lat="59.5206583" lon="25.2781867">
<ele>58.4</ele>
<time>2026-08-27T19:49:23+0300</time>
</trkpt>
<trkpt lat="59.5205517" lon="25.2782483">
<ele>58.4</ele>
<time>2026-08-27T19:49:24+0300</time>
</trkpt>
<trkpt lat="59.5204417" lon="25.27826">
<ele>58.0</ele>
<time>2026-08-27T19:49:25+0300</time>
</trkpt>
<trkpt lat="59.520325" lon="25.2782083">
<ele>56.6</ele>
<time>2026-08-27T19:49:26+0300</time>
</trkpt>
<trkpt lat="59.520215" lon="25.2780933">
<ele>54.9</ele>
<time>2026-08-27T19:49:27+0300</time>
</trkpt>
<trkpt lat="59.520115" lon="25.2779267">
<ele>53.0</ele>
<time>2026-08-27T19:49:28+0300</time>
</trkpt>
<trkpt lat="59.5200183" lon="25.2777433">
<ele>51.6</ele>
<time>2026-08-27T19:49:29+0300</time>
</trkpt>
<trkpt lat="59.51992" lon="25.2775667">
<ele>50.1</ele>
<time>2026-08-27T19:49:30+0300</time>
</trkpt>
<trkpt lat="59.5198133" lon="25.277415">
<ele>49.0</ele>
<time>2026-08-27T19:49:31+0300</time>
</trkpt>
<trkpt lat="59.5196983" lon="25.2773">
<ele>47.5</ele>
<time>2026-08-27T19:49:32+0300</time>
</trkpt>
<trkpt lat="59.5195783" lon="25.2772233">
<ele>45.7</ele>
<time>2026-08-27T19:49:33+0300</time>
</trkpt>
<trkpt lat="59.5194533" lon="25.277185">
<ele>44.4</ele>
<time>2026-08-27T19:49:34+0300</time>
</trkpt>
<trkpt lat="59.519325" lon="25.27717">
<ele>43.3</ele>
<time>2026-08-27T19:49:35+0300</time>
</trkpt>
<trkpt lat="59.5191967" lon="25.2771617">
<ele>43.1</ele>
<time>2026-08-27T19:49:36+0300</time>
</trkpt>
<trkpt lat="59.5190733" lon="25.2771433">
<ele>43.7</ele>
<time>2026-08-27T19:49:37+0300</time>
</trkpt>
<trkpt lat="59.518955" lon="25.2771067">
<ele>43.7</ele>
<time>2026-08-27T19:49:38+0300</time>
</trkpt>
<trkpt lat="59.5188417" lon="25.2770617">
<ele>44.0</ele>
<time>2026-08-27T19:49:39+0300</time>
</trkpt>
<trkpt lat="59.5187283" lon="25.2770167">
<ele>43.8</ele>
<time>2026-08-27T19:49:40+0300</time>
</trkpt>
<trkpt lat="59.5186133" lon="25.2769717">
<ele>43.8</ele>
<time>2026-08-27T19:49:41+0300</time>
</trkpt>
<trkpt lat="59.5184967" lon="25.2769333">
<ele>43.9</ele>
<time>2026-08-27T19:49:42+0300</time>
</trkpt>
<trkpt lat="59.5183783" lon="25.2769117">
<ele>44.4</ele>
<time>2026-08-27T19:49:43+0300</time>
</trkpt>
<trkpt lat="59.5182617" lon="25.2768983">
<ele>45.5</ele>
<time>2026-08-27T19:49:44+0300</time>
</trkpt>
<trkpt lat="59.518145" lon="25.276875">
<ele>45.9</ele>
<time>2026-08-27T19:49:45+0300</time>
</trkpt>
<trkpt lat="59.5180267" lon="25.2768383">
<ele>46.6</ele>
<time>2026-08-27T19:49:46+0300</time>
</trkpt>
<trkpt lat="59.5179083" lon="25.276785">
<ele>47.2</ele>
<time>2026-08-27T19:49:47+0300</time>
</trkpt>
<trkpt lat="59.51779" lon="25.2767217">
<ele>47.6</ele>
<time>2026-08-27T19:49:48+0300</time>
</trkpt>
<trkpt lat="59.5176667" lon="25.276655">
<ele>48.6</ele>
<time>2026-08-27T19:49:49+0300</time>
</trkpt>
<trkpt lat="59.517545" lon="25.276585">
<ele>50.1</ele>
<time>2026-08-27T19:49:50+0300</time>
</trkpt>
<trkpt lat="59.5174283" lon="25.2765067">
<ele>52.3</ele>
<time>2026-08-27T19:49:51+0300</time>
</trkpt>
<trkpt lat="59.51732" lon="25.2764233">
<ele>54.9</ele>
<time>2026-08-27T19:49:52+0300</time>
</trkpt>
<trkpt lat="59.517225" lon="25.276335">
<ele>57.2</ele>
<time>2026-08-27T19:49:53+0300</time>
</trkpt>
<trkpt lat="59.5171367" lon="25.2762467">
<ele>59.1</ele>
<time>2026-08-27T19:49:54+0300</time>
</trkpt>
<trkpt lat="59.51705" lon="25.276155">
<ele>60.1</ele>
<time>2026-08-27T19:49:55+0300</time>
</trkpt>
<trkpt lat="59.5169567" lon="25.2760533">
<ele>60.5</ele>
<time>2026-08-27T19:49:56+0300</time>
</trkpt>
<trkpt lat="59.5168567" lon="25.2759383">
<ele>60.6</ele>
<time>2026-08-27T19:49:57+0300</time>
</trkpt>
<trkpt lat="59.51675" lon="25.27581">
<ele>60.7</ele>
<time>2026-08-27T19:49:58+0300</time>
</trkpt>
<trkpt lat="59.51665" lon="25.275675">
<ele>61.2</ele>
<time>2026-08-27T19:49:59+0300</time>
</trkpt>
<trkpt lat="59.516555" lon="25.2755433">
<ele>61.4</ele>
<time>2026-08-27T19:50:00+0300</time>
</trkpt>
<trkpt lat="59.5164667" lon="25.27543">
<ele>61.6</ele>
<time>2026-08-27T19:50:01+0300</time>
</trkpt>
<trkpt lat="59.5163767" lon="25.2753283">
<ele>61.4</ele>
<time>2026-08-27T19:50:02+0300</time>
</trkpt>
<trkpt lat="59.5162767" lon="25.275225">
<ele>60.8</ele>
<time>2026-08-27T19:50:03+0300</time>
</trkpt>
<trkpt lat="59.51617" lon="25.2751183">
<ele>59.8</ele>
<time>2026-08-27T19:50:04+0300</time>
</trkpt>
<trkpt lat="59.5160633" lon="25.27501">
<ele>60.0</ele>
<time>2026-08-27T19:50:05+0300</time>
</trkpt>
<trkpt lat="59.5159567" lon="25.2749">
<ele>61.0</ele>
<time>2026-08-27T19:50:06+0300</time>
</trkpt>
<trkpt lat="59.5158567" lon="25.2748017">
<ele>62.0</ele>
<time>2026-08-27T19:50:07+0300</time>
</trkpt>
<trkpt lat="59.51576" lon="25.2747133">
<ele>62.5</ele>
<time>2026-08-27T19:50:08+0300</time>
</trkpt>
<trkpt lat="59.5156617" lon="25.2746283">
<ele>62.7</ele>
<time>2026-08-27T19:50:09+0300</time>
</trkpt>
<trkpt lat="59.5155633" lon="25.274545">
<ele>62.9</ele>
<time>2026-08-27T19:50:10+0300</time>
</trkpt>
<trkpt lat="59.51546" lon="25.2744567">
<ele>63.3</ele>
<time>2026-08-27T19:50:11+0300</time>
</trkpt>
<trkpt lat="59.5153567" lon="25.2743683">
<ele>64.7</ele>
<time>2026-08-27T19:50:12+0300</time>
</trkpt>
<trkpt lat="59.51526" lon="25.2742867">
<ele>66.0</ele>
<time>2026-08-27T19:50:13+0300</time>
</trkpt>
<trkpt lat="59.5151617" lon="25.274215">
<ele>67.1</ele>
<time>2026-08-27T19:50:14+0300</time>
</trkpt>
<trkpt lat="59.5150617" lon="25.274155">
<ele>67.8</ele>
<time>2026-08-27T19:50:15+0300</time>
</trkpt>
<trkpt lat="59.51496" lon="25.2741083">
<ele>67.9</ele>
<time>2026-08-27T19:50:16+0300</time>
</trkpt>
<trkpt lat="59.5148567" lon="25.2740617">
<ele>68.0</ele>
<time>2026-08-27T19:50:17+0300</time>
</trkpt>
<trkpt lat="59.514755" lon="25.2740067">
<ele>67.9</ele>
<time>2026-08-27T19:50:18+0300</time>
</trkpt>
<trkpt lat="59.51465" lon="25.273955">
<ele>68.3</ele>
<time>2026-08-27T19:50:19+0300</time>
</trkpt>
<trkpt lat="59.514545" lon="25.2739117">
<ele>69.0</ele>
<time>2026-08-27T19:50:20+0300</time>
</trkpt>
<trkpt lat="59.5144383" lon="25.2738733">
<ele>69.3</ele>
<time>2026-08-27T19:50:21+0300</time>
</trkpt>
<trkpt lat="59.5143317" lon="25.27383">
<ele>70.0</ele>
<time>2026-08-27T19:50:22+0300</time>
</trkpt>
<trkpt lat="59.5142267" lon="25.2737817">
<ele>70.2</ele>
<time>2026-08-27T19:50:23+0300</time>
</trkpt>
<trkpt lat="59.5141217" lon="25.2737333">
<ele>70.8</ele>
<time>2026-08-27T19:50:24+0300</time>
</trkpt>
<trkpt lat="59.5140183" lon="25.27369">
<ele>71.1</ele>
<time>2026-08-27T19:50:25+0300</time>
</trkpt>
<trkpt lat="59.5139133" lon="25.2736533">
<ele>71.7</ele>
<time>2026-08-27T19:50:26+0300</time>
</trkpt>
<trkpt lat="59.51381" lon="25.2736283">
<ele>72.3</ele>
<time>2026-08-27T19:50:27+0300</time>
</trkpt>
<trkpt lat="59.513705" lon="25.2736017">
<ele>73.3</ele>
<time>2026-08-27T19:50:28+0300</time>
</trkpt>
<trkpt lat="59.5136033" lon="25.2735783">
<ele>74.1</ele>
<time>2026-08-27T19:50:29+0300</time>
</trkpt>
<trkpt lat="59.5135033" lon="25.2735617">
<ele>74.8</ele>
<time>2026-08-27T19:50:30+0300</time>
</trkpt>
<trkpt lat="59.5134033" lon="25.27355">
<ele>75.6</ele>
<time>2026-08-27T19:50:31+0300</time>
</trkpt>
<trkpt lat="59.5133017" lon="25.2735367">
<ele>76.0</ele>
<time>2026-08-27T19:50:32+0300</time>
</trkpt>
<trkpt lat="59.5132" lon="25.2735217">
<ele>76.4</ele>
<time>2026-08-27T19:50:33+0300</time>
</trkpt>
<trkpt lat="59.5130983" lon="25.2735">
<ele>76.7</ele>
<time>2026-08-27T19:50:34+0300</time>
</trkpt>
<trkpt lat="59.5129983" lon="25.2734833">
<ele>77.2</ele>
<time>2026-08-27T19:50:35+0300</time>
</trkpt>
<trkpt lat="59.5129" lon="25.273465">
<ele>77.6</ele>
<time>2026-08-27T19:50:36+0300</time>
</trkpt>
<trkpt lat="59.5128017" lon="25.2734433">
<ele>77.7</ele>
<time>2026-08-27T19:50:37+0300</time>
</trkpt>
<trkpt lat="59.5126983" lon="25.2734133">
<ele>78.3</ele>
<time>2026-08-27T19:50:38+0300</time>
</trkpt>
<trkpt lat="59.512595" lon="25.2733683">
<ele>78.9</ele>
<time>2026-08-27T19:50:39+0300</time>
</trkpt>
<trkpt lat="59.51249" lon="25.273305">
<ele>79.5</ele>
<time>2026-08-27T19:50:40+0300</time>
</trkpt>
<trkpt lat="59.5123883" lon="25.2732267">
<ele>80.5</ele>
<time>2026-08-27T19:50:41+0300</time>
</trkpt>
<trkpt lat="59.51229" lon="25.2731433">
<ele>81.6</ele>
<time>2026-08-27T19:50:42+0300</time>
</trkpt>
<trkpt lat="59.5121933" lon="25.2730533">
<ele>82.6</ele>
<time>2026-08-27T19:50:43+0300</time>
</trkpt>
<trkpt lat="59.5120983" lon="25.2729533">
<ele>83.9</ele>
<time>2026-08-27T19:50:44+0300</time>
</trkpt>
<trkpt lat="59.5120083" lon="25.2728367">
<ele>84.9</ele>
<time>2026-08-27T19:50:45+0300</time>
</trkpt>
<trkpt lat="59.51192" lon="25.2727067">
<ele>85.7</ele>
<time>2026-08-27T19:50:46+0300</time>
</trkpt>
<trkpt lat="59.5118333" lon="25.2725633">
<ele>86.5</ele>
<time>2026-08-27T19:50:47+0300</time>
</trkpt>
<trkpt lat="59.5117483" lon="25.2724117">
<ele>87.3</ele>
<time>2026-08-27T19:50:48+0300</time>
</trkpt>
<trkpt lat="59.511665" lon="25.2722517">
<ele>88.4</ele>
<time>2026-08-27T19:50:49+0300</time>
</trkpt>
<trkpt lat="59.5115883" lon="25.2720883">
<ele>89.3</ele>
<time>2026-08-27T19:50:50+0300</time>
</trkpt>
<trkpt lat="59.5115167" lon="25.2719233">
<ele>90.1</ele>
<time>2026-08-27T19:50:51+0300</time>
</trkpt>
<trkpt lat="59.5114483" lon="25.2717567">
<ele>90.9</ele>
<time>2026-08-27T19:50:52+0300</time>
</trkpt>
<trkpt lat="59.5113783" lon="25.2715917">
<ele>92.0</ele>
<time>2026-08-27T19:50:53+0300</time>
</trkpt>
<trkpt lat="59.5113067" lon="25.2714267">
<ele>92.7</ele>
<time>2026-08-27T19:50:54+0300</time>
</trkpt>
<trkpt lat="59.511235" lon="25.27126">
<ele>93.5</ele>
<time>2026-08-27T19:50:55+0300</time>
</trkpt>
<trkpt lat="59.5111667" lon="25.2710867">
<ele>94.0</ele>
<time>2026-08-27T19:50:56+0300</time>
</trkpt>
<trkpt lat="59.5110983" lon="25.2709133">
<ele>94.8</ele>
<time>2026-08-27T19:50:57+0300</time>
</trkpt>
<trkpt lat="59.5110333" lon="25.2707433">
<ele>95.3</ele>
<time>2026-08-27T19:50:58+0300</time>
</trkpt>
<trkpt lat="59.5109667" lon="25.2705717">
<ele>95.6</ele>
<time>2026-08-27T19:50:59+0300</time>
</trkpt>
<trkpt lat="59.5109017" lon="25.2704017">
<ele>96.2</ele>
<time>2026-08-27T19:51:00+0300</time>
</trkpt>
<trkpt lat="59.510835" lon="25.2702317">
<ele>96.7</ele>
<time>2026-08-27T19:51:01+0300</time>
</trkpt>
<trkpt lat="59.51077" lon="25.2700633">
<ele>97.4</ele>
<time>2026-08-27T19:51:02+0300</time>
</trkpt>
<trkpt lat="59.5107017" lon="25.269895">
<ele>97.8</ele>
<time>2026-08-27T19:51:03+0300</time>
</trkpt>
<trkpt lat="59.510635" lon="25.2697283">
<ele>98.5</ele>
<time>2026-08-27T19:51:04+0300</time>
</trkpt>
<trkpt lat="59.5105667" lon="25.26956">
<ele>98.8</ele>
<time>2026-08-27T19:51:05+0300</time>
</trkpt>
<trkpt lat="59.5105017" lon="25.2693917">
<ele>98.7</ele>
<time>2026-08-27T19:51:06+0300</time>
</trkpt>
<trkpt lat="59.5104317" lon="25.2692233">
<ele>99.3</ele>
<time>2026-08-27T19:51:07+0300</time>
</trkpt>
<trkpt lat="59.5103583" lon="25.2690517">
<ele>99.4</ele>
<time>2026-08-27T19:51:08+0300</time>
</trkpt>
<trkpt lat="59.5102833" lon="25.2688817">
<ele>99.3</ele>
<time>2026-08-27T19:51:09+0300</time>
</trkpt>
<trkpt lat="59.5102083" lon="25.2687167">
<ele>99.3</ele>
<time>2026-08-27T19:51:10+0300</time>
</trkpt>
<trkpt lat="59.5101367" lon="25.2685567">
<ele>99.7</ele>
<time>2026-08-27T19:51:11+0300</time>
</trkpt>
<trkpt lat="59.510065" lon="25.2684">
<ele>100.1</ele>
<time>2026-08-27T19:51:12+0300</time>
</trkpt>
<trkpt lat="59.5099933" lon="25.26825">
<ele>100.3</ele>
<time>2026-08-27T19:51:13+0300</time>
</trkpt>
<trkpt lat="59.5099167" lon="25.2681067">
<ele>100.5</ele>
<time>2026-08-27T19:51:14+0300</time>
</trkpt>
<trkpt lat="59.5098383" lon="25.2679667">
<ele>100.7</ele>
<time>2026-08-27T19:51:15+0300</time>
</trkpt>
<trkpt lat="59.5097583" lon="25.2678333">
<ele>101.1</ele>
<time>2026-08-27T19:51:16+0300</time>
</trkpt>
<trkpt lat="59.509675" lon="25.2677083">
<ele>101.9</ele>
<time>2026-08-27T19:51:17+0300</time>
</trkpt>
<trkpt lat="59.5095883" lon="25.2675883">
<ele>102.7</ele>
<time>2026-08-27T19:51:18+0300</time>
</trkpt>
<trkpt lat="59.5095033" lon="25.2674733">
<ele>103.5</ele>
<time>2026-08-27T19:51:19+0300</time>
</trkpt>
<trkpt lat="59.5094183" lon="25.2673567">
<ele>104.2</ele>
<time>2026-08-27T19:51:20+0300</time>
</trkpt>
<trkpt lat="59.5093383" lon="25.2672333">
<ele>104.9</ele>
<time>2026-08-27T19:51:21+0300</time>
</trkpt>
<trkpt lat="59.50926" lon="25.2671">
<ele>105.4</ele>
<time>2026-08-27T19:51:22+0300</time>
</trkpt>
<trkpt lat="59.5091833" lon="25.2669567">
<ele>105.8</ele>
<time>2026-08-27T19:51:23+0300</time>
</trkpt>
<trkpt lat="59.5091067" lon="25.2668067">
<ele>105.8</ele>
<time>2026-08-27T19:51:24+0300</time>
</trkpt>
<trkpt lat="59.5090267" lon="25.2666517">
<ele>106.1</ele>
<time>2026-08-27T19:51:25+0300</time>
</trkpt>
<trkpt lat="59.50895" lon="25.266495">
<ele>106.8</ele>
<time>2026-08-27T19:51:26+0300</time>
</trkpt>
<trkpt lat="59.5088783" lon="25.2663367">
<ele>107.6</ele>
<time>2026-08-27T19:51:27+0300</time>
</trkpt>
<trkpt lat="59.5088083" lon="25.2661733">
<ele>108.6</ele>
<time>2026-08-27T19:51:28+0300</time>
</trkpt>
<trkpt lat="59.5087417" lon="25.2660083">
<ele>108.8</ele>
<time>2026-08-27T19:51:29+0300</time>
</trkpt>
<trkpt lat="59.50868" lon="25.2658433">
<ele>109.0</ele>
<time>2026-08-27T19:51:30+0300</time>
</trkpt>
<trkpt lat="59.5086183" lon="25.26568">
<ele>109.3</ele>
<time>2026-08-27T19:51:31+0300</time>
</trkpt>
<trkpt lat="59.5085583" lon="25.2655183">
<ele>109.3</ele>
<time>2026-08-27T19:51:32+0300</time>
</trkpt>
<trkpt lat="59.5084967" lon="25.2653533">
<ele>108.8</ele>
<time>2026-08-27T19:51:33+0300</time>
</trkpt>
<trkpt lat="59.5084317" lon="25.2651817">
<ele>107.8</ele>
<time>2026-08-27T19:51:34+0300</time>
</trkpt>
<trkpt lat="59.5083633" lon="25.265005">
<ele>106.9</ele>
<time>2026-08-27T19:51:35+0300</time>
</trkpt>
<trkpt lat="59.5082933" lon="25.2648183">
<ele>106.0</ele>
<time>2026-08-27T19:51:36+0300</time>
</trkpt>
<trkpt lat="59.5082217" lon="25.2646283">
<ele>105.7</ele>
<time>2026-08-27T19:51:37+0300</time>
</trkpt>
<trkpt lat="59.50815" lon="25.2644617">
<ele>105.9</ele>
<time>2026-08-27T19:51:38+0300</time>
</trkpt>
<trkpt lat="59.5080767" lon="25.26432">
<ele>105.8</ele>
<time>2026-08-27T19:51:39+0300</time>
</trkpt>
<trkpt lat="59.5079983" lon="25.2641967">
<ele>104.7</ele>
<time>2026-08-27T19:51:40+0300</time>
</trkpt>
<trkpt lat="59.5079133" lon="25.26409">
<ele>103.2</ele>
<time>2026-08-27T19:51:41+0300</time>
</trkpt>
<trkpt lat="59.5078217" lon="25.2639917">
<ele>102.3</ele>
<time>2026-08-27T19:51:42+0300</time>
</trkpt>
<trkpt lat="59.5077233" lon="25.2638983">
<ele>102.3</ele>
<time>2026-08-27T19:51:43+0300</time>
</trkpt>
<trkpt lat="59.507625" lon="25.26381">
<ele>103.1</ele>
<time>2026-08-27T19:51:44+0300</time>
</trkpt>
<trkpt lat="59.5075283" lon="25.263725">
<ele>103.9</ele>
<time>2026-08-27T19:51:45+0300</time>
</trkpt>
<trkpt lat="59.5074367" lon="25.2636383">
<ele>104.4</ele>
<time>2026-08-27T19:51:46+0300</time>
</trkpt>
<trkpt lat="59.50735" lon="25.2635517">
<ele>104.6</ele>
<time>2026-08-27T19:51:47+0300</time>
</trkpt>
<trkpt lat="59.50726" lon="25.2634633">
<ele>104.7</ele>
<time>2026-08-27T19:51:48+0300</time>
</trkpt>
<trkpt lat="59.5071683" lon="25.2633767">
<ele>104.9</ele>
<time>2026-08-27T19:51:49+0300</time>
</trkpt>
<trkpt lat="59.5070717" lon="25.26329">
<ele>105.2</ele>
<time>2026-08-27T19:51:50+0300</time>
</trkpt>
<trkpt lat="59.506975" lon="25.2632067">
<ele>105.4</ele>
<time>2026-08-27T19:51:51+0300</time>
</trkpt>
<trkpt lat="59.50688" lon="25.26312">
<ele>105.7</ele>
<time>2026-08-27T19:51:52+0300</time>
</trkpt>
<trkpt lat="59.5067867" lon="25.26303">
<ele>105.9</ele>
<time>2026-08-27T19:51:53+0300</time>
</trkpt>
<trkpt lat="59.506695" lon="25.2629283">
<ele>106.2</ele>
<time>2026-08-27T19:51:54+0300</time>
</trkpt>
<trkpt lat="59.5066067" lon="25.26282">
<ele>106.3</ele>
<time>2026-08-27T19:51:55+0300</time>
</trkpt>
<trkpt lat="59.5065167" lon="25.2627117">
<ele>106.3</ele>
<time>2026-08-27T19:51:56+0300</time>
</trkpt>
<trkpt lat="59.5064233" lon="25.2626133">
<ele>105.9</ele>
<time>2026-08-27T19:51:57+0300</time>
</trkpt>
<trkpt lat="59.5063283" lon="25.26253">
<ele>105.8</ele>
<time>2026-08-27T19:51:58+0300</time>
</trkpt>
<trkpt lat="59.5062283" lon="25.2624567">
<ele>105.7</ele>
<time>2026-08-27T19:51:59+0300</time>
</trkpt>
<trkpt lat="59.5061267" lon="25.262385">
<ele>106.1</ele>
<time>2026-08-27T19:52:00+0300</time>
</trkpt>
<trkpt lat="59.5060283" lon="25.2623067">
<ele>106.8</ele>
<time>2026-08-27T19:52:01+0300</time>
</trkpt>
<trkpt lat="59.5059333" lon="25.26222">
<ele>107.3</ele>
<time>2026-08-27T19:52:02+0300</time>
</trkpt>
<trkpt lat="59.50584" lon="25.262135">
<ele>107.5</ele>
<time>2026-08-27T19:52:03+0300</time>
</trkpt>
<trkpt lat="59.5057467" lon="25.2620533">
<ele>107.8</ele>
<time>2026-08-27T19:52:04+0300</time>
</trkpt>
<trkpt lat="59.505655" lon="25.2619717">
<ele>108.0</ele>
<time>2026-08-27T19:52:05+0300</time>
</trkpt>
<trkpt lat="59.50556" lon="25.2618883">
<ele>108.1</ele>
<time>2026-08-27T19:52:06+0300</time>
</trkpt>
<trkpt lat="59.505465" lon="25.2618">
<ele>108.2</ele>
<time>2026-08-27T19:52:07+0300</time>
</trkpt>
<trkpt lat="59.50537" lon="25.26171">
<ele>108.5</ele>
<time>2026-08-27T19:52:08+0300</time>
</trkpt>
<trkpt lat="59.505275" lon="25.26163">
<ele>108.9</ele>
<time>2026-08-27T19:52:09+0300</time>
</trkpt>
<trkpt lat="59.5051783" lon="25.2615633">
<ele>109.5</ele>
<time>2026-08-27T19:52:10+0300</time>
</trkpt>
<trkpt lat="59.50508" lon="25.2615133">
<ele>110.0</ele>
<time>2026-08-27T19:52:11+0300</time>
</trkpt>
<trkpt lat="59.5049817" lon="25.2614717">
<ele>110.1</ele>
<time>2026-08-27T19:52:12+0300</time>
</trkpt>
<trkpt lat="59.5048817" lon="25.2614383">
<ele>110.7</ele>
<time>2026-08-27T19:52:13+0300</time>
</trkpt>
<trkpt lat="59.5047817" lon="25.2614033">
<ele>111.2</ele>
<time>2026-08-27T19:52:14+0300</time>
</trkpt>
<trkpt lat="59.5046817" lon="25.2613633">
<ele>111.2</ele>
<time>2026-08-27T19:52:15+0300</time>
</trkpt>
<trkpt lat="59.5045817" lon="25.26132">
<ele>111.3</ele>
<time>2026-08-27T19:52:16+0300</time>
</trkpt>
<trkpt lat="59.50448" lon="25.2612733">
<ele>111.7</ele>
<time>2026-08-27T19:52:17+0300</time>
</trkpt>
<trkpt lat="59.5043767" lon="25.2612233">
<ele>112.1</ele>
<time>2026-08-27T19:52:18+0300</time>
</trkpt>
<trkpt lat="59.504275" lon="25.26117">
<ele>112.6</ele>
<time>2026-08-27T19:52:19+0300</time>
</trkpt>
<trkpt lat="59.5041733" lon="25.2611117">
<ele>113.2</ele>
<time>2026-08-27T19:52:20+0300</time>
</trkpt>
<trkpt lat="59.5040733" lon="25.26105">
<ele>113.9</ele>
<time>2026-08-27T19:52:21+0300</time>
</trkpt>
<trkpt lat="59.5039783" lon="25.2609833">
<ele>114.4</ele>
<time>2026-08-27T19:52:22+0300</time>
</trkpt>
<trkpt lat="59.5038833" lon="25.26091">
<ele>114.8</ele>
<time>2026-08-27T19:52:23+0300</time>
</trkpt>
<trkpt lat="59.5037883" lon="25.260835">
<ele>115.0</ele>
<time>2026-08-27T19:52:24+0300</time>
</trkpt>
<trkpt lat="59.503695" lon="25.2607567">
<ele>115.2</ele>
<time>2026-08-27T19:52:25+0300</time>
</trkpt>
<trkpt lat="59.5035983" lon="25.2606833">
<ele>115.6</ele>
<time>2026-08-27T19:52:26+0300</time>
</trkpt>
<trkpt lat="59.5035" lon="25.26064">
<ele>115.9</ele>
<time>2026-08-27T19:52:27+0300</time>
</trkpt>
<trkpt lat="59.5034017" lon="25.2606533">
<ele>115.4</ele>
<time>2026-08-27T19:52:28+0300</time>
</trkpt>
<trkpt lat="59.503305" lon="25.2607483">
<ele>114.7</ele>
<time>2026-08-27T19:52:29+0300</time>
</trkpt>
<trkpt lat="59.50323" lon="25.2609167">
<ele>114.0</ele>
<time>2026-08-27T19:52:30+0300</time>
</trkpt>
<trkpt lat="59.503185" lon="25.26112">
<ele>114.3</ele>
<time>2026-08-27T19:52:31+0300</time>
</trkpt>
<trkpt lat="59.5031633" lon="25.26133">
<ele>115.1</ele>
<time>2026-08-27T19:52:32+0300</time>
</trkpt>
<trkpt lat="59.5031533" lon="25.26153">
<ele>116.0</ele>
<time>2026-08-27T19:52:33+0300</time>
</trkpt>
<trkpt lat="59.5031467" lon="25.2617117">
<ele>116.4</ele>
<time>2026-08-27T19:52:34+0300</time>
</trkpt>
<trkpt lat="59.5031317" lon="25.2618917">
<ele>116.2</ele>
<time>2026-08-27T19:52:35+0300</time>
</trkpt>
<trkpt lat="59.5031133" lon="25.2620733">
<ele>115.9</ele>
<time>2026-08-27T19:52:36+0300</time>
</trkpt>
<trkpt lat="59.5030933" lon="25.2622633">
<ele>115.9</ele>
<time>2026-08-27T19:52:37+0300</time>
</trkpt>
<trkpt lat="59.50307" lon="25.2624517">
<ele>116.0</ele>
<time>2026-08-27T19:52:38+0300</time>
</trkpt>
<trkpt lat="59.5030417" lon="25.2626417">
<ele>116.1</ele>
<time>2026-08-27T19:52:39+0300</time>
</trkpt>
<trkpt lat="59.503005" lon="25.2628217">
<ele>116.3</ele>
<time>2026-08-27T19:52:40+0300</time>
</trkpt>
<trkpt lat="59.5029583" lon="25.2629917">
<ele>116.3</ele>
<time>2026-08-27T19:52:41+0300</time>
</trkpt>
<trkpt lat="59.502905" lon="25.26315">
<ele>116.4</ele>
<time>2026-08-27T19:52:42+0300</time>
</trkpt>
<trkpt lat="59.5028483" lon="25.2633067">
<ele>116.4</ele>
<time>2026-08-27T19:52:43+0300</time>
</trkpt>
<trkpt lat="59.50279" lon="25.2634583">
<ele>116.3</ele>
<time>2026-08-27T19:52:44+0300</time>
</trkpt>
<trkpt lat="59.50273" lon="25.26361">
<ele>116.2</ele>
<time>2026-08-27T19:52:45+0300</time>
</trkpt>
<trkpt lat="59.502665" lon="25.2637533">
<ele>116.3</ele>
<time>2026-08-27T19:52:46+0300</time>
</trkpt>
<trkpt lat="59.5025933" lon="25.2638917">
<ele>116.8</ele>
<time>2026-08-27T19:52:47+0300</time>
</trkpt>
<trkpt lat="59.5025183" lon="25.26401">
<ele>117.4</ele>
<time>2026-08-27T19:52:48+0300</time>
</trkpt>
<trkpt lat="59.5024383" lon="25.2641083">
<ele>117.9</ele>
<time>2026-08-27T19:52:49+0300</time>
</trkpt>
<trkpt lat="59.502355" lon="25.264195">
<ele>118.7</ele>
<time>2026-08-27T19:52:50+0300</time>
</trkpt>
<trkpt lat="59.5022667" lon="25.2642667">
<ele>119.5</ele>
<time>2026-08-27T19:52:51+0300</time>
</trkpt>
<trkpt lat="59.502175" lon="25.2643283">
<ele>119.8</ele>
<time>2026-08-27T19:52:52+0300</time>
</trkpt>
<trkpt lat="59.5020833" lon="25.264385">
<ele>120.5</ele>
<time>2026-08-27T19:52:53+0300</time>
</trkpt>
<trkpt lat="59.5019867" lon="25.2644267">
<ele>120.9</ele>
<time>2026-08-27T19:52:54+0300</time>
</trkpt>
<trkpt lat="59.5018883" lon="25.2644517">
<ele>121.6</ele>
<time>2026-08-27T19:52:55+0300</time>
</trkpt>
<trkpt lat="59.50179" lon="25.2644633">
<ele>122.4</ele>
<time>2026-08-27T19:52:56+0300</time>
</trkpt>
<trkpt lat="59.5016917" lon="25.2644667">
<ele>123.0</ele>
<time>2026-08-27T19:52:57+0300</time>
</trkpt>
<trkpt lat="59.501595" lon="25.2644617">
<ele>123.7</ele>
<time>2026-08-27T19:52:58+0300</time>
</trkpt>
<trkpt lat="59.5014983" lon="25.2644583">
<ele>124.3</ele>
<time>2026-08-27T19:52:59+0300</time>
</trkpt>
<trkpt lat="59.5014017" lon="25.2644467">
<ele>124.8</ele>
<time>2026-08-27T19:53:00+0300</time>
</trkpt>
<trkpt lat="59.5013017" lon="25.264425">
<ele>125.0</ele>
<time>2026-08-27T19:53:01+0300</time>
</trkpt>
<trkpt lat="59.5012017" lon="25.2643967">
<ele>125.3</ele>
<time>2026-08-27T19:53:02+0300</time>
</trkpt>
<trkpt lat="59.5011017" lon="25.264365">
<ele>125.6</ele>
<time>2026-08-27T19:53:03+0300</time>
</trkpt>
<trkpt lat="59.501005" lon="25.26433">
<ele>126.1</ele>
<time>2026-08-27T19:53:04+0300</time>
</trkpt>
<trkpt lat="59.50091" lon="25.264295">
<ele>126.3</ele>
<time>2026-08-27T19:53:05+0300</time>
</trkpt>
<trkpt lat="59.500815" lon="25.26426">
<ele>126.3</ele>
<time>2026-08-27T19:53:06+0300</time>
</trkpt>
<trkpt lat="59.50072" lon="25.2642333">
<ele>126.2</ele>
<time>2026-08-27T19:53:07+0300</time>
</trkpt>
<trkpt lat="59.500625" lon="25.2642083">
<ele>126.2</ele>
<time>2026-08-27T19:53:08+0300</time>
</trkpt>
<trkpt lat="59.5005267" lon="25.2641867">
<ele>126.0</ele>
<time>2026-08-27T19:53:09+0300</time>
</trkpt>
<trkpt lat="59.5004267" lon="25.2641633">
<ele>125.7</ele>
<time>2026-08-27T19:53:10+0300</time>
</trkpt>
<trkpt lat="59.500325" lon="25.2641433">
<ele>125.5</ele>
<time>2026-08-27T19:53:11+0300</time>
</trkpt>
<trkpt lat="59.5002217" lon="25.26413">
<ele>125.7</ele>
<time>2026-08-27T19:53:12+0300</time>
</trkpt>
<trkpt lat="59.50012" lon="25.264125">
<ele>125.8</ele>
<time>2026-08-27T19:53:13+0300</time>
</trkpt>
<trkpt lat="59.50002" lon="25.2641217">
<ele>126.1</ele>
<time>2026-08-27T19:53:14+0300</time>
</trkpt>
<trkpt lat="59.4999233" lon="25.2641183">
<ele>126.6</ele>
<time>2026-08-27T19:53:15+0300</time>
</trkpt>
<trkpt lat="59.499825" lon="25.2641133">
<ele>126.9</ele>
<time>2026-08-27T19:53:16+0300</time>
</trkpt>
<trkpt lat="59.4997267" lon="25.264115">
<ele>127.6</ele>
<time>2026-08-27T19:53:17+0300</time>
</trkpt>
<trkpt lat="59.4996283" lon="25.2641233">
<ele>128.4</ele>
<time>2026-08-27T19:53:18+0300</time>
</trkpt>
<trkpt lat="59.4995317" lon="25.2641383">
<ele>129.3</ele>
<time>2026-08-27T19:53:19+0300</time>
</trkpt>
<trkpt lat="59.4994367" lon="25.2641533">
<ele>130.7</ele>
<time>2026-08-27T19:53:20+0300</time>
</trkpt>
<trkpt lat="59.4993417" lon="25.2641667">
<ele>131.4</ele>
<time>2026-08-27T19:53:21+0300</time>
</trkpt>
<trkpt lat="59.4992483" lon="25.2641733">
<ele>132.2</ele>
<time>2026-08-27T19:53:22+0300</time>
</trkpt>
<trkpt lat="59.4991517" lon="25.2641767">
<ele>132.9</ele>
<time>2026-08-27T19:53:23+0300</time>
</trkpt>
<trkpt lat="59.499055" lon="25.2641833">
<ele>133.5</ele>
<time>2026-08-27T19:53:24+0300</time>
</trkpt>
<trkpt lat="59.4989567" lon="25.2641883">
<ele>133.9</ele>
<time>2026-08-27T19:53:25+0300</time>
</trkpt>
<trkpt lat="59.49886" lon="25.264195">
<ele>134.5</ele>
<time>2026-08-27T19:53:26+0300</time>
</trkpt>
<trkpt lat="59.4987633" lon="25.2642033">
<ele>134.8</ele>
<time>2026-08-27T19:53:27+0300</time>
</trkpt>
<trkpt lat="59.498665" lon="25.2642117">
<ele>135.3</ele>
<time>2026-08-27T19:53:28+0300</time>
</trkpt>
<trkpt lat="59.4985683" lon="25.26422">
<ele>135.8</ele>
<time>2026-08-27T19:53:29+0300</time>
</trkpt>
<trkpt lat="59.49847" lon="25.26423">
<ele>136.4</ele>
<time>2026-08-27T19:53:30+0300</time>
</trkpt>
<trkpt lat="59.4983717" lon="25.26424">
<ele>136.9</ele>
<time>2026-08-27T19:53:31+0300</time>
</trkpt>
<trkpt lat="59.4982717" lon="25.2642483">
<ele>137.3</ele>
<time>2026-08-27T19:53:32+0300</time>
</trkpt>
<trkpt lat="59.4981733" lon="25.2642483">
<ele>137.6</ele>
<time>2026-08-27T19:53:33+0300</time>
</trkpt>
<trkpt lat="59.498075" lon="25.264245">
<ele>137.8</ele>
<time>2026-08-27T19:53:34+0300</time>
</trkpt>
<trkpt lat="59.4979767" lon="25.2642417">
<ele>137.7</ele>
<time>2026-08-27T19:53:35+0300</time>
</trkpt>
<trkpt lat="59.4978783" lon="25.2642367">
<ele>137.7</ele>
<time>2026-08-27T19:53:36+0300</time>
</trkpt>
<trkpt lat="59.4977783" lon="25.2642317">
<ele>137.6</ele>
<time>2026-08-27T19:53:37+0300</time>
</trkpt>
<trkpt lat="59.4976767" lon="25.2642267">
<ele>137.9</ele>
<time>2026-08-27T19:53:38+0300</time>
</trkpt>
<trkpt lat="59.497575" lon="25.2642217">
<ele>138.2</ele>
<time>2026-08-27T19:53:39+0300</time>
</trkpt>
<trkpt lat="59.497475" lon="25.2642133">
<ele>138.8</ele>
<time>2026-08-27T19:53:40+0300</time>
</trkpt>
<trkpt lat="59.4973783" lon="25.2642117">
<ele>139.4</ele>
<time>2026-08-27T19:53:41+0300</time>
</trkpt>
<trkpt lat="59.4972817" lon="25.26422">
<ele>139.9</ele>
<time>2026-08-27T19:53:42+0300</time>
</trkpt>
<trkpt lat="59.497185" lon="25.2642383">
<ele>140.3</ele>
<time>2026-08-27T19:53:43+0300</time>
</trkpt>
<trkpt lat="59.49709" lon="25.2642583">
<ele>140.7</ele>
<time>2026-08-27T19:53:44+0300</time>
</trkpt>
<trkpt lat="59.496995" lon="25.2642717">
<ele>140.8</ele>
<time>2026-08-27T19:53:45+0300</time>
</trkpt>
<trkpt lat="59.4969" lon="25.2642867">
<ele>141.1</ele>
<time>2026-08-27T19:53:46+0300</time>
</trkpt>
<trkpt lat="59.4968017" lon="25.2643017">
<ele>141.1</ele>
<time>2026-08-27T19:53:47+0300</time>
</trkpt>
<trkpt lat="59.496705" lon="25.264315">
<ele>141.1</ele>
<time>2026-08-27T19:53:48+0300</time>
</trkpt>
<trkpt lat="59.4966067" lon="25.2643317">
<ele>141.3</ele>
<time>2026-08-27T19:53:49+0300</time>
</trkpt>
<trkpt lat="59.4965083" lon="25.2643483">
<ele>141.7</ele>
<time>2026-08-27T19:53:50+0300</time>
</trkpt>
<trkpt lat="59.49641" lon="25.2643617">
<ele>142.0</ele>
<time>2026-08-27T19:53:51+0300</time>
</trkpt>
<trkpt lat="59.4963133" lon="25.2643667">
<ele>142.2</ele>
<time>2026-08-27T19:53:52+0300</time>
</trkpt>
<trkpt lat="59.4962167" lon="25.2643683">
<ele>142.3</ele>
<time>2026-08-27T19:53:53+0300</time>
</trkpt>
<trkpt lat="59.4961183" lon="25.264365">
<ele>142.5</ele>
<time>2026-08-27T19:53:54+0300</time>
</trkpt>
<trkpt lat="59.49602" lon="25.264355">
<ele>142.9</ele>
<time>2026-08-27T19:53:55+0300</time>
</trkpt>
<trkpt lat="59.4959217" lon="25.2643417">
<ele>143.1</ele>
<time>2026-08-27T19:53:56+0300</time>
</trkpt>
<trkpt lat="59.4958233" lon="25.2643233">
<ele>143.4</ele>
<time>2026-08-27T19:53:57+0300</time>
</trkpt>
<trkpt lat="59.4957233" lon="25.264305">
<ele>143.6</ele>
<time>2026-08-27T19:53:58+0300</time>
</trkpt>
<trkpt lat="59.4956233" lon="25.2642867">
<ele>143.8</ele>
<time>2026-08-27T19:53:59+0300</time>
</trkpt>
<trkpt lat="59.495525" lon="25.264275">
<ele>144.1</ele>
<time>2026-08-27T19:54:00+0300</time>
</trkpt>
<trkpt lat="59.495425" lon="25.2642733">
<ele>144.2</ele>
<time>2026-08-27T19:54:01+0300</time>
</trkpt>
<trkpt lat="59.4953267" lon="25.2642717">
<ele>144.3</ele>
<time>2026-08-27T19:54:02+0300</time>
</trkpt>
<trkpt lat="59.4952267" lon="25.2642667">
<ele>144.5</ele>
<time>2026-08-27T19:54:03+0300</time>
</trkpt>
<trkpt lat="59.4951283" lon="25.2642617">
<ele>144.9</ele>
<time>2026-08-27T19:54:04+0300</time>
</trkpt>
<trkpt lat="59.49503" lon="25.2642583">
<ele>145.1</ele>
<time>2026-08-27T19:54:05+0300</time>
</trkpt>
<trkpt lat="59.4949333" lon="25.2642617">
<ele>145.3</ele>
<time>2026-08-27T19:54:06+0300</time>
</trkpt>
<trkpt lat="59.4948367" lon="25.2642717">
<ele>145.4</ele>
<time>2026-08-27T19:54:07+0300</time>
</trkpt>
<trkpt lat="59.4947367" lon="25.2642833">
<ele>145.8</ele>
<time>2026-08-27T19:54:08+0300</time>
</trkpt>
<trkpt lat="59.4946367" lon="25.2642917">
<ele>146.5</ele>
<time>2026-08-27T19:54:09+0300</time>
</trkpt>
<trkpt lat="59.4945367" lon="25.2642983">
<ele>147.3</ele>
<time>2026-08-27T19:54:10+0300</time>
</trkpt>
<trkpt lat="59.49444" lon="25.2643">
<ele>148.0</ele>
<time>2026-08-27T19:54:11+0300</time>
</trkpt>
<trkpt lat="59.4943433" lon="25.2643033">
<ele>148.5</ele>
<time>2026-08-27T19:54:12+0300</time>
</trkpt>
<trkpt lat="59.4942483" lon="25.2643067">
<ele>148.9</ele>
<time>2026-08-27T19:54:13+0300</time>
</trkpt>
<trkpt lat="59.4941533" lon="25.2643067">
<ele>149.3</ele>
<time>2026-08-27T19:54:14+0300</time>
</trkpt>
<trkpt lat="59.4940567" lon="25.2643033">
<ele>149.7</ele>
<time>2026-08-27T19:54:15+0300</time>
</trkpt>
<trkpt lat="59.4939583" lon="25.2642983">
<ele>150.3</ele>
<time>2026-08-27T19:54:16+0300</time>
</trkpt>
<trkpt lat="59.4938567" lon="25.264295">
<ele>150.6</ele>
<time>2026-08-27T19:54:17+0300</time>
</trkpt>
<trkpt lat="59.4937583" lon="25.2642933">
<ele>151.2</ele>
<time>2026-08-27T19:54:18+0300</time>
</trkpt>
<trkpt lat="59.4936617" lon="25.264295">
<ele>151.7</ele>
<time>2026-08-27T19:54:19+0300</time>
</trkpt>
<trkpt lat="59.4935633" lon="25.2643033">
<ele>152.0</ele>
<time>2026-08-27T19:54:20+0300</time>
</trkpt>
<trkpt lat="59.4934667" lon="25.2643233">
<ele>152.4</ele>
<time>2026-08-27T19:54:21+0300</time>
</trkpt>
<trkpt lat="59.49337" lon="25.26435">
<ele>152.9</ele>
<time>2026-08-27T19:54:22+0300</time>
</trkpt>
<trkpt lat="59.4932733" lon="25.2643833">
<ele>153.4</ele>
<time>2026-08-27T19:54:23+0300</time>
</trkpt>
<trkpt lat="59.4931767" lon="25.2644183">
<ele>153.9</ele>
<time>2026-08-27T19:54:24+0300</time>
</trkpt>
<trkpt lat="59.4930817" lon="25.26446">
<ele>154.3</ele>
<time>2026-08-27T19:54:25+0300</time>
</trkpt>
<trkpt lat="59.4929917" lon="25.2645133">
<ele>154.7</ele>
<time>2026-08-27T19:54:26+0300</time>
</trkpt>
<trkpt lat="59.4929033" lon="25.2645783">
<ele>155.2</ele>
<time>2026-08-27T19:54:27+0300</time>
</trkpt>
<trkpt lat="59.492815" lon="25.2646467">
<ele>155.5</ele>
<time>2026-08-27T19:54:28+0300</time>
</trkpt>
<trkpt lat="59.4927283" lon="25.2647183">
<ele>156.0</ele>
<time>2026-08-27T19:54:29+0300</time>
</trkpt>
<trkpt lat="59.4926417" lon="25.26479">
<ele>156.6</ele>
<time>2026-08-27T19:54:30+0300</time>
</trkpt>
<trkpt lat="59.492555" lon="25.2648633">
<ele>157.2</ele>
<time>2026-08-27T19:54:31+0300</time>
</trkpt>
<trkpt lat="59.4924683" lon="25.2649417">
<ele>157.7</ele>
<time>2026-08-27T19:54:32+0300</time>
</trkpt>
<trkpt lat="59.492385" lon="25.2650283">
<ele>158.3</ele>
<time>2026-08-27T19:54:33+0300</time>
</trkpt>
<trkpt lat="59.4923017" lon="25.2651183">
<ele>158.9</ele>
<time>2026-08-27T19:54:34+0300</time>
</trkpt>
<trkpt lat="59.4922183" lon="25.2652117">
<ele>159.5</ele>
<time>2026-08-27T19:54:35+0300</time>
</trkpt>
<trkpt lat="59.4921367" lon="25.2653067">
<ele>160.1</ele>
<time>2026-08-27T19:54:36+0300</time>
</trkpt>
<trkpt lat="59.4920567" lon="25.2654067">
<ele>160.7</ele>
<time>2026-08-27T19:54:37+0300</time>
</trkpt>
<trkpt lat="59.4919783" lon="25.26551">
<ele>161.3</ele>
<time>2026-08-27T19:54:38+0300</time>
</trkpt>
<trkpt lat="59.4919017" lon="25.2656167">
<ele>161.8</ele>
<time>2026-08-27T19:54:39+0300</time>
</trkpt>
<trkpt lat="59.49183" lon="25.2657317">
<ele>162.2</ele>
<time>2026-08-27T19:54:40+0300</time>
</trkpt>
<trkpt lat="59.49176" lon="25.2658583">
<ele>162.7</ele>
<time>2026-08-27T19:54:41+0300</time>
</trkpt>
<trkpt lat="59.4916933" lon="25.2659917">
<ele>163.1</ele>
<time>2026-08-27T19:54:42+0300</time>
</trkpt>
<trkpt lat="59.4916267" lon="25.266125">
<ele>163.5</ele>
<time>2026-08-27T19:54:43+0300</time>
</trkpt>
<trkpt lat="59.49156" lon="25.2662567">
<ele>164.1</ele>
<time>2026-08-27T19:54:44+0300</time>
</trkpt>
<trkpt lat="59.4914933" lon="25.2663917">
<ele>164.6</ele>
<time>2026-08-27T19:54:45+0300</time>
</trkpt>
<trkpt lat="59.49143" lon="25.26653">
<ele>165.1</ele>
<time>2026-08-27T19:54:46+0300</time>
</trkpt>
<trkpt lat="59.49137" lon="25.2666733">
<ele>165.6</ele>
<time>2026-08-27T19:54:47+0300</time>
</trkpt>
<trkpt lat="59.49131" lon="25.2668167">
<ele>166.1</ele>
<time>2026-08-27T19:54:48+0300</time>
</trkpt>
<trkpt lat="59.4912467" lon="25.2669533">
<ele>166.7</ele>
<time>2026-08-27T19:54:49+0300</time>
</trkpt>
<trkpt lat="59.4911817" lon="25.2670833">
<ele>167.3</ele>
<time>2026-08-27T19:54:50+0300</time>
</trkpt>
<trkpt lat="59.4911167" lon="25.2672133">
<ele>167.9</ele>
<time>2026-08-27T19:54:51+0300</time>
</trkpt>
<trkpt lat="59.4910533" lon="25.2673417">
<ele>168.1</ele>
<time>2026-08-27T19:54:52+0300</time>
</trkpt>
<trkpt lat="59.4909933" lon="25.2674767">
<ele>168.5</ele>
<time>2026-08-27T19:54:53+0300</time>
</trkpt>
<trkpt lat="59.490935" lon="25.267615">
<ele>168.8</ele>
<time>2026-08-27T19:54:54+0300</time>
</trkpt>
<trkpt lat="59.4908767" lon="25.2677583">
<ele>169.2</ele>
<time>2026-08-27T19:54:55+0300</time>
</trkpt>
<trkpt lat="59.4908167" lon="25.2679">
<ele>169.4</ele>
<time>2026-08-27T19:54:56+0300</time>
</trkpt>
<trkpt lat="59.4907583" lon="25.26804">
<ele>169.7</ele>
<time>2026-08-27T19:54:57+0300</time>
</trkpt>
<trkpt lat="59.4906983" lon="25.2681783">
<ele>170.1</ele>
<time>2026-08-27T19:54:58+0300</time>
</trkpt>
<trkpt lat="59.4906417" lon="25.26832">
<ele>170.6</ele>
<time>2026-08-27T19:54:59+0300</time>
</trkpt>
<trkpt lat="59.4905867" lon="25.2684617">
<ele>171.0</ele>
<time>2026-08-27T19:55:00+0300</time>
</trkpt>
<trkpt lat="59.490535" lon="25.268605">
<ele>171.3</ele>
<time>2026-08-27T19:55:01+0300</time>
</trkpt>
<trkpt lat="59.4904817" lon="25.2687517">
<ele>171.8</ele>
<time>2026-08-27T19:55:02+0300</time>
</trkpt>
<trkpt lat="59.4904267" lon="25.2689">
<ele>172.3</ele>
<time>2026-08-27T19:55:03+0300</time>
</trkpt>
<trkpt lat="59.49037" lon="25.2690433">
<ele>172.8</ele>
<time>2026-08-27T19:55:04+0300</time>
</trkpt>
<trkpt lat="59.4903117" lon="25.269185">
<ele>173.4</ele>
<time>2026-08-27T19:55:05+0300</time>
</trkpt>
<trkpt lat="59.490255" lon="25.26932">
<ele>173.8</ele>
<time>2026-08-27T19:55:06+0300</time>
</trkpt>
<trkpt lat="59.4901983" lon="25.2694567">
<ele>174.1</ele>
<time>2026-08-27T19:55:07+0300</time>
</trkpt>
<trkpt lat="59.49014" lon="25.2695967">
<ele>174.2</ele>
<time>2026-08-27T19:55:08+0300</time>
</trkpt>
<trkpt lat="59.4900817" lon="25.2697367">
<ele>174.3</ele>
<time>2026-08-27T19:55:09+0300</time>
</trkpt>
<trkpt lat="59.4900183" lon="25.2698733">
<ele>174.4</ele>
<time>2026-08-27T19:55:10+0300</time>
</trkpt>
<trkpt lat="59.489955" lon="25.270005">
<ele>174.6</ele>
<time>2026-08-27T19:55:11+0300</time>
</trkpt>
<trkpt lat="59.48989" lon="25.2701317">
<ele>174.9</ele>
<time>2026-08-27T19:55:12+0300</time>
</trkpt>
<trkpt lat="59.489825" lon="25.2702583">
<ele>175.2</ele>
<time>2026-08-27T19:55:13+0300</time>
</trkpt>
<trkpt lat="59.4897617" lon="25.2703817">
<ele>175.3</ele>
<time>2026-08-27T19:55:14+0300</time>
</trkpt>
<trkpt lat="59.4896967" lon="25.2705017">
<ele>175.3</ele>
<time>2026-08-27T19:55:15+0300</time>
</trkpt>
<trkpt lat="59.4896317" lon="25.2706183">
<ele>175.3</ele>
<time>2026-08-27T19:55:16+0300</time>
</trkpt>
<trkpt lat="59.489565" lon="25.270735">
<ele>175.3</ele>
<time>2026-08-27T19:55:17+0300</time>
</trkpt>
<trkpt lat="59.489495" lon="25.2708517">
<ele>175.4</ele>
<time>2026-08-27T19:55:18+0300</time>
</trkpt>
<trkpt lat="59.4894233" lon="25.2709667">
<ele>175.7</ele>
<time>2026-08-27T19:55:19+0300</time>
</trkpt>
<trkpt lat="59.48935" lon="25.2710833">
<ele>176.1</ele>
<time>2026-08-27T19:55:20+0300</time>
</trkpt>
<trkpt lat="59.4892767" lon="25.271195">
<ele>176.7</ele>
<time>2026-08-27T19:55:21+0300</time>
</trkpt>
<trkpt lat="59.489205" lon="25.2713017">
<ele>177.2</ele>
<time>2026-08-27T19:55:22+0300</time>
</trkpt>
<trkpt lat="59.48913" lon="25.27141">
<ele>177.7</ele>
<time>2026-08-27T19:55:23+0300</time>
</trkpt>
<trkpt lat="59.489055" lon="25.2715167">
<ele>178.3</ele>
<time>2026-08-27T19:55:24+0300</time>
</trkpt>
<trkpt lat="59.4889783" lon="25.2716167">
<ele>178.7</ele>
<time>2026-08-27T19:55:25+0300</time>
</trkpt>
<trkpt lat="59.4889017" lon="25.27172">
<ele>179.1</ele>
<time>2026-08-27T19:55:26+0300</time>
</trkpt>
<trkpt lat="59.488825" lon="25.2718183">
<ele>179.5</ele>
<time>2026-08-27T19:55:27+0300</time>
</trkpt>
<trkpt lat="59.4887483" lon="25.27192">
<ele>179.5</ele>
<time>2026-08-27T19:55:28+0300</time>
</trkpt>
<trkpt lat="59.4886733" lon="25.272025">
<ele>179.5</ele>
<time>2026-08-27T19:55:29+0300</time>
</trkpt>
<trkpt lat="59.4886" lon="25.2721283">
<ele>179.6</ele>
<time>2026-08-27T19:55:30+0300</time>
</trkpt>
<trkpt lat="59.488525" lon="25.27223">
<ele>179.9</ele>
<time>2026-08-27T19:55:31+0300</time>
</trkpt>
<trkpt lat="59.4884483" lon="25.2723267">
<ele>180.1</ele>
<time>2026-08-27T19:55:32+0300</time>
</trkpt>
<trkpt lat="59.4883733" lon="25.272425">
<ele>180.4</ele>
<time>2026-08-27T19:55:33+0300</time>
</trkpt>
<trkpt lat="59.4882983" lon="25.2725267">
<ele>180.5</ele>
<time>2026-08-27T19:55:34+0300</time>
</trkpt>
<trkpt lat="59.4882217" lon="25.2726283">
<ele>180.7</ele>
<time>2026-08-27T19:55:35+0300</time>
</trkpt>
<trkpt lat="59.488145" lon="25.27273">
<ele>180.8</ele>
<time>2026-08-27T19:55:36+0300</time>
</trkpt>
<trkpt lat="59.488065" lon="25.2728267">
<ele>180.8</ele>
<time>2026-08-27T19:55:37+0300</time>
</trkpt>
<trkpt lat="59.4879833" lon="25.27292">
<ele>181.0</ele>
<time>2026-08-27T19:55:38+0300</time>
</trkpt>
<trkpt lat="59.4879" lon="25.2730083">
<ele>181.4</ele>
<time>2026-08-27T19:55:39+0300</time>
</trkpt>
<trkpt lat="59.4878183" lon="25.2730917">
<ele>181.8</ele>
<time>2026-08-27T19:55:40+0300</time>
</trkpt>
<trkpt lat="59.487735" lon="25.2731717">
<ele>182.0</ele>
<time>2026-08-27T19:55:41+0300</time>
</trkpt>
<trkpt lat="59.4876517" lon="25.27325">
<ele>182.1</ele>
<time>2026-08-27T19:55:42+0300</time>
</trkpt>
<trkpt lat="59.4875667" lon="25.2733267">
<ele>182.0</ele>
<time>2026-08-27T19:55:43+0300</time>
</trkpt>
<trkpt lat="59.48748" lon="25.2734067">
<ele>181.8</ele>
<time>2026-08-27T19:55:44+0300</time>
</trkpt>
<trkpt lat="59.4873917" lon="25.2734933">
<ele>181.7</ele>
<time>2026-08-27T19:55:45+0300</time>
</trkpt>
<trkpt lat="59.4873067" lon="25.273585">
<ele>182.0</ele>
<time>2026-08-27T19:55:46+0300</time>
</trkpt>
<trkpt lat="59.4872233" lon="25.27368">
<ele>182.4</ele>
<time>2026-08-27T19:55:47+0300</time>
</trkpt>
<trkpt lat="59.4871433" lon="25.273775">
<ele>182.7</ele>
<time>2026-08-27T19:55:48+0300</time>
</trkpt>
<trkpt lat="59.4870633" lon="25.2738717">
<ele>183.4</ele>
<time>2026-08-27T19:55:49+0300</time>
</trkpt>
<trkpt lat="59.486985" lon="25.2739717">
<ele>183.7</ele>
<time>2026-08-27T19:55:50+0300</time>
</trkpt>
<trkpt lat="59.4869067" lon="25.2740733">
<ele>183.9</ele>
<time>2026-08-27T19:55:51+0300</time>
</trkpt>
<trkpt lat="59.4868283" lon="25.27418">
<ele>184.1</ele>
<time>2026-08-27T19:55:52+0300</time>
</trkpt>
<trkpt lat="59.4867533" lon="25.2742917">
<ele>184.2</ele>
<time>2026-08-27T19:55:53+0300</time>
</trkpt>
<trkpt lat="59.4866767" lon="25.2744067">
<ele>184.5</ele>
<time>2026-08-27T19:55:54+0300</time>
</trkpt>
<trkpt lat="59.4866033" lon="25.2745233">
<ele>184.8</ele>
<time>2026-08-27T19:55:55+0300</time>
</trkpt>
<trkpt lat="59.48653" lon="25.2746433">
<ele>185.0</ele>
<time>2026-08-27T19:55:56+0300</time>
</trkpt>
<trkpt lat="59.4864567" lon="25.274765">
<ele>185.2</ele>
<time>2026-08-27T19:55:57+0300</time>
</trkpt>
<trkpt lat="59.4863867" lon="25.2748917">
<ele>185.4</ele>
<time>2026-08-27T19:55:58+0300</time>
</trkpt>
<trkpt lat="59.486315" lon="25.2750217">
<ele>185.6</ele>
<time>2026-08-27T19:55:59+0300</time>
</trkpt>
<trkpt lat="59.486245" lon="25.2751483">
<ele>185.8</ele>
<time>2026-08-27T19:56:00+0300</time>
</trkpt>
<trkpt lat="59.486175" lon="25.275275">
<ele>186.1</ele>
<time>2026-08-27T19:56:01+0300</time>
</trkpt>
<trkpt lat="59.4861033" lon="25.275405">
<ele>186.2</ele>
<time>2026-08-27T19:56:02+0300</time>
</trkpt>
<trkpt lat="59.4860317" lon="25.2755233">
<ele>186.6</ele>
<time>2026-08-27T19:56:03+0300</time>
</trkpt>
<trkpt lat="59.4859617" lon="25.2756433">
<ele>187.1</ele>
<time>2026-08-27T19:56:04+0300</time>
</trkpt>
<trkpt lat="59.48589" lon="25.2757633">
<ele>187.3</ele>
<time>2026-08-27T19:56:05+0300</time>
</trkpt>
<trkpt lat="59.48582" lon="25.27588">
<ele>187.4</ele>
<time>2026-08-27T19:56:06+0300</time>
</trkpt>
<trkpt lat="59.4857467" lon="25.2759933">
<ele>187.5</ele>
<time>2026-08-27T19:56:07+0300</time>
</trkpt>
<trkpt lat="59.4856683" lon="25.2760917">
<ele>187.6</ele>
<time>2026-08-27T19:56:08+0300</time>
</trkpt>
<trkpt lat="59.4855833" lon="25.2761683">
<ele>187.5</ele>
<time>2026-08-27T19:56:09+0300</time>
</trkpt>
<trkpt lat="59.4854917" lon="25.2762117">
<ele>187.3</ele>
<time>2026-08-27T19:56:10+0300</time>
</trkpt>
<trkpt lat="59.4853967" lon="25.276245">
<ele>187.3</ele>
<time>2026-08-27T19:56:11+0300</time>
</trkpt>
<trkpt lat="59.4853" lon="25.2762733">
<ele>187.3</ele>
<time>2026-08-27T19:56:12+0300</time>
</trkpt>
<trkpt lat="59.4852067" lon="25.2763033">
<ele>187.4</ele>
<time>2026-08-27T19:56:13+0300</time>
</trkpt>
<trkpt lat="59.4851117" lon="25.2763333">
<ele>187.7</ele>
<time>2026-08-27T19:56:14+0300</time>
</trkpt>
<trkpt lat="59.4850167" lon="25.27635">
<ele>188.0</ele>
<time>2026-08-27T19:56:15+0300</time>
</trkpt>
<trkpt lat="59.4849183" lon="25.2763417">
<ele>188.1</ele>
<time>2026-08-27T19:56:16+0300</time>
</trkpt>
<trkpt lat="59.48482" lon="25.2763133">
<ele>188.4</ele>
<time>2026-08-27T19:56:17+0300</time>
</trkpt>
<trkpt lat="59.4847183" lon="25.2762783">
<ele>188.4</ele>
<time>2026-08-27T19:56:18+0300</time>
</trkpt>
<trkpt lat="59.4846183" lon="25.27625">
<ele>188.6</ele>
<time>2026-08-27T19:56:19+0300</time>
</trkpt>
<trkpt lat="59.4845183" lon="25.276235">
<ele>188.8</ele>
<time>2026-08-27T19:56:20+0300</time>
</trkpt>
<trkpt lat="59.48442" lon="25.27622">
<ele>189.1</ele>
<time>2026-08-27T19:56:21+0300</time>
</trkpt>
<trkpt lat="59.484325" lon="25.2761983">
<ele>189.1</ele>
<time>2026-08-27T19:56:22+0300</time>
</trkpt>
<trkpt lat="59.4842283" lon="25.2761683">
<ele>189.4</ele>
<time>2026-08-27T19:56:23+0300</time>
</trkpt>
<trkpt lat="59.4841317" lon="25.2761383">
<ele>189.3</ele>
<time>2026-08-27T19:56:24+0300</time>
</trkpt>
<trkpt lat="59.4840333" lon="25.276115">
<ele>189.2</ele>
<time>2026-08-27T19:56:25+0300</time>
</trkpt>
<trkpt lat="59.483935" lon="25.2761">
<ele>188.7</ele>
<time>2026-08-27T19:56:26+0300</time>
</trkpt>
<trkpt lat="59.4838367" lon="25.2760867">
<ele>188.5</ele>
<time>2026-08-27T19:56:27+0300</time>
</trkpt>
<trkpt lat="59.4837367" lon="25.2760617">
<ele>188.5</ele>
<time>2026-08-27T19:56:28+0300</time>
</trkpt>
<trkpt lat="59.48364" lon="25.276025">
<ele>188.8</ele>
<time>2026-08-27T19:56:29+0300</time>
</trkpt>
<trkpt lat="59.4835417" lon="25.27598">
<ele>189.2</ele>
<time>2026-08-27T19:56:30+0300</time>
</trkpt>
<trkpt lat="59.4834433" lon="25.275935">
<ele>189.4</ele>
<time>2026-08-27T19:56:31+0300</time>
</trkpt>
<trkpt lat="59.4833467" lon="25.2758867">
<ele>189.7</ele>
<time>2026-08-27T19:56:32+0300</time>
</trkpt>
<trkpt lat="59.4832467" lon="25.2758333">
<ele>190.4</ele>
<time>2026-08-27T19:56:33+0300</time>
</trkpt>
<trkpt lat="59.48315" lon="25.2757717">
<ele>191.1</ele>
<time>2026-08-27T19:56:34+0300</time>
</trkpt>
<trkpt lat="59.4830517" lon="25.2757017">
<ele>191.5</ele>
<time>2026-08-27T19:56:35+0300</time>
</trkpt>
<trkpt lat="59.482955" lon="25.275625">
<ele>192.0</ele>
<time>2026-08-27T19:56:36+0300</time>
</trkpt>
<trkpt lat="59.4828583" lon="25.2755383">
<ele>192.5</ele>
<time>2026-08-27T19:56:37+0300</time>
</trkpt>
<trkpt lat="59.482765" lon="25.275445">
<ele>193.0</ele>
<time>2026-08-27T19:56:38+0300</time>
</trkpt>
<trkpt lat="59.482675" lon="25.275345">
<ele>193.5</ele>
<time>2026-08-27T19:56:39+0300</time>
</trkpt>
<trkpt lat="59.4825833" lon="25.27524">
<ele>194.1</ele>
<time>2026-08-27T19:56:40+0300</time>
</trkpt>
<trkpt lat="59.4824967" lon="25.27513">
<ele>194.5</ele>
<time>2026-08-27T19:56:41+0300</time>
</trkpt>
<trkpt lat="59.48241" lon="25.2750167">
<ele>194.9</ele>
<time>2026-08-27T19:56:42+0300</time>
</trkpt>
<trkpt lat="59.482325" lon="25.2749017">
<ele>195.3</ele>
<time>2026-08-27T19:56:43+0300</time>
</trkpt>
<trkpt lat="59.48224" lon="25.27479">
<ele>195.6</ele>
<time>2026-08-27T19:56:44+0300</time>
</trkpt>
<trkpt lat="59.4821533" lon="25.2746833">
<ele>195.8</ele>
<time>2026-08-27T19:56:45+0300</time>
</trkpt>
<trkpt lat="59.482065" lon="25.2745817">
<ele>195.9</ele>
<time>2026-08-27T19:56:46+0300</time>
</trkpt>
<trkpt lat="59.481975" lon="25.2744817">
<ele>195.9</ele>
<time>2026-08-27T19:56:47+0300</time>
</trkpt>
<trkpt lat="59.4818833" lon="25.274375">
<ele>195.7</ele>
<time>2026-08-27T19:56:48+0300</time>
</trkpt>
<trkpt lat="59.4817883" lon="25.2742633">
<ele>195.8</ele>
<time>2026-08-27T19:56:49+0300</time>
</trkpt>
<trkpt lat="59.4816967" lon="25.2741517">
<ele>196.5</ele>
<time>2026-08-27T19:56:50+0300</time>
</trkpt>
<trkpt lat="59.4816083" lon="25.27404">
<ele>197.0</ele>
<time>2026-08-27T19:56:51+0300</time>
</trkpt>
<trkpt lat="59.4815217" lon="25.2739283">
<ele>197.3</ele>
<time>2026-08-27T19:56:52+0300</time>
</trkpt>
<trkpt lat="59.481435" lon="25.273815">
<ele>197.7</ele>
<time>2026-08-27T19:56:53+0300</time>
</trkpt>
<trkpt lat="59.48135" lon="25.2736967">
<ele>197.7</ele>
<time>2026-08-27T19:56:54+0300</time>
</trkpt>
<trkpt lat="59.4812633" lon="25.27357">
<ele>198.2</ele>
<time>2026-08-27T19:56:55+0300</time>
</trkpt>
<trkpt lat="59.481175" lon="25.273435">
<ele>198.8</ele>
<time>2026-08-27T19:56:56+0300</time>
</trkpt>
<trkpt lat="59.4810867" lon="25.2732933">
<ele>199.6</ele>
<time>2026-08-27T19:56:57+0300</time>
</trkpt>
<trkpt lat="59.4810017" lon="25.2731417">
<ele>200.3</ele>
<time>2026-08-27T19:56:58+0300</time>
</trkpt>
<trkpt lat="59.4809133" lon="25.272975">
<ele>200.0</ele>
<time>2026-08-27T19:56:59+0300</time>
</trkpt>
<trkpt lat="59.4808283" lon="25.2727983">
<ele>200.1</ele>
<time>2026-08-27T19:57:00+0300</time>
</trkpt>
<trkpt lat="59.480745" lon="25.2726233">
<ele>200.4</ele>
<time>2026-08-27T19:57:01+0300</time>
</trkpt>
<trkpt lat="59.4806633" lon="25.27246">
<ele>200.9</ele>
<time>2026-08-27T19:57:02+0300</time>
</trkpt>
<trkpt lat="59.4805767" lon="25.2723033">
<ele>200.7</ele>
<time>2026-08-27T19:57:03+0300</time>
</trkpt>
<trkpt lat="59.4804867" lon="25.2721467">
<ele>200.1</ele>
<time>2026-08-27T19:57:04+0300</time>
</trkpt>
<trkpt lat="59.4803917" lon="25.27199">
<ele>199.9</ele>
<time>2026-08-27T19:57:05+0300</time>
</trkpt>
<trkpt lat="59.4802967" lon="25.2718333">
<ele>200.1</ele>
<time>2026-08-27T19:57:06+0300</time>
</trkpt>
<trkpt lat="59.4802" lon="25.27168">
<ele>200.5</ele>
<time>2026-08-27T19:57:07+0300</time>
</trkpt>
<trkpt lat="59.480105" lon="25.27154">
<ele>201.2</ele>
<time>2026-08-27T19:57:08+0300</time>
</trkpt>
<trkpt lat="59.4800083" lon="25.27141">
<ele>202.1</ele>
<time>2026-08-27T19:57:09+0300</time>
</trkpt>
<trkpt lat="59.4799133" lon="25.27128">
<ele>203.3</ele>
<time>2026-08-27T19:57:10+0300</time>
</trkpt>
<trkpt lat="59.47982" lon="25.2711383">
<ele>203.6</ele>
<time>2026-08-27T19:57:11+0300</time>
</trkpt>
<trkpt lat="59.4797267" lon="25.270985">
<ele>204.5</ele>
<time>2026-08-27T19:57:12+0300</time>
</trkpt>
<trkpt lat="59.479635" lon="25.270815">
<ele>205.3</ele>
<time>2026-08-27T19:57:13+0300</time>
</trkpt>
<trkpt lat="59.4795433" lon="25.27064">
<ele>206.0</ele>
<time>2026-08-27T19:57:14+0300</time>
</trkpt>
<trkpt lat="59.4794517" lon="25.2704767">
<ele>206.9</ele>
<time>2026-08-27T19:57:15+0300</time>
</trkpt>
<trkpt lat="59.4793633" lon="25.2703217">
<ele>207.5</ele>
<time>2026-08-27T19:57:16+0300</time>
</trkpt>
<trkpt lat="59.4792767" lon="25.2701683">
<ele>207.6</ele>
<time>2026-08-27T19:57:17+0300</time>
</trkpt>
<trkpt lat="59.47919" lon="25.2700133">
<ele>207.7</ele>
<time>2026-08-27T19:57:18+0300</time>
</trkpt>
<trkpt lat="59.4791017" lon="25.2698517">
<ele>207.9</ele>
<time>2026-08-27T19:57:19+0300</time>
</trkpt>
<trkpt lat="59.47901" lon="25.2696767">
<ele>207.7</ele>
<time>2026-08-27T19:57:20+0300</time>
</trkpt>
<trkpt lat="59.4789183" lon="25.2695017">
<ele>208.0</ele>
<time>2026-08-27T19:57:21+0300</time>
</trkpt>
<trkpt lat="59.47883" lon="25.2693283">
<ele>208.9</ele>
<time>2026-08-27T19:57:22+0300</time>
</trkpt>
<trkpt lat="59.478745" lon="25.2691567">
<ele>209.8</ele>
<time>2026-08-27T19:57:23+0300</time>
</trkpt>
<trkpt lat="59.4786633" lon="25.2689883">
<ele>210.5</ele>
<time>2026-08-27T19:57:24+0300</time>
</trkpt>
<trkpt lat="59.4785817" lon="25.2688217">
<ele>210.8</ele>
<time>2026-08-27T19:57:25+0300</time>
</trkpt>
<trkpt lat="59.4785017" lon="25.26865">
<ele>211.3</ele>
<time>2026-08-27T19:57:26+0300</time>
</trkpt>
<trkpt lat="59.4784217" lon="25.2684733">
<ele>210.9</ele>
<time>2026-08-27T19:57:27+0300</time>
</trkpt>
<trkpt lat="59.4783417" lon="25.2683">
<ele>211.7</ele>
<time>2026-08-27T19:57:28+0300</time>
</trkpt>
<trkpt lat="59.4782583" lon="25.2681383">
<ele>212.5</ele>
<time>2026-08-27T19:57:29+0300</time>
</trkpt>
<trkpt lat="59.47817" lon="25.2679917">
<ele>212.9</ele>
<time>2026-08-27T19:57:30+0300</time>
</trkpt>
<trkpt lat="59.4780717" lon="25.26786">
<ele>213.5</ele>
<time>2026-08-27T19:57:31+0300</time>
</trkpt>
<trkpt lat="59.4779683" lon="25.2677433">
<ele>214.6</ele>
<time>2026-08-27T19:57:32+0300</time>
</trkpt>
<trkpt lat="59.4778633" lon="25.2676317">
<ele>215.7</ele>
<time>2026-08-27T19:57:33+0300</time>
</trkpt>
<trkpt lat="59.4777617" lon="25.2675233">
<ele>216.4</ele>
<time>2026-08-27T19:57:34+0300</time>
</trkpt>
<trkpt lat="59.4776633" lon="25.267415">
<ele>216.6</ele>
<time>2026-08-27T19:57:35+0300</time>
</trkpt>
<trkpt lat="59.4775633" lon="25.2673033">
<ele>216.5</ele>
<time>2026-08-27T19:57:36+0300</time>
</trkpt>
<trkpt lat="59.4774633" lon="25.2671917">
<ele>216.3</ele>
<time>2026-08-27T19:57:37+0300</time>
</trkpt>
<trkpt lat="59.4773583" lon="25.26708">
<ele>216.0</ele>
<time>2026-08-27T19:57:38+0300</time>
</trkpt>
<trkpt lat="59.4772483" lon="25.26697">
<ele>215.4</ele>
<time>2026-08-27T19:57:39+0300</time>
</trkpt>
<trkpt lat="59.47714" lon="25.2668633">
<ele>215.1</ele>
<time>2026-08-27T19:57:40+0300</time>
</trkpt>
<trkpt lat="59.4770333" lon="25.2667617">
<ele>215.3</ele>
<time>2026-08-27T19:57:41+0300</time>
</trkpt>
<trkpt lat="59.4769267" lon="25.26666">
<ele>215.4</ele>
<time>2026-08-27T19:57:42+0300</time>
</trkpt>
<trkpt lat="59.4768217" lon="25.2665617">
<ele>215.8</ele>
<time>2026-08-27T19:57:43+0300</time>
</trkpt>
<trkpt lat="59.4767167" lon="25.266465">
<ele>216.1</ele>
<time>2026-08-27T19:57:44+0300</time>
</trkpt>
<trkpt lat="59.4766117" lon="25.2663733">
<ele>216.6</ele>
<time>2026-08-27T19:57:45+0300</time>
</trkpt>
<trkpt lat="59.4765067" lon="25.2662817">
<ele>216.8</ele>
<time>2026-08-27T19:57:46+0300</time>
</trkpt>
<trkpt lat="59.4764" lon="25.2661917">
<ele>216.9</ele>
<time>2026-08-27T19:57:47+0300</time>
</trkpt>
<trkpt lat="59.4762933" lon="25.266105">
<ele>217.2</ele>
<time>2026-08-27T19:57:48+0300</time>
</trkpt>
<trkpt lat="59.476185" lon="25.2660183">
<ele>217.4</ele>
<time>2026-08-27T19:57:49+0300</time>
</trkpt>
<trkpt lat="59.4760767" lon="25.2659333">
<ele>217.5</ele>
<time>2026-08-27T19:57:50+0300</time>
</trkpt>
<trkpt lat="59.4759683" lon="25.2658483">
<ele>217.7</ele>
<time>2026-08-27T19:57:51+0300</time>
</trkpt>
<trkpt lat="59.4758583" lon="25.265765">
<ele>218.4</ele>
<time>2026-08-27T19:57:52+0300</time>
</trkpt>
<trkpt lat="59.47575" lon="25.2656817">
<ele>219.2</ele>
<time>2026-08-27T19:57:53+0300</time>
</trkpt>
<trkpt lat="59.4756417" lon="25.2655983">
<ele>219.6</ele>
<time>2026-08-27T19:57:54+0300</time>
</trkpt>
<trkpt lat="59.4755333" lon="25.2655133">
<ele>220.0</ele>
<time>2026-08-27T19:57:55+0300</time>
</trkpt>
<trkpt lat="59.4754267" lon="25.2654317">
<ele>220.3</ele>
<time>2026-08-27T19:57:56+0300</time>
</trkpt>
<trkpt lat="59.47532" lon="25.2653567">
<ele>220.8</ele>
<time>2026-08-27T19:57:57+0300</time>
</trkpt>
<trkpt lat="59.4752083" lon="25.265285">
<ele>221.0</ele>
<time>2026-08-27T19:57:58+0300</time>
</trkpt>
<trkpt lat="59.4750983" lon="25.2652167">
<ele>221.2</ele>
<time>2026-08-27T19:57:59+0300</time>
</trkpt>
<trkpt lat="59.474985" lon="25.26515">
<ele>221.2</ele>
<time>2026-08-27T19:58:00+0300</time>
</trkpt>
<trkpt lat="59.4748717" lon="25.2650917">
<ele>222.2</ele>
<time>2026-08-27T19:58:01+0300</time>
</trkpt>
<trkpt lat="59.47476" lon="25.26504">
<ele>223.3</ele>
<time>2026-08-27T19:58:02+0300</time>
</trkpt>
<trkpt lat="59.4746483" lon="25.26499">
<ele>223.9</ele>
<time>2026-08-27T19:58:03+0300</time>
</trkpt>
<trkpt lat="59.474535" lon="25.2649417">
<ele>224.3</ele>
<time>2026-08-27T19:58:04+0300</time>
</trkpt>
<trkpt lat="59.474425" lon="25.2649">
<ele>225.1</ele>
<time>2026-08-27T19:58:05+0300</time>
</trkpt>
<trkpt lat="59.474315" lon="25.26486">
<ele>225.6</ele>
<time>2026-08-27T19:58:06+0300</time>
</trkpt>
<trkpt lat="59.474205" lon="25.2648183">
<ele>225.7</ele>
<time>2026-08-27T19:58:07+0300</time>
</trkpt>
<trkpt lat="59.4740933" lon="25.26478">
<ele>225.8</ele>
<time>2026-08-27T19:58:08+0300</time>
</trkpt>
<trkpt lat="59.4739833" lon="25.2647367">
<ele>225.8</ele>
<time>2026-08-27T19:58:09+0300</time>
</trkpt>
<trkpt lat="59.4738717" lon="25.2646783">
<ele>226.3</ele>
<time>2026-08-27T19:58:10+0300</time>
</trkpt>
<trkpt lat="59.4737633" lon="25.2646017">
<ele>226.8</ele>
<time>2026-08-27T19:58:11+0300</time>
</trkpt>
<trkpt lat="59.4736583" lon="25.2645117">
<ele>227.1</ele>
<time>2026-08-27T19:58:12+0300</time>
</trkpt>
<trkpt lat="59.4735517" lon="25.2644117">
<ele>227.8</ele>
<time>2026-08-27T19:58:13+0300</time>
</trkpt>
<trkpt lat="59.4734483" lon="25.264305">
<ele>228.6</ele>
<time>2026-08-27T19:58:14+0300</time>
</trkpt>
<trkpt lat="59.47335" lon="25.2641917">
<ele>229.2</ele>
<time>2026-08-27T19:58:15+0300</time>
</trkpt>
<trkpt lat="59.4732517" lon="25.2640717">
<ele>229.6</ele>
<time>2026-08-27T19:58:16+0300</time>
</trkpt>
<trkpt lat="59.4731533" lon="25.26395">
<ele>230.2</ele>
<time>2026-08-27T19:58:17+0300</time>
</trkpt>
<trkpt lat="59.473055" lon="25.2638233">
<ele>230.8</ele>
<time>2026-08-27T19:58:18+0300</time>
</trkpt>
<trkpt lat="59.472955" lon="25.2636917">
<ele>231.7</ele>
<time>2026-08-27T19:58:19+0300</time>
</trkpt>
<trkpt lat="59.4728567" lon="25.2635533">
<ele>232.7</ele>
<time>2026-08-27T19:58:20+0300</time>
</trkpt>
<trkpt lat="59.47276" lon="25.263405">
<ele>233.5</ele>
<time>2026-08-27T19:58:21+0300</time>
</trkpt>
<trkpt lat="59.4726633" lon="25.2632483">
<ele>234.5</ele>
<time>2026-08-27T19:58:22+0300</time>
</trkpt>
<trkpt lat="59.4725667" lon="25.2630917">
<ele>235.5</ele>
<time>2026-08-27T19:58:23+0300</time>
</trkpt>
<trkpt lat="59.4724683" lon="25.262935">
<ele>236.4</ele>
<time>2026-08-27T19:58:24+0300</time>
</trkpt>
<trkpt lat="59.4723717" lon="25.262785">
<ele>237.8</ele>
<time>2026-08-27T19:58:25+0300</time>
</trkpt>
<trkpt lat="59.4722783" lon="25.2626333">
<ele>238.6</ele>
<time>2026-08-27T19:58:26+0300</time>
</trkpt>
<trkpt lat="59.4721867" lon="25.2624733">
<ele>239.0</ele>
<time>2026-08-27T19:58:27+0300</time>
</trkpt>
<trkpt lat="59.4720967" lon="25.2623067">
<ele>239.0</ele>
<time>2026-08-27T19:58:28+0300</time>
</trkpt>
<trkpt lat="59.47201" lon="25.26213">
<ele>238.5</ele>
<time>2026-08-27T19:58:29+0300</time>
</trkpt>
<trkpt lat="59.471925" lon="25.26195">
<ele>238.9</ele>
<time>2026-08-27T19:58:30+0300</time>
</trkpt>
<trkpt lat="59.47184" lon="25.261765">
<ele>238.7</ele>
<time>2026-08-27T19:58:31+0300</time>
</trkpt>
<trkpt lat="59.4717567" lon="25.26158">
<ele>239.5</ele>
<time>2026-08-27T19:58:32+0300</time>
</trkpt>
<trkpt lat="59.471675" lon="25.26139">
<ele>240.4</ele>
<time>2026-08-27T19:58:33+0300</time>
</trkpt>
<trkpt lat="59.4715967" lon="25.2612">
<ele>242.4</ele>
<time>2026-08-27T19:58:34+0300</time>
</trkpt>
<trkpt lat="59.4715217" lon="25.2610067">
<ele>244.4</ele>
<time>2026-08-27T19:58:35+0300</time>
</trkpt>
<trkpt lat="59.4714467" lon="25.2608083">
<ele>245.8</ele>
<time>2026-08-27T19:58:36+0300</time>
</trkpt>
<trkpt lat="59.471375" lon="25.260605">
<ele>246.6</ele>
<time>2026-08-27T19:58:37+0300</time>
</trkpt>
<trkpt lat="59.471305" lon="25.2603983">
<ele>246.9</ele>
<time>2026-08-27T19:58:38+0300</time>
</trkpt>
<trkpt lat="59.471235" lon="25.2601817">
<ele>246.4</ele>
<time>2026-08-27T19:58:39+0300</time>
</trkpt>
<trkpt lat="59.4711633" lon="25.2599633">
<ele>246.0</ele>
<time>2026-08-27T19:58:40+0300</time>
</trkpt>
<trkpt lat="59.4710883" lon="25.25974">
<ele>245.8</ele>
<time>2026-08-27T19:58:41+0300</time>
</trkpt>
<trkpt lat="59.471015" lon="25.259515">
<ele>245.7</ele>
<time>2026-08-27T19:58:42+0300</time>
</trkpt>
<trkpt lat="59.470945" lon="25.2592917">
<ele>246.3</ele>
<time>2026-08-27T19:58:43+0300</time>
</trkpt>
<trkpt lat="59.47088" lon="25.2590717">
<ele>247.0</ele>
<time>2026-08-27T19:58:44+0300</time>
</trkpt>
<trkpt lat="59.4708183" lon="25.258855">
<ele>247.6</ele>
<time>2026-08-27T19:58:45+0300</time>
</trkpt>
<trkpt lat="59.4707583" lon="25.2586383">
<ele>248.1</ele>
<time>2026-08-27T19:58:46+0300</time>
</trkpt>
<trkpt lat="59.4707" lon="25.2584183">
<ele>248.3</ele>
<time>2026-08-27T19:58:47+0300</time>
</trkpt>
<trkpt lat="59.47064" lon="25.2581933">
<ele>248.9</ele>
<time>2026-08-27T19:58:48+0300</time>
</trkpt>
<trkpt lat="59.4705817" lon="25.2579667">
<ele>250.0</ele>
<time>2026-08-27T19:58:49+0300</time>
</trkpt>
<trkpt lat="59.4705233" lon="25.257735">
<ele>251.4</ele>
<time>2026-08-27T19:58:50+0300</time>
</trkpt>
<trkpt lat="59.4704683" lon="25.257505">
<ele>252.8</ele>
<time>2026-08-27T19:58:51+0300</time>
</trkpt>
<trkpt lat="59.4704183" lon="25.2572783">
<ele>254.1</ele>
<time>2026-08-27T19:58:52+0300</time>
</trkpt>
<trkpt lat="59.4703717" lon="25.2570517">
<ele>255.0</ele>
<time>2026-08-27T19:58:53+0300</time>
</trkpt>
<trkpt lat="59.4703267" lon="25.2568267">
<ele>256.0</ele>
<time>2026-08-27T19:58:54+0300</time>
</trkpt>
<trkpt lat="59.47028" lon="25.256595">
<ele>256.8</ele>
<time>2026-08-27T19:58:55+0300</time>
</trkpt>
<trkpt lat="59.470235" lon="25.25636">
<ele>257.6</ele>
<time>2026-08-27T19:58:56+0300</time>
</trkpt>
<trkpt lat="59.4701917" lon="25.2561233">
<ele>258.2</ele>
<time>2026-08-27T19:58:57+0300</time>
</trkpt>
<trkpt lat="59.4701483" lon="25.255885">
<ele>258.9</ele>
<time>2026-08-27T19:58:58+0300</time>
</trkpt>
<trkpt lat="59.4701" lon="25.2556517">
<ele>259.6</ele>
<time>2026-08-27T19:58:59+0300</time>
</trkpt>
<trkpt lat="59.470045" lon="25.2554333">
<ele>260.5</ele>
<time>2026-08-27T19:59:00+0300</time>
</trkpt>
<trkpt lat="59.4699783" lon="25.2552267">
<ele>261.3</ele>
<time>2026-08-27T19:59:01+0300</time>
</trkpt>
<trkpt lat="59.4699033" lon="25.2550317">
<ele>261.5</ele>
<time>2026-08-27T19:59:02+0300</time>
</trkpt>
<trkpt lat="59.469825" lon="25.25484">
<ele>261.9</ele>
<time>2026-08-27T19:59:03+0300</time>
</trkpt>
<trkpt lat="59.4697467" lon="25.254645">
<ele>262.4</ele>
<time>2026-08-27T19:59:04+0300</time>
</trkpt>
<trkpt lat="59.4696667" lon="25.2544483">
<ele>263.2</ele>
<time>2026-08-27T19:59:05+0300</time>
</trkpt>
<trkpt lat="59.4695867" lon="25.254255">
<ele>264.7</ele>
<time>2026-08-27T19:59:06+0300</time>
</trkpt>
<trkpt lat="59.4695067" lon="25.254065">
<ele>265.6</ele>
<time>2026-08-27T19:59:07+0300</time>
</trkpt>
<trkpt lat="59.4694283" lon="25.2538833">
<ele>266.4</ele>
<time>2026-08-27T19:59:08+0300</time>
</trkpt>
<trkpt lat="59.46935" lon="25.2537033">
<ele>267.2</ele>
<time>2026-08-27T19:59:09+0300</time>
</trkpt>
<trkpt lat="59.46927" lon="25.2535233">
<ele>267.3</ele>
<time>2026-08-27T19:59:10+0300</time>
</trkpt>
<trkpt lat="59.4691917" lon="25.2533433">
<ele>267.7</ele>
<time>2026-08-27T19:59:11+0300</time>
</trkpt>
<trkpt lat="59.4691117" lon="25.2531633">
<ele>268.3</ele>
<time>2026-08-27T19:59:12+0300</time>
</trkpt>
<trkpt lat="59.4690333" lon="25.2529783">
<ele>269.2</ele>
<time>2026-08-27T19:59:13+0300</time>
</trkpt>
<trkpt lat="59.4689567" lon="25.2527917">
<ele>269.9</ele>
<time>2026-08-27T19:59:14+0300</time>
</trkpt>
<trkpt lat="59.46888" lon="25.252605">
<ele>271.1</ele>
<time>2026-08-27T19:59:15+0300</time>
</trkpt>
<trkpt lat="59.468805" lon="25.25242">
<ele>271.7</ele>
<time>2026-08-27T19:59:16+0300</time>
</trkpt>
<trkpt lat="59.468725" lon="25.25224">
<ele>272.5</ele>
<time>2026-08-27T19:59:17+0300</time>
</trkpt>
<trkpt lat="59.468645" lon="25.2520633">
<ele>273.0</ele>
<time>2026-08-27T19:59:18+0300</time>
</trkpt>
<trkpt lat="59.4685633" lon="25.25189">
<ele>273.3</ele>
<time>2026-08-27T19:59:19+0300</time>
</trkpt>
<trkpt lat="59.4684833" lon="25.2517167">
<ele>273.8</ele>
<time>2026-08-27T19:59:20+0300</time>
</trkpt>
<trkpt lat="59.4684" lon="25.2515417">
<ele>273.9</ele>
<time>2026-08-27T19:59:21+0300</time>
</trkpt>
<trkpt lat="59.4683183" lon="25.251365">
<ele>274.0</ele>
<time>2026-08-27T19:59:22+0300</time>
</trkpt>
<trkpt lat="59.468235" lon="25.2511867">
<ele>274.2</ele>
<time>2026-08-27T19:59:23+0300</time>
</trkpt>
<trkpt lat="59.4681533" lon="25.2510083">
<ele>274.3</ele>
<time>2026-08-27T19:59:24+0300</time>
</trkpt>
<trkpt lat="59.46807" lon="25.2508317">
<ele>274.7</ele>
<time>2026-08-27T19:59:25+0300</time>
</trkpt>
<trkpt lat="59.46799" lon="25.2506517">
<ele>275.0</ele>
<time>2026-08-27T19:59:26+0300</time>
</trkpt>
<trkpt lat="59.4679083" lon="25.25047">
<ele>275.5</ele>
<time>2026-08-27T19:59:27+0300</time>
</trkpt>
<trkpt lat="59.4678267" lon="25.2502867">
<ele>276.1</ele>
<time>2026-08-27T19:59:28+0300</time>
</trkpt>
<trkpt lat="59.4677483" lon="25.2501">
<ele>276.9</ele>
<time>2026-08-27T19:59:29+0300</time>
</trkpt>
<trkpt lat="59.46767" lon="25.2499167">
<ele>278.2</ele>
<time>2026-08-27T19:59:30+0300</time>
</trkpt>
<trkpt lat="59.4675917" lon="25.249735">
<ele>279.5</ele>
<time>2026-08-27T19:59:31+0300</time>
</trkpt>
<trkpt lat="59.467515" lon="25.2495567">
<ele>281.2</ele>
<time>2026-08-27T19:59:32+0300</time>
</trkpt>
<trkpt lat="59.4674367" lon="25.2493733">
<ele>282.3</ele>
<time>2026-08-27T19:59:33+0300</time>
</trkpt>
<trkpt lat="59.4673617" lon="25.24919">
<ele>283.2</ele>
<time>2026-08-27T19:59:34+0300</time>
</trkpt>
<trkpt lat="59.467285" lon="25.249005">
<ele>283.8</ele>
<time>2026-08-27T19:59:35+0300</time>
</trkpt>
<trkpt lat="59.4672083" lon="25.24882">
<ele>284.7</ele>
<time>2026-08-27T19:59:36+0300</time>
</trkpt>
<trkpt lat="59.4671317" lon="25.2486333">
<ele>285.4</ele>
<time>2026-08-27T19:59:37+0300</time>
</trkpt>
<trkpt lat="59.4670583" lon="25.248445">
<ele>285.9</ele>
<time>2026-08-27T19:59:38+0300</time>
</trkpt>
<trkpt lat="59.466985" lon="25.248255">
<ele>286.1</ele>
<time>2026-08-27T19:59:39+0300</time>
</trkpt>
<trkpt lat="59.4669133" lon="25.2480667">
<ele>286.4</ele>
<time>2026-08-27T19:59:40+0300</time>
</trkpt>
<trkpt lat="59.46684" lon="25.2478767">
<ele>286.7</ele>
<time>2026-08-27T19:59:41+0300</time>
</trkpt>
<trkpt lat="59.4667683" lon="25.2476883">
<ele>287.5</ele>
<time>2026-08-27T19:59:42+0300</time>
</trkpt>
<trkpt lat="59.4666967" lon="25.2474983">
<ele>288.2</ele>
<time>2026-08-27T19:59:43+0300</time>
</trkpt>
<trkpt lat="59.4666267" lon="25.2473067">
<ele>288.8</ele>
<time>2026-08-27T19:59:44+0300</time>
</trkpt>
<trkpt lat="59.466555" lon="25.247115">
<ele>290.0</ele>
<time>2026-08-27T19:59:45+0300</time>
</trkpt>
<trkpt lat="59.466485" lon="25.2469217">
<ele>291.1</ele>
<time>2026-08-27T19:59:46+0300</time>
</trkpt>
<trkpt lat="59.466415" lon="25.2467283">
<ele>292.1</ele>
<time>2026-08-27T19:59:47+0300</time>
</trkpt>
<trkpt lat="59.4663483" lon="25.24653">
<ele>293.1</ele>
<time>2026-08-27T19:59:48+0300</time>
</trkpt>
<trkpt lat="59.46628" lon="25.2463283">
<ele>294.2</ele>
<time>2026-08-27T19:59:49+0300</time>
</trkpt>
<trkpt lat="59.4662133" lon="25.2461233">
<ele>295.4</ele>
<time>2026-08-27T19:59:50+0300</time>
</trkpt>
<trkpt lat="59.4661467" lon="25.2459183">
<ele>296.6</ele>
<time>2026-08-27T19:59:51+0300</time>
</trkpt>
<trkpt lat="59.46608" lon="25.24571">
<ele>297.5</ele>
<time>2026-08-27T19:59:52+0300</time>
</trkpt>
<trkpt lat="59.4660167" lon="25.2455067">
<ele>298.9</ele>
<time>2026-08-27T19:59:53+0300</time>
</trkpt>
<trkpt lat="59.465955" lon="25.2453033">
<ele>300.2</ele>
<time>2026-08-27T19:59:54+0300</time>
</trkpt>
<trkpt lat="59.4658933" lon="25.2451">
<ele>301.3</ele>
<time>2026-08-27T19:59:55+0300</time>
</trkpt>
<trkpt lat="59.4658333" lon="25.2448933">
<ele>302.1</ele>
<time>2026-08-27T19:59:56+0300</time>
</trkpt>
<trkpt lat="59.4657717" lon="25.2446883">
<ele>303.0</ele>
<time>2026-08-27T19:59:57+0300</time>
</trkpt>
<trkpt lat="59.46571" lon="25.2444817">
<ele>303.5</ele>
<time>2026-08-27T19:59:58+0300</time>
</trkpt>
<trkpt lat="59.465645" lon="25.2442767">
<ele>304.0</ele>
<time>2026-08-27T19:59:59+0300</time>
</trkpt>
<trkpt lat="59.4655767" lon="25.2440717">
<ele>304.3</ele>
<time>2026-08-27T20:00:00+0300</time>
</trkpt>
<trkpt lat="59.4655083" lon="25.2438733">
<ele>305.1</ele>
<time>2026-08-27T20:00:01+0300</time>
</trkpt>
<trkpt lat="59.4654383" lon="25.243675">
<ele>305.7</ele>
<time>2026-08-27T20:00:02+0300</time>
</trkpt>
<trkpt lat="59.4653683" lon="25.2434783">
<ele>306.2</ele>
<time>2026-08-27T20:00:03+0300</time>
</trkpt>
<trkpt lat="59.4652983" lon="25.2432783">
<ele>306.3</ele>
<time>2026-08-27T20:00:04+0300</time>
</trkpt>
<trkpt lat="59.4652267" lon="25.24308">
<ele>306.8</ele>
<time>2026-08-27T20:00:05+0300</time>
</trkpt>
<trkpt lat="59.4651567" lon="25.2428817">
<ele>307.2</ele>
<time>2026-08-27T20:00:06+0300</time>
</trkpt>
<trkpt lat="59.4650883" lon="25.2426833">
<ele>307.6</ele>
<time>2026-08-27T20:00:07+0300</time>
</trkpt>
<trkpt lat="59.4650183" lon="25.2424867">
<ele>308.3</ele>
<time>2026-08-27T20:00:08+0300</time>
</trkpt>
<trkpt lat="59.4649467" lon="25.2422917">
<ele>309.3</ele>
<time>2026-08-27T20:00:09+0300</time>
</trkpt>
<trkpt lat="59.4648767" lon="25.242095">
<ele>310.1</ele>
<time>2026-08-27T20:00:10+0300</time>
</trkpt>
<trkpt lat="59.4648067" lon="25.2418983">
<ele>310.9</ele>
<time>2026-08-27T20:00:11+0300</time>
</trkpt>
<trkpt lat="59.4647367" lon="25.2417">
<ele>311.4</ele>
<time>2026-08-27T20:00:12+0300</time>
</trkpt>
<trkpt lat="59.464665" lon="25.2415">
<ele>311.9</ele>
<time>2026-08-27T20:00:13+0300</time>
</trkpt>
<trkpt lat="59.4645967" lon="25.2413017">
<ele>312.6</ele>
<time>2026-08-27T20:00:14+0300</time>
</trkpt>
<trkpt lat="59.4645283" lon="25.2411033">
<ele>313.5</ele>
<time>2026-08-27T20:00:15+0300</time>
</trkpt>
<trkpt lat="59.4644583" lon="25.240905">
<ele>314.2</ele>
<time>2026-08-27T20:00:16+0300</time>
</trkpt>
<trkpt lat="59.4643883" lon="25.2407067">
<ele>315.0</ele>
<time>2026-08-27T20:00:17+0300</time>
</trkpt>
<trkpt lat="59.4643167" lon="25.2405083">
<ele>315.6</ele>
<time>2026-08-27T20:00:18+0300</time>
</trkpt>
<trkpt lat="59.4642467" lon="25.24031">
<ele>316.0</ele>
<time>2026-08-27T20:00:19+0300</time>
</trkpt>
<trkpt lat="59.4641767" lon="25.2401117">
<ele>316.2</ele>
<time>2026-08-27T20:00:20+0300</time>
</trkpt>
<trkpt lat="59.4641067" lon="25.2399167">
<ele>317.0</ele>
<time>2026-08-27T20:00:21+0300</time>
</trkpt>
<trkpt lat="59.4640367" lon="25.2397183">
<ele>317.7</ele>
<time>2026-08-27T20:00:22+0300</time>
</trkpt>
<trkpt lat="59.463965" lon="25.2395183">
<ele>318.2</ele>
<time>2026-08-27T20:00:23+0300</time>
</trkpt>
<trkpt lat="59.4638933" lon="25.2393133">
<ele>318.8</ele>
<time>2026-08-27T20:00:24+0300</time>
</trkpt>
<trkpt lat="59.4638217" lon="25.2391067">
<ele>319.4</ele>
<time>2026-08-27T20:00:25+0300</time>
</trkpt>
<trkpt lat="59.4637533" lon="25.2389017">
<ele>320.5</ele>
<time>2026-08-27T20:00:26+0300</time>
</trkpt>
<trkpt lat="59.463685" lon="25.2387">
<ele>321.6</ele>
<time>2026-08-27T20:00:27+0300</time>
</trkpt>
<trkpt lat="59.4636183" lon="25.2384967">
<ele>322.7</ele>
<time>2026-08-27T20:00:28+0300</time>
</trkpt>
<trkpt lat="59.46355" lon="25.2382933">
<ele>323.5</ele>
<time>2026-08-27T20:00:29+0300</time>
</trkpt>
<trkpt lat="59.4634817" lon="25.2380917">
<ele>324.3</ele>
<time>2026-08-27T20:00:30+0300</time>
</trkpt>
<trkpt lat="59.4634133" lon="25.23789">
<ele>324.9</ele>
<time>2026-08-27T20:00:31+0300</time>
</trkpt>
<trkpt lat="59.4633467" lon="25.2376883">
<ele>325.9</ele>
<time>2026-08-27T20:00:32+0300</time>
</trkpt>
<trkpt lat="59.46328" lon="25.23748">
<ele>326.6</ele>
<time>2026-08-27T20:00:33+0300</time>
</trkpt>
<trkpt lat="59.463215" lon="25.23727">
<ele>327.4</ele>
<time>2026-08-27T20:00:34+0300</time>
</trkpt>
<trkpt lat="59.46315" lon="25.23706">
<ele>328.4</ele>
<time>2026-08-27T20:00:35+0300</time>
</trkpt>
<trkpt lat="59.463085" lon="25.23685">
<ele>329.4</ele>
<time>2026-08-27T20:00:36+0300</time>
</trkpt>
<trkpt lat="59.4630233" lon="25.236645">
<ele>330.4</ele>
<time>2026-08-27T20:00:37+0300</time>
</trkpt>
<trkpt lat="59.4629617" lon="25.2364383">
<ele>331.3</ele>
<time>2026-08-27T20:00:38+0300</time>
</trkpt>
<trkpt lat="59.4629" lon="25.2362283">
<ele>331.3</ele>
<time>2026-08-27T20:00:39+0300</time>
</trkpt>
<trkpt lat="59.462835" lon="25.2360167">
<ele>331.7</ele>
<time>2026-08-27T20:00:40+0300</time>
</trkpt>
<trkpt lat="59.4627717" lon="25.235805">
<ele>332.1</ele>
<time>2026-08-27T20:00:41+0300</time>
</trkpt>
<trkpt lat="59.462705" lon="25.2355933">
<ele>332.7</ele>
<time>2026-08-27T20:00:42+0300</time>
</trkpt>
<trkpt lat="59.4626417" lon="25.2353817">
<ele>332.9</ele>
<time>2026-08-27T20:00:43+0300</time>
</trkpt>
<trkpt lat="59.462575" lon="25.2351683">
<ele>332.3</ele>
<time>2026-08-27T20:00:44+0300</time>
</trkpt>
<trkpt lat="59.46251" lon="25.2349633">
<ele>332.5</ele>
<time>2026-08-27T20:00:45+0300</time>
</trkpt>
<trkpt lat="59.4624433" lon="25.2347583">
<ele>332.5</ele>
<time>2026-08-27T20:00:46+0300</time>
</trkpt>
<trkpt lat="59.4623733" lon="25.2345567">
<ele>332.2</ele>
<time>2026-08-27T20:00:47+0300</time>
</trkpt>
<trkpt lat="59.4623017" lon="25.2343517">
<ele>332.3</ele>
<time>2026-08-27T20:00:48+0300</time>
</trkpt>
<trkpt lat="59.4622283" lon="25.2341467">
<ele>332.4</ele>
<time>2026-08-27T20:00:49+0300</time>
</trkpt>
<trkpt lat="59.4621517" lon="25.2339383">
<ele>332.7</ele>
<time>2026-08-27T20:00:50+0300</time>
</trkpt>
<trkpt lat="59.4620767" lon="25.23373">
<ele>333.4</ele>
<time>2026-08-27T20:00:51+0300</time>
</trkpt>
<trkpt lat="59.462005" lon="25.2335217">
<ele>334.3</ele>
<time>2026-08-27T20:00:52+0300</time>
</trkpt>
<trkpt lat="59.4619333" lon="25.2333117">
<ele>335.0</ele>
<time>2026-08-27T20:00:53+0300</time>
</trkpt>
<trkpt lat="59.461865" lon="25.2331033">
<ele>336.2</ele>
<time>2026-08-27T20:00:54+0300</time>
</trkpt>
<trkpt lat="59.4617983" lon="25.232895">
<ele>337.5</ele>
<time>2026-08-27T20:00:55+0300</time>
</trkpt>
<trkpt lat="59.461735" lon="25.2326783">
<ele>338.4</ele>
<time>2026-08-27T20:00:56+0300</time>
</trkpt>
<trkpt lat="59.46168" lon="25.23245">
<ele>339.0</ele>
<time>2026-08-27T20:00:57+0300</time>
</trkpt>
<trkpt lat="59.4616333" lon="25.2322183">
<ele>340.0</ele>
<time>2026-08-27T20:00:58+0300</time>
</trkpt>
<trkpt lat="59.4615933" lon="25.2319817">
<ele>341.2</ele>
<time>2026-08-27T20:00:59+0300</time>
</trkpt>
<trkpt lat="59.46156" lon="25.23174">
<ele>342.0</ele>
<time>2026-08-27T20:01:00+0300</time>
</trkpt>
<trkpt lat="59.46153" lon="25.2315">
<ele>342.8</ele>
<time>2026-08-27T20:01:01+0300</time>
</trkpt>
<trkpt lat="59.461505" lon="25.231255">
<ele>343.2</ele>
<time>2026-08-27T20:01:02+0300</time>
</trkpt>
<trkpt lat="59.4614833" lon="25.2310083">
<ele>343.3</ele>
<time>2026-08-27T20:01:03+0300</time>
</trkpt>
<trkpt lat="59.4614683" lon="25.2307567">
<ele>342.7</ele>
<time>2026-08-27T20:01:04+0300</time>
</trkpt>
<trkpt lat="59.4614567" lon="25.2305083">
<ele>342.6</ele>
<time>2026-08-27T20:01:05+0300</time>
</trkpt>
<trkpt lat="59.46145" lon="25.2302517">
<ele>342.4</ele>
<time>2026-08-27T20:01:06+0300</time>
</trkpt>
<trkpt lat="59.461445" lon="25.2299967">
<ele>342.5</ele>
<time>2026-08-27T20:01:07+0300</time>
</trkpt>
<trkpt lat="59.4614417" lon="25.2297433">
<ele>343.1</ele>
<time>2026-08-27T20:01:08+0300</time>
</trkpt>
<trkpt lat="59.4614417" lon="25.2294883">
<ele>343.4</ele>
<time>2026-08-27T20:01:09+0300</time>
</trkpt>
<trkpt lat="59.4614433" lon="25.2292367">
<ele>343.5</ele>
<time>2026-08-27T20:01:10+0300</time>
</trkpt>
<trkpt lat="59.4614417" lon="25.2289883">
<ele>343.8</ele>
<time>2026-08-27T20:01:11+0300</time>
</trkpt>
<trkpt lat="59.4614333" lon="25.2287433">
<ele>344.2</ele>
<time>2026-08-27T20:01:12+0300</time>
</trkpt>
<trkpt lat="59.46142" lon="25.2284967">
<ele>344.2</ele>
<time>2026-08-27T20:01:13+0300</time>
</trkpt>
<trkpt lat="59.461405" lon="25.228245">
<ele>344.2</ele>
<time>2026-08-27T20:01:14+0300</time>
</trkpt>
<trkpt lat="59.4613883" lon="25.2279917">
<ele>344.7</ele>
<time>2026-08-27T20:01:15+0300</time>
</trkpt>
<trkpt lat="59.4613683" lon="25.2277417">
<ele>345.3</ele>
<time>2026-08-27T20:01:16+0300</time>
</trkpt>
<trkpt lat="59.4613467" lon="25.2274933">
<ele>345.7</ele>
<time>2026-08-27T20:01:17+0300</time>
</trkpt>
<trkpt lat="59.4613233" lon="25.2272533">
<ele>346.5</ele>
<time>2026-08-27T20:01:18+0300</time>
</trkpt>
<trkpt lat="59.4612983" lon="25.2270133">
<ele>347.0</ele>
<time>2026-08-27T20:01:19+0300</time>
</trkpt>
<trkpt lat="59.4612733" lon="25.226775">
<ele>347.5</ele>
<time>2026-08-27T20:01:20+0300</time>
</trkpt>
<trkpt lat="59.4612467" lon="25.2265367">
<ele>348.1</ele>
<time>2026-08-27T20:01:21+0300</time>
</trkpt>
<trkpt lat="59.46122" lon="25.2262933">
<ele>348.5</ele>
<time>2026-08-27T20:01:22+0300</time>
</trkpt>
<trkpt lat="59.4611917" lon="25.2260517">
<ele>349.1</ele>
<time>2026-08-27T20:01:23+0300</time>
</trkpt>
<trkpt lat="59.46116" lon="25.22581">
<ele>349.7</ele>
<time>2026-08-27T20:01:24+0300</time>
</trkpt>
<trkpt lat="59.46113" lon="25.22557">
<ele>350.6</ele>
<time>2026-08-27T20:01:25+0300</time>
</trkpt>
<trkpt lat="59.4610983" lon="25.2253267">
<ele>351.3</ele>
<time>2026-08-27T20:01:26+0300</time>
</trkpt>
<trkpt lat="59.4610667" lon="25.2250817">
<ele>352.1</ele>
<time>2026-08-27T20:01:27+0300</time>
</trkpt>
<trkpt lat="59.461035" lon="25.2248333">
<ele>352.4</ele>
<time>2026-08-27T20:01:28+0300</time>
</trkpt>
<trkpt lat="59.4610083" lon="25.2245817">
<ele>352.8</ele>
<time>2026-08-27T20:01:29+0300</time>
</trkpt>
<trkpt lat="59.46099" lon="25.2243317">
<ele>353.4</ele>
<time>2026-08-27T20:01:30+0300</time>
</trkpt>
<trkpt lat="59.4609833" lon="25.22408">
<ele>353.6</ele>
<time>2026-08-27T20:01:31+0300</time>
</trkpt>
<trkpt lat="59.460985" lon="25.22383">
<ele>353.8</ele>
<time>2026-08-27T20:01:32+0300</time>
</trkpt>
<trkpt lat="59.4609917" lon="25.223585">
<ele>354.0</ele>
<time>2026-08-27T20:01:33+0300</time>
</trkpt>
<trkpt lat="59.4610017" lon="25.2233433">
<ele>354.5</ele>
<time>2026-08-27T20:01:34+0300</time>
</trkpt>
<trkpt lat="59.4610167" lon="25.2231033">
<ele>354.8</ele>
<time>2026-08-27T20:01:35+0300</time>
</trkpt>
<trkpt lat="59.4610333" lon="25.2228617">
<ele>354.6</ele>
<time>2026-08-27T20:01:36+0300</time>
</trkpt>
<trkpt lat="59.4610567" lon="25.22262">
<ele>354.5</ele>
<time>2026-08-27T20:01:37+0300</time>
</trkpt>
<trkpt lat="59.4610817" lon="25.2223733">
<ele>354.5</ele>
<time>2026-08-27T20:01:38+0300</time>
</trkpt>
<trkpt lat="59.4611083" lon="25.2221267">
<ele>354.4</ele>
<time>2026-08-27T20:01:39+0300</time>
</trkpt>
<trkpt lat="59.46114" lon="25.22188">
<ele>354.7</ele>
<time>2026-08-27T20:01:40+0300</time>
</trkpt>
<trkpt lat="59.461175" lon="25.2216367">
<ele>355.3</ele>
<time>2026-08-27T20:01:41+0300</time>
</trkpt>
<trkpt lat="59.4612117" lon="25.2214">
<ele>355.7</ele>
<time>2026-08-27T20:01:42+0300</time>
</trkpt>
<trkpt lat="59.4612517" lon="25.2211667">
<ele>356.0</ele>
<time>2026-08-27T20:01:43+0300</time>
</trkpt>
<trkpt lat="59.4612917" lon="25.220935">
<ele>356.0</ele>
<time>2026-08-27T20:01:44+0300</time>
</trkpt>
<trkpt lat="59.4613317" lon="25.2207">
<ele>355.9</ele>
<time>2026-08-27T20:01:45+0300</time>
</trkpt>
<trkpt lat="59.4613717" lon="25.2204633">
<ele>356.0</ele>
<time>2026-08-27T20:01:46+0300</time>
</trkpt>
<trkpt lat="59.4614083" lon="25.2202217">
<ele>356.2</ele>
<time>2026-08-27T20:01:47+0300</time>
</trkpt>
<trkpt lat="59.4614433" lon="25.21998">
<ele>356.6</ele>
<time>2026-08-27T20:01:48+0300</time>
</trkpt>
<trkpt lat="59.4614767" lon="25.2197367">
<ele>356.8</ele>
<time>2026-08-27T20:01:49+0300</time>
</trkpt>
<trkpt lat="59.46151" lon="25.2194917">
<ele>357.0</ele>
<time>2026-08-27T20:01:50+0300</time>
</trkpt>
<trkpt lat="59.46154" lon="25.2192467">
<ele>357.5</ele>
<time>2026-08-27T20:01:51+0300</time>
</trkpt>
<trkpt lat="59.4615667" lon="25.219">
<ele>357.6</ele>
<time>2026-08-27T20:01:52+0300</time>
</trkpt>
<trkpt lat="59.4615917" lon="25.2187517">
<ele>358.0</ele>
<time>2026-08-27T20:01:53+0300</time>
</trkpt>
<trkpt lat="59.461615" lon="25.2185">
<ele>358.2</ele>
<time>2026-08-27T20:01:54+0300</time>
</trkpt>
<trkpt lat="59.4616383" lon="25.2182467">
<ele>358.6</ele>
<time>2026-08-27T20:01:55+0300</time>
</trkpt>
<trkpt lat="59.461665" lon="25.2179967">
<ele>359.1</ele>
<time>2026-08-27T20:01:56+0300</time>
</trkpt>
<trkpt lat="59.46169" lon="25.2177467">
<ele>359.7</ele>
<time>2026-08-27T20:01:57+0300</time>
</trkpt>
<trkpt lat="59.461715" lon="25.2174983">
<ele>360.1</ele>
<time>2026-08-27T20:01:58+0300</time>
</trkpt>
<trkpt lat="59.46174" lon="25.21725">
<ele>360.5</ele>
<time>2026-08-27T20:01:59+0300</time>
</trkpt>
<trkpt lat="59.4617633" lon="25.217005">
<ele>360.9</ele>
<time>2026-08-27T20:02:00+0300</time>
</trkpt>
<trkpt lat="59.4617833" lon="25.216755">
<ele>361.4</ele>
<time>2026-08-27T20:02:01+0300</time>
</trkpt>
<trkpt lat="59.4618" lon="25.2165017">
<ele>361.7</ele>
<time>2026-08-27T20:02:02+0300</time>
</trkpt>
<trkpt lat="59.461815" lon="25.2162433">
<ele>361.9</ele>
<time>2026-08-27T20:02:03+0300</time>
</trkpt>
<trkpt lat="59.4618283" lon="25.215985">
<ele>362.2</ele>
<time>2026-08-27T20:02:04+0300</time>
</trkpt>
<trkpt lat="59.4618417" lon="25.2157283">
<ele>362.4</ele>
<time>2026-08-27T20:02:05+0300</time>
</trkpt>
<trkpt lat="59.4618517" lon="25.2154717">
<ele>362.9</ele>
<time>2026-08-27T20:02:06+0300</time>
</trkpt>
<trkpt lat="59.4618583" lon="25.215215">
<ele>363.0</ele>
<time>2026-08-27T20:02:07+0300</time>
</trkpt>
<trkpt lat="59.4618633" lon="25.214955">
<ele>363.2</ele>
<time>2026-08-27T20:02:08+0300</time>
</trkpt>
<trkpt lat="59.4618683" lon="25.2146967">
<ele>363.8</ele>
<time>2026-08-27T20:02:09+0300</time>
</trkpt>
<trkpt lat="59.4618733" lon="25.21444">
<ele>364.2</ele>
<time>2026-08-27T20:02:10+0300</time>
</trkpt>
<trkpt lat="59.4618783" lon="25.214185">
<ele>364.8</ele>
<time>2026-08-27T20:02:11+0300</time>
</trkpt>
<trkpt lat="59.4618883" lon="25.2139317">
<ele>365.1</ele>
<time>2026-08-27T20:02:12+0300</time>
</trkpt>
<trkpt lat="59.461905" lon="25.2136833">
<ele>365.2</ele>
<time>2026-08-27T20:02:13+0300</time>
</trkpt>
<trkpt lat="59.46193" lon="25.2134383">
<ele>365.5</ele>
<time>2026-08-27T20:02:14+0300</time>
</trkpt>
<trkpt lat="59.461965" lon="25.2131983">
<ele>365.9</ele>
<time>2026-08-27T20:02:15+0300</time>
</trkpt>
<trkpt lat="59.4620033" lon="25.2129583">
<ele>366.4</ele>
<time>2026-08-27T20:02:16+0300</time>
</trkpt>
<trkpt lat="59.46204" lon="25.21272">
<ele>367.2</ele>
<time>2026-08-27T20:02:17+0300</time>
</trkpt>
<trkpt lat="59.462075" lon="25.2124817">
<ele>368.2</ele>
<time>2026-08-27T20:02:18+0300</time>
</trkpt>
<trkpt lat="59.4621083" lon="25.2122417">
<ele>369.1</ele>
<time>2026-08-27T20:02:19+0300</time>
</trkpt>
<trkpt lat="59.4621367" lon="25.212">
<ele>369.7</ele>
<time>2026-08-27T20:02:20+0300</time>
</trkpt>
<trkpt lat="59.4621633" lon="25.2117533">
<ele>370.4</ele>
<time>2026-08-27T20:02:21+0300</time>
</trkpt>
<trkpt lat="59.46219" lon="25.211505">
<ele>370.8</ele>
<time>2026-08-27T20:02:22+0300</time>
</trkpt>
<trkpt lat="59.462215" lon="25.2112567">
<ele>371.3</ele>
<time>2026-08-27T20:02:23+0300</time>
</trkpt>
<trkpt lat="59.4622383" lon="25.21101">
<ele>372.1</ele>
<time>2026-08-27T20:02:24+0300</time>
</trkpt>
<trkpt lat="59.4622583" lon="25.2107583">
<ele>372.6</ele>
<time>2026-08-27T20:02:25+0300</time>
</trkpt>
<trkpt lat="59.4622733" lon="25.2105033">
<ele>372.8</ele>
<time>2026-08-27T20:02:26+0300</time>
</trkpt>
<trkpt lat="59.4622817" lon="25.2102483">
<ele>373.3</ele>
<time>2026-08-27T20:02:27+0300</time>
</trkpt>
<trkpt lat="59.462285" lon="25.20999">
<ele>373.5</ele>
<time>2026-08-27T20:02:28+0300</time>
</trkpt>
<trkpt lat="59.462285" lon="25.2097333">
<ele>374.0</ele>
<time>2026-08-27T20:02:29+0300</time>
</trkpt>
<trkpt lat="59.4622817" lon="25.209475">
<ele>374.3</ele>
<time>2026-08-27T20:02:30+0300</time>
</trkpt>
<trkpt lat="59.462275" lon="25.20922">
<ele>374.1</ele>
<time>2026-08-27T20:02:31+0300</time>
</trkpt>
<trkpt lat="59.4622633" lon="25.2089567">
<ele>374.0</ele>
<time>2026-08-27T20:02:32+0300</time>
</trkpt>
<trkpt lat="59.4622467" lon="25.2087">
<ele>374.0</ele>
<time>2026-08-27T20:02:33+0300</time>
</trkpt>
<trkpt lat="59.4622283" lon="25.2084433">
<ele>374.4</ele>
<time>2026-08-27T20:02:34+0300</time>
</trkpt>
<trkpt lat="59.4622067" lon="25.20819">
<ele>374.7</ele>
<time>2026-08-27T20:02:35+0300</time>
</trkpt>
<trkpt lat="59.46218" lon="25.20794">
<ele>375.3</ele>
<time>2026-08-27T20:02:36+0300</time>
</trkpt>
<trkpt lat="59.4621467" lon="25.2076933">
<ele>375.8</ele>
<time>2026-08-27T20:02:37+0300</time>
</trkpt>
<trkpt lat="59.4621117" lon="25.20745">
<ele>376.6</ele>
<time>2026-08-27T20:02:38+0300</time>
</trkpt>
<trkpt lat="59.4620717" lon="25.2072067">
<ele>377.1</ele>
<time>2026-08-27T20:02:39+0300</time>
</trkpt>
<trkpt lat="59.46203" lon="25.2069667">
<ele>377.8</ele>
<time>2026-08-27T20:02:40+0300</time>
</trkpt>
<trkpt lat="59.4619867" lon="25.2067267">
<ele>378.5</ele>
<time>2026-08-27T20:02:41+0300</time>
</trkpt>
<trkpt lat="59.46194" lon="25.2064917">
<ele>378.8</ele>
<time>2026-08-27T20:02:42+0300</time>
</trkpt>
<trkpt lat="59.46189" lon="25.20626">
<ele>379.2</ele>
<time>2026-08-27T20:02:43+0300</time>
</trkpt>
<trkpt lat="59.4618367" lon="25.2060367">
<ele>379.5</ele>
<time>2026-08-27T20:02:44+0300</time>
</trkpt>
<trkpt lat="59.4617817" lon="25.2058167">
<ele>379.6</ele>
<time>2026-08-27T20:02:45+0300</time>
</trkpt>
<trkpt lat="59.4617283" lon="25.2055917">
<ele>379.5</ele>
<time>2026-08-27T20:02:46+0300</time>
</trkpt>
<trkpt lat="59.4616867" lon="25.2053533">
<ele>379.4</ele>
<time>2026-08-27T20:02:47+0300</time>
</trkpt>
<trkpt lat="59.4616633" lon="25.2051033">
<ele>379.8</ele>
<time>2026-08-27T20:02:48+0300</time>
</trkpt>
<trkpt lat="59.46166" lon="25.2048417">
<ele>380.1</ele>
<time>2026-08-27T20:02:49+0300</time>
</trkpt>
<trkpt lat="59.4616683" lon="25.2045817">
<ele>381.2</ele>
<time>2026-08-27T20:02:50+0300</time>
</trkpt>
<trkpt lat="59.461675" lon="25.204325">
<ele>381.9</ele>
<time>2026-08-27T20:02:51+0300</time>
</trkpt>
<trkpt lat="59.461675" lon="25.20407">
<ele>382.6</ele>
<time>2026-08-27T20:02:52+0300</time>
</trkpt>
<trkpt lat="59.461665" lon="25.2038133">
<ele>382.9</ele>
<time>2026-08-27T20:02:53+0300</time>
</trkpt>
<trkpt lat="59.4616517" lon="25.2035617">
<ele>382.3</ele>
<time>2026-08-27T20:02:54+0300</time>
</trkpt>
<trkpt lat="59.461635" lon="25.203315">
<ele>382.1</ele>
<time>2026-08-27T20:02:55+0300</time>
</trkpt>
<trkpt lat="59.4616133" lon="25.20307">
<ele>382.0</ele>
<time>2026-08-27T20:02:56+0300</time>
</trkpt>
<trkpt lat="59.461585" lon="25.202825">
<ele>382.2</ele>
<time>2026-08-27T20:02:57+0300</time>
</trkpt>
<trkpt lat="59.4615483" lon="25.2025783">
<ele>382.1</ele>
<time>2026-08-27T20:02:58+0300</time>
</trkpt>
<trkpt lat="59.4615083" lon="25.2023317">
<ele>382.5</ele>
<time>2026-08-27T20:02:59+0300</time>
</trkpt>
<trkpt lat="59.4614667" lon="25.202085">
<ele>382.8</ele>
<time>2026-08-27T20:03:00+0300</time>
</trkpt>
<trkpt lat="59.4614233" lon="25.2018417">
<ele>383.5</ele>
<time>2026-08-27T20:03:01+0300</time>
</trkpt>
<trkpt lat="59.4613833" lon="25.2016033">
<ele>383.9</ele>
<time>2026-08-27T20:03:02+0300</time>
</trkpt>
<trkpt lat="59.4613433" lon="25.201365">
<ele>384.0</ele>
<time>2026-08-27T20:03:03+0300</time>
</trkpt>
<trkpt lat="59.4613" lon="25.2011367">
<ele>383.9</ele>
<time>2026-08-27T20:03:04+0300</time>
</trkpt>
<trkpt lat="59.4612517" lon="25.20091">
<ele>383.6</ele>
<time>2026-08-27T20:03:05+0300</time>
</trkpt>
<trkpt lat="59.4612" lon="25.2006817">
<ele>383.6</ele>
<time>2026-08-27T20:03:06+0300</time>
</trkpt>
<trkpt lat="59.4611467" lon="25.20045">
<ele>383.4</ele>
<time>2026-08-27T20:03:07+0300</time>
</trkpt>
<trkpt lat="59.4610917" lon="25.2002217">
<ele>383.7</ele>
<time>2026-08-27T20:03:08+0300</time>
</trkpt>
<trkpt lat="59.4610367" lon="25.199995">
<ele>383.7</ele>
<time>2026-08-27T20:03:09+0300</time>
</trkpt>
<trkpt lat="59.46098" lon="25.199775">
<ele>383.8</ele>
<time>2026-08-27T20:03:10+0300</time>
</trkpt>
<trkpt lat="59.4609217" lon="25.1995583">
<ele>383.9</ele>
<time>2026-08-27T20:03:11+0300</time>
</trkpt>
<trkpt lat="59.4608633" lon="25.19934">
<ele>383.8</ele>
<time>2026-08-27T20:03:12+0300</time>
</trkpt>
<trkpt lat="59.4608017" lon="25.19912">
<ele>383.9</ele>
<time>2026-08-27T20:03:13+0300</time>
</trkpt>
<trkpt lat="59.4607433" lon="25.1988983">
<ele>383.8</ele>
<time>2026-08-27T20:03:14+0300</time>
</trkpt>
<trkpt lat="59.4606817" lon="25.19868">
<ele>383.8</ele>
<time>2026-08-27T20:03:15+0300</time>
</trkpt>
<trkpt lat="59.4606183" lon="25.1984617">
<ele>384.0</ele>
<time>2026-08-27T20:03:16+0300</time>
</trkpt>
<trkpt lat="59.4605517" lon="25.1982467">
<ele>384.1</ele>
<time>2026-08-27T20:03:17+0300</time>
</trkpt>
<trkpt lat="59.4604817" lon="25.1980333">
<ele>384.3</ele>
<time>2026-08-27T20:03:18+0300</time>
</trkpt>
<trkpt lat="59.4604117" lon="25.1978233">
<ele>384.2</ele>
<time>2026-08-27T20:03:19+0300</time>
</trkpt>
<trkpt lat="59.4603417" lon="25.197615">
<ele>384.5</ele>
<time>2026-08-27T20:03:20+0300</time>
</trkpt>
<trkpt lat="59.46027" lon="25.1974083">
<ele>385.1</ele>
<time>2026-08-27T20:03:21+0300</time>
</trkpt>
<trkpt lat="59.4602" lon="25.1972033">
<ele>385.5</ele>
<time>2026-08-27T20:03:22+0300</time>
</trkpt>
<trkpt lat="59.4601267" lon="25.1970017">
<ele>385.7</ele>
<time>2026-08-27T20:03:23+0300</time>
</trkpt>
<trkpt lat="59.460055" lon="25.1968017">
<ele>385.8</ele>
<time>2026-08-27T20:03:24+0300</time>
</trkpt>
<trkpt lat="59.4599833" lon="25.1966017">
<ele>386.0</ele>
<time>2026-08-27T20:03:25+0300</time>
</trkpt>
<trkpt lat="59.4599083" lon="25.1964017">
<ele>386.3</ele>
<time>2026-08-27T20:03:26+0300</time>
</trkpt>
<trkpt lat="59.459835" lon="25.1961967">
<ele>386.5</ele>
<time>2026-08-27T20:03:27+0300</time>
</trkpt>
<trkpt lat="59.4597633" lon="25.19599">
<ele>386.9</ele>
<time>2026-08-27T20:03:28+0300</time>
</trkpt>
<trkpt lat="59.459695" lon="25.1957833">
<ele>387.3</ele>
<time>2026-08-27T20:03:29+0300</time>
</trkpt>
<trkpt lat="59.459625" lon="25.1955783">
<ele>387.7</ele>
<time>2026-08-27T20:03:30+0300</time>
</trkpt>
<trkpt lat="59.4595517" lon="25.1953783">
<ele>387.9</ele>
<time>2026-08-27T20:03:31+0300</time>
</trkpt>
<trkpt lat="59.4594767" lon="25.19518">
<ele>388.3</ele>
<time>2026-08-27T20:03:32+0300</time>
</trkpt>
<trkpt lat="59.4594" lon="25.1949817">
<ele>388.9</ele>
<time>2026-08-27T20:03:33+0300</time>
</trkpt>
<trkpt lat="59.4593217" lon="25.1947867">
<ele>389.7</ele>
<time>2026-08-27T20:03:34+0300</time>
</trkpt>
<trkpt lat="59.4592417" lon="25.194595">
<ele>390.7</ele>
<time>2026-08-27T20:03:35+0300</time>
</trkpt>
<trkpt lat="59.45916" lon="25.1944033">
<ele>391.0</ele>
<time>2026-08-27T20:03:36+0300</time>
</trkpt>
<trkpt lat="59.459075" lon="25.1942167">
<ele>391.6</ele>
<time>2026-08-27T20:03:37+0300</time>
</trkpt>
<trkpt lat="59.4589883" lon="25.1940333">
<ele>392.1</ele>
<time>2026-08-27T20:03:38+0300</time>
</trkpt>
<trkpt lat="59.4588967" lon="25.19385">
<ele>392.3</ele>
<time>2026-08-27T20:03:39+0300</time>
</trkpt>
<trkpt lat="59.458805" lon="25.1936667">
<ele>392.4</ele>
<time>2026-08-27T20:03:40+0300</time>
</trkpt>
<trkpt lat="59.4587117" lon="25.1934867">
<ele>392.7</ele>
<time>2026-08-27T20:03:41+0300</time>
</trkpt>
<trkpt lat="59.4586217" lon="25.1933117">
<ele>392.9</ele>
<time>2026-08-27T20:03:42+0300</time>
</trkpt>
<trkpt lat="59.4585317" lon="25.19314">
<ele>393.2</ele>
<time>2026-08-27T20:03:43+0300</time>
</trkpt>
<trkpt lat="59.45844" lon="25.1929617">
<ele>393.5</ele>
<time>2026-08-27T20:03:44+0300</time>
</trkpt>
<trkpt lat="59.4583533" lon="25.1927767">
<ele>393.6</ele>
<time>2026-08-27T20:03:45+0300</time>
</trkpt>
<trkpt lat="59.458275" lon="25.192585">
<ele>393.4</ele>
<time>2026-08-27T20:03:46+0300</time>
</trkpt>
<trkpt lat="59.4581967" lon="25.1923867">
<ele>393.2</ele>
<time>2026-08-27T20:03:47+0300</time>
</trkpt>
<trkpt lat="59.45812" lon="25.192185">
<ele>393.1</ele>
<time>2026-08-27T20:03:48+0300</time>
</trkpt>
<trkpt lat="59.458045" lon="25.1919783">
<ele>393.0</ele>
<time>2026-08-27T20:03:49+0300</time>
</trkpt>
<trkpt lat="59.4579733" lon="25.19177">
<ele>393.0</ele>
<time>2026-08-27T20:03:50+0300</time>
</trkpt>
<trkpt lat="59.4579017" lon="25.1915583">
<ele>393.1</ele>
<time>2026-08-27T20:03:51+0300</time>
</trkpt>
<trkpt lat="59.4578333" lon="25.1913467">
<ele>393.6</ele>
<time>2026-08-27T20:03:52+0300</time>
</trkpt>
<trkpt lat="59.4577633" lon="25.1911367">
<ele>394.0</ele>
<time>2026-08-27T20:03:53+0300</time>
</trkpt>
<trkpt lat="59.4576933" lon="25.19093">
<ele>394.5</ele>
<time>2026-08-27T20:03:54+0300</time>
</trkpt>
<trkpt lat="59.4576233" lon="25.1907317">
<ele>394.9</ele>
<time>2026-08-27T20:03:55+0300</time>
</trkpt>
<trkpt lat="59.4575483" lon="25.1905383">
<ele>395.3</ele>
<time>2026-08-27T20:03:56+0300</time>
</trkpt>
<trkpt lat="59.4574667" lon="25.1903483">
<ele>395.7</ele>
<time>2026-08-27T20:03:57+0300</time>
</trkpt>
<trkpt lat="59.4573833" lon="25.19016">
<ele>395.8</ele>
<time>2026-08-27T20:03:58+0300</time>
</trkpt>
<trkpt lat="59.457295" lon="25.189975">
<ele>396.0</ele>
<time>2026-08-27T20:03:59+0300</time>
</trkpt>
<trkpt lat="59.4572067" lon="25.1897883">
<ele>396.1</ele>
<time>2026-08-27T20:04:00+0300</time>
</trkpt>
<trkpt lat="59.457115" lon="25.1896067">
<ele>396.5</ele>
<time>2026-08-27T20:04:01+0300</time>
</trkpt>
<trkpt lat="59.457025" lon="25.1894267">
<ele>396.9</ele>
<time>2026-08-27T20:04:02+0300</time>
</trkpt>
<trkpt lat="59.456935" lon="25.1892467">
<ele>397.3</ele>
<time>2026-08-27T20:04:03+0300</time>
</trkpt>
<trkpt lat="59.4568467" lon="25.18907">
<ele>397.7</ele>
<time>2026-08-27T20:04:04+0300</time>
</trkpt>
<trkpt lat="59.4567617" lon="25.1888933">
<ele>398.2</ele>
<time>2026-08-27T20:04:05+0300</time>
</trkpt>
<trkpt lat="59.456675" lon="25.1887133">
<ele>398.7</ele>
<time>2026-08-27T20:04:06+0300</time>
</trkpt>
<trkpt lat="59.4565917" lon="25.1885317">
<ele>399.5</ele>
<time>2026-08-27T20:04:07+0300</time>
</trkpt>
<trkpt lat="59.4565067" lon="25.18834">
<ele>399.6</ele>
<time>2026-08-27T20:04:08+0300</time>
</trkpt>
<trkpt lat="59.4564233" lon="25.1881467">
<ele>399.9</ele>
<time>2026-08-27T20:04:09+0300</time>
</trkpt>
<trkpt lat="59.4563433" lon="25.1879533">
<ele>400.2</ele>
<time>2026-08-27T20:04:10+0300</time>
</trkpt>
<trkpt lat="59.4562617" lon="25.18776">
<ele>400.5</ele>
<time>2026-08-27T20:04:11+0300</time>
</trkpt>
<trkpt lat="59.4561783" lon="25.1875717">
<ele>401.0</ele>
<time>2026-08-27T20:04:12+0300</time>
</trkpt>
<trkpt lat="59.456095" lon="25.1873883">
<ele>401.3</ele>
<time>2026-08-27T20:04:13+0300</time>
</trkpt>
<trkpt lat="59.4560067" lon="25.1872083">
<ele>401.1</ele>
<time>2026-08-27T20:04:14+0300</time>
</trkpt>
<trkpt lat="59.4559133" lon="25.18703">
<ele>400.8</ele>
<time>2026-08-27T20:04:15+0300</time>
</trkpt>
<trkpt lat="59.4558217" lon="25.1868517">
<ele>400.4</ele>
<time>2026-08-27T20:04:16+0300</time>
</trkpt>
<trkpt lat="59.4557267" lon="25.1866717">
<ele>400.0</ele>
<time>2026-08-27T20:04:17+0300</time>
</trkpt>
<trkpt lat="59.4556317" lon="25.1864917">
<ele>399.9</ele>
<time>2026-08-27T20:04:18+0300</time>
</trkpt>
<trkpt lat="59.455535" lon="25.1863183">
<ele>399.9</ele>
<time>2026-08-27T20:04:19+0300</time>
</trkpt>
<trkpt lat="59.455435" lon="25.1861533">
<ele>400.1</ele>
<time>2026-08-27T20:04:20+0300</time>
</trkpt>
<trkpt lat="59.4553317" lon="25.185995">
<ele>400.3</ele>
<time>2026-08-27T20:04:21+0300</time>
</trkpt>
<trkpt lat="59.45523" lon="25.1858383">
<ele>400.3</ele>
<time>2026-08-27T20:04:22+0300</time>
</trkpt>
<trkpt lat="59.4551283" lon="25.1856867">
<ele>400.6</ele>
<time>2026-08-27T20:04:23+0300</time>
</trkpt>
<trkpt lat="59.4550283" lon="25.185535">
<ele>401.0</ele>
<time>2026-08-27T20:04:24+0300</time>
</trkpt>
<trkpt lat="59.4549267" lon="25.1853833">
<ele>401.1</ele>
<time>2026-08-27T20:04:25+0300</time>
</trkpt>
<trkpt lat="59.4548283" lon="25.1852283">
<ele>401.7</ele>
<time>2026-08-27T20:04:26+0300</time>
</trkpt>
<trkpt lat="59.4547333" lon="25.1850583">
<ele>402.1</ele>
<time>2026-08-27T20:04:27+0300</time>
</trkpt>
<trkpt lat="59.4546483" lon="25.1848717">
<ele>402.0</ele>
<time>2026-08-27T20:04:28+0300</time>
</trkpt>
<trkpt lat="59.454575" lon="25.184665">
<ele>401.3</ele>
<time>2026-08-27T20:04:29+0300</time>
</trkpt>
<trkpt lat="59.4545067" lon="25.1844433">
<ele>400.0</ele>
<time>2026-08-27T20:04:30+0300</time>
</trkpt>
<trkpt lat="59.4544383" lon="25.18422">
<ele>398.8</ele>
<time>2026-08-27T20:04:31+0300</time>
</trkpt>
<trkpt lat="59.4543683" lon="25.1839983">
<ele>397.4</ele>
<time>2026-08-27T20:04:32+0300</time>
</trkpt>
<trkpt lat="59.4542967" lon="25.18378">
<ele>396.8</ele>
<time>2026-08-27T20:04:33+0300</time>
</trkpt>
<trkpt lat="59.4542267" lon="25.1835633">
<ele>396.4</ele>
<time>2026-08-27T20:04:34+0300</time>
</trkpt>
<trkpt lat="59.4541583" lon="25.183345">
<ele>396.0</ele>
<time>2026-08-27T20:04:35+0300</time>
</trkpt>
<trkpt lat="59.454095" lon="25.1831267">
<ele>395.7</ele>
<time>2026-08-27T20:04:36+0300</time>
</trkpt>
<trkpt lat="59.4540317" lon="25.182905">
<ele>395.9</ele>
<time>2026-08-27T20:04:37+0300</time>
</trkpt>
<trkpt lat="59.4539683" lon="25.18268">
<ele>396.4</ele>
<time>2026-08-27T20:04:38+0300</time>
</trkpt>
<trkpt lat="59.4539067" lon="25.1824533">
<ele>396.8</ele>
<time>2026-08-27T20:04:39+0300</time>
</trkpt>
<trkpt lat="59.45385" lon="25.18223">
<ele>397.4</ele>
<time>2026-08-27T20:04:40+0300</time>
</trkpt>
<trkpt lat="59.453795" lon="25.1820033">
<ele>397.7</ele>
<time>2026-08-27T20:04:41+0300</time>
</trkpt>
<trkpt lat="59.4537417" lon="25.1817783">
<ele>398.5</ele>
<time>2026-08-27T20:04:42+0300</time>
</trkpt>
<trkpt lat="59.4536867" lon="25.1815517">
<ele>399.2</ele>
<time>2026-08-27T20:04:43+0300</time>
</trkpt>
<trkpt lat="59.453635" lon="25.181325">
<ele>399.8</ele>
<time>2026-08-27T20:04:44+0300</time>
</trkpt>
<trkpt lat="59.4535817" lon="25.181095">
<ele>400.1</ele>
<time>2026-08-27T20:04:45+0300</time>
</trkpt>
<trkpt lat="59.4535317" lon="25.180865">
<ele>400.4</ele>
<time>2026-08-27T20:04:46+0300</time>
</trkpt>
<trkpt lat="59.4534817" lon="25.1806383">
<ele>400.90000000000003</ele>
<time>2026-08-27T20:04:47+0300</time>
</trkpt>
<trkpt lat="59.45343" lon="25.1804183">
<ele>400.90000000000003</ele>
<time>2026-08-27T20:04:48+0300</time>
</trkpt>
<trkpt lat="59.453375" lon="25.1802017">
<ele>400.1</ele>
<time>2026-08-27T20:04:49+0300</time>
</trkpt>
<trkpt lat="59.453315" lon="25.1799867">
<ele>398.5</ele>
<time>2026-08-27T20:04:50+0300</time>
</trkpt>
<trkpt lat="59.45325" lon="25.1797683">
<ele>397.3</ele>
<time>2026-08-27T20:04:51+0300</time>
</trkpt>
<trkpt lat="59.4531817" lon="25.1795483">
<ele>396.0</ele>
<time>2026-08-27T20:04:52+0300</time>
</trkpt>
<trkpt lat="59.4531117" lon="25.1793267">
<ele>395.0</ele>
<time>2026-08-27T20:04:53+0300</time>
</trkpt>
<trkpt lat="59.4530467" lon="25.1791017">
<ele>394.5</ele>
<time>2026-08-27T20:04:54+0300</time>
</trkpt>
<trkpt lat="59.45299" lon="25.17887">
<ele>393.70000000000005</ele>
<time>2026-08-27T20:04:55+0300</time>
</trkpt>
<trkpt lat="59.4529433" lon="25.1786317">
<ele>392.90000000000003</ele>
<time>2026-08-27T20:04:56+0300</time>
</trkpt>
<trkpt lat="59.4529033" lon="25.17839">
<ele>392.20000000000005</ele>
<time>2026-08-27T20:04:57+0300</time>
</trkpt>
<trkpt lat="59.4528617" lon="25.1781483">
<ele>391.20000000000005</ele>
<time>2026-08-27T20:04:58+0300</time>
</trkpt>
<trkpt lat="59.4528183" lon="25.1779067">
<ele>389.90000000000003</ele>
<time>2026-08-27T20:04:59+0300</time>
</trkpt>
<trkpt lat="59.452775" lon="25.1776633">
<ele>388.5</ele>
<time>2026-08-27T20:05:00+0300</time>
</trkpt>
<trkpt lat="59.452735" lon="25.177425">
<ele>386.8</ele>
<time>2026-08-27T20:05:01+0300</time>
</trkpt>
<trkpt lat="59.4526967" lon="25.1771867">
<ele>385.40000000000003</ele>
<time>2026-08-27T20:05:02+0300</time>
</trkpt>
<trkpt lat="59.4526533" lon="25.1769483">
<ele>384.0</ele>
<time>2026-08-27T20:05:03+0300</time>
</trkpt>
<trkpt lat="59.4526083" lon="25.17671">
<ele>383.0</ele>
<time>2026-08-27T20:05:04+0300</time>
</trkpt>
<trkpt lat="59.452565" lon="25.17647">
<ele>381.70000000000005</ele>
<time>2026-08-27T20:05:05+0300</time>
</trkpt>
<trkpt lat="59.45252" lon="25.17623">
<ele>380.8</ele>
<time>2026-08-27T20:05:06+0300</time>
</trkpt>
<trkpt lat="59.4524783" lon="25.17599">
<ele>380.40000000000003</ele>
<time>2026-08-27T20:05:07+0300</time>
</trkpt>
<trkpt lat="59.45244" lon="25.1757483">
<ele>379.6</ele>
<time>2026-08-27T20:05:08+0300</time>
</trkpt>
<trkpt lat="59.4524067" lon="25.1755033">
<ele>378.90000000000003</ele>
<time>2026-08-27T20:05:09+0300</time>
</trkpt>
<trkpt lat="59.4523733" lon="25.175255">
<ele>377.70000000000005</ele>
<time>2026-08-27T20:05:10+0300</time>
</trkpt>
<trkpt lat="59.4523417" lon="25.1750033">
<ele>376.90000000000003</ele>
<time>2026-08-27T20:05:11+0300</time>
</trkpt>
<trkpt lat="59.45231" lon="25.1747517">
<ele>375.8</ele>
<time>2026-08-27T20:05:12+0300</time>
</trkpt>
<trkpt lat="59.45228" lon="25.174505">
<ele>375.20000000000005</ele>
<time>2026-08-27T20:05:13+0300</time>
</trkpt>
<trkpt lat="59.4522517" lon="25.17426">
<ele>374.5</ele>
<time>2026-08-27T20:05:14+0300</time>
</trkpt>
<trkpt lat="59.4522233" lon="25.17402">
<ele>374.0</ele>
<time>2026-08-27T20:05:15+0300</time>
</trkpt>
<trkpt lat="59.4521967" lon="25.1737783">
<ele>373.70000000000005</ele>
<time>2026-08-27T20:05:16+0300</time>
</trkpt>
<trkpt lat="59.45217" lon="25.1735367">
<ele>373.40000000000003</ele>
<time>2026-08-27T20:05:17+0300</time>
</trkpt>
<trkpt lat="59.4521433" lon="25.173295">
<ele>373.40000000000003</ele>
<time>2026-08-27T20:05:18+0300</time>
</trkpt>
<trkpt lat="59.4521167" lon="25.17305">
<ele>373.40000000000003</ele>
<time>2026-08-27T20:05:19+0300</time>
</trkpt>
<trkpt lat="59.45209" lon="25.1728033">
<ele>373.3</ele>
<time>2026-08-27T20:05:20+0300</time>
</trkpt>
<trkpt lat="59.4520667" lon="25.1725583">
<ele>373.1</ele>
<time>2026-08-27T20:05:21+0300</time>
</trkpt>
<trkpt lat="59.4520417" lon="25.1723133">
<ele>372.8</ele>
<time>2026-08-27T20:05:22+0300</time>
</trkpt>
<trkpt lat="59.4520183" lon="25.1720683">
<ele>372.40000000000003</ele>
<time>2026-08-27T20:05:23+0300</time>
</trkpt>
<trkpt lat="59.4519967" lon="25.1718233">
<ele>371.70000000000005</ele>
<time>2026-08-27T20:05:24+0300</time>
</trkpt>
<trkpt lat="59.451975" lon="25.17158">
<ele>371.20000000000005</ele>
<time>2026-08-27T20:05:25+0300</time>
</trkpt>
<trkpt lat="59.4519533" lon="25.171335">
<ele>370.40000000000003</ele>
<time>2026-08-27T20:05:26+0300</time>
</trkpt>
<trkpt lat="59.4519333" lon="25.1710867">
<ele>369.70000000000005</ele>
<time>2026-08-27T20:05:27+0300</time>
</trkpt>
<trkpt lat="59.451915" lon="25.170835">
<ele>369.20000000000005</ele>
<time>2026-08-27T20:05:28+0300</time>
</trkpt>
<trkpt lat="59.4518967" lon="25.1705833">
<ele>368.70000000000005</ele>
<time>2026-08-27T20:05:29+0300</time>
</trkpt>
<trkpt lat="59.4518783" lon="25.1703283">
<ele>368.1</ele>
<time>2026-08-27T20:05:30+0300</time>
</trkpt>
<trkpt lat="59.45186" lon="25.1700717">
<ele>368.20000000000005</ele>
<time>2026-08-27T20:05:31+0300</time>
</trkpt>
<trkpt lat="59.4518417" lon="25.16981">
<ele>368.3</ele>
<time>2026-08-27T20:05:32+0300</time>
</trkpt>
<trkpt lat="59.451825" lon="25.1695517">
<ele>368.6</ele>
<time>2026-08-27T20:05:33+0300</time>
</trkpt>
<trkpt lat="59.4518083" lon="25.1692983">
<ele>368.6</ele>
<time>2026-08-27T20:05:34+0300</time>
</trkpt>
<trkpt lat="59.4517917" lon="25.1690483">
<ele>368.1</ele>
<time>2026-08-27T20:05:35+0300</time>
</trkpt>
<trkpt lat="59.4517733" lon="25.1688">
<ele>367.70000000000005</ele>
<time>2026-08-27T20:05:36+0300</time>
</trkpt>
<trkpt lat="59.451755" lon="25.16855">
<ele>367.3</ele>
<time>2026-08-27T20:05:37+0300</time>
</trkpt>
<trkpt lat="59.451735" lon="25.1682983">
<ele>366.90000000000003</ele>
<time>2026-08-27T20:05:38+0300</time>
</trkpt>
<trkpt lat="59.4517183" lon="25.1680483">
<ele>366.6</ele>
<time>2026-08-27T20:05:39+0300</time>
</trkpt>
<trkpt lat="59.4517017" lon="25.1678017">
<ele>366.6</ele>
<time>2026-08-27T20:05:40+0300</time>
</trkpt>
<trkpt lat="59.4516833" lon="25.1675517">
<ele>366.3</ele>
<time>2026-08-27T20:05:41+0300</time>
</trkpt>
<trkpt lat="59.451665" lon="25.1673017">
<ele>366.20000000000005</ele>
<time>2026-08-27T20:05:42+0300</time>
</trkpt>
<trkpt lat="59.4516467" lon="25.16705">
<ele>366.40000000000003</ele>
<time>2026-08-27T20:05:43+0300</time>
</trkpt>
<trkpt lat="59.4516283" lon="25.1667983">
<ele>366.1</ele>
<time>2026-08-27T20:05:44+0300</time>
</trkpt>
<trkpt lat="59.45161" lon="25.1665417">
<ele>365.8</ele>
<time>2026-08-27T20:05:45+0300</time>
</trkpt>
<trkpt lat="59.45159" lon="25.1662817">
<ele>365.0</ele>
<time>2026-08-27T20:05:46+0300</time>
</trkpt>
<trkpt lat="59.4515667" lon="25.1660233">
<ele>365.40000000000003</ele>
<time>2026-08-27T20:05:47+0300</time>
</trkpt>
<trkpt lat="59.4515433" lon="25.165765">
<ele>365.70000000000005</ele>
<time>2026-08-27T20:05:48+0300</time>
</trkpt>
<trkpt lat="59.4515183" lon="25.1655117">
<ele>366.8</ele>
<time>2026-08-27T20:05:49+0300</time>
</trkpt>
<trkpt lat="59.451495" lon="25.1652583">
<ele>367.0</ele>
<time>2026-08-27T20:05:50+0300</time>
</trkpt>
<trkpt lat="59.45147" lon="25.165005">
<ele>367.20000000000005</ele>
<time>2026-08-27T20:05:51+0300</time>
</trkpt>
<trkpt lat="59.451445" lon="25.1647517">
<ele>367.6</ele>
<time>2026-08-27T20:05:52+0300</time>
</trkpt>
<trkpt lat="59.451415" lon="25.1645">
<ele>367.6</ele>
<time>2026-08-27T20:05:53+0300</time>
</trkpt>
<trkpt lat="59.4513833" lon="25.16425">
<ele>367.6</ele>
<time>2026-08-27T20:05:54+0300</time>
</trkpt>
<trkpt lat="59.4513467" lon="25.1640017">
<ele>367.5</ele>
<time>2026-08-27T20:05:55+0300</time>
</trkpt>
<trkpt lat="59.4513033" lon="25.163755">
<ele>367.3</ele>
<time>2026-08-27T20:05:56+0300</time>
</trkpt>
<trkpt lat="59.451255" lon="25.16352">
<ele>367.6</ele>
<time>2026-08-27T20:05:57+0300</time>
</trkpt>
<trkpt lat="59.4512" lon="25.1632883">
<ele>367.8</ele>
<time>2026-08-27T20:05:58+0300</time>
</trkpt>
<trkpt lat="59.4511383" lon="25.1630583">
<ele>367.1</ele>
<time>2026-08-27T20:05:59+0300</time>
</trkpt>
<trkpt lat="59.4510767" lon="25.1628367">
<ele>367.0</ele>
<time>2026-08-27T20:06:00+0300</time>
</trkpt>
<trkpt lat="59.4510167" lon="25.16261">
<ele>366.6</ele>
<time>2026-08-27T20:06:01+0300</time>
</trkpt>
<trkpt lat="59.4509633" lon="25.1623733">
<ele>365.70000000000005</ele>
<time>2026-08-27T20:06:02+0300</time>
</trkpt>
<trkpt lat="59.4509267" lon="25.1621267">
<ele>365.1</ele>
<time>2026-08-27T20:06:03+0300</time>
</trkpt>
<trkpt lat="59.450905" lon="25.1618717">
<ele>364.40000000000003</ele>
<time>2026-08-27T20:06:04+0300</time>
</trkpt>
<trkpt lat="59.4508933" lon="25.1616167">
<ele>364.40000000000003</ele>
<time>2026-08-27T20:06:05+0300</time>
</trkpt>
<trkpt lat="59.4508867" lon="25.1613583">
<ele>364.8</ele>
<time>2026-08-27T20:06:06+0300</time>
</trkpt>
<trkpt lat="59.450885" lon="25.1611033">
<ele>365.8</ele>
<time>2026-08-27T20:06:07+0300</time>
</trkpt>
<trkpt lat="59.4508817" lon="25.1608533">
<ele>366.70000000000005</ele>
<time>2026-08-27T20:06:08+0300</time>
</trkpt>
<trkpt lat="59.4508733" lon="25.1606067">
<ele>366.70000000000005</ele>
<time>2026-08-27T20:06:09+0300</time>
</trkpt>
<trkpt lat="59.45086" lon="25.1603633">
<ele>366.6</ele>
<time>2026-08-27T20:06:10+0300</time>
</trkpt>
<trkpt lat="59.4508467" lon="25.1601167">
<ele>366.1</ele>
<time>2026-08-27T20:06:11+0300</time>
</trkpt>
<trkpt lat="59.4508317" lon="25.159865">
<ele>365.20000000000005</ele>
<time>2026-08-27T20:06:12+0300</time>
</trkpt>
<trkpt lat="59.4508183" lon="25.1596133">
<ele>364.3</ele>
<time>2026-08-27T20:06:13+0300</time>
</trkpt>
<trkpt lat="59.450805" lon="25.15936">
<ele>363.70000000000005</ele>
<time>2026-08-27T20:06:14+0300</time>
</trkpt>
<trkpt lat="59.4507933" lon="25.159105">
<ele>362.6</ele>
<time>2026-08-27T20:06:15+0300</time>
</trkpt>
<trkpt lat="59.4507783" lon="25.1588617">
<ele>361.70000000000005</ele>
<time>2026-08-27T20:06:16+0300</time>
</trkpt>
<trkpt lat="59.45076" lon="25.15862">
<ele>360.20000000000005</ele>
<time>2026-08-27T20:06:17+0300</time>
</trkpt>
<trkpt lat="59.4507417" lon="25.1583767">
<ele>358.90000000000003</ele>
<time>2026-08-27T20:06:18+0300</time>
</trkpt>
<trkpt lat="59.4507233" lon="25.1581283">
<ele>357.0</ele>
<time>2026-08-27T20:06:19+0300</time>
</trkpt>
<trkpt lat="59.4507083" lon="25.1578733">
<ele>354.5</ele>
<time>2026-08-27T20:06:20+0300</time>
</trkpt>
<trkpt lat="59.450695" lon="25.157615">
<ele>352.20000000000005</ele>
<time>2026-08-27T20:06:21+0300</time>
</trkpt>
<trkpt lat="59.4506833" lon="25.157345">
<ele>350.6</ele>
<time>2026-08-27T20:06:22+0300</time>
</trkpt>
<trkpt lat="59.4506733" lon="25.1570667">
<ele>350.0</ele>
<time>2026-08-27T20:06:23+0300</time>
</trkpt>
<trkpt lat="59.450665" lon="25.1567883">
<ele>350.40000000000003</ele>
<time>2026-08-27T20:06:24+0300</time>
</trkpt>
<trkpt lat="59.4506617" lon="25.15652">
<ele>351.20000000000005</ele>
<time>2026-08-27T20:06:25+0300</time>
</trkpt>
<trkpt lat="59.4506667" lon="25.1562683">
<ele>352.3</ele>
<time>2026-08-27T20:06:26+0300</time>
</trkpt>
<trkpt lat="59.4506767" lon="25.1560267">
<ele>352.90000000000003</ele>
<time>2026-08-27T20:06:27+0300</time>
</trkpt>
<trkpt lat="59.45069" lon="25.155785">
<ele>353.1</ele>
<time>2026-08-27T20:06:28+0300</time>
</trkpt>
<trkpt lat="59.4507033" lon="25.1555383">
<ele>352.8</ele>
<time>2026-08-27T20:06:29+0300</time>
</trkpt>
<trkpt lat="59.45072" lon="25.1552833">
<ele>352.6</ele>
<time>2026-08-27T20:06:30+0300</time>
</trkpt>
<trkpt lat="59.45074" lon="25.1550267">
<ele>352.5</ele>
<time>2026-08-27T20:06:31+0300</time>
</trkpt>
<trkpt lat="59.4507617" lon="25.1547733">
<ele>352.6</ele>
<time>2026-08-27T20:06:32+0300</time>
</trkpt>
<trkpt lat="59.4507867" lon="25.1545367">
<ele>353.3</ele>
<time>2026-08-27T20:06:33+0300</time>
</trkpt>
<trkpt lat="59.4508117" lon="25.1543117">
<ele>353.0</ele>
<time>2026-08-27T20:06:34+0300</time>
</trkpt>
<trkpt lat="59.450835" lon="25.15409">
<ele>352.40000000000003</ele>
<time>2026-08-27T20:06:35+0300</time>
</trkpt>
<trkpt lat="59.4508617" lon="25.153865">
<ele>351.6</ele>
<time>2026-08-27T20:06:36+0300</time>
</trkpt>
<trkpt lat="59.4508917" lon="25.1536267">
<ele>350.6</ele>
<time>2026-08-27T20:06:37+0300</time>
</trkpt>
<trkpt lat="59.450925" lon="25.1533817">
<ele>350.6</ele>
<time>2026-08-27T20:06:38+0300</time>
</trkpt>
<trkpt lat="59.45096" lon="25.153145">
<ele>351.3</ele>
<time>2026-08-27T20:06:39+0300</time>
</trkpt>
<trkpt lat="59.4509983" lon="25.152925">
<ele>352.20000000000005</ele>
<time>2026-08-27T20:06:40+0300</time>
</trkpt>
<trkpt lat="59.4510383" lon="25.15272">
<ele>353.20000000000005</ele>
<time>2026-08-27T20:06:41+0300</time>
</trkpt>
<trkpt lat="59.4510783" lon="25.1525167">
<ele>353.6</ele>
<time>2026-08-27T20:06:42+0300</time>
</trkpt>
<trkpt lat="59.4511233" lon="25.152305">
<ele>353.70000000000005</ele>
<time>2026-08-27T20:06:43+0300</time>
</trkpt>
<trkpt lat="59.4511717" lon="25.15209">
<ele>354.40000000000003</ele>
<time>2026-08-27T20:06:44+0300</time>
</trkpt>
<trkpt lat="59.45122" lon="25.1518683">
<ele>354.70000000000005</ele>
<time>2026-08-27T20:06:45+0300</time>
</trkpt>
<trkpt lat="59.45126" lon="25.1516467">
<ele>355.3</ele>
<time>2026-08-27T20:06:46+0300</time>
</trkpt>
<trkpt lat="59.45128" lon="25.1514217">
<ele>355.40000000000003</ele>
<time>2026-08-27T20:06:47+0300</time>
</trkpt>
<trkpt lat="59.4512833" lon="25.1512">
<ele>355.40000000000003</ele>
<time>2026-08-27T20:06:48+0300</time>
</trkpt>
<trkpt lat="59.4512767" lon="25.1509733">
<ele>355.40000000000003</ele>
<time>2026-08-27T20:06:49+0300</time>
</trkpt>
<trkpt lat="59.4512683" lon="25.15074">
<ele>354.70000000000005</ele>
<time>2026-08-27T20:06:50+0300</time>
</trkpt>
<trkpt lat="59.45127" lon="25.1505033">
<ele>354.3</ele>
<time>2026-08-27T20:06:51+0300</time>
</trkpt>
<trkpt lat="59.45128" lon="25.1502633">
<ele>355.5</ele>
<time>2026-08-27T20:06:52+0300</time>
</trkpt>
<trkpt lat="59.45129" lon="25.1500267">
<ele>356.5</ele>
<time>2026-08-27T20:06:53+0300</time>
</trkpt>
<trkpt lat="59.4512917" lon="25.1497867">
<ele>357.20000000000005</ele>
<time>2026-08-27T20:06:54+0300</time>
</trkpt>
<trkpt lat="59.4512883" lon="25.1495433">
<ele>358.3</ele>
<time>2026-08-27T20:06:55+0300</time>
</trkpt>
<trkpt lat="59.451285" lon="25.1493">
<ele>359.0</ele>
<time>2026-08-27T20:06:56+0300</time>
</trkpt>
<trkpt lat="59.45128" lon="25.1490617">
<ele>357.1</ele>
<time>2026-08-27T20:06:57+0300</time>
</trkpt>
<trkpt lat="59.451275" lon="25.148835">
<ele>356.0</ele>
<time>2026-08-27T20:06:58+0300</time>
</trkpt>
<trkpt lat="59.4512667" lon="25.1486067">
<ele>355.3</ele>
<time>2026-08-27T20:06:59+0300</time>
</trkpt>
<trkpt lat="59.4512533" lon="25.1483767">
<ele>354.90000000000003</ele>
<time>2026-08-27T20:07:00+0300</time>
</trkpt>
<trkpt lat="59.4512367" lon="25.1481417">
<ele>354.5</ele>
<time>2026-08-27T20:07:01+0300</time>
</trkpt>
<trkpt lat="59.45122" lon="25.1479">
<ele>353.8</ele>
<time>2026-08-27T20:07:02+0300</time>
</trkpt>
<trkpt lat="59.4512067" lon="25.1476583">
<ele>353.3</ele>
<time>2026-08-27T20:07:03+0300</time>
</trkpt>
<trkpt lat="59.4511967" lon="25.1474217">
<ele>354.0</ele>
<time>2026-08-27T20:07:04+0300</time>
</trkpt>
<trkpt lat="59.4511883" lon="25.1471917">
<ele>354.6</ele>
<time>2026-08-27T20:07:05+0300</time>
</trkpt>
<trkpt lat="59.45118" lon="25.1469667">
<ele>354.70000000000005</ele>
<time>2026-08-27T20:07:06+0300</time>
</trkpt>
<trkpt lat="59.4511683" lon="25.1467417">
<ele>354.0</ele>
<time>2026-08-27T20:07:07+0300</time>
</trkpt>
<trkpt lat="59.4511567" lon="25.1465133">
<ele>352.8</ele>
<time>2026-08-27T20:07:08+0300</time>
</trkpt>
<trkpt lat="59.451145" lon="25.1462817">
<ele>351.5</ele>
<time>2026-08-27T20:07:09+0300</time>
</trkpt>
<trkpt lat="59.4511367" lon="25.14605">
<ele>350.5</ele>
<time>2026-08-27T20:07:10+0300</time>
</trkpt>
<trkpt lat="59.45113" lon="25.145815">
<ele>349.5</ele>
<time>2026-08-27T20:07:11+0300</time>
</trkpt>
<trkpt lat="59.45113" lon="25.1455817">
<ele>349.20000000000005</ele>
<time>2026-08-27T20:07:12+0300</time>
</trkpt>
<trkpt lat="59.4511317" lon="25.145345">
<ele>349.0</ele>
<time>2026-08-27T20:07:13+0300</time>
</trkpt>
<trkpt lat="59.451135" lon="25.1451067">
<ele>349.3</ele>
<time>2026-08-27T20:07:14+0300</time>
</trkpt>
<trkpt lat="59.4511383" lon="25.14487">
<ele>351.3</ele>
<time>2026-08-27T20:07:15+0300</time>
</trkpt>
<trkpt lat="59.4511417" lon="25.1446317">
<ele>353.90000000000003</ele>
<time>2026-08-27T20:07:16+0300</time>
</trkpt>
<trkpt lat="59.4511433" lon="25.1443867">
<ele>353.90000000000003</ele>
<time>2026-08-27T20:07:17+0300</time>
</trkpt>
<trkpt lat="59.451145" lon="25.1441467">
<ele>354.20000000000005</ele>
<time>2026-08-27T20:07:18+0300</time>
</trkpt>
<trkpt lat="59.4511417" lon="25.14391">
<ele>354.40000000000003</ele>
<time>2026-08-27T20:07:19+0300</time>
</trkpt>
<trkpt lat="59.4511317" lon="25.1436817">
<ele>355.20000000000005</ele>
<time>2026-08-27T20:07:20+0300</time>
</trkpt>
<trkpt lat="59.4511133" lon="25.143455">
<ele>355.5</ele>
<time>2026-08-27T20:07:21+0300</time>
</trkpt>
<trkpt lat="59.451095" lon="25.1432283">
<ele>355.40000000000003</ele>
<time>2026-08-27T20:07:22+0300</time>
</trkpt>
<trkpt lat="59.4510783" lon="25.142995">
<ele>355.1</ele>
<time>2026-08-27T20:07:23+0300</time>
</trkpt>
<trkpt lat="59.4510683" lon="25.1427583">
<ele>354.70000000000005</ele>
<time>2026-08-27T20:07:24+0300</time>
</trkpt>
<trkpt lat="59.4510583" lon="25.1425233">
<ele>354.3</ele>
<time>2026-08-27T20:07:25+0300</time>
</trkpt>
<trkpt lat="59.4510467" lon="25.1422867">
<ele>353.90000000000003</ele>
<time>2026-08-27T20:07:26+0300</time>
</trkpt>
<trkpt lat="59.451035" lon="25.142055">
<ele>354.40000000000003</ele>
<time>2026-08-27T20:07:27+0300</time>
</trkpt>
<trkpt lat="59.45102" lon="25.1418233">
<ele>354.5</ele>
<time>2026-08-27T20:07:28+0300</time>
</trkpt>
<trkpt lat="59.4510117" lon="25.141595">
<ele>354.40000000000003</ele>
<time>2026-08-27T20:07:29+0300</time>
</trkpt>
<trkpt lat="59.451005" lon="25.141365">
<ele>354.3</ele>
<time>2026-08-27T20:07:30+0300</time>
</trkpt>
<trkpt lat="59.4510067" lon="25.141135">
<ele>353.5</ele>
<time>2026-08-27T20:07:31+0300</time>
</trkpt>
<trkpt lat="59.4510117" lon="25.1409033">
<ele>353.3</ele>
<time>2026-08-27T20:07:32+0300</time>
</trkpt>
<trkpt lat="59.4510133" lon="25.1406767">
<ele>353.3</ele>
<time>2026-08-27T20:07:33+0300</time>
</trkpt>
<trkpt lat="59.451015" lon="25.1404533">
<ele>353.40000000000003</ele>
<time>2026-08-27T20:07:34+0300</time>
</trkpt>
<trkpt lat="59.451015" lon="25.1402317">
<ele>353.20000000000005</ele>
<time>2026-08-27T20:07:35+0300</time>
</trkpt>
<trkpt lat="59.45102" lon="25.140005">
<ele>353.20000000000005</ele>
<time>2026-08-27T20:07:36+0300</time>
</trkpt>
<trkpt lat="59.4510283" lon="25.1397783">
<ele>353.20000000000005</ele>
<time>2026-08-27T20:07:37+0300</time>
</trkpt>
<trkpt lat="59.451035" lon="25.1395517">
<ele>353.3</ele>
<time>2026-08-27T20:07:38+0300</time>
</trkpt>
<trkpt lat="59.4510383" lon="25.1393183">
<ele>353.20000000000005</ele>
<time>2026-08-27T20:07:39+0300</time>
</trkpt>
<trkpt lat="59.4510383" lon="25.13908">
<ele>353.1</ele>
<time>2026-08-27T20:07:40+0300</time>
</trkpt>
<trkpt lat="59.45103" lon="25.1388367">
<ele>352.5</ele>
<time>2026-08-27T20:07:41+0300</time>
</trkpt>
<trkpt lat="59.4510217" lon="25.1386067">
<ele>352.5</ele>
<time>2026-08-27T20:07:42+0300</time>
</trkpt>
<trkpt lat="59.4510183" lon="25.138375">
<ele>352.6</ele>
<time>2026-08-27T20:07:43+0300</time>
</trkpt>
<trkpt lat="59.45102" lon="25.1381417">
<ele>352.8</ele>
<time>2026-08-27T20:07:44+0300</time>
</trkpt>
<trkpt lat="59.451025" lon="25.13791">
<ele>353.40000000000003</ele>
<time>2026-08-27T20:07:45+0300</time>
</trkpt>
<trkpt lat="59.4510333" lon="25.1376733">
<ele>353.70000000000005</ele>
<time>2026-08-27T20:07:46+0300</time>
</trkpt>
<trkpt lat="59.4510367" lon="25.13744">
<ele>353.20000000000005</ele>
<time>2026-08-27T20:07:47+0300</time>
</trkpt>
<trkpt lat="59.4510483" lon="25.13721">
<ele>353.5</ele>
<time>2026-08-27T20:07:48+0300</time>
</trkpt>
<trkpt lat="59.4510633" lon="25.1369817">
<ele>353.3</ele>
<time>2026-08-27T20:07:49+0300</time>
</trkpt>
<trkpt lat="59.4510833" lon="25.1367533">
<ele>353.20000000000005</ele>
<time>2026-08-27T20:07:50+0300</time>
</trkpt>
<trkpt lat="59.4511017" lon="25.1365283">
<ele>352.90000000000003</ele>
<time>2026-08-27T20:07:51+0300</time>
</trkpt>
<trkpt lat="59.4511183" lon="25.1363017">
<ele>353.40000000000003</ele>
<time>2026-08-27T20:07:52+0300</time>
</trkpt>
<trkpt lat="59.4511317" lon="25.13607">
<ele>353.5</ele>
<time>2026-08-27T20:07:53+0300</time>
</trkpt>
<trkpt lat="59.451145" lon="25.1358383">
<ele>354.3</ele>
<time>2026-08-27T20:07:54+0300</time>
</trkpt>
<trkpt lat="59.4511633" lon="25.1356083">
<ele>355.20000000000005</ele>
<time>2026-08-27T20:07:55+0300</time>
</trkpt>
<trkpt lat="59.451185" lon="25.135375">
<ele>355.8</ele>
<time>2026-08-27T20:07:56+0300</time>
</trkpt>
<trkpt lat="59.4512083" lon="25.1351467">
<ele>357.0</ele>
<time>2026-08-27T20:07:57+0300</time>
</trkpt>
<trkpt lat="59.4512283" lon="25.134925">
<ele>357.20000000000005</ele>
<time>2026-08-27T20:07:58+0300</time>
</trkpt>
<trkpt lat="59.4512467" lon="25.134705">
<ele>356.8</ele>
<time>2026-08-27T20:07:59+0300</time>
</trkpt>
<trkpt lat="59.4512667" lon="25.13448">
<ele>356.5</ele>
<time>2026-08-27T20:08:00+0300</time>
</trkpt>
<trkpt lat="59.45129" lon="25.13425">
<ele>356.40000000000003</ele>
<time>2026-08-27T20:08:01+0300</time>
</trkpt>
<trkpt lat="59.4513167" lon="25.1340217">
<ele>356.1</ele>
<time>2026-08-27T20:08:02+0300</time>
</trkpt>
<trkpt lat="59.4513467" lon="25.1337917">
<ele>356.0</ele>
<time>2026-08-27T20:08:03+0300</time>
</trkpt>
<trkpt lat="59.4513767" lon="25.1335617">
<ele>356.20000000000005</ele>
<time>2026-08-27T20:08:04+0300</time>
</trkpt>
<trkpt lat="59.4514033" lon="25.1333333">
<ele>356.6</ele>
<time>2026-08-27T20:08:05+0300</time>
</trkpt>
<trkpt lat="59.4514267" lon="25.133105">
<ele>356.20000000000005</ele>
<time>2026-08-27T20:08:06+0300</time>
</trkpt>
<trkpt lat="59.4514517" lon="25.1328767">
<ele>355.90000000000003</ele>
<time>2026-08-27T20:08:07+0300</time>
</trkpt>
<trkpt lat="59.4514817" lon="25.1326517">
<ele>356.20000000000005</ele>
<time>2026-08-27T20:08:08+0300</time>
</trkpt>
<trkpt lat="59.451515" lon="25.132425">
<ele>356.3</ele>
<time>2026-08-27T20:08:09+0300</time>
</trkpt>
<trkpt lat="59.45155" lon="25.132195">
<ele>356.5</ele>
<time>2026-08-27T20:08:10+0300</time>
</trkpt>
<trkpt lat="59.4515883" lon="25.1319717">
<ele>357.20000000000005</ele>
<time>2026-08-27T20:08:11+0300</time>
</trkpt>
<trkpt lat="59.451625" lon="25.13175">
<ele>357.6</ele>
<time>2026-08-27T20:08:12+0300</time>
</trkpt>
<trkpt lat="59.4516583" lon="25.13153">
<ele>358.0</ele>
<time>2026-08-27T20:08:13+0300</time>
</trkpt>
<trkpt lat="59.4516917" lon="25.1313133">
<ele>358.70000000000005</ele>
<time>2026-08-27T20:08:14+0300</time>
</trkpt>
<trkpt lat="59.4517233" lon="25.131095">
<ele>358.90000000000003</ele>
<time>2026-08-27T20:08:15+0300</time>
</trkpt>
<trkpt lat="59.451755" lon="25.130875">
<ele>359.20000000000005</ele>
<time>2026-08-27T20:08:16+0300</time>
</trkpt>
<trkpt lat="59.4517833" lon="25.1306517">
<ele>359.1</ele>
<time>2026-08-27T20:08:17+0300</time>
</trkpt>
<trkpt lat="59.45181" lon="25.1304233">
<ele>359.20000000000005</ele>
<time>2026-08-27T20:08:18+0300</time>
</trkpt>
<trkpt lat="59.4518367" lon="25.1301933">
<ele>359.6</ele>
<time>2026-08-27T20:08:19+0300</time>
</trkpt>
<trkpt lat="59.4518583" lon="25.1299617">
<ele>359.90000000000003</ele>
<time>2026-08-27T20:08:20+0300</time>
</trkpt>
<trkpt lat="59.4518783" lon="25.1297283">
<ele>360.3</ele>
<time>2026-08-27T20:08:21+0300</time>
</trkpt>
<trkpt lat="59.4518967" lon="25.129505">
<ele>360.90000000000003</ele>
<time>2026-08-27T20:08:22+0300</time>
</trkpt>
<trkpt lat="59.4519183" lon="25.1292883">
<ele>361.8</ele>
<time>2026-08-27T20:08:23+0300</time>
</trkpt>
<trkpt lat="59.45194" lon="25.1290717">
<ele>361.90000000000003</ele>
<time>2026-08-27T20:08:24+0300</time>
</trkpt>
<trkpt lat="59.4519633" lon="25.1288517">
<ele>361.70000000000005</ele>
<time>2026-08-27T20:08:25+0300</time>
</trkpt>
<trkpt lat="59.451985" lon="25.128625">
<ele>361.1</ele>
<time>2026-08-27T20:08:26+0300</time>
</trkpt>
<trkpt lat="59.4520067" lon="25.128395">
<ele>360.1</ele>
<time>2026-08-27T20:08:27+0300</time>
</trkpt>
<trkpt lat="59.4520283" lon="25.1281667">
<ele>360.1</ele>
<time>2026-08-27T20:08:28+0300</time>
</trkpt>
<trkpt lat="59.4520483" lon="25.127945">
<ele>360.20000000000005</ele>
<time>2026-08-27T20:08:29+0300</time>
</trkpt>
<trkpt lat="59.4520667" lon="25.1277283">
<ele>359.90000000000003</ele>
<time>2026-08-27T20:08:30+0300</time>
</trkpt>
<trkpt lat="59.4520867" lon="25.1275083">
<ele>359.70000000000005</ele>
<time>2026-08-27T20:08:31+0300</time>
</trkpt>
<trkpt lat="59.4521067" lon="25.1272833">
<ele>359.70000000000005</ele>
<time>2026-08-27T20:08:32+0300</time>
</trkpt>
<trkpt lat="59.4521233" lon="25.1270467">
<ele>359.5</ele>
<time>2026-08-27T20:08:33+0300</time>
</trkpt>
<trkpt lat="59.4521367" lon="25.1268067">
<ele>359.8</ele>
<time>2026-08-27T20:08:34+0300</time>
</trkpt>
<trkpt lat="59.4521467" lon="25.1265683">
<ele>360.0</ele>
<time>2026-08-27T20:08:35+0300</time>
</trkpt>
<trkpt lat="59.4521533" lon="25.1263383">
<ele>360.20000000000005</ele>
<time>2026-08-27T20:08:36+0300</time>
</trkpt>
<trkpt lat="59.4521583" lon="25.1261117">
<ele>360.40000000000003</ele>
<time>2026-08-27T20:08:37+0300</time>
</trkpt>
<trkpt lat="59.452165" lon="25.1258883">
<ele>360.6</ele>
<time>2026-08-27T20:08:38+0300</time>
</trkpt>
<trkpt lat="59.4521717" lon="25.1256617">
<ele>360.40000000000003</ele>
<time>2026-08-27T20:08:39+0300</time>
</trkpt>
<trkpt lat="59.4521817" lon="25.125435">
<ele>360.3</ele>
<time>2026-08-27T20:08:40+0300</time>
</trkpt>
<trkpt lat="59.4521883" lon="25.1252017">
<ele>360.20000000000005</ele>
<time>2026-08-27T20:08:41+0300</time>
</trkpt>
<trkpt lat="59.45219" lon="25.12496">
<ele>359.90000000000003</ele>
<time>2026-08-27T20:08:42+0300</time>
</trkpt>
<trkpt lat="59.4521867" lon="25.1247167">
<ele>359.5</ele>
<time>2026-08-27T20:08:43+0300</time>
</trkpt>
<trkpt lat="59.452185" lon="25.124475">
<ele>359.40000000000003</ele>
<time>2026-08-27T20:08:44+0300</time>
</trkpt>
<trkpt lat="59.4521867" lon="25.1242383">
<ele>359.3</ele>
<time>2026-08-27T20:08:45+0300</time>
</trkpt>
<trkpt lat="59.4521867" lon="25.124005">
<ele>359.3</ele>
<time>2026-08-27T20:08:46+0300</time>
</trkpt>
<trkpt lat="59.452185" lon="25.1237733">
<ele>359.5</ele>
<time>2026-08-27T20:08:47+0300</time>
</trkpt>
<trkpt lat="59.4521783" lon="25.1235367">
<ele>359.5</ele>
<time>2026-08-27T20:08:48+0300</time>
</trkpt>
<trkpt lat="59.45217" lon="25.1232983">
<ele>359.0</ele>
<time>2026-08-27T20:08:49+0300</time>
</trkpt>
<trkpt lat="59.4521617" lon="25.123065">
<ele>358.6</ele>
<time>2026-08-27T20:08:50+0300</time>
</trkpt>
<trkpt lat="59.4521567" lon="25.122835">
<ele>358.40000000000003</ele>
<time>2026-08-27T20:08:51+0300</time>
</trkpt>
<trkpt lat="59.4521567" lon="25.1226083">
<ele>358.5</ele>
<time>2026-08-27T20:08:52+0300</time>
</trkpt>
<trkpt lat="59.4521567" lon="25.1223833">
<ele>358.6</ele>
<time>2026-08-27T20:08:53+0300</time>
</trkpt>
<trkpt lat="59.4521533" lon="25.12216">
<ele>358.90000000000003</ele>
<time>2026-08-27T20:08:54+0300</time>
</trkpt>
<trkpt lat="59.4521433" lon="25.121935">
<ele>359.0</ele>
<time>2026-08-27T20:08:55+0300</time>
</trkpt>
<trkpt lat="59.45213" lon="25.1217067">
<ele>359.20000000000005</ele>
<time>2026-08-27T20:08:56+0300</time>
</trkpt>
<trkpt lat="59.4521117" lon="25.121475">
<ele>358.5</ele>
<time>2026-08-27T20:08:57+0300</time>
</trkpt>
<trkpt lat="59.45209" lon="25.1212483">
<ele>358.6</ele>
<time>2026-08-27T20:08:58+0300</time>
</trkpt>
<trkpt lat="59.4520633" lon="25.1210217">
<ele>358.6</ele>
<time>2026-08-27T20:08:59+0300</time>
</trkpt>
<trkpt lat="59.452035" lon="25.1208">
<ele>359.3</ele>
<time>2026-08-27T20:09:00+0300</time>
</trkpt>
<trkpt lat="59.452005" lon="25.1205783">
<ele>359.3</ele>
<time>2026-08-27T20:09:01+0300</time>
</trkpt>
<trkpt lat="59.4519733" lon="25.12036">
<ele>359.20000000000005</ele>
<time>2026-08-27T20:09:02+0300</time>
</trkpt>
<trkpt lat="59.451945" lon="25.1201417">
<ele>359.20000000000005</ele>
<time>2026-08-27T20:09:03+0300</time>
</trkpt>
<trkpt lat="59.451915" lon="25.1199167">
<ele>358.90000000000003</ele>
<time>2026-08-27T20:09:04+0300</time>
</trkpt>
<trkpt lat="59.4518817" lon="25.1196917">
<ele>358.6</ele>
<time>2026-08-27T20:09:05+0300</time>
</trkpt>
<trkpt lat="59.4518483" lon="25.1194667">
<ele>358.8</ele>
<time>2026-08-27T20:09:06+0300</time>
</trkpt>
<trkpt lat="59.4518117" lon="25.119245">
<ele>359.1</ele>
<time>2026-08-27T20:09:07+0300</time>
</trkpt>
<trkpt lat="59.4517767" lon="25.1190283">
<ele>359.3</ele>
<time>2026-08-27T20:09:08+0300</time>
</trkpt>
<trkpt lat="59.4517417" lon="25.1188167">
<ele>359.1</ele>
<time>2026-08-27T20:09:09+0300</time>
</trkpt>
<trkpt lat="59.4517067" lon="25.1186033">
<ele>358.5</ele>
<time>2026-08-27T20:09:10+0300</time>
</trkpt>
<trkpt lat="59.4516733" lon="25.1183833">
<ele>357.6</ele>
<time>2026-08-27T20:09:11+0300</time>
</trkpt>
<trkpt lat="59.45164" lon="25.1181567">
<ele>357.3</ele>
<time>2026-08-27T20:09:12+0300</time>
</trkpt>
<trkpt lat="59.4516083" lon="25.1179317">
<ele>357.5</ele>
<time>2026-08-27T20:09:13+0300</time>
</trkpt>
<trkpt lat="59.451575" lon="25.1177067">
<ele>357.20000000000005</ele>
<time>2026-08-27T20:09:14+0300</time>
</trkpt>
<trkpt lat="59.4515417" lon="25.1174817">
<ele>356.5</ele>
<time>2026-08-27T20:09:15+0300</time>
</trkpt>
<trkpt lat="59.4515117" lon="25.1172583">
<ele>355.70000000000005</ele>
<time>2026-08-27T20:09:16+0300</time>
</trkpt>
<trkpt lat="59.4514833" lon="25.1170383">
<ele>355.40000000000003</ele>
<time>2026-08-27T20:09:17+0300</time>
</trkpt>
<trkpt lat="59.4514583" lon="25.1168133">
<ele>354.8</ele>
<time>2026-08-27T20:09:18+0300</time>
</trkpt>
<trkpt lat="59.4514283" lon="25.1165867">
<ele>354.40000000000003</ele>
<time>2026-08-27T20:09:19+0300</time>
</trkpt>
<trkpt lat="59.4513883" lon="25.116365">
<ele>354.70000000000005</ele>
<time>2026-08-27T20:09:20+0300</time>
</trkpt>
<trkpt lat="59.451345" lon="25.11615">
<ele>355.20000000000005</ele>
<time>2026-08-27T20:09:21+0300</time>
</trkpt>
<trkpt lat="59.4513017" lon="25.1159383">
<ele>355.6</ele>
<time>2026-08-27T20:09:22+0300</time>
</trkpt>
<trkpt lat="59.4512567" lon="25.1157317">
<ele>355.90000000000003</ele>
<time>2026-08-27T20:09:23+0300</time>
</trkpt>
<trkpt lat="59.45121" lon="25.1155217">
<ele>356.0</ele>
<time>2026-08-27T20:09:24+0300</time>
</trkpt>
<trkpt lat="59.451165" lon="25.115305">
<ele>356.20000000000005</ele>
<time>2026-08-27T20:09:25+0300</time>
</trkpt>
<trkpt lat="59.451125" lon="25.11508">
<ele>356.20000000000005</ele>
<time>2026-08-27T20:09:26+0300</time>
</trkpt>
<trkpt lat="59.4510917" lon="25.1148533">
<ele>356.40000000000003</ele>
<time>2026-08-27T20:09:27+0300</time>
</trkpt>
<trkpt lat="59.451065" lon="25.1146283">
<ele>356.70000000000005</ele>
<time>2026-08-27T20:09:28+0300</time>
</trkpt>
<trkpt lat="59.4510333" lon="25.1144117">
<ele>356.8</ele>
<time>2026-08-27T20:09:29+0300</time>
</trkpt>
<trkpt lat="59.4509883" lon="25.114205">
<ele>357.0</ele>
<time>2026-08-27T20:09:30+0300</time>
</trkpt>
<trkpt lat="59.4509283" lon="25.114015">
<ele>357.1</ele>
<time>2026-08-27T20:09:31+0300</time>
</trkpt>
<trkpt lat="59.4508517" lon="25.1138367">
<ele>357.3</ele>
<time>2026-08-27T20:09:32+0300</time>
</trkpt>
<trkpt lat="59.4507717" lon="25.1136633">
<ele>357.40000000000003</ele>
<time>2026-08-27T20:09:33+0300</time>
</trkpt>
<trkpt lat="59.4506983" lon="25.1134933">
<ele>357.90000000000003</ele>
<time>2026-08-27T20:09:34+0300</time>
</trkpt>
<trkpt lat="59.4506283" lon="25.1133233">
<ele>358.70000000000005</ele>
<time>2026-08-27T20:09:35+0300</time>
</trkpt>
<trkpt lat="59.4505583" lon="25.11315">
<ele>359.1</ele>
<time>2026-08-27T20:09:36+0300</time>
</trkpt>
<trkpt lat="59.45048" lon="25.11298">
<ele>359.6</ele>
<time>2026-08-27T20:09:37+0300</time>
</trkpt>
<trkpt lat="59.4503933" lon="25.1128167">
<ele>359.90000000000003</ele>
<time>2026-08-27T20:09:38+0300</time>
</trkpt>
<trkpt lat="59.4502983" lon="25.1126733">
<ele>359.8</ele>
<time>2026-08-27T20:09:39+0300</time>
</trkpt>
<trkpt lat="59.4501933" lon="25.1125567">
<ele>360.1</ele>
<time>2026-08-27T20:09:40+0300</time>
</trkpt>
<trkpt lat="59.450085" lon="25.1124683">
<ele>360.5</ele>
<time>2026-08-27T20:09:41+0300</time>
</trkpt>
<trkpt lat="59.449975" lon="25.1124067">
<ele>360.8</ele>
<time>2026-08-27T20:09:42+0300</time>
</trkpt>
<trkpt lat="59.4498667" lon="25.1123667">
<ele>361.0</ele>
<time>2026-08-27T20:09:43+0300</time>
</trkpt>
<trkpt lat="59.4497583" lon="25.11234">
<ele>361.20000000000005</ele>
<time>2026-08-27T20:09:44+0300</time>
</trkpt>
<trkpt lat="59.4496483" lon="25.112325">
<ele>361.3</ele>
<time>2026-08-27T20:09:45+0300</time>
</trkpt>
<trkpt lat="59.4495417" lon="25.1123233">
<ele>360.6</ele>
<time>2026-08-27T20:09:46+0300</time>
</trkpt>
<trkpt lat="59.4494317" lon="25.1123333">
<ele>360.6</ele>
<time>2026-08-27T20:09:47+0300</time>
</trkpt>
<trkpt lat="59.4493233" lon="25.11236">
<ele>360.20000000000005</ele>
<time>2026-08-27T20:09:48+0300</time>
</trkpt>
<trkpt lat="59.4492183" lon="25.1124033">
<ele>359.70000000000005</ele>
<time>2026-08-27T20:09:49+0300</time>
</trkpt>
<trkpt lat="59.449115" lon="25.1124633">
<ele>359.0</ele>
<time>2026-08-27T20:09:50+0300</time>
</trkpt>
<trkpt lat="59.449015" lon="25.1125283">
<ele>358.8</ele>
<time>2026-08-27T20:09:51+0300</time>
</trkpt>
<trkpt lat="59.4489117" lon="25.1125833">
<ele>359.1</ele>
<time>2026-08-27T20:09:52+0300</time>
</trkpt>
<trkpt lat="59.4488067" lon="25.1126267">
<ele>358.8</ele>
<time>2026-08-27T20:09:53+0300</time>
</trkpt>
<trkpt lat="59.4486967" lon="25.1126483">
<ele>358.40000000000003</ele>
<time>2026-08-27T20:09:54+0300</time>
</trkpt>
<trkpt lat="59.4485833" lon="25.11264">
<ele>358.20000000000005</ele>
<time>2026-08-27T20:09:55+0300</time>
</trkpt>
<trkpt lat="59.4484683" lon="25.1125967">
<ele>357.90000000000003</ele>
<time>2026-08-27T20:09:56+0300</time>
</trkpt>
<trkpt lat="59.4483583" lon="25.1125167">
<ele>358.20000000000005</ele>
<time>2026-08-27T20:09:57+0300</time>
</trkpt>
<trkpt lat="59.448255" lon="25.11241">
<ele>359.1</ele>
<time>2026-08-27T20:09:58+0300</time>
</trkpt>
<trkpt lat="59.4481533" lon="25.1123">
<ele>359.90000000000003</ele>
<time>2026-08-27T20:09:59+0300</time>
</trkpt>
<trkpt lat="59.4480517" lon="25.1121983">
<ele>360.20000000000005</ele>
<time>2026-08-27T20:10:00+0300</time>
</trkpt>
<trkpt lat="59.4479467" lon="25.11213">
<ele>360.5</ele>
<time>2026-08-27T20:10:01+0300</time>
</trkpt>
<trkpt lat="59.4478367" lon="25.1121017">
<ele>360.70000000000005</ele>
<time>2026-08-27T20:10:02+0300</time>
</trkpt>
<trkpt lat="59.4477317" lon="25.1121233">
<ele>360.3</ele>
<time>2026-08-27T20:10:03+0300</time>
</trkpt>
<trkpt lat="59.4476333" lon="25.112195">
<ele>359.6</ele>
<time>2026-08-27T20:10:04+0300</time>
</trkpt>
<trkpt lat="59.4475483" lon="25.112315">
<ele>358.6</ele>
<time>2026-08-27T20:10:05+0300</time>
</trkpt>
<trkpt lat="59.44749" lon="25.112485">
<ele>357.90000000000003</ele>
<time>2026-08-27T20:10:06+0300</time>
</trkpt>
<trkpt lat="59.4474567" lon="25.1126767">
<ele>358.0</ele>
<time>2026-08-27T20:10:07+0300</time>
</trkpt>
<trkpt lat="59.4474567" lon="25.1128783">
<ele>358.5</ele>
<time>2026-08-27T20:10:08+0300</time>
</trkpt>
<trkpt lat="59.4474867" lon="25.11307">
<ele>359.20000000000005</ele>
<time>2026-08-27T20:10:09+0300</time>
</trkpt>
<trkpt lat="59.4475533" lon="25.113235">
<ele>359.0</ele>
<time>2026-08-27T20:10:10+0300</time>
</trkpt>
<trkpt lat="59.4476467" lon="25.1133483">
<ele>358.8</ele>
<time>2026-08-27T20:10:11+0300</time>
</trkpt>
<trkpt lat="59.447755" lon="25.1133967">
<ele>357.90000000000003</ele>
<time>2026-08-27T20:10:12+0300</time>
</trkpt>
<trkpt lat="59.4478733" lon="25.1133883">
<ele>357.6</ele>
<time>2026-08-27T20:10:13+0300</time>
</trkpt>
<trkpt lat="59.4479933" lon="25.1133133">
<ele>360.0</ele>
<time>2026-08-27T20:10:14+0300</time>
</trkpt>
<trkpt lat="59.44809" lon="25.1131817">
<ele>359.40000000000003</ele>
<time>2026-08-27T20:10:15+0300</time>
</trkpt>
<trkpt lat="59.44817" lon="25.1130183">
<ele>360.0</ele>
<time>2026-08-27T20:10:16+0300</time>
</trkpt>
<trkpt lat="59.44824" lon="25.112845">
<ele>360.6</ele>
<time>2026-08-27T20:10:17+0300</time>
</trkpt>
<trkpt lat="59.4483133" lon="25.112685">
<ele>360.8</ele>
<time>2026-08-27T20:10:18+0300</time>
</trkpt>
<trkpt lat="59.4483983" lon="25.1125567">
<ele>360.70000000000005</ele>
<time>2026-08-27T20:10:19+0300</time>
</trkpt>
<trkpt lat="59.4484983" lon="25.1124667">
<ele>360.5</ele>
<time>2026-08-27T20:10:20+0300</time>
</trkpt>
<trkpt lat="59.4486017" lon="25.1123833">
<ele>359.8</ele>
<time>2026-08-27T20:10:21+0300</time>
</trkpt>
<trkpt lat="59.4487067" lon="25.1123183">
<ele>359.20000000000005</ele>
<time>2026-08-27T20:10:22+0300</time>
</trkpt>
<trkpt lat="59.4488117" lon="25.1122717">
<ele>359.0</ele>
<time>2026-08-27T20:10:23+0300</time>
</trkpt>
<trkpt lat="59.4489183" lon="25.11224">
<ele>358.8</ele>
<time>2026-08-27T20:10:24+0300</time>
</trkpt>
<trkpt lat="59.4490267" lon="25.1122283">
<ele>358.5</ele>
<time>2026-08-27T20:10:25+0300</time>
</trkpt>
<trkpt lat="59.4491317" lon="25.1122383">
<ele>358.70000000000005</ele>
<time>2026-08-27T20:10:26+0300</time>
</trkpt>
<trkpt lat="59.4492333" lon="25.1122717">
<ele>357.8</ele>
<time>2026-08-27T20:10:27+0300</time>
</trkpt>
<trkpt lat="59.44934" lon="25.1123117">
<ele>357.90000000000003</ele>
<time>2026-08-27T20:10:28+0300</time>
</trkpt>
<trkpt lat="59.4494483" lon="25.11233">
<ele>357.90000000000003</ele>
<time>2026-08-27T20:10:29+0300</time>
</trkpt>
<trkpt lat="59.4495533" lon="25.1123183">
<ele>357.90000000000003</ele>
<time>2026-08-27T20:10:30+0300</time>
</trkpt>
<trkpt lat="59.449655" lon="25.112265">
<ele>358.3</ele>
<time>2026-08-27T20:10:31+0300</time>
</trkpt>
<trkpt lat="59.449755" lon="25.11218">
<ele>358.8</ele>
<time>2026-08-27T20:10:32+0300</time>
</trkpt>
<trkpt lat="59.449855" lon="25.1120867">
<ele>359.20000000000005</ele>
<time>2026-08-27T20:10:33+0300</time>
</trkpt>
<trkpt lat="59.4499567" lon="25.1120133">
<ele>359.3</ele>
<time>2026-08-27T20:10:34+0300</time>
</trkpt>
<trkpt lat="59.4500633" lon="25.1119733">
<ele>358.90000000000003</ele>
<time>2026-08-27T20:10:35+0300</time>
</trkpt>
<trkpt lat="59.4501783" lon="25.1119617">
<ele>358.8</ele>
<time>2026-08-27T20:10:36+0300</time>
</trkpt>
<trkpt lat="59.4502917" lon="25.1119633">
<ele>359.1</ele>
<time>2026-08-27T20:10:37+0300</time>
</trkpt>
<trkpt lat="59.4504017" lon="25.1119667">
<ele>359.40000000000003</ele>
<time>2026-08-27T20:10:38+0300</time>
</trkpt>
<trkpt lat="59.4505067" lon="25.1119633">
<ele>359.8</ele>
<time>2026-08-27T20:10:39+0300</time>
</trkpt>
<trkpt lat="59.4506067" lon="25.1119517">
<ele>360.40000000000003</ele>
<time>2026-08-27T20:10:40+0300</time>
</trkpt>
<trkpt lat="59.4507133" lon="25.1119467">
<ele>359.5</ele>
<time>2026-08-27T20:10:41+0300</time>
</trkpt>
<trkpt lat="59.4508167" lon="25.1119367">
<ele>359.6</ele>
<time>2026-08-27T20:10:42+0300</time>
</trkpt>
<trkpt lat="59.4509217" lon="25.11193">
<ele>359.40000000000003</ele>
<time>2026-08-27T20:10:43+0300</time>
</trkpt>
<trkpt lat="59.4510317" lon="25.1119267">
<ele>359.6</ele>
<time>2026-08-27T20:10:44+0300</time>
</trkpt>
<trkpt lat="59.4511383" lon="25.1119233">
<ele>360.1</ele>
<time>2026-08-27T20:10:45+0300</time>
</trkpt>
<trkpt lat="59.4512417" lon="25.1119283">
<ele>360.70000000000005</ele>
<time>2026-08-27T20:10:46+0300</time>
</trkpt>
<trkpt lat="59.451345" lon="25.1119417">
<ele>361.6</ele>
<time>2026-08-27T20:10:47+0300</time>
</trkpt>
<trkpt lat="59.4514467" lon="25.1119617">
<ele>362.3</ele>
<time>2026-08-27T20:10:48+0300</time>
</trkpt>
<trkpt lat="59.4515483" lon="25.1119717">
<ele>362.8</ele>
<time>2026-08-27T20:10:49+0300</time>
</trkpt>
<trkpt lat="59.4516533" lon="25.1119567">
<ele>363.1</ele>
<time>2026-08-27T20:10:50+0300</time>
</trkpt>
<trkpt lat="59.45176" lon="25.111915">
<ele>363.6</ele>
<time>2026-08-27T20:10:51+0300</time>
</trkpt>
<trkpt lat="59.4518633" lon="25.11186">
<ele>364.5</ele>
<time>2026-08-27T20:10:52+0300</time>
</trkpt>
<trkpt lat="59.4519667" lon="25.1118067">
<ele>365.1</ele>
<time>2026-08-27T20:10:53+0300</time>
</trkpt>
<trkpt lat="59.452075" lon="25.1117667">
<ele>365.8</ele>
<time>2026-08-27T20:10:54+0300</time>
</trkpt>
<trkpt lat="59.4521833" lon="25.1117317">
<ele>365.90000000000003</ele>
<time>2026-08-27T20:10:55+0300</time>
</trkpt>
<trkpt lat="59.4522883" lon="25.1116817">
<ele>366.0</ele>
<time>2026-08-27T20:10:56+0300</time>
</trkpt>
<trkpt lat="59.4523917" lon="25.1116067">
<ele>366.6</ele>
<time>2026-08-27T20:10:57+0300</time>
</trkpt>
<trkpt lat="59.4524833" lon="25.1115">
<ele>367.1</ele>
<time>2026-08-27T20:10:58+0300</time>
</trkpt>
<trkpt lat="59.452575" lon="25.111375">
<ele>367.6</ele>
<time>2026-08-27T20:10:59+0300</time>
</trkpt>
<trkpt lat="59.4526633" lon="25.1112467">
<ele>368.5</ele>
<time>2026-08-27T20:11:00+0300</time>
</trkpt>
<trkpt lat="59.45275" lon="25.1111233">
<ele>369.20000000000005</ele>
<time>2026-08-27T20:11:01+0300</time>
</trkpt>
<trkpt lat="59.4528417" lon="25.11101">
<ele>369.70000000000005</ele>
<time>2026-08-27T20:11:02+0300</time>
</trkpt>
<trkpt lat="59.4529333" lon="25.1108983">
<ele>370.20000000000005</ele>
<time>2026-08-27T20:11:03+0300</time>
</trkpt>
<trkpt lat="59.4530233" lon="25.11078">
<ele>370.40000000000003</ele>
<time>2026-08-27T20:11:04+0300</time>
</trkpt>
<trkpt lat="59.45311" lon="25.1106483">
<ele>371.0</ele>
<time>2026-08-27T20:11:05+0300</time>
</trkpt>
<trkpt lat="59.4531867" lon="25.1104983">
<ele>371.3</ele>
<time>2026-08-27T20:11:06+0300</time>
</trkpt>
<trkpt lat="59.4532567" lon="25.1103317">
<ele>371.3</ele>
<time>2026-08-27T20:11:07+0300</time>
</trkpt>
<trkpt lat="59.4533217" lon="25.11016">
<ele>371.1</ele>
<time>2026-08-27T20:11:08+0300</time>
</trkpt>
<trkpt lat="59.453385" lon="25.1099867">
<ele>370.8</ele>
<time>2026-08-27T20:11:09+0300</time>
</trkpt>
<trkpt lat="59.4534567" lon="25.109815">
<ele>371.1</ele>
<time>2026-08-27T20:11:10+0300</time>
</trkpt>
<trkpt lat="59.4535367" lon="25.10966">
<ele>371.0</ele>
<time>2026-08-27T20:11:11+0300</time>
</trkpt>
<trkpt lat="59.4536267" lon="25.10953">
<ele>371.40000000000003</ele>
<time>2026-08-27T20:11:12+0300</time>
</trkpt>
<trkpt lat="59.453725" lon="25.1094267">
<ele>371.6</ele>
<time>2026-08-27T20:11:13+0300</time>
</trkpt>
<trkpt lat="59.453825" lon="25.1093483">
<ele>371.90000000000003</ele>
<time>2026-08-27T20:11:14+0300</time>
</trkpt>
<trkpt lat="59.4539267" lon="25.109285">
<ele>371.5</ele>
<time>2026-08-27T20:11:15+0300</time>
</trkpt>
<trkpt lat="59.4540283" lon="25.1092233">
<ele>371.20000000000005</ele>
<time>2026-08-27T20:11:16+0300</time>
</trkpt>
<trkpt lat="59.4541333" lon="25.1091617">
<ele>371.0</ele>
<time>2026-08-27T20:11:17+0300</time>
</trkpt>
<trkpt lat="59.4542367" lon="25.1091033">
<ele>370.6</ele>
<time>2026-08-27T20:11:18+0300</time>
</trkpt>
<trkpt lat="59.4543433" lon="25.1090583">
<ele>370.3</ele>
<time>2026-08-27T20:11:19+0300</time>
</trkpt>
<trkpt lat="59.4544517" lon="25.1090283">
<ele>370.6</ele>
<time>2026-08-27T20:11:20+0300</time>
</trkpt>
<trkpt lat="59.4545583" lon="25.109">
<ele>371.1</ele>
<time>2026-08-27T20:11:21+0300</time>
</trkpt>
<trkpt lat="59.4546633" lon="25.1089733">
<ele>372.0</ele>
<time>2026-08-27T20:11:22+0300</time>
</trkpt>
<trkpt lat="59.4547667" lon="25.1089467">
<ele>372.70000000000005</ele>
<time>2026-08-27T20:11:23+0300</time>
</trkpt>
<trkpt lat="59.4548667" lon="25.1089267">
<ele>372.40000000000003</ele>
<time>2026-08-27T20:11:24+0300</time>
</trkpt>
<trkpt lat="59.45497" lon="25.1089117">
<ele>372.20000000000005</ele>
<time>2026-08-27T20:11:25+0300</time>
</trkpt>
<trkpt lat="59.455075" lon="25.1089017">
<ele>371.70000000000005</ele>
<time>2026-08-27T20:11:26+0300</time>
</trkpt>
<trkpt lat="59.45518" lon="25.1088967">
<ele>371.6</ele>
<time>2026-08-27T20:11:27+0300</time>
</trkpt>
<trkpt lat="59.45529" lon="25.108885">
<ele>372.0</ele>
<time>2026-08-27T20:11:28+0300</time>
</trkpt>
<trkpt lat="59.4553983" lon="25.1088683">
<ele>372.90000000000003</ele>
<time>2026-08-27T20:11:29+0300</time>
</trkpt>
<trkpt lat="59.455505" lon="25.1088483">
<ele>373.6</ele>
<time>2026-08-27T20:11:30+0300</time>
</trkpt>
<trkpt lat="59.45561" lon="25.1088367">
<ele>374.1</ele>
<time>2026-08-27T20:11:31+0300</time>
</trkpt>
<trkpt lat="59.4557117" lon="25.1088533">
<ele>374.3</ele>
<time>2026-08-27T20:11:32+0300</time>
</trkpt>
<trkpt lat="59.4558083" lon="25.10891">
<ele>374.3</ele>
<time>2026-08-27T20:11:33+0300</time>
</trkpt>
<trkpt lat="59.455895" lon="25.1090167">
<ele>373.8</ele>
<time>2026-08-27T20:11:34+0300</time>
</trkpt>
<trkpt lat="59.4559733" lon="25.1091633">
<ele>373.8</ele>
<time>2026-08-27T20:11:35+0300</time>
</trkpt>
<trkpt lat="59.45603" lon="25.10934">
<ele>374.20000000000005</ele>
<time>2026-08-27T20:11:36+0300</time>
</trkpt>
<trkpt lat="59.4560667" lon="25.109535">
<ele>374.6</ele>
<time>2026-08-27T20:11:37+0300</time>
</trkpt>
<trkpt lat="59.456085" lon="25.1097367">
<ele>375.8</ele>
<time>2026-08-27T20:11:38+0300</time>
</trkpt>
<trkpt lat="59.4560767" lon="25.109935">
<ele>377.0</ele>
<time>2026-08-27T20:11:39+0300</time>
</trkpt>
<trkpt lat="59.456055" lon="25.11013">
<ele>378.40000000000003</ele>
<time>2026-08-27T20:11:40+0300</time>
</trkpt>
<trkpt lat="59.4560217" lon="25.1103217">
<ele>379.5</ele>
<time>2026-08-27T20:11:41+0300</time>
</trkpt>
<trkpt lat="59.4559833" lon="25.1105167">
<ele>380.20000000000005</ele>
<time>2026-08-27T20:11:42+0300</time>
</trkpt>
<trkpt lat="59.4559467" lon="25.1107117">
<ele>380.6</ele>
<time>2026-08-27T20:11:43+0300</time>
</trkpt>
<trkpt lat="59.45591" lon="25.1109083">
<ele>381.0</ele>
<time>2026-08-27T20:11:44+0300</time>
</trkpt>
<trkpt lat="59.4558783" lon="25.1111067">
<ele>381.0</ele>
<time>2026-08-27T20:11:45+0300</time>
</trkpt>
<trkpt lat="59.455845" lon="25.1112967">
<ele>381.6</ele>
<time>2026-08-27T20:11:46+0300</time>
</trkpt>
<trkpt lat="59.4558083" lon="25.11148">
<ele>382.6</ele>
<time>2026-08-27T20:11:47+0300</time>
</trkpt>
<trkpt lat="59.455775" lon="25.1116633">
<ele>383.40000000000003</ele>
<time>2026-08-27T20:11:48+0300</time>
</trkpt>
<trkpt lat="59.4557433" lon="25.1118517">
<ele>384.0</ele>
<time>2026-08-27T20:11:49+0300</time>
</trkpt>
<trkpt lat="59.45571" lon="25.11204">
<ele>385.0</ele>
<time>2026-08-27T20:11:50+0300</time>
</trkpt>
<trkpt lat="59.4556717" lon="25.1122267">
<ele>385.8</ele>
<time>2026-08-27T20:11:51+0300</time>
</trkpt>
<trkpt lat="59.4556217" lon="25.1124033">
<ele>386.6</ele>
<time>2026-08-27T20:11:52+0300</time>
</trkpt>
<trkpt lat="59.45556" lon="25.1125733">
<ele>387.70000000000005</ele>
<time>2026-08-27T20:11:53+0300</time>
</trkpt>
<trkpt lat="59.455495" lon="25.112735">
<ele>388.5</ele>
<time>2026-08-27T20:11:54+0300</time>
</trkpt>
<trkpt lat="59.4554333" lon="25.1128983">
<ele>388.90000000000003</ele>
<time>2026-08-27T20:11:55+0300</time>
</trkpt>
<trkpt lat="59.455375" lon="25.1130583">
<ele>389.6</ele>
<time>2026-08-27T20:11:56+0300</time>
</trkpt>
<trkpt lat="59.455315" lon="25.113215">
<ele>388.90000000000003</ele>
<time>2026-08-27T20:11:57+0300</time>
</trkpt>
<trkpt lat="59.455255" lon="25.1133733">
<ele>389.0</ele>
<time>2026-08-27T20:11:58+0300</time>
</trkpt>
<trkpt lat="59.4551933" lon="25.113535">
<ele>389.0</ele>
<time>2026-08-27T20:11:59+0300</time>
</trkpt>
<trkpt lat="59.4551267" lon="25.113695">
<ele>388.8</ele>
<time>2026-08-27T20:12:00+0300</time>
</trkpt>
<trkpt lat="59.45506" lon="25.1138517">
<ele>388.90000000000003</ele>
<time>2026-08-27T20:12:01+0300</time>
</trkpt>
<trkpt lat="59.454995" lon="25.11401">
<ele>389.5</ele>
<time>2026-08-27T20:12:02+0300</time>
</trkpt>
<trkpt lat="59.4549283" lon="25.1141617">
<ele>389.20000000000005</ele>
<time>2026-08-27T20:12:03+0300</time>
</trkpt>
<trkpt lat="59.45486" lon="25.1143117">
<ele>389.20000000000005</ele>
<time>2026-08-27T20:12:04+0300</time>
</trkpt>
<trkpt lat="59.454785" lon="25.1144533">
<ele>388.90000000000003</ele>
<time>2026-08-27T20:12:05+0300</time>
</trkpt>
<trkpt lat="59.4547017" lon="25.11458">
<ele>388.3</ele>
<time>2026-08-27T20:12:06+0300</time>
</trkpt>
<trkpt lat="59.4546067" lon="25.1146867">
<ele>388.0</ele>
<time>2026-08-27T20:12:07+0300</time>
</trkpt>
<trkpt lat="59.4545" lon="25.1147617">
<ele>387.6</ele>
<time>2026-08-27T20:12:08+0300</time>
</trkpt>
<trkpt lat="59.4543883" lon="25.1148067">
<ele>387.20000000000005</ele>
<time>2026-08-27T20:12:09+0300</time>
</trkpt>
<trkpt lat="59.4542767" lon="25.1148217">
<ele>387.0</ele>
<time>2026-08-27T20:12:10+0300</time>
</trkpt>
<trkpt lat="59.454165" lon="25.1148033">
<ele>386.6</ele>
<time>2026-08-27T20:12:11+0300</time>
</trkpt>
<trkpt lat="59.4540567" lon="25.1147533">
<ele>386.5</ele>
<time>2026-08-27T20:12:12+0300</time>
</trkpt>
<trkpt lat="59.4539533" lon="25.114665">
<ele>386.6</ele>
<time>2026-08-27T20:12:13+0300</time>
</trkpt>
<trkpt lat="59.4538583" lon="25.1145433">
<ele>386.6</ele>
<time>2026-08-27T20:12:14+0300</time>
</trkpt>
<trkpt lat="59.453775" lon="25.11439">
<ele>387.1</ele>
<time>2026-08-27T20:12:15+0300</time>
</trkpt>
<trkpt lat="59.4536967" lon="25.114215">
<ele>387.20000000000005</ele>
<time>2026-08-27T20:12:16+0300</time>
</trkpt>
<trkpt lat="59.4536267" lon="25.1140283">
<ele>387.6</ele>
<time>2026-08-27T20:12:17+0300</time>
</trkpt>
<trkpt lat="59.4535667" lon="25.1138317">
<ele>387.90000000000003</ele>
<time>2026-08-27T20:12:18+0300</time>
</trkpt>
<trkpt lat="59.45352" lon="25.11363">
<ele>388.20000000000005</ele>
<time>2026-08-27T20:12:19+0300</time>
</trkpt>
<trkpt lat="59.4534833" lon="25.11342">
<ele>388.20000000000005</ele>
<time>2026-08-27T20:12:20+0300</time>
</trkpt>
<trkpt lat="59.453455" lon="25.1132033">
<ele>388.1</ele>
<time>2026-08-27T20:12:21+0300</time>
</trkpt>
<trkpt lat="59.4534317" lon="25.11298">
<ele>387.6</ele>
<time>2026-08-27T20:12:22+0300</time>
</trkpt>
<trkpt lat="59.453415" lon="25.1127517">
<ele>387.20000000000005</ele>
<time>2026-08-27T20:12:23+0300</time>
</trkpt>
<trkpt lat="59.4534067" lon="25.112525">
<ele>386.90000000000003</ele>
<time>2026-08-27T20:12:24+0300</time>
</trkpt>
<trkpt lat="59.4534067" lon="25.1123">
<ele>386.3</ele>
<time>2026-08-27T20:12:25+0300</time>
</trkpt>
<trkpt lat="59.4534233" lon="25.1120767">
<ele>385.6</ele>
<time>2026-08-27T20:12:26+0300</time>
</trkpt>
<trkpt lat="59.4534517" lon="25.1118567">
<ele>384.90000000000003</ele>
<time>2026-08-27T20:12:27+0300</time>
</trkpt>
<trkpt lat="59.4534933" lon="25.1116417">
<ele>384.5</ele>
<time>2026-08-27T20:12:28+0300</time>
</trkpt>
<trkpt lat="59.45354" lon="25.1114317">
<ele>384.6</ele>
<time>2026-08-27T20:12:29+0300</time>
</trkpt>
<trkpt lat="59.45359" lon="25.11123">
<ele>384.90000000000003</ele>
<time>2026-08-27T20:12:30+0300</time>
</trkpt>
<trkpt lat="59.4536417" lon="25.1110317">
<ele>385.6</ele>
<time>2026-08-27T20:12:31+0300</time>
</trkpt>
<trkpt lat="59.453695" lon="25.1108367">
<ele>386.40000000000003</ele>
<time>2026-08-27T20:12:32+0300</time>
</trkpt>
<trkpt lat="59.4537517" lon="25.1106483">
<ele>387.0</ele>
<time>2026-08-27T20:12:33+0300</time>
</trkpt>
<trkpt lat="59.4538133" lon="25.110465">
<ele>387.3</ele>
<time>2026-08-27T20:12:34+0300</time>
</trkpt>
<trkpt lat="59.4538767" lon="25.1102883">
<ele>387.40000000000003</ele>
<time>2026-08-27T20:12:35+0300</time>
</trkpt>
<trkpt lat="59.4539467" lon="25.1101133">
<ele>388.0</ele>
<time>2026-08-27T20:12:36+0300</time>
</trkpt>
<trkpt lat="59.4540183" lon="25.1099433">
<ele>388.40000000000003</ele>
<time>2026-08-27T20:12:37+0300</time>
</trkpt>
<trkpt lat="59.4540917" lon="25.1097833">
<ele>388.6</ele>
<time>2026-08-27T20:12:38+0300</time>
</trkpt>
<trkpt lat="59.454165" lon="25.1096267">
<ele>389.0</ele>
<time>2026-08-27T20:12:39+0300</time>
</trkpt>
<trkpt lat="59.45424" lon="25.1094733">
<ele>389.20000000000005</ele>
<time>2026-08-27T20:12:40+0300</time>
</trkpt>
<trkpt lat="59.454315" lon="25.109315">
<ele>389.6</ele>
<time>2026-08-27T20:12:41+0300</time>
</trkpt>
<trkpt lat="59.4543817" lon="25.109145">
<ele>389.40000000000003</ele>
<time>2026-08-27T20:12:42+0300</time>
</trkpt>
<trkpt lat="59.454435" lon="25.10895">
<ele>389.20000000000005</ele>
<time>2026-08-27T20:12:43+0300</time>
</trkpt>
<trkpt lat="59.4544733" lon="25.1087333">
<ele>389.1</ele>
<time>2026-08-27T20:12:44+0300</time>
</trkpt>
<trkpt lat="59.4544983" lon="25.1085117">
<ele>389.8</ele>
<time>2026-08-27T20:12:45+0300</time>
</trkpt>
<trkpt lat="59.454515" lon="25.1082933">
<ele>390.6</ele>
<time>2026-08-27T20:12:46+0300</time>
</trkpt>
<trkpt lat="59.4545317" lon="25.1080783">
<ele>390.90000000000003</ele>
<time>2026-08-27T20:12:47+0300</time>
</trkpt>
<trkpt lat="59.45455" lon="25.1078633">
<ele>391.1</ele>
<time>2026-08-27T20:12:48+0300</time>
</trkpt>
<trkpt lat="59.4545717" lon="25.1076517">
<ele>391.3</ele>
<time>2026-08-27T20:12:49+0300</time>
</trkpt>
<trkpt lat="59.4545933" lon="25.1074367">
<ele>391.20000000000005</ele>
<time>2026-08-27T20:12:50+0300</time>
</trkpt>
<trkpt lat="59.45461" lon="25.107215">
<ele>391.20000000000005</ele>
<time>2026-08-27T20:12:51+0300</time>
</trkpt>
<trkpt lat="59.454625" lon="25.1069917">
<ele>391.0</ele>
<time>2026-08-27T20:12:52+0300</time>
</trkpt>
<trkpt lat="59.4546417" lon="25.10677">
<ele>390.90000000000003</ele>
<time>2026-08-27T20:12:53+0300</time>
</trkpt>
<trkpt lat="59.4546617" lon="25.1065533">
<ele>390.8</ele>
<time>2026-08-27T20:12:54+0300</time>
</trkpt>
<trkpt lat="59.4546867" lon="25.1063433">
<ele>390.6</ele>
<time>2026-08-27T20:12:55+0300</time>
</trkpt>
<trkpt lat="59.45471" lon="25.1061367">
<ele>389.20000000000005</ele>
<time>2026-08-27T20:12:56+0300</time>
</trkpt>
<trkpt lat="59.454745" lon="25.1059267">
<ele>389.1</ele>
<time>2026-08-27T20:12:57+0300</time>
</trkpt>
<trkpt lat="59.4547833" lon="25.1057167">
<ele>389.1</ele>
<time>2026-08-27T20:12:58+0300</time>
</trkpt>
<trkpt lat="59.4548267" lon="25.1055117">
<ele>388.8</ele>
<time>2026-08-27T20:12:59+0300</time>
</trkpt>
<trkpt lat="59.4548733" lon="25.10531">
<ele>388.70000000000005</ele>
<time>2026-08-27T20:13:00+0300</time>
</trkpt>
<trkpt lat="59.4549233" lon="25.1051117">
<ele>388.90000000000003</ele>
<time>2026-08-27T20:13:01+0300</time>
</trkpt>
<trkpt lat="59.4549817" lon="25.1049233">
<ele>389.0</ele>
<time>2026-08-27T20:13:02+0300</time>
</trkpt>
<trkpt lat="59.455045" lon="25.1047433">
<ele>389.5</ele>
<time>2026-08-27T20:13:03+0300</time>
</trkpt>
<trkpt lat="59.455115" lon="25.1045733">
<ele>390.20000000000005</ele>
<time>2026-08-27T20:13:04+0300</time>
</trkpt>
<trkpt lat="59.4551933" lon="25.1044183">
<ele>390.8</ele>
<time>2026-08-27T20:13:05+0300</time>
</trkpt>
<trkpt lat="59.45528" lon="25.1042867">
<ele>391.40000000000003</ele>
<time>2026-08-27T20:13:06+0300</time>
</trkpt>
<trkpt lat="59.4553733" lon="25.1041767">
<ele>391.8</ele>
<time>2026-08-27T20:13:07+0300</time>
</trkpt>
<trkpt lat="59.4554717" lon="25.1040933">
<ele>391.90000000000003</ele>
<time>2026-08-27T20:13:08+0300</time>
</trkpt>
<trkpt lat="59.4555733" lon="25.104045">
<ele>391.90000000000003</ele>
<time>2026-08-27T20:13:09+0300</time>
</trkpt>
<trkpt lat="59.4556767" lon="25.10404">
<ele>391.70000000000005</ele>
<time>2026-08-27T20:13:10+0300</time>
</trkpt>
<trkpt lat="59.4557833" lon="25.10408">
<ele>391.40000000000003</ele>
<time>2026-08-27T20:13:11+0300</time>
</trkpt>
<trkpt lat="59.4558833" lon="25.1041633">
<ele>391.0</ele>
<time>2026-08-27T20:13:12+0300</time>
</trkpt>
<trkpt lat="59.45597" lon="25.1042933">
<ele>390.5</ele>
<time>2026-08-27T20:13:13+0300</time>
</trkpt>
<trkpt lat="59.45604" lon="25.1044583">
<ele>390.8</ele>
<time>2026-08-27T20:13:14+0300</time>
</trkpt>
<trkpt lat="59.45609" lon="25.104645">
<ele>391.40000000000003</ele>
<time>2026-08-27T20:13:15+0300</time>
</trkpt>
<trkpt lat="59.4561233" lon="25.104845">
<ele>391.8</ele>
<time>2026-08-27T20:13:16+0300</time>
</trkpt>
<trkpt lat="59.456135" lon="25.1050483">
<ele>392.20000000000005</ele>
<time>2026-08-27T20:13:17+0300</time>
</trkpt>
<trkpt lat="59.4561283" lon="25.1052517">
<ele>393.0</ele>
<time>2026-08-27T20:13:18+0300</time>
</trkpt>
<trkpt lat="59.4561" lon="25.10545">
<ele>394.0</ele>
<time>2026-08-27T20:13:19+0300</time>
</trkpt>
<trkpt lat="59.4560483" lon="25.105635">
<ele>394.40000000000003</ele>
<time>2026-08-27T20:13:20+0300</time>
</trkpt>
<trkpt lat="59.4559767" lon="25.1057917">
<ele>394.70000000000005</ele>
<time>2026-08-27T20:13:21+0300</time>
</trkpt>
<trkpt lat="59.4558867" lon="25.1059183">
<ele>394.90000000000003</ele>
<time>2026-08-27T20:13:22+0300</time>
</trkpt>
<trkpt lat="59.4557817" lon="25.1059983">
<ele>395.3</ele>
<time>2026-08-27T20:13:23+0300</time>
</trkpt>
<trkpt lat="59.4556683" lon="25.1060217">
<ele>395.3</ele>
<time>2026-08-27T20:13:24+0300</time>
</trkpt>
<trkpt lat="59.4555533" lon="25.1060133">
<ele>395.1</ele>
<time>2026-08-27T20:13:25+0300</time>
</trkpt>
<trkpt lat="59.4554383" lon="25.1059717">
<ele>395.0</ele>
<time>2026-08-27T20:13:26+0300</time>
</trkpt>
<trkpt lat="59.45533" lon="25.105895">
<ele>395.40000000000003</ele>
<time>2026-08-27T20:13:27+0300</time>
</trkpt>
<trkpt lat="59.4552267" lon="25.1057933">
<ele>395.40000000000003</ele>
<time>2026-08-27T20:13:28+0300</time>
</trkpt>
<trkpt lat="59.4551283" lon="25.1056817">
<ele>395.8</ele>
<time>2026-08-27T20:13:29+0300</time>
</trkpt>
<trkpt lat="59.45503" lon="25.1055683">
<ele>396.0</ele>
<time>2026-08-27T20:13:30+0300</time>
</trkpt>
<trkpt lat="59.4549283" lon="25.1054633">
<ele>396.40000000000003</ele>
<time>2026-08-27T20:13:31+0300</time>
</trkpt>
<trkpt lat="59.454825" lon="25.1053667">
<ele>396.90000000000003</ele>
<time>2026-08-27T20:13:32+0300</time>
</trkpt>
<trkpt lat="59.4547167" lon="25.1052767">
<ele>397.20000000000005</ele>
<time>2026-08-27T20:13:33+0300</time>
</trkpt>
<trkpt lat="59.454615" lon="25.1051833">
<ele>397.3</ele>
<time>2026-08-27T20:13:34+0300</time>
</trkpt>
<trkpt lat="59.454515" lon="25.1050767">
<ele>397.0</ele>
<time>2026-08-27T20:13:35+0300</time>
</trkpt>
<trkpt lat="59.45442" lon="25.10495">
<ele>397.0</ele>
<time>2026-08-27T20:13:36+0300</time>
</trkpt>
<trkpt lat="59.4543217" lon="25.10483">
<ele>397.0</ele>
<time>2026-08-27T20:13:37+0300</time>
</trkpt>
<trkpt lat="59.4542233" lon="25.104715">
<ele>397.20000000000005</ele>
<time>2026-08-27T20:13:38+0300</time>
</trkpt>
<trkpt lat="59.4541217" lon="25.104605">
<ele>397.5</ele>
<time>2026-08-27T20:13:39+0300</time>
</trkpt>
<trkpt lat="59.4540233" lon="25.1044967">
<ele>397.90000000000003</ele>
<time>2026-08-27T20:13:40+0300</time>
</trkpt>
<trkpt lat="59.453925" lon="25.1043817">
<ele>398.3</ele>
<time>2026-08-27T20:13:41+0300</time>
</trkpt>
<trkpt lat="59.4538333" lon="25.10425">
<ele>398.90000000000003</ele>
<time>2026-08-27T20:13:42+0300</time>
</trkpt>
<trkpt lat="59.453755" lon="25.1040817">
<ele>398.8</ele>
<time>2026-08-27T20:13:43+0300</time>
</trkpt>
<trkpt lat="59.4536967" lon="25.1038817">
<ele>398.5</ele>
<time>2026-08-27T20:13:44+0300</time>
</trkpt>
<trkpt lat="59.45366" lon="25.10366">
<ele>397.6</ele>
<time>2026-08-27T20:13:45+0300</time>
</trkpt>
<trkpt lat="59.4536433" lon="25.1034267">
<ele>396.40000000000003</ele>
<time>2026-08-27T20:13:46+0300</time>
</trkpt>
<trkpt lat="59.4536433" lon="25.1031933">
<ele>395.6</ele>
<time>2026-08-27T20:13:47+0300</time>
</trkpt>
<trkpt lat="59.453655" lon="25.102965">
<ele>394.8</ele>
<time>2026-08-27T20:13:48+0300</time>
</trkpt>
<trkpt lat="59.45368" lon="25.1027467">
<ele>394.40000000000003</ele>
<time>2026-08-27T20:13:49+0300</time>
</trkpt>
<trkpt lat="59.4537117" lon="25.1025367">
<ele>394.0</ele>
<time>2026-08-27T20:13:50+0300</time>
</trkpt>
<trkpt lat="59.4537533" lon="25.10233">
<ele>393.20000000000005</ele>
<time>2026-08-27T20:13:51+0300</time>
</trkpt>
<trkpt lat="59.4538067" lon="25.1021383">
<ele>392.8</ele>
<time>2026-08-27T20:13:52+0300</time>
</trkpt>
<trkpt lat="59.4538767" lon="25.101965">
<ele>392.20000000000005</ele>
<time>2026-08-27T20:13:53+0300</time>
</trkpt>
<trkpt lat="59.4539567" lon="25.1018117">
<ele>392.1</ele>
<time>2026-08-27T20:13:54+0300</time>
</trkpt>
<trkpt lat="59.4540467" lon="25.101695">
<ele>392.40000000000003</ele>
<time>2026-08-27T20:13:55+0300</time>
</trkpt>
<trkpt lat="59.4541433" lon="25.10161">
<ele>392.0</ele>
<time>2026-08-27T20:13:56+0300</time>
</trkpt>
<trkpt lat="59.45424" lon="25.1015417">
<ele>392.0</ele>
<time>2026-08-27T20:13:57+0300</time>
</trkpt>
<trkpt lat="59.45434" lon="25.1014933">
<ele>391.8</ele>
<time>2026-08-27T20:13:58+0300</time>
</trkpt>
<trkpt lat="59.454445" lon="25.101465">
<ele>391.3</ele>
<time>2026-08-27T20:13:59+0300</time>
</trkpt>
<trkpt lat="59.4545533" lon="25.1014633">
<ele>390.5</ele>
<time>2026-08-27T20:14:00+0300</time>
</trkpt>
<trkpt lat="59.4546617" lon="25.1014933">
<ele>389.3</ele>
<time>2026-08-27T20:14:01+0300</time>
</trkpt>
<trkpt lat="59.4547667" lon="25.1015533">
<ele>387.6</ele>
<time>2026-08-27T20:14:02+0300</time>
</trkpt>
<trkpt lat="59.4548617" lon="25.10165">
<ele>385.90000000000003</ele>
<time>2026-08-27T20:14:03+0300</time>
</trkpt>
<trkpt lat="59.454945" lon="25.10177">
<ele>384.3</ele>
<time>2026-08-27T20:14:04+0300</time>
</trkpt>
<trkpt lat="59.4550183" lon="25.1019117">
<ele>383.0</ele>
<time>2026-08-27T20:14:05+0300</time>
</trkpt>
<trkpt lat="59.45508" lon="25.1020667">
<ele>381.5</ele>
<time>2026-08-27T20:14:06+0300</time>
</trkpt>
<trkpt lat="59.4551267" lon="25.10224">
<ele>379.1</ele>
<time>2026-08-27T20:14:07+0300</time>
</trkpt>
<trkpt lat="59.455165" lon="25.1024267">
<ele>376.70000000000005</ele>
<time>2026-08-27T20:14:08+0300</time>
</trkpt>
<trkpt lat="59.4551917" lon="25.1026283">
<ele>374.5</ele>
<time>2026-08-27T20:14:09+0300</time>
</trkpt>
<trkpt lat="59.455205" lon="25.1028333">
<ele>372.0</ele>
<time>2026-08-27T20:14:10+0300</time>
</trkpt>
<trkpt lat="59.4552067" lon="25.103045">
<ele>369.8</ele>
<time>2026-08-27T20:14:11+0300</time>
</trkpt>
<trkpt lat="59.4552017" lon="25.103255">
<ele>367.8</ele>
<time>2026-08-27T20:14:12+0300</time>
</trkpt>
<trkpt lat="59.455185" lon="25.103455">
<ele>365.6</ele>
<time>2026-08-27T20:14:13+0300</time>
</trkpt>
<trkpt lat="59.45516" lon="25.1036483">
<ele>363.20000000000005</ele>
<time>2026-08-27T20:14:14+0300</time>
</trkpt>
<trkpt lat="59.4551233" lon="25.1038367">
<ele>360.3</ele>
<time>2026-08-27T20:14:15+0300</time>
</trkpt>
<trkpt lat="59.4550867" lon="25.1040317">
<ele>357.20000000000005</ele>
<time>2026-08-27T20:14:16+0300</time>
</trkpt>
<trkpt lat="59.4550583" lon="25.10423">
<ele>354.5</ele>
<time>2026-08-27T20:14:17+0300</time>
</trkpt>
<trkpt lat="59.455045" lon="25.1044383">
<ele>352.20000000000005</ele>
<time>2026-08-27T20:14:18+0300</time>
</trkpt>
<trkpt lat="59.45504" lon="25.1046483">
<ele>349.90000000000003</ele>
<time>2026-08-27T20:14:19+0300</time>
</trkpt>
<trkpt lat="59.455035" lon="25.1048517">
<ele>347.8</ele>
<time>2026-08-27T20:14:20+0300</time>
</trkpt>
<trkpt lat="59.455025" lon="25.1050483">
<ele>345.8</ele>
<time>2026-08-27T20:14:21+0300</time>
</trkpt>
<trkpt lat="59.4550117" lon="25.10524">
<ele>343.8</ele>
<time>2026-08-27T20:14:22+0300</time>
</trkpt>
<trkpt lat="59.4550017" lon="25.10543">
<ele>341.40000000000003</ele>
<time>2026-08-27T20:14:23+0300</time>
</trkpt>
<trkpt lat="59.4549983" lon="25.105625">
<ele>338.70000000000005</ele>
<time>2026-08-27T20:14:24+0300</time>
</trkpt>
<trkpt lat="59.455" lon="25.1058267">
<ele>336.3</ele>
<time>2026-08-27T20:14:25+0300</time>
</trkpt>
<trkpt lat="59.4550017" lon="25.106025">
<ele>334.1</ele>
<time>2026-08-27T20:14:26+0300</time>
</trkpt>
<trkpt lat="59.455" lon="25.1062233">
<ele>332.1</ele>
<time>2026-08-27T20:14:27+0300</time>
</trkpt>
<trkpt lat="59.4549917" lon="25.106415">
<ele>330.40000000000003</ele>
<time>2026-08-27T20:14:28+0300</time>
</trkpt>
<trkpt lat="59.4549733" lon="25.1066017">
<ele>328.3</ele>
<time>2026-08-27T20:14:29+0300</time>
</trkpt>
<trkpt lat="59.454945" lon="25.1067817">
<ele>326.0</ele>
<time>2026-08-27T20:14:30+0300</time>
</trkpt>
<trkpt lat="59.4549083" lon="25.1069583">
<ele>323.5</ele>
<time>2026-08-27T20:14:31+0300</time>
</trkpt>
<trkpt lat="59.4548633" lon="25.10713">
<ele>320.8</ele>
<time>2026-08-27T20:14:32+0300</time>
</trkpt>
<trkpt lat="59.4548167" lon="25.1073033">
<ele>318.40000000000003</ele>
<time>2026-08-27T20:14:33+0300</time>
</trkpt>
<trkpt lat="59.4547683" lon="25.107475">
<ele>316.1</ele>
<time>2026-08-27T20:14:34+0300</time>
</trkpt>
<trkpt lat="59.4547233" lon="25.1076533">
<ele>313.90000000000003</ele>
<time>2026-08-27T20:14:35+0300</time>
</trkpt>
<trkpt lat="59.45468" lon="25.1078417">
<ele>311.70000000000005</ele>
<time>2026-08-27T20:14:36+0300</time>
</trkpt>
<trkpt lat="59.4546383" lon="25.1080333">
<ele>309.70000000000005</ele>
<time>2026-08-27T20:14:37+0300</time>
</trkpt>
<trkpt lat="59.4545983" lon="25.1082233">
<ele>307.6</ele>
<time>2026-08-27T20:14:38+0300</time>
</trkpt>
<trkpt lat="59.45456" lon="25.108415">
<ele>305.70000000000005</ele>
<time>2026-08-27T20:14:39+0300</time>
</trkpt>
<trkpt lat="59.4545217" lon="25.1086">
<ele>303.8</ele>
<time>2026-08-27T20:14:40+0300</time>
</trkpt>
<trkpt lat="59.4544817" lon="25.1087817">
<ele>301.90000000000003</ele>
<time>2026-08-27T20:14:41+0300</time>
</trkpt>
<trkpt lat="59.4544417" lon="25.10897">
<ele>300.1</ele>
<time>2026-08-27T20:14:42+0300</time>
</trkpt>
<trkpt lat="59.4544033" lon="25.1091567">
<ele>298.3</ele>
<time>2026-08-27T20:14:43+0300</time>
</trkpt>
<trkpt lat="59.45437" lon="25.10935">
<ele>296.6</ele>
<time>2026-08-27T20:14:44+0300</time>
</trkpt>
<trkpt lat="59.4543367" lon="25.1095383">
<ele>295.1</ele>
<time>2026-08-27T20:14:45+0300</time>
</trkpt>
<trkpt lat="59.4543033" lon="25.1097217">
<ele>293.40000000000003</ele>
<time>2026-08-27T20:14:46+0300</time>
</trkpt>
<trkpt lat="59.45427" lon="25.109905">
<ele>291.20000000000005</ele>
<time>2026-08-27T20:14:47+0300</time>
</trkpt>
<trkpt lat="59.4542367" lon="25.11009">
<ele>289.6</ele>
<time>2026-08-27T20:14:48+0300</time>
</trkpt>
<trkpt lat="59.4542033" lon="25.1102733">
<ele>288.0</ele>
<time>2026-08-27T20:14:49+0300</time>
</trkpt>
<trkpt lat="59.4541717" lon="25.11046">
<ele>286.5</ele>
<time>2026-08-27T20:14:50+0300</time>
</trkpt>
<trkpt lat="59.4541367" lon="25.110645">
<ele>284.8</ele>
<time>2026-08-27T20:14:51+0300</time>
</trkpt>
<trkpt lat="59.4541017" lon="25.110825">
<ele>283.1</ele>
<time>2026-08-27T20:14:52+0300</time>
</trkpt>
<trkpt lat="59.4540633" lon="25.1110017">
<ele>281.1</ele>
<time>2026-08-27T20:14:53+0300</time>
</trkpt>
<trkpt lat="59.4540217" lon="25.1111683">
<ele>279.1</ele>
<time>2026-08-27T20:14:54+0300</time>
</trkpt>
<trkpt lat="59.45397" lon="25.1113183">
<ele>277.1</ele>
<time>2026-08-27T20:14:55+0300</time>
</trkpt>
<trkpt lat="59.4539083" lon="25.1114533">
<ele>274.8</ele>
<time>2026-08-27T20:14:56+0300</time>
</trkpt>
<trkpt lat="59.4538383" lon="25.1115783">
<ele>272.5</ele>
<time>2026-08-27T20:14:57+0300</time>
</trkpt>
<trkpt lat="59.453765" lon="25.1117">
<ele>270.6</ele>
<time>2026-08-27T20:14:58+0300</time>
</trkpt>
<trkpt lat="59.45369" lon="25.11182">
<ele>269.1</ele>
<time>2026-08-27T20:14:59+0300</time>
</trkpt>
<trkpt lat="59.453615" lon="25.1119367">
<ele>267.5</ele>
<time>2026-08-27T20:15:00+0300</time>
</trkpt>
<trkpt lat="59.4535383" lon="25.1120417">
<ele>266.0</ele>
<time>2026-08-27T20:15:01+0300</time>
</trkpt>
<trkpt lat="59.453455" lon="25.1121233">
<ele>264.3</ele>
<time>2026-08-27T20:15:02+0300</time>
</trkpt>
<trkpt lat="59.4533667" lon="25.1121783">
<ele>263.0</ele>
<time>2026-08-27T20:15:03+0300</time>
</trkpt>
<trkpt lat="59.4532717" lon="25.112205">
<ele>261.5</ele>
<time>2026-08-27T20:15:04+0300</time>
</trkpt>
<trkpt lat="59.4531717" lon="25.1121967">
<ele>259.5</ele>
<time>2026-08-27T20:15:05+0300</time>
</trkpt>
<trkpt lat="59.4530683" lon="25.1121617">
<ele>257.7</ele>
<time>2026-08-27T20:15:06+0300</time>
</trkpt>
<trkpt lat="59.4529617" lon="25.1121117">
<ele>255.7</ele>
<time>2026-08-27T20:15:07+0300</time>
</trkpt>
<trkpt lat="59.4528533" lon="25.112065">
<ele>253.6</ele>
<time>2026-08-27T20:15:08+0300</time>
</trkpt>
<trkpt lat="59.4527467" lon="25.1120383">
<ele>251.4</ele>
<time>2026-08-27T20:15:09+0300</time>
</trkpt>
<trkpt lat="59.4526433" lon="25.1120367">
<ele>249.5</ele>
<time>2026-08-27T20:15:10+0300</time>
</trkpt>
<trkpt lat="59.452545" lon="25.1120417">
<ele>247.5</ele>
<time>2026-08-27T20:15:11+0300</time>
</trkpt>
<trkpt lat="59.4524467" lon="25.1120417">
<ele>245.1</ele>
<time>2026-08-27T20:15:12+0300</time>
</trkpt>
<trkpt lat="59.4523483" lon="25.1120283">
<ele>243.2</ele>
<time>2026-08-27T20:15:13+0300</time>
</trkpt>
<trkpt lat="59.45225" lon="25.1120067">
<ele>241.29999999999998</ele>
<time>2026-08-27T20:15:14+0300</time>
</trkpt>
<trkpt lat="59.4521483" lon="25.1119883">
<ele>239.29999999999998</ele>
<time>2026-08-27T20:15:15+0300</time>
</trkpt>
<trkpt lat="59.452045" lon="25.1119733">
<ele>237.7</ele>
<time>2026-08-27T20:15:16+0300</time>
</trkpt>
<trkpt lat="59.4519433" lon="25.11195">
<ele>236.2</ele>
<time>2026-08-27T20:15:17+0300</time>
</trkpt>
<trkpt lat="59.451845" lon="25.1119083">
<ele>234.29999999999998</ele>
<time>2026-08-27T20:15:18+0300</time>
</trkpt>
<trkpt lat="59.4517533" lon="25.1118283">
<ele>232.6</ele>
<time>2026-08-27T20:15:19+0300</time>
</trkpt>
<trkpt lat="59.4516717" lon="25.1117">
<ele>230.9</ele>
<time>2026-08-27T20:15:20+0300</time>
</trkpt>
<trkpt lat="59.45161" lon="25.1115167">
<ele>228.79999999999998</ele>
<time>2026-08-27T20:15:21+0300</time>
</trkpt>
<trkpt lat="59.4515667" lon="25.1112933">
<ele>226.6</ele>
<time>2026-08-27T20:15:22+0300</time>
</trkpt>
<trkpt lat="59.4515367" lon="25.1110533">
<ele>224.4</ele>
<time>2026-08-27T20:15:23+0300</time>
</trkpt>
<trkpt lat="59.45152" lon="25.110815">
<ele>222.0</ele>
<time>2026-08-27T20:15:24+0300</time>
</trkpt>
<trkpt lat="59.4515167" lon="25.11058">
<ele>219.9</ele>
<time>2026-08-27T20:15:25+0300</time>
</trkpt>
<trkpt lat="59.4515233" lon="25.1103433">
<ele>217.29999999999998</ele>
<time>2026-08-27T20:15:26+0300</time>
</trkpt>
<trkpt lat="59.451535" lon="25.1101033">
<ele>214.4</ele>
<time>2026-08-27T20:15:27+0300</time>
</trkpt>
<trkpt lat="59.4515467" lon="25.1098567">
<ele>211.7</ele>
<time>2026-08-27T20:15:28+0300</time>
</trkpt>
<trkpt lat="59.4515567" lon="25.1096017">
<ele>208.9</ele>
<time>2026-08-27T20:15:29+0300</time>
</trkpt>
<trkpt lat="59.4515667" lon="25.1093417">
<ele>206.6</ele>
<time>2026-08-27T20:15:30+0300</time>
</trkpt>
<trkpt lat="59.4515767" lon="25.1090817">
<ele>204.5</ele>
<time>2026-08-27T20:15:31+0300</time>
</trkpt>
<trkpt lat="59.4515933" lon="25.1088267">
<ele>202.6</ele>
<time>2026-08-27T20:15:32+0300</time>
</trkpt>
<trkpt lat="59.4516183" lon="25.1085867">
<ele>200.6</ele>
<time>2026-08-27T20:15:33+0300</time>
</trkpt>
<trkpt lat="59.45165" lon="25.1083533">
<ele>198.7</ele>
<time>2026-08-27T20:15:34+0300</time>
</trkpt>
<trkpt lat="59.4516867" lon="25.1081233">
<ele>197.0</ele>
<time>2026-08-27T20:15:35+0300</time>
</trkpt>
<trkpt lat="59.4517233" lon="25.1078933">
<ele>194.79999999999998</ele>
<time>2026-08-27T20:15:36+0300</time>
</trkpt>
<trkpt lat="59.4517667" lon="25.1076633">
<ele>192.7</ele>
<time>2026-08-27T20:15:37+0300</time>
</trkpt>
<trkpt lat="59.451815" lon="25.1074333">
<ele>190.5</ele>
<time>2026-08-27T20:15:38+0300</time>
</trkpt>
<trkpt lat="59.4518683" lon="25.1072067">
<ele>188.2</ele>
<time>2026-08-27T20:15:39+0300</time>
</trkpt>
<trkpt lat="59.4519267" lon="25.1069883">
<ele>186.0</ele>
<time>2026-08-27T20:15:40+0300</time>
</trkpt>
<trkpt lat="59.4519883" lon="25.10677">
<ele>183.9</ele>
<time>2026-08-27T20:15:41+0300</time>
</trkpt>
<trkpt lat="59.4520533" lon="25.1065617">
<ele>182.1</ele>
<time>2026-08-27T20:15:42+0300</time>
</trkpt>
<trkpt lat="59.45212" lon="25.1063583">
<ele>180.29999999999998</ele>
<time>2026-08-27T20:15:43+0300</time>
</trkpt>
<trkpt lat="59.4521933" lon="25.10617">
<ele>178.6</ele>
<time>2026-08-27T20:15:44+0300</time>
</trkpt>
<trkpt lat="59.45227" lon="25.1059967">
<ele>176.79999999999998</ele>
<time>2026-08-27T20:15:45+0300</time>
</trkpt>
<trkpt lat="59.4523533" lon="25.1058367">
<ele>174.6</ele>
<time>2026-08-27T20:15:46+0300</time>
</trkpt>
<trkpt lat="59.4524417" lon="25.105685">
<ele>172.6</ele>
<time>2026-08-27T20:15:47+0300</time>
</trkpt>
<trkpt lat="59.452535" lon="25.1055533">
<ele>170.6</ele>
<time>2026-08-27T20:15:48+0300</time>
</trkpt>
<trkpt lat="59.452635" lon="25.1054467">
<ele>169.0</ele>
<time>2026-08-27T20:15:49+0300</time>
</trkpt>
<trkpt lat="59.4527383" lon="25.1053617">
<ele>167.4</ele>
<time>2026-08-27T20:15:50+0300</time>
</trkpt>
<trkpt lat="59.452845" lon="25.1052917">
<ele>166.1</ele>
<time>2026-08-27T20:15:51+0300</time>
</trkpt>
<trkpt lat="59.4529533" lon="25.1052433">
<ele>164.9</ele>
<time>2026-08-27T20:15:52+0300</time>
</trkpt>
<trkpt lat="59.4530633" lon="25.105215">
<ele>163.6</ele>
<time>2026-08-27T20:15:53+0300</time>
</trkpt>
<trkpt lat="59.4531717" lon="25.1052083">
<ele>162.5</ele>
<time>2026-08-27T20:15:54+0300</time>
</trkpt>
<trkpt lat="59.4532733" lon="25.1052383">
<ele>161.4</ele>
<time>2026-08-27T20:15:55+0300</time>
</trkpt>
<trkpt lat="59.4533667" lon="25.1053067">
<ele>159.4</ele>
<time>2026-08-27T20:15:56+0300</time>
</trkpt>
<trkpt lat="59.4534517" lon="25.1054117">
<ele>157.9</ele>
<time>2026-08-27T20:15:57+0300</time>
</trkpt>
<trkpt lat="59.45353" lon="25.105535">
<ele>156.79999999999998</ele>
<time>2026-08-27T20:15:58+0300</time>
</trkpt>
<trkpt lat="59.4536017" lon="25.1056617">
<ele>155.6</ele>
<time>2026-08-27T20:15:59+0300</time>
</trkpt>
<trkpt lat="59.4536717" lon="25.1057817">
<ele>154.6</ele>
<time>2026-08-27T20:16:00+0300</time>
</trkpt>
<trkpt lat="59.45373" lon="25.1059117">
<ele>153.79999999999998</ele>
<time>2026-08-27T20:16:01+0300</time>
</trkpt>
<trkpt lat="59.453765" lon="25.1060533">
<ele>151.79999999999998</ele>
<time>2026-08-27T20:16:02+0300</time>
</trkpt>
<trkpt lat="59.4537867" lon="25.1061983">
<ele>150.29999999999998</ele>
<time>2026-08-27T20:16:03+0300</time>
</trkpt>
<trkpt lat="59.4537467" lon="25.106355">
<ele>148.0</ele>
<time>2026-08-27T20:16:04+0300</time>
</trkpt>
<trkpt lat="59.4536683" lon="25.1064817">
<ele>144.8</ele>
<time>2026-08-27T20:16:05+0300</time>
</trkpt>
<trkpt lat="59.45356" lon="25.106535">
<ele>141.7</ele>
<time>2026-08-27T20:16:06+0300</time>
</trkpt>
<trkpt lat="59.45344" lon="25.106545">
<ele>139.4</ele>
<time>2026-08-27T20:16:07+0300</time>
</trkpt>
<trkpt lat="59.453325" lon="25.1065533">
<ele>137.3</ele>
<time>2026-08-27T20:16:08+0300</time>
</trkpt>
<trkpt lat="59.4532267" lon="25.10659">
<ele>135.6</ele>
<time>2026-08-27T20:16:09+0300</time>
</trkpt>
<trkpt lat="59.4531483" lon="25.1066567">
<ele>133.2</ele>
<time>2026-08-27T20:16:10+0300</time>
</trkpt>
<trkpt lat="59.4530833" lon="25.1067517">
<ele>130.6</ele>
<time>2026-08-27T20:16:11+0300</time>
</trkpt>
<trkpt lat="59.4530283" lon="25.106875">
<ele>128.0</ele>
<time>2026-08-27T20:16:12+0300</time>
</trkpt>
<trkpt lat="59.45298" lon="25.10703">
<ele>125.6</ele>
<time>2026-08-27T20:16:13+0300</time>
</trkpt>
<trkpt lat="59.452935" lon="25.1072033">
<ele>123.5</ele>
<time>2026-08-27T20:16:14+0300</time>
</trkpt>
<trkpt lat="59.4528933" lon="25.1073783">
<ele>121.4</ele>
<time>2026-08-27T20:16:15+0300</time>
</trkpt>
<trkpt lat="59.4528583" lon="25.107555">
<ele>119.1</ele>
<time>2026-08-27T20:16:16+0300</time>
</trkpt>
<trkpt lat="59.4528267" lon="25.1077317">
<ele>117.1</ele>
<time>2026-08-27T20:16:17+0300</time>
</trkpt>
<trkpt lat="59.452795" lon="25.1079033">
<ele>115.0</ele>
<time>2026-08-27T20:16:18+0300</time>
</trkpt>
<trkpt lat="59.4527633" lon="25.108075">
<ele>112.80000000000001</ele>
<time>2026-08-27T20:16:19+0300</time>
</trkpt>
<trkpt lat="59.452735" lon="25.1082467">
<ele>110.80000000000001</ele>
<time>2026-08-27T20:16:20+0300</time>
</trkpt>
<trkpt lat="59.4527067" lon="25.1084183">
<ele>108.6</ele>
<time>2026-08-27T20:16:21+0300</time>
</trkpt>
<trkpt lat="59.4526783" lon="25.108595">
<ele>106.5</ele>
<time>2026-08-27T20:16:22+0300</time>
</trkpt>
<trkpt lat="59.452645" lon="25.1087683">
<ele>104.4</ele>
<time>2026-08-27T20:16:23+0300</time>
</trkpt>
<trkpt lat="59.4526133" lon="25.108945">
<ele>102.5</ele>
<time>2026-08-27T20:16:24+0300</time>
</trkpt>
<trkpt lat="59.45258" lon="25.1091133">
<ele>100.6</ele>
<time>2026-08-27T20:16:25+0300</time>
</trkpt>
<trkpt lat="59.4525483" lon="25.1092783">
<ele>98.6</ele>
<time>2026-08-27T20:16:26+0300</time>
</trkpt>
<trkpt lat="59.4525167" lon="25.10944">
<ele>96.6</ele>
<time>2026-08-27T20:16:27+0300</time>
</trkpt>
<trkpt lat="59.452485" lon="25.109605">
<ele>94.6</ele>
<time>2026-08-27T20:16:28+0300</time>
</trkpt>
<trkpt lat="59.4524533" lon="25.1097733">
<ele>92.5</ele>
<time>2026-08-27T20:16:29+0300</time>
</trkpt>
<trkpt lat="59.4524217" lon="25.109945">
<ele>90.69999999999999</ele>
<time>2026-08-27T20:16:30+0300</time>
</trkpt>
<trkpt lat="59.4523867" lon="25.1101183">
<ele>88.80000000000001</ele>
<time>2026-08-27T20:16:31+0300</time>
</trkpt>
<trkpt lat="59.45235" lon="25.1102933">
<ele>86.5</ele>
<time>2026-08-27T20:16:32+0300</time>
</trkpt>
<trkpt lat="59.4523117" lon="25.1104683">
<ele>84.5</ele>
<time>2026-08-27T20:16:33+0300</time>
</trkpt>
<trkpt lat="59.4522733" lon="25.1106417">
<ele>82.4</ele>
<time>2026-08-27T20:16:34+0300</time>
</trkpt>
<trkpt lat="59.4522333" lon="25.110815">
<ele>80.30000000000001</ele>
<time>2026-08-27T20:16:35+0300</time>
</trkpt>
<trkpt lat="59.45219" lon="25.1109817">
<ele>78.30000000000001</ele>
<time>2026-08-27T20:16:36+0300</time>
</trkpt>
<trkpt lat="59.4521433" lon="25.111145">
<ele>76.0</ele>
<time>2026-08-27T20:16:37+0300</time>
</trkpt>
<trkpt lat="59.452095" lon="25.1113033">
<ele>73.7</ele>
<time>2026-08-27T20:16:38+0300</time>
</trkpt>
<trkpt lat="59.45205" lon="25.1114633">
<ele>71.5</ele>
<time>2026-08-27T20:16:39+0300</time>
</trkpt>
<trkpt lat="59.4520033" lon="25.1116233">
<ele>69.2</ele>
<time>2026-08-27T20:16:40+0300</time>
</trkpt>
<trkpt lat="59.4519533" lon="25.11178">
<ele>67.2</ele>
<time>2026-08-27T20:16:41+0300</time>
</trkpt>
<trkpt lat="59.4518983" lon="25.1119333">
<ele>64.80000000000001</ele>
<time>2026-08-27T20:16:42+0300</time>
</trkpt>
<trkpt lat="59.4518417" lon="25.1120833">
<ele>63.0</ele>
<time>2026-08-27T20:16:43+0300</time>
</trkpt>
<trkpt lat="59.4517867" lon="25.1122283">
<ele>61.300000000000004</ele>
<time>2026-08-27T20:16:44+0300</time>
</trkpt>
<trkpt lat="59.4517383" lon="25.1123483">
<ele>59.9</ele>
<time>2026-08-27T20:16:45+0300</time>
</trkpt>
<trkpt lat="59.4517033" lon="25.1124333">
<ele>58.1</ele>
<time>2026-08-27T20:16:46+0300</time>
</trkpt>
<trkpt lat="59.4516833" lon="25.11249">
<ele>56.800000000000004</ele>
<time>2026-08-27T20:16:47+0300</time>
</trkpt>
<trkpt lat="59.45167" lon="25.11253">
<ele>56.0</ele>
<time>2026-08-27T20:16:48+0300</time>
</trkpt>
<trkpt lat="59.45166" lon="25.1125633">
<ele>55.2</ele>
<time>2026-08-27T20:16:49+0300</time>
</trkpt>
<trkpt lat="59.4516517" lon="25.1125883">
<ele>54.7</ele>
<time>2026-08-27T20:16:50+0300</time>
</trkpt>
<trkpt lat="59.451645" lon="25.1126033">
<ele>54.4</ele>
<time>2026-08-27T20:16:51+0300</time>
</trkpt>
<trkpt lat="59.4516467" lon="25.112605">
<ele>54.6</ele>
<time>2026-08-27T20:16:52+0300</time>
</trkpt>
<trkpt lat="59.4516467" lon="25.112605">
<ele>54.6</ele>
<time>2026-08-27T20:16:52+0300</time>
</trkpt>
<trkpt lat="59.45162" lon="25.1125233">
<ele>54.6</ele>
<time>2026-08-27T20:16:54+0300</time>
</trkpt>
<trkpt lat="59.45167" lon="25.1125483">
<ele>54.800000000000004</ele>
<time>2026-08-27T20:16:55+0300</time>
</trkpt>
<trkpt lat="59.45167" lon="25.1125517">
<ele>55.4</ele>
<time>2026-08-27T20:16:57+0300</time>
</trkpt>
<trkpt lat="59.45167" lon="25.112555">
<ele>55.5</ele>
<time>2026-08-27T20:16:58+0300</time>
</trkpt>
<trkpt lat="59.4516633" lon="25.1125617">
<ele>55.5</ele>
<time>2026-08-27T20:16:59+0300</time>
</trkpt>
<trkpt lat="59.4516617" lon="25.112565">
<ele>55.6</ele>
<time>2026-08-27T20:17:00+0300</time>
</trkpt>
<trkpt lat="59.45166" lon="25.1125667">
<ele>55.6</ele>
<time>2026-08-27T20:17:01+0300</time>
</trkpt>
<trkpt lat="59.4516617" lon="25.11257">
<ele>55.6</ele>
<time>2026-08-27T20:17:02+0300</time>
</trkpt>
<trkpt lat="59.4516633" lon="25.1125733">
<ele>55.6</ele>
<time>2026-08-27T20:17:03+0300</time>
</trkpt>
<trkpt lat="59.4516633" lon="25.1125717">
<ele>55.7</ele>
<time>2026-08-27T20:17:04+0300</time>
</trkpt>
<trkpt lat="59.451665" lon="25.1125717">
<ele>55.6</ele>
<time>2026-08-27T20:17:05+0300</time>
</trkpt>
<trkpt lat="59.451665" lon="25.1125717">
<ele>55.6</ele>
<time>2026-08-27T20:17:06+0300</time>
</trkpt>
<trkpt lat="59.451665" lon="25.1125733">
<ele>55.6</ele>
<time>2026-08-27T20:17:07+0300</time>
</trkpt>
<trkpt lat="59.451665" lon="25.1125733">
<ele>55.6</ele>
<time>2026-08-27T20:17:08+0300</time>
</trkpt>
<trkpt lat="59.451665" lon="25.1125733">
<ele>55.6</ele>
<time>2026-08-27T20:17:09+0300</time>
</trkpt>
</trkseg>
</trk>
</gpx>