<?xml version="1.0"?>
<kml xmlns="http://www.opengis.net/kml/2.2" xmlns:gx="http://www.google.com/kml/ext/2.2">
<Document>
<Style id="yellowLineGreenPoly">
<LineStyle>
<color>7f00ffff</color>
<width>4</width>
</LineStyle>
<PolyStyle>
<color>7f00ff00</color>
</PolyStyle>
</Style>
<ExtendedData xmlns:ppgps="http://ppgps.info">
<ppgps:version>1.59a</ppgps:version>
<ppgps:aircraftId>BlackBull</ppgps:aircraftId>
<ppgps:pilotName>Mich</ppgps:pilotName>
<ppgps:takeoffDate>Thu, 27 Aug 2026 18:42:01</ppgps:takeoffDate>
<ppgps:landingDate>Thu, 27 Aug 2026 20:17:10</ppgps:landingDate>
<ppgps:distance>68891.0</ppgps:distance>
<ppgps:duration>01:35:09</ppgps:duration>
</ExtendedData>
<Placemark>
<name>
Takeoff
</name>
<description>
Thu, 27 Aug 2026 18:42:01

BlackBull

Track created by PPGpS 1.59a
</description>
<TimeStamp>
<when>2026-08-27T18:42:01Z
</when>
</TimeStamp>
<Point>
<coordinates>
25.1133667,59.4522183,59.1
</coordinates>
</Point>
</Placemark>
<Placemark>
<name>
BlackBull
</name>
<description>
<![CDATA[<big><table width=300px><tr><td>Takeoff:</td><td>Thu, 27 Aug 2026 18:42:01</td></tr><tr><td>Landing:</td><td>Thu, 27 Aug 2026 20:17:10</td></tr></table></big><h2>Flight statistics:</h2><big><table><tr><td>Maximum altitude:</td><td>402 m</td></tr><tr><td>Maximum speed:</td><td>62.6 km/h</td></tr><tr><td>Average speed:</td><td>45.0 km/h</td></tr><tr><td>Distance traveled:</td><td>68.9 km</td></tr><tr><td>Maximum vario:</td><td>13.1 m/s</td></tr><tr><td>Minimum vario:</td><td>-3.9 m/s</td></tr><tr><td>Flight duration:</td><td>01:35:09</td></tr><tr><td>Fuel consumption:</td><td>9.5 L</td></tr></table></big><hr><h2>Track created by PPGpS 1.59a</h2>
]]>
</description>
<styleUrl>#yellowLineGreenPoly</styleUrl>
<gx:Track>
<extrude>1</extrude>
<tessellate>1</tessellate>
<altitudeMode>absolute</altitudeMode>
<when>2026-08-27T18:42:01Z</when>
<gx:coord>25.1133667 59.4522183 59.1</gx:coord>
<when>2026-08-27T18:42:01Z</when>
<gx:coord>25.1133667 59.4522183 59.1</gx:coord>
<when>2026-08-27T18:42:03Z</when>
<gx:coord>25.1133017 59.45226 56.300000000000004</gx:coord>
<when>2026-08-27T18:42:04Z</when>
<gx:coord>25.1135167 59.4524017 59.0</gx:coord>
<when>2026-08-27T18:42:06Z</when>
<gx:coord>25.1137217 59.4525483 60.4</gx:coord>
<when>2026-08-27T18:42:07Z</when>
<gx:coord>25.1138517 59.452675 60.300000000000004</gx:coord>
<when>2026-08-27T18:42:08Z</when>
<gx:coord>25.1139233 59.45277 60.0</gx:coord>
<when>2026-08-27T18:42:09Z</when>
<gx:coord>25.1140067 59.4528667 60.4</gx:coord>
<when>2026-08-27T18:42:10Z</when>
<gx:coord>25.1140717 59.4529717 60.7</gx:coord>
<when>2026-08-27T18:42:11Z</when>
<gx:coord>25.1140867 59.453085 61.800000000000004</gx:coord>
<when>2026-08-27T18:42:12Z</when>
<gx:coord>25.114095 59.4531883 62.800000000000004</gx:coord>
<when>2026-08-27T18:42:13Z</when>
<gx:coord>25.1140767 59.453295 63.5</gx:coord>
<when>2026-08-27T18:42:14Z</when>
<gx:coord>25.11403 59.4534033 64.1</gx:coord>
<when>2026-08-27T18:42:15Z</when>
<gx:coord>25.1139617 59.453515 63.9</gx:coord>
<when>2026-08-27T18:42:16Z</when>
<gx:coord>25.11388 59.4536283 64.30000000000001</gx:coord>
<when>2026-08-27T18:42:17Z</when>
<gx:coord>25.1137767 59.4537433 64.9</gx:coord>
<when>2026-08-27T18:42:18Z</when>
<gx:coord>25.113645 59.45384 65.4</gx:coord>
<when>2026-08-27T18:42:19Z</when>
<gx:coord>25.1134867 59.4539067 65.6</gx:coord>
<when>2026-08-27T18:42:20Z</when>
<gx:coord>25.1132867 59.4539433 65.2</gx:coord>
<when>2026-08-27T18:42:21Z</when>
<gx:coord>25.1130567 59.4539467 64.2</gx:coord>
<when>2026-08-27T18:42:22Z</when>
<gx:coord>25.1128167 59.4539133 64.0</gx:coord>
<when>2026-08-27T18:42:23Z</when>
<gx:coord>25.1125783 59.4538517 64.1</gx:coord>
<when>2026-08-27T18:42:24Z</when>
<gx:coord>25.112355 59.4537783 65.30000000000001</gx:coord>
<when>2026-08-27T18:42:25Z</when>
<gx:coord>25.1121483 59.4537067 66.4</gx:coord>
<when>2026-08-27T18:42:26Z</when>
<gx:coord>25.111945 59.4536367 67.1</gx:coord>
<when>2026-08-27T18:42:27Z</when>
<gx:coord>25.11174 59.4535717 67.4</gx:coord>
<when>2026-08-27T18:42:28Z</when>
<gx:coord>25.1115283 59.4535117 67.2</gx:coord>
<when>2026-08-27T18:42:29Z</when>
<gx:coord>25.1113117 59.4534517 67.30000000000001</gx:coord>
<when>2026-08-27T18:42:30Z</when>
<gx:coord>25.1111 59.4533833 67.4</gx:coord>
<when>2026-08-27T18:42:31Z</when>
<gx:coord>25.1109083 59.45331 67.4</gx:coord>
<when>2026-08-27T18:42:32Z</when>
<gx:coord>25.1107367 59.4532283 67.5</gx:coord>
<when>2026-08-27T18:42:33Z</when>
<gx:coord>25.1106033 59.45314 68.30000000000001</gx:coord>
<when>2026-08-27T18:42:34Z</when>
<gx:coord>25.11051 59.4530433 68.6</gx:coord>
<when>2026-08-27T18:42:35Z</when>
<gx:coord>25.1104633 59.452935 68.1</gx:coord>
<when>2026-08-27T18:42:36Z</when>
<gx:coord>25.1104783 59.4528167 67.30000000000001</gx:coord>
<when>2026-08-27T18:42:37Z</when>
<gx:coord>25.1105483 59.4526917 66.80000000000001</gx:coord>
<when>2026-08-27T18:42:38Z</when>
<gx:coord>25.110635 59.4525633 66.80000000000001</gx:coord>
<when>2026-08-27T18:42:39Z</when>
<gx:coord>25.1107183 59.452435 67.2</gx:coord>
<when>2026-08-27T18:42:40Z</when>
<gx:coord>25.1107817 59.4523033 68.2</gx:coord>
<when>2026-08-27T18:42:41Z</when>
<gx:coord>25.1108333 59.4521733 69.4</gx:coord>
<when>2026-08-27T18:42:42Z</when>
<gx:coord>25.110885 59.4520417 70.5</gx:coord>
<when>2026-08-27T18:42:43Z</when>
<gx:coord>25.11093 59.451915 71.5</gx:coord>
<when>2026-08-27T18:42:44Z</when>
<gx:coord>25.1109567 59.45179 72.7</gx:coord>
<when>2026-08-27T18:42:45Z</when>
<gx:coord>25.1109417 59.45167 73.80000000000001</gx:coord>
<when>2026-08-27T18:42:46Z</when>
<gx:coord>25.11086 59.4515567 74.1</gx:coord>
<when>2026-08-27T18:42:47Z</when>
<gx:coord>25.1107017 59.45146 73.7</gx:coord>
<when>2026-08-27T18:42:48Z</when>
<gx:coord>25.1104867 59.451395 73.4</gx:coord>
<when>2026-08-27T18:42:49Z</when>
<gx:coord>25.1102267 59.4513783 73.2</gx:coord>
<when>2026-08-27T18:42:50Z</when>
<gx:coord>25.109965 59.4513917 73.5</gx:coord>
<when>2026-08-27T18:42:51Z</when>
<gx:coord>25.1097167 59.4514067 74.30000000000001</gx:coord>
<when>2026-08-27T18:42:52Z</when>
<gx:coord>25.109475 59.4514117 75.30000000000001</gx:coord>
<when>2026-08-27T18:42:53Z</when>
<gx:coord>25.1092433 59.451405 75.9</gx:coord>
<when>2026-08-27T18:42:54Z</when>
<gx:coord>25.1090167 59.4513917 75.5</gx:coord>
<when>2026-08-27T18:42:55Z</when>
<gx:coord>25.1087867 59.4513817 75.1</gx:coord>
<when>2026-08-27T18:42:56Z</when>
<gx:coord>25.1085433 59.4513733 74.4</gx:coord>
<when>2026-08-27T18:42:57Z</when>
<gx:coord>25.1082983 59.4513667 74.2</gx:coord>
<when>2026-08-27T18:42:58Z</when>
<gx:coord>25.1080583 59.4513567 74.2</gx:coord>
<when>2026-08-27T18:42:59Z</when>
<gx:coord>25.10782 59.45134 74.4</gx:coord>
<when>2026-08-27T18:43:00Z</when>
<gx:coord>25.1075817 59.45132 75.0</gx:coord>
<when>2026-08-27T18:43:01Z</when>
<gx:coord>25.1073467 59.4513067 75.80000000000001</gx:coord>
<when>2026-08-27T18:43:02Z</when>
<gx:coord>25.1071167 59.4513033 76.30000000000001</gx:coord>
<when>2026-08-27T18:43:03Z</when>
<gx:coord>25.1068933 59.451315 77.2</gx:coord>
<when>2026-08-27T18:43:04Z</when>
<gx:coord>25.106685 59.4513483 78.0</gx:coord>
<when>2026-08-27T18:43:05Z</when>
<gx:coord>25.1064917 59.4513983 78.30000000000001</gx:coord>
<when>2026-08-27T18:43:06Z</when>
<gx:coord>25.106315 59.45146 78.4</gx:coord>
<when>2026-08-27T18:43:07Z</when>
<gx:coord>25.1061367 59.451525 78.9</gx:coord>
<when>2026-08-27T18:43:08Z</when>
<gx:coord>25.1059433 59.45158 79.1</gx:coord>
<when>2026-08-27T18:43:09Z</when>
<gx:coord>25.1057367 59.45162 79.4</gx:coord>
<when>2026-08-27T18:43:10Z</when>
<gx:coord>25.1055217 59.4516533 79.30000000000001</gx:coord>
<when>2026-08-27T18:43:11Z</when>
<gx:coord>25.10531 59.4516833 79.30000000000001</gx:coord>
<when>2026-08-27T18:43:12Z</when>
<gx:coord>25.1051017 59.4517217 79.1</gx:coord>
<when>2026-08-27T18:43:13Z</when>
<gx:coord>25.1049 59.45177 78.9</gx:coord>
<when>2026-08-27T18:43:14Z</when>
<gx:coord>25.1047017 59.451825 79.30000000000001</gx:coord>
<when>2026-08-27T18:43:15Z</when>
<gx:coord>25.1045067 59.45188 80.1</gx:coord>
<when>2026-08-27T18:43:16Z</when>
<gx:coord>25.104315 59.4519317 80.9</gx:coord>
<when>2026-08-27T18:43:17Z</when>
<gx:coord>25.1041233 59.45198 81.30000000000001</gx:coord>
<when>2026-08-27T18:43:18Z</when>
<gx:coord>25.1039333 59.4520267 81.4</gx:coord>
<when>2026-08-27T18:43:19Z</when>
<gx:coord>25.103745 59.4520767 81.2</gx:coord>
<when>2026-08-27T18:43:20Z</when>
<gx:coord>25.1035517 59.45213 80.80000000000001</gx:coord>
<when>2026-08-27T18:43:21Z</when>
<gx:coord>25.1033533 59.4521883 80.6</gx:coord>
<when>2026-08-27T18:43:22Z</when>
<gx:coord>25.1031533 59.452245 80.7</gx:coord>
<when>2026-08-27T18:43:23Z</when>
<gx:coord>25.1029583 59.452305 81.1</gx:coord>
<when>2026-08-27T18:43:24Z</when>
<gx:coord>25.102775 59.4523633 81.5</gx:coord>
<when>2026-08-27T18:43:25Z</when>
<gx:coord>25.1026 59.4524233 82.0</gx:coord>
<when>2026-08-27T18:43:26Z</when>
<gx:coord>25.1024283 59.4524867 82.30000000000001</gx:coord>
<when>2026-08-27T18:43:27Z</when>
<gx:coord>25.1022517 59.45255 82.5</gx:coord>
<when>2026-08-27T18:43:28Z</when>
<gx:coord>25.1020717 59.4526133 82.9</gx:coord>
<when>2026-08-27T18:43:29Z</when>
<gx:coord>25.10189 59.4526767 83.2</gx:coord>
<when>2026-08-27T18:43:30Z</when>
<gx:coord>25.1017083 59.4527383 83.2</gx:coord>
<when>2026-08-27T18:43:31Z</when>
<gx:coord>25.1015367 59.4528067 83.5</gx:coord>
<when>2026-08-27T18:43:32Z</when>
<gx:coord>25.1013733 59.45288 83.5</gx:coord>
<when>2026-08-27T18:43:33Z</when>
<gx:coord>25.10122 59.45296 83.5</gx:coord>
<when>2026-08-27T18:43:34Z</when>
<gx:coord>25.1010733 59.4530467 83.4</gx:coord>
<when>2026-08-27T18:43:35Z</when>
<gx:coord>25.1009283 59.453135 83.30000000000001</gx:coord>
<when>2026-08-27T18:43:36Z</when>
<gx:coord>25.1007867 59.4532283 83.4</gx:coord>
<when>2026-08-27T18:43:37Z</when>
<gx:coord>25.1006467 59.4533217 83.69999999999999</gx:coord>
<when>2026-08-27T18:43:38Z</when>
<gx:coord>25.1005183 59.4534133 84.1</gx:coord>
<when>2026-08-27T18:43:39Z</when>
<gx:coord>25.1003983 59.4535033 84.19999999999999</gx:coord>
<when>2026-08-27T18:43:40Z</when>
<gx:coord>25.1002817 59.4535917 84.30000000000001</gx:coord>
<when>2026-08-27T18:43:41Z</when>
<gx:coord>25.1001533 59.4536833 84.30000000000001</gx:coord>
<when>2026-08-27T18:43:42Z</when>
<gx:coord>25.1000133 59.453775 84.0</gx:coord>
<when>2026-08-27T18:43:43Z</when>
<gx:coord>25.099865 59.4538683 84.1</gx:coord>
<when>2026-08-27T18:43:44Z</when>
<gx:coord>25.0997133 59.4539567 84.30000000000001</gx:coord>
<when>2026-08-27T18:43:45Z</when>
<gx:coord>25.0995667 59.4540433 84.6</gx:coord>
<when>2026-08-27T18:43:46Z</when>
<gx:coord>25.0994217 59.454125 84.6</gx:coord>
<when>2026-08-27T18:43:47Z</when>
<gx:coord>25.099275 59.4542033 84.9</gx:coord>
<when>2026-08-27T18:43:48Z</when>
<gx:coord>25.09912 59.4542867 84.9</gx:coord>
<when>2026-08-27T18:43:49Z</when>
<gx:coord>25.0989617 59.4543683 85.1</gx:coord>
<when>2026-08-27T18:43:50Z</when>
<gx:coord>25.098795 59.4544483 85.0</gx:coord>
<when>2026-08-27T18:43:51Z</when>
<gx:coord>25.09863 59.454525 85.1</gx:coord>
<when>2026-08-27T18:43:52Z</when>
<gx:coord>25.09846 59.4545983 85.30000000000001</gx:coord>
<when>2026-08-27T18:43:53Z</when>
<gx:coord>25.0982917 59.4546683 85.5</gx:coord>
<when>2026-08-27T18:43:54Z</when>
<gx:coord>25.0981217 59.4547383 85.9</gx:coord>
<when>2026-08-27T18:43:55Z</when>
<gx:coord>25.09795 59.4548083 85.6</gx:coord>
<when>2026-08-27T18:43:56Z</when>
<gx:coord>25.0977667 59.4548767 85.0</gx:coord>
<when>2026-08-27T18:43:57Z</when>
<gx:coord>25.0975833 59.4549417 84.30000000000001</gx:coord>
<when>2026-08-27T18:43:58Z</when>
<gx:coord>25.0974017 59.4550033 84.1</gx:coord>
<when>2026-08-27T18:43:59Z</when>
<gx:coord>25.0972117 59.455065 83.4</gx:coord>
<when>2026-08-27T18:44:00Z</when>
<gx:coord>25.09702 59.455125 82.7</gx:coord>
<when>2026-08-27T18:44:01Z</when>
<gx:coord>25.096825 59.455185 82.6</gx:coord>
<when>2026-08-27T18:44:02Z</when>
<gx:coord>25.0966317 59.4552417 82.2</gx:coord>
<when>2026-08-27T18:44:03Z</when>
<gx:coord>25.0964383 59.455295 82.0</gx:coord>
<when>2026-08-27T18:44:04Z</when>
<gx:coord>25.0962417 59.4553483 81.6</gx:coord>
<when>2026-08-27T18:44:05Z</when>
<gx:coord>25.0960417 59.4554 81.1</gx:coord>
<when>2026-08-27T18:44:06Z</when>
<gx:coord>25.0958383 59.4554533 80.5</gx:coord>
<when>2026-08-27T18:44:07Z</when>
<gx:coord>25.0956283 59.455505 80.4</gx:coord>
<when>2026-08-27T18:44:08Z</when>
<gx:coord>25.0954167 59.455545 80.6</gx:coord>
<when>2026-08-27T18:44:09Z</when>
<gx:coord>25.0951983 59.45557 80.5</gx:coord>
<when>2026-08-27T18:44:10Z</when>
<gx:coord>25.094975 59.4555783 80.6</gx:coord>
<when>2026-08-27T18:44:11Z</when>
<gx:coord>25.0947517 59.4555783 80.2</gx:coord>
<when>2026-08-27T18:44:12Z</when>
<gx:coord>25.0945233 59.4555733 79.30000000000001</gx:coord>
<when>2026-08-27T18:44:13Z</when>
<gx:coord>25.0942917 59.4555733 78.5</gx:coord>
<when>2026-08-27T18:44:14Z</when>
<gx:coord>25.0940567 59.4555683 78.6</gx:coord>
<when>2026-08-27T18:44:15Z</when>
<gx:coord>25.093815 59.4555533 78.7</gx:coord>
<when>2026-08-27T18:44:16Z</when>
<gx:coord>25.0935917 59.4555183 79.4</gx:coord>
<when>2026-08-27T18:44:17Z</when>
<gx:coord>25.0933933 59.4554583 80.2</gx:coord>
<when>2026-08-27T18:44:18Z</when>
<gx:coord>25.0932417 59.4553733 80.0</gx:coord>
<when>2026-08-27T18:44:19Z</when>
<gx:coord>25.0931367 59.4552667 79.0</gx:coord>
<when>2026-08-27T18:44:20Z</when>
<gx:coord>25.09307 59.455145 78.1</gx:coord>
<when>2026-08-27T18:44:21Z</when>
<gx:coord>25.0930383 59.45502 77.5</gx:coord>
<when>2026-08-27T18:44:22Z</when>
<gx:coord>25.0930383 59.454895 77.0</gx:coord>
<when>2026-08-27T18:44:23Z</when>
<gx:coord>25.09307 59.4547717 76.7</gx:coord>
<when>2026-08-27T18:44:24Z</when>
<gx:coord>25.093125 59.4546533 76.6</gx:coord>
<when>2026-08-27T18:44:25Z</when>
<gx:coord>25.0931967 59.45454 76.6</gx:coord>
<when>2026-08-27T18:44:26Z</when>
<gx:coord>25.09328 59.45443 76.7</gx:coord>
<when>2026-08-27T18:44:27Z</when>
<gx:coord>25.09337 59.4543233 76.80000000000001</gx:coord>
<when>2026-08-27T18:44:28Z</when>
<gx:coord>25.09347 59.4542183 77.2</gx:coord>
<when>2026-08-27T18:44:29Z</when>
<gx:coord>25.093575 59.4541133 77.5</gx:coord>
<when>2026-08-27T18:44:30Z</when>
<gx:coord>25.0936917 59.4540117 78.0</gx:coord>
<when>2026-08-27T18:44:31Z</when>
<gx:coord>25.0938133 59.4539117 78.5</gx:coord>
<when>2026-08-27T18:44:32Z</when>
<gx:coord>25.0939367 59.45381 78.7</gx:coord>
<when>2026-08-27T18:44:33Z</when>
<gx:coord>25.0940633 59.4537117 79.2</gx:coord>
<when>2026-08-27T18:44:34Z</when>
<gx:coord>25.0941917 59.453615 79.5</gx:coord>
<when>2026-08-27T18:44:35Z</when>
<gx:coord>25.0943233 59.4535183 80.0</gx:coord>
<when>2026-08-27T18:44:36Z</when>
<gx:coord>25.0944617 59.453425 80.2</gx:coord>
<when>2026-08-27T18:44:37Z</when>
<gx:coord>25.094605 59.45334 80.5</gx:coord>
<when>2026-08-27T18:44:38Z</when>
<gx:coord>25.0947633 59.453265 80.4</gx:coord>
<when>2026-08-27T18:44:39Z</when>
<gx:coord>25.0949367 59.4531983 80.1</gx:coord>
<when>2026-08-27T18:44:40Z</when>
<gx:coord>25.0951233 59.4531383 79.6</gx:coord>
<when>2026-08-27T18:44:41Z</when>
<gx:coord>25.0953167 59.4530833 79.30000000000001</gx:coord>
<when>2026-08-27T18:44:42Z</when>
<gx:coord>25.0955133 59.4530317 78.9</gx:coord>
<when>2026-08-27T18:44:43Z</when>
<gx:coord>25.09571 59.4529783 78.5</gx:coord>
<when>2026-08-27T18:44:44Z</when>
<gx:coord>25.095905 59.45293 78.5</gx:coord>
<when>2026-08-27T18:44:45Z</when>
<gx:coord>25.0961 59.4528867 78.2</gx:coord>
<when>2026-08-27T18:44:46Z</when>
<gx:coord>25.096295 59.4528467 77.7</gx:coord>
<when>2026-08-27T18:44:47Z</when>
<gx:coord>25.0964933 59.45281 77.4</gx:coord>
<when>2026-08-27T18:44:48Z</when>
<gx:coord>25.096695 59.452775 77.0</gx:coord>
<when>2026-08-27T18:44:49Z</when>
<gx:coord>25.0969067 59.4527417 76.6</gx:coord>
<when>2026-08-27T18:44:50Z</when>
<gx:coord>25.0971217 59.4527033 76.30000000000001</gx:coord>
<when>2026-08-27T18:44:51Z</when>
<gx:coord>25.0973317 59.4526633 76.5</gx:coord>
<when>2026-08-27T18:44:52Z</when>
<gx:coord>25.097535 59.452625 76.5</gx:coord>
<when>2026-08-27T18:44:53Z</when>
<gx:coord>25.0977333 59.4525917 76.2</gx:coord>
<when>2026-08-27T18:44:54Z</when>
<gx:coord>25.0979317 59.4525617 75.80000000000001</gx:coord>
<when>2026-08-27T18:44:55Z</when>
<gx:coord>25.098135 59.45253 75.30000000000001</gx:coord>
<when>2026-08-27T18:44:56Z</when>
<gx:coord>25.0983417 59.4524983 74.80000000000001</gx:coord>
<when>2026-08-27T18:44:57Z</when>
<gx:coord>25.0985517 59.4524633 74.2</gx:coord>
<when>2026-08-27T18:44:58Z</when>
<gx:coord>25.09876 59.4524267 73.80000000000001</gx:coord>
<when>2026-08-27T18:44:59Z</when>
<gx:coord>25.0989683 59.4523917 73.7</gx:coord>
<when>2026-08-27T18:45:00Z</when>
<gx:coord>25.099175 59.4523567 73.30000000000001</gx:coord>
<when>2026-08-27T18:45:01Z</when>
<gx:coord>25.0993833 59.45232 72.9</gx:coord>
<when>2026-08-27T18:45:02Z</when>
<gx:coord>25.0995883 59.452285 72.6</gx:coord>
<when>2026-08-27T18:45:03Z</when>
<gx:coord>25.0997967 59.45225 72.30000000000001</gx:coord>
<when>2026-08-27T18:45:04Z</when>
<gx:coord>25.1 59.4522167 71.9</gx:coord>
<when>2026-08-27T18:45:05Z</when>
<gx:coord>25.1002083 59.452185 71.7</gx:coord>
<when>2026-08-27T18:45:06Z</when>
<gx:coord>25.1004183 59.4521533 71.5</gx:coord>
<when>2026-08-27T18:45:07Z</when>
<gx:coord>25.1006283 59.4521217 71.6</gx:coord>
<when>2026-08-27T18:45:08Z</when>
<gx:coord>25.10084 59.4520883 71.6</gx:coord>
<when>2026-08-27T18:45:09Z</when>
<gx:coord>25.10105 59.4520533 71.80000000000001</gx:coord>
<when>2026-08-27T18:45:10Z</when>
<gx:coord>25.1012617 59.4520183 72.1</gx:coord>
<when>2026-08-27T18:45:11Z</when>
<gx:coord>25.1014717 59.451985 72.1</gx:coord>
<when>2026-08-27T18:45:12Z</when>
<gx:coord>25.1016817 59.4519517 72.5</gx:coord>
<when>2026-08-27T18:45:13Z</when>
<gx:coord>25.1018933 59.4519233 72.9</gx:coord>
<when>2026-08-27T18:45:14Z</when>
<gx:coord>25.1021017 59.4518967 73.1</gx:coord>
<when>2026-08-27T18:45:15Z</when>
<gx:coord>25.1023117 59.45187 73.4</gx:coord>
<when>2026-08-27T18:45:16Z</when>
<gx:coord>25.1025233 59.4518417 73.5</gx:coord>
<when>2026-08-27T18:45:17Z</when>
<gx:coord>25.10274 59.4518183 73.7</gx:coord>
<when>2026-08-27T18:45:18Z</when>
<gx:coord>25.1029583 59.451795 74.0</gx:coord>
<when>2026-08-27T18:45:19Z</when>
<gx:coord>25.103175 59.451775 74.30000000000001</gx:coord>
<when>2026-08-27T18:45:20Z</when>
<gx:coord>25.1033883 59.4517533 74.6</gx:coord>
<when>2026-08-27T18:45:21Z</when>
<gx:coord>25.1035967 59.45173 74.80000000000001</gx:coord>
<when>2026-08-27T18:45:22Z</when>
<gx:coord>25.103805 59.4517067 75.2</gx:coord>
<when>2026-08-27T18:45:23Z</when>
<gx:coord>25.104015 59.4516833 75.30000000000001</gx:coord>
<when>2026-08-27T18:45:24Z</when>
<gx:coord>25.104225 59.4516617 75.5</gx:coord>
<when>2026-08-27T18:45:25Z</when>
<gx:coord>25.1044333 59.45164 75.6</gx:coord>
<when>2026-08-27T18:45:26Z</when>
<gx:coord>25.104645 59.45162 75.80000000000001</gx:coord>
<when>2026-08-27T18:45:27Z</when>
<gx:coord>25.1048583 59.4515983 76.2</gx:coord>
<when>2026-08-27T18:45:28Z</when>
<gx:coord>25.10507 59.4515783 76.80000000000001</gx:coord>
<when>2026-08-27T18:45:29Z</when>
<gx:coord>25.1052817 59.4515583 77.2</gx:coord>
<when>2026-08-27T18:45:30Z</when>
<gx:coord>25.1054933 59.4515433 77.4</gx:coord>
<when>2026-08-27T18:45:31Z</when>
<gx:coord>25.1057067 59.45153 77.5</gx:coord>
<when>2026-08-27T18:45:32Z</when>
<gx:coord>25.105925 59.4515183 77.9</gx:coord>
<when>2026-08-27T18:45:33Z</when>
<gx:coord>25.1061417 59.451505 78.4</gx:coord>
<when>2026-08-27T18:45:34Z</when>
<gx:coord>25.10636 59.45149 79.2</gx:coord>
<when>2026-08-27T18:45:35Z</when>
<gx:coord>25.106575 59.4514733 79.7</gx:coord>
<when>2026-08-27T18:45:36Z</when>
<gx:coord>25.10679 59.45146 80.2</gx:coord>
<when>2026-08-27T18:45:37Z</when>
<gx:coord>25.107 59.4514483 80.6</gx:coord>
<when>2026-08-27T18:45:38Z</when>
<gx:coord>25.1072117 59.4514383 80.9</gx:coord>
<when>2026-08-27T18:45:39Z</when>
<gx:coord>25.1074233 59.451425 81.1</gx:coord>
<when>2026-08-27T18:45:40Z</when>
<gx:coord>25.1076333 59.45141 81.0</gx:coord>
<when>2026-08-27T18:45:41Z</when>
<gx:coord>25.1078433 59.4513917 80.9</gx:coord>
<when>2026-08-27T18:45:42Z</when>
<gx:coord>25.108055 59.4513717 80.7</gx:coord>
<when>2026-08-27T18:45:43Z</when>
<gx:coord>25.10827 59.4513517 80.5</gx:coord>
<when>2026-08-27T18:45:44Z</when>
<gx:coord>25.1084817 59.451335 80.2</gx:coord>
<when>2026-08-27T18:45:45Z</when>
<gx:coord>25.10869 59.45132 79.80000000000001</gx:coord>
<when>2026-08-27T18:45:46Z</when>
<gx:coord>25.1088867 59.4513117 78.80000000000001</gx:coord>
<when>2026-08-27T18:45:47Z</when>
<gx:coord>25.1090867 59.4513133 77.30000000000001</gx:coord>
<when>2026-08-27T18:45:48Z</when>
<gx:coord>25.109295 59.4513217 76.4</gx:coord>
<when>2026-08-27T18:45:49Z</when>
<gx:coord>25.1095133 59.4513317 75.1</gx:coord>
<when>2026-08-27T18:45:50Z</when>
<gx:coord>25.1097383 59.4513433 74.1</gx:coord>
<when>2026-08-27T18:45:51Z</when>
<gx:coord>25.1099633 59.451355 73.6</gx:coord>
<when>2026-08-27T18:45:52Z</when>
<gx:coord>25.1101817 59.451365 73.0</gx:coord>
<when>2026-08-27T18:45:53Z</when>
<gx:coord>25.110395 59.4513717 72.4</gx:coord>
<when>2026-08-27T18:45:54Z</when>
<gx:coord>25.1106083 59.4513783 71.80000000000001</gx:coord>
<when>2026-08-27T18:45:55Z</when>
<gx:coord>25.110825 59.4513867 71.30000000000001</gx:coord>
<when>2026-08-27T18:45:56Z</when>
<gx:coord>25.1110517 59.4513933 70.9</gx:coord>
<when>2026-08-27T18:45:57Z</when>
<gx:coord>25.1112767 59.4514017 70.7</gx:coord>
<when>2026-08-27T18:45:58Z</when>
<gx:coord>25.1114983 59.45141 70.80000000000001</gx:coord>
<when>2026-08-27T18:45:59Z</when>
<gx:coord>25.111715 59.4514167 71.30000000000001</gx:coord>
<when>2026-08-27T18:46:00Z</when>
<gx:coord>25.1119233 59.451425 71.5</gx:coord>
<when>2026-08-27T18:46:01Z</when>
<gx:coord>25.11213 59.451435 71.5</gx:coord>
<when>2026-08-27T18:46:02Z</when>
<gx:coord>25.1123383 59.4514433 71.9</gx:coord>
<when>2026-08-27T18:46:03Z</when>
<gx:coord>25.112545 59.4514483 72.1</gx:coord>
<when>2026-08-27T18:46:04Z</when>
<gx:coord>25.1127467 59.451455 72.5</gx:coord>
<when>2026-08-27T18:46:05Z</when>
<gx:coord>25.1129483 59.4514633 71.2</gx:coord>
<when>2026-08-27T18:46:06Z</when>
<gx:coord>25.1131533 59.4514733 70.6</gx:coord>
<when>2026-08-27T18:46:07Z</when>
<gx:coord>25.1133633 59.4514817 70.30000000000001</gx:coord>
<when>2026-08-27T18:46:08Z</when>
<gx:coord>25.1135733 59.4514767 69.2</gx:coord>
<when>2026-08-27T18:46:09Z</when>
<gx:coord>25.1137683 59.451445 68.80000000000001</gx:coord>
<when>2026-08-27T18:46:10Z</when>
<gx:coord>25.113935 59.4513783 67.5</gx:coord>
<when>2026-08-27T18:46:11Z</when>
<gx:coord>25.114055 59.4512833 67.0</gx:coord>
<when>2026-08-27T18:46:12Z</when>
<gx:coord>25.11411 59.451165 66.80000000000001</gx:coord>
<when>2026-08-27T18:46:13Z</when>
<gx:coord>25.1140917 59.4510383 67.1</gx:coord>
<when>2026-08-27T18:46:14Z</when>
<gx:coord>25.1139883 59.4509217 67.4</gx:coord>
<when>2026-08-27T18:46:15Z</when>
<gx:coord>25.1138317 59.4508183 68.6</gx:coord>
<when>2026-08-27T18:46:16Z</when>
<gx:coord>25.1136833 59.45072 69.9</gx:coord>
<when>2026-08-27T18:46:17Z</when>
<gx:coord>25.1135583 59.4506217 71.0</gx:coord>
<when>2026-08-27T18:46:18Z</when>
<gx:coord>25.1134717 59.4505183 71.2</gx:coord>
<when>2026-08-27T18:46:19Z</when>
<gx:coord>25.1134167 59.4504083 71.4</gx:coord>
<when>2026-08-27T18:46:20Z</when>
<gx:coord>25.1133767 59.45029 71.6</gx:coord>
<when>2026-08-27T18:46:21Z</when>
<gx:coord>25.1133683 59.45017 71.4</gx:coord>
<when>2026-08-27T18:46:22Z</when>
<gx:coord>25.1133867 59.4500483 71.5</gx:coord>
<when>2026-08-27T18:46:23Z</when>
<gx:coord>25.11343 59.4499267 71.6</gx:coord>
<when>2026-08-27T18:46:24Z</when>
<gx:coord>25.1134917 59.4498067 71.9</gx:coord>
<when>2026-08-27T18:46:25Z</when>
<gx:coord>25.1135467 59.4496883 72.30000000000001</gx:coord>
<when>2026-08-27T18:46:26Z</when>
<gx:coord>25.1135933 59.4495667 72.7</gx:coord>
<when>2026-08-27T18:46:27Z</when>
<gx:coord>25.1136383 59.4494467 73.0</gx:coord>
<when>2026-08-27T18:46:28Z</when>
<gx:coord>25.1136917 59.44933 73.5</gx:coord>
<when>2026-08-27T18:46:29Z</when>
<gx:coord>25.1137683 59.4492183 74.0</gx:coord>
<when>2026-08-27T18:46:30Z</when>
<gx:coord>25.113865 59.449115 74.5</gx:coord>
<when>2026-08-27T18:46:31Z</when>
<gx:coord>25.11398 59.4490183 74.6</gx:coord>
<when>2026-08-27T18:46:32Z</when>
<gx:coord>25.11411 59.4489283 74.4</gx:coord>
<when>2026-08-27T18:46:33Z</when>
<gx:coord>25.1142417 59.448845 74.0</gx:coord>
<when>2026-08-27T18:46:34Z</when>
<gx:coord>25.1143867 59.4487633 73.6</gx:coord>
<when>2026-08-27T18:46:35Z</when>
<gx:coord>25.1145483 59.448685 73.2</gx:coord>
<when>2026-08-27T18:46:36Z</when>
<gx:coord>25.1147267 59.4486167 72.9</gx:coord>
<when>2026-08-27T18:46:37Z</when>
<gx:coord>25.1149167 59.44857 72.5</gx:coord>
<when>2026-08-27T18:46:38Z</when>
<gx:coord>25.1151183 59.4485483 71.80000000000001</gx:coord>
<when>2026-08-27T18:46:39Z</when>
<gx:coord>25.1153283 59.4485517 71.0</gx:coord>
<when>2026-08-27T18:46:40Z</when>
<gx:coord>25.1155433 59.4485733 70.1</gx:coord>
<when>2026-08-27T18:46:41Z</when>
<gx:coord>25.115755 59.448605 69.9</gx:coord>
<when>2026-08-27T18:46:42Z</when>
<gx:coord>25.1159633 59.448635 69.5</gx:coord>
<when>2026-08-27T18:46:43Z</when>
<gx:coord>25.1161733 59.4486617 69.4</gx:coord>
<when>2026-08-27T18:46:44Z</when>
<gx:coord>25.1163833 59.448685 69.2</gx:coord>
<when>2026-08-27T18:46:45Z</when>
<gx:coord>25.1165967 59.448705 68.9</gx:coord>
<when>2026-08-27T18:46:46Z</when>
<gx:coord>25.1168133 59.44873 68.80000000000001</gx:coord>
<when>2026-08-27T18:46:47Z</when>
<gx:coord>25.117025 59.4487583 68.4</gx:coord>
<when>2026-08-27T18:46:48Z</when>
<gx:coord>25.1172217 59.4487917 67.9</gx:coord>
<when>2026-08-27T18:46:49Z</when>
<gx:coord>25.117405 59.4488317 67.6</gx:coord>
<when>2026-08-27T18:46:50Z</when>
<gx:coord>25.1175867 59.4488733 67.1</gx:coord>
<when>2026-08-27T18:46:51Z</when>
<gx:coord>25.11777 59.448915 67.30000000000001</gx:coord>
<when>2026-08-27T18:46:52Z</when>
<gx:coord>25.1179617 59.4489567 67.1</gx:coord>
<when>2026-08-27T18:46:53Z</when>
<gx:coord>25.1181583 59.449 66.9</gx:coord>
<when>2026-08-27T18:46:54Z</when>
<gx:coord>25.11835 59.4490467 67.0</gx:coord>
<when>2026-08-27T18:46:55Z</when>
<gx:coord>25.1185317 59.4490933 67.2</gx:coord>
<when>2026-08-27T18:46:56Z</when>
<gx:coord>25.1187067 59.4491417 67.7</gx:coord>
<when>2026-08-27T18:46:57Z</when>
<gx:coord>25.1188767 59.4491933 68.0</gx:coord>
<when>2026-08-27T18:46:58Z</when>
<gx:coord>25.1190433 59.4492483 68.0</gx:coord>
<when>2026-08-27T18:46:59Z</when>
<gx:coord>25.11921 59.4493033 68.0</gx:coord>
<when>2026-08-27T18:47:00Z</when>
<gx:coord>25.1193833 59.4493583 68.0</gx:coord>
<when>2026-08-27T18:47:01Z</when>
<gx:coord>25.11956 59.449415 68.30000000000001</gx:coord>
<when>2026-08-27T18:47:02Z</when>
<gx:coord>25.1197217 59.4494767 68.80000000000001</gx:coord>
<when>2026-08-27T18:47:03Z</when>
<gx:coord>25.1198517 59.44955 69.30000000000001</gx:coord>
<when>2026-08-27T18:47:04Z</when>
<gx:coord>25.1199333 59.4496333 69.4</gx:coord>
<when>2026-08-27T18:47:05Z</when>
<gx:coord>25.119965 59.4497267 69.5</gx:coord>
<when>2026-08-27T18:47:06Z</when>
<gx:coord>25.1199383 59.4498267 69.30000000000001</gx:coord>
<when>2026-08-27T18:47:07Z</when>
<gx:coord>25.1198617 59.4499233 68.80000000000001</gx:coord>
<when>2026-08-27T18:47:08Z</when>
<gx:coord>25.1197433 59.45001 68.5</gx:coord>
<when>2026-08-27T18:47:09Z</when>
<gx:coord>25.1195867 59.4500833 68.6</gx:coord>
<when>2026-08-27T18:47:10Z</when>
<gx:coord>25.1194083 59.4501383 68.7</gx:coord>
<when>2026-08-27T18:47:11Z</when>
<gx:coord>25.1192133 59.450175 69.1</gx:coord>
<when>2026-08-27T18:47:12Z</when>
<gx:coord>25.11901 59.4501967 69.30000000000001</gx:coord>
<when>2026-08-27T18:47:13Z</when>
<gx:coord>25.118795 59.4502083 69.2</gx:coord>
<when>2026-08-27T18:47:14Z</when>
<gx:coord>25.11858 59.450225 68.9</gx:coord>
<when>2026-08-27T18:47:15Z</when>
<gx:coord>25.11838 59.45026 68.5</gx:coord>
<when>2026-08-27T18:47:16Z</when>
<gx:coord>25.1182317 59.4503267 67.6</gx:coord>
<when>2026-08-27T18:47:17Z</when>
<gx:coord>25.1181567 59.4504283 66.5</gx:coord>
<when>2026-08-27T18:47:18Z</when>
<gx:coord>25.1181567 59.4505483 66.4</gx:coord>
<when>2026-08-27T18:47:19Z</when>
<gx:coord>25.1182567 59.45065 66.2</gx:coord>
<when>2026-08-27T18:47:20Z</when>
<gx:coord>25.1184133 59.4507283 66.30000000000001</gx:coord>
<when>2026-08-27T18:47:21Z</when>
<gx:coord>25.1185783 59.4507933 67.0</gx:coord>
<when>2026-08-27T18:47:22Z</when>
<gx:coord>25.1187317 59.4508533 67.2</gx:coord>
<when>2026-08-27T18:47:23Z</when>
<gx:coord>25.1188667 59.45092 67.4</gx:coord>
<when>2026-08-27T18:47:24Z</when>
<gx:coord>25.1189917 59.4509917 67.6</gx:coord>
<when>2026-08-27T18:47:25Z</when>
<gx:coord>25.11912 59.451065 67.5</gx:coord>
<when>2026-08-27T18:47:26Z</when>
<gx:coord>25.11925 59.451135 67.7</gx:coord>
<when>2026-08-27T18:47:27Z</when>
<gx:coord>25.1193733 59.451205 68.1</gx:coord>
<when>2026-08-27T18:47:28Z</when>
<gx:coord>25.119485 59.4512733 68.1</gx:coord>
<when>2026-08-27T18:47:29Z</when>
<gx:coord>25.119585 59.4513483 68.2</gx:coord>
<when>2026-08-27T18:47:30Z</when>
<gx:coord>25.1196767 59.4514283 68.1</gx:coord>
<when>2026-08-27T18:47:31Z</when>
<gx:coord>25.11977 59.4515133 67.9</gx:coord>
<when>2026-08-27T18:47:32Z</when>
<gx:coord>25.1198433 59.451605 68.0</gx:coord>
<when>2026-08-27T18:47:33Z</when>
<gx:coord>25.119885 59.451705 68.0</gx:coord>
<when>2026-08-27T18:47:34Z</when>
<gx:coord>25.119885 59.4518067 68.4</gx:coord>
<when>2026-08-27T18:47:35Z</when>
<gx:coord>25.1198533 59.451915 69.2</gx:coord>
<when>2026-08-27T18:47:36Z</when>
<gx:coord>25.1198 59.4520183 70.4</gx:coord>
<when>2026-08-27T18:47:37Z</when>
<gx:coord>25.1197317 59.4521117 71.30000000000001</gx:coord>
<when>2026-08-27T18:47:38Z</when>
<gx:coord>25.1196483 59.4522 71.7</gx:coord>
<when>2026-08-27T18:47:39Z</when>
<gx:coord>25.1195417 59.4522833 72.0</gx:coord>
<when>2026-08-27T18:47:40Z</when>
<gx:coord>25.1194033 59.45236 72.30000000000001</gx:coord>
<when>2026-08-27T18:47:41Z</when>
<gx:coord>25.119235 59.452425 72.5</gx:coord>
<when>2026-08-27T18:47:42Z</when>
<gx:coord>25.11904 59.4524733 72.6</gx:coord>
<when>2026-08-27T18:47:43Z</when>
<gx:coord>25.1188367 59.4525133 73.0</gx:coord>
<when>2026-08-27T18:47:44Z</when>
<gx:coord>25.1186367 59.4525583 72.9</gx:coord>
<when>2026-08-27T18:47:45Z</when>
<gx:coord>25.1184517 59.4526083 73.4</gx:coord>
<when>2026-08-27T18:47:46Z</when>
<gx:coord>25.1182783 59.4526583 73.7</gx:coord>
<when>2026-08-27T18:47:47Z</when>
<gx:coord>25.118095 59.4527067 73.6</gx:coord>
<when>2026-08-27T18:47:48Z</when>
<gx:coord>25.1178917 59.4527467 73.80000000000001</gx:coord>
<when>2026-08-27T18:47:49Z</when>
<gx:coord>25.1176733 59.45278 73.80000000000001</gx:coord>
<when>2026-08-27T18:47:50Z</when>
<gx:coord>25.1174483 59.45281 73.80000000000001</gx:coord>
<when>2026-08-27T18:47:51Z</when>
<gx:coord>25.1172233 59.45285 73.4</gx:coord>
<when>2026-08-27T18:47:52Z</when>
<gx:coord>25.117 59.45289 73.0</gx:coord>
<when>2026-08-27T18:47:53Z</when>
<gx:coord>25.1167867 59.4529167 73.1</gx:coord>
<when>2026-08-27T18:47:54Z</when>
<gx:coord>25.116575 59.4529183 72.9</gx:coord>
<when>2026-08-27T18:47:55Z</when>
<gx:coord>25.11636 59.4528867 72.4</gx:coord>
<when>2026-08-27T18:47:56Z</when>
<gx:coord>25.1161533 59.4528233 72.30000000000001</gx:coord>
<when>2026-08-27T18:47:57Z</when>
<gx:coord>25.1159667 59.4527367 72.5</gx:coord>
<when>2026-08-27T18:47:58Z</when>
<gx:coord>25.1158017 59.4526417 73.1</gx:coord>
<when>2026-08-27T18:47:59Z</when>
<gx:coord>25.115655 59.4525433 73.5</gx:coord>
<when>2026-08-27T18:48:00Z</when>
<gx:coord>25.11553 59.4524433 74.1</gx:coord>
<when>2026-08-27T18:48:01Z</when>
<gx:coord>25.1154183 59.4523417 74.2</gx:coord>
<when>2026-08-27T18:48:02Z</when>
<gx:coord>25.1153233 59.4522317 74.2</gx:coord>
<when>2026-08-27T18:48:03Z</when>
<gx:coord>25.1152433 59.4521183 74.2</gx:coord>
<when>2026-08-27T18:48:04Z</when>
<gx:coord>25.115175 59.4520017 74.30000000000001</gx:coord>
<when>2026-08-27T18:48:05Z</when>
<gx:coord>25.1151183 59.4518817 74.9</gx:coord>
<when>2026-08-27T18:48:06Z</when>
<gx:coord>25.11507 59.4517633 75.4</gx:coord>
<when>2026-08-27T18:48:07Z</when>
<gx:coord>25.11503 59.4516467 75.9</gx:coord>
<when>2026-08-27T18:48:08Z</when>
<gx:coord>25.1150017 59.4515267 76.30000000000001</gx:coord>
<when>2026-08-27T18:48:09Z</when>
<gx:coord>25.1149883 59.4514083 76.30000000000001</gx:coord>
<when>2026-08-27T18:48:10Z</when>
<gx:coord>25.1149983 59.45129 76.5</gx:coord>
<when>2026-08-27T18:48:11Z</when>
<gx:coord>25.115035 59.4511717 76.6</gx:coord>
<when>2026-08-27T18:48:12Z</when>
<gx:coord>25.1151117 59.4510617 76.9</gx:coord>
<when>2026-08-27T18:48:13Z</when>
<gx:coord>25.1152133 59.450955 76.9</gx:coord>
<when>2026-08-27T18:48:14Z</when>
<gx:coord>25.1153283 59.4508583 76.9</gx:coord>
<when>2026-08-27T18:48:15Z</when>
<gx:coord>25.11546 59.4507683 76.7</gx:coord>
<when>2026-08-27T18:48:16Z</when>
<gx:coord>25.1156067 59.450685 75.9</gx:coord>
<when>2026-08-27T18:48:17Z</when>
<gx:coord>25.1157667 59.4506033 75.5</gx:coord>
<when>2026-08-27T18:48:18Z</when>
<gx:coord>25.11593 59.4505233 75.4</gx:coord>
<when>2026-08-27T18:48:19Z</when>
<gx:coord>25.11609 59.45044 75.2</gx:coord>
<when>2026-08-27T18:48:20Z</when>
<gx:coord>25.1162517 59.450355 74.80000000000001</gx:coord>
<when>2026-08-27T18:48:21Z</when>
<gx:coord>25.1164117 59.45027 74.9</gx:coord>
<when>2026-08-27T18:48:22Z</when>
<gx:coord>25.11657 59.4501867 75.0</gx:coord>
<when>2026-08-27T18:48:23Z</when>
<gx:coord>25.1167133 59.4501033 75.4</gx:coord>
<when>2026-08-27T18:48:24Z</when>
<gx:coord>25.1168517 59.4500167 75.4</gx:coord>
<when>2026-08-27T18:48:25Z</when>
<gx:coord>25.11698 59.449925 75.2</gx:coord>
<when>2026-08-27T18:48:26Z</when>
<gx:coord>25.1171017 59.4498267 74.80000000000001</gx:coord>
<when>2026-08-27T18:48:27Z</when>
<gx:coord>25.117215 59.4497233 74.2</gx:coord>
<when>2026-08-27T18:48:28Z</when>
<gx:coord>25.11732 59.449615 73.80000000000001</gx:coord>
<when>2026-08-27T18:48:29Z</when>
<gx:coord>25.117415 59.4495067 73.4</gx:coord>
<when>2026-08-27T18:48:30Z</when>
<gx:coord>25.1175 59.4493967 72.80000000000001</gx:coord>
<when>2026-08-27T18:48:31Z</when>
<gx:coord>25.1175917 59.4492867 72.5</gx:coord>
<when>2026-08-27T18:48:32Z</when>
<gx:coord>25.1177 59.4491817 71.9</gx:coord>
<when>2026-08-27T18:48:33Z</when>
<gx:coord>25.1178417 59.4490883 71.30000000000001</gx:coord>
<when>2026-08-27T18:48:34Z</when>
<gx:coord>25.1180183 59.4490183 71.2</gx:coord>
<when>2026-08-27T18:48:35Z</when>
<gx:coord>25.1182167 59.44898 70.5</gx:coord>
<when>2026-08-27T18:48:36Z</when>
<gx:coord>25.1184283 59.4489817 69.1</gx:coord>
<when>2026-08-27T18:48:37Z</when>
<gx:coord>25.1186417 59.4490167 68.6</gx:coord>
<when>2026-08-27T18:48:38Z</when>
<gx:coord>25.1188533 59.449065 68.30000000000001</gx:coord>
<when>2026-08-27T18:48:39Z</when>
<gx:coord>25.1190617 59.449105 68.4</gx:coord>
<when>2026-08-27T18:48:40Z</when>
<gx:coord>25.1192633 59.4491283 68.6</gx:coord>
<when>2026-08-27T18:48:41Z</when>
<gx:coord>25.1194633 59.4491283 68.80000000000001</gx:coord>
<when>2026-08-27T18:48:42Z</when>
<gx:coord>25.1196517 59.4491033 69.5</gx:coord>
<when>2026-08-27T18:48:43Z</when>
<gx:coord>25.11981 59.4490433 68.7</gx:coord>
<when>2026-08-27T18:48:44Z</when>
<gx:coord>25.1199317 59.448945 68.4</gx:coord>
<when>2026-08-27T18:48:45Z</when>
<gx:coord>25.1199633 59.4488183 67.4</gx:coord>
<when>2026-08-27T18:48:46Z</when>
<gx:coord>25.1198717 59.4486867 66.1</gx:coord>
<when>2026-08-27T18:48:47Z</when>
<gx:coord>25.1196317 59.44859 64.1</gx:coord>
<when>2026-08-27T18:48:48Z</when>
<gx:coord>25.119315 59.4485633 62.300000000000004</gx:coord>
<when>2026-08-27T18:48:49Z</when>
<gx:coord>25.1190317 59.4485983 62.1</gx:coord>
<when>2026-08-27T18:48:50Z</when>
<gx:coord>25.1188183 59.4486833 61.7</gx:coord>
<when>2026-08-27T18:48:51Z</when>
<gx:coord>25.11868 59.4487867 62.800000000000004</gx:coord>
<when>2026-08-27T18:48:52Z</when>
<gx:coord>25.1185917 59.448885 64.4</gx:coord>
<when>2026-08-27T18:48:53Z</when>
<gx:coord>25.1184983 59.44897 65.0</gx:coord>
<when>2026-08-27T18:48:54Z</when>
<gx:coord>25.118395 59.44905 65.1</gx:coord>
<when>2026-08-27T18:48:55Z</when>
<gx:coord>25.1182767 59.44913 65.30000000000001</gx:coord>
<when>2026-08-27T18:48:56Z</when>
<gx:coord>25.11814 59.4492183 65.4</gx:coord>
<when>2026-08-27T18:48:57Z</when>
<gx:coord>25.1179817 59.4493117 66.1</gx:coord>
<when>2026-08-27T18:48:58Z</when>
<gx:coord>25.117805 59.4493967 67.0</gx:coord>
<when>2026-08-27T18:48:59Z</when>
<gx:coord>25.1176233 59.4494717 67.80000000000001</gx:coord>
<when>2026-08-27T18:49:00Z</when>
<gx:coord>25.1174517 59.4495367 69.1</gx:coord>
<when>2026-08-27T18:49:01Z</when>
<gx:coord>25.1172933 59.4495983 70.2</gx:coord>
<when>2026-08-27T18:49:02Z</when>
<gx:coord>25.117145 59.4496633 70.2</gx:coord>
<when>2026-08-27T18:49:03Z</when>
<gx:coord>25.1169967 59.4497317 69.9</gx:coord>
<when>2026-08-27T18:49:04Z</when>
<gx:coord>25.11683 59.449805 69.6</gx:coord>
<when>2026-08-27T18:49:05Z</when>
<gx:coord>25.1166483 59.4498733 69.6</gx:coord>
<when>2026-08-27T18:49:06Z</when>
<gx:coord>25.1164533 59.4499333 69.6</gx:coord>
<when>2026-08-27T18:49:07Z</when>
<gx:coord>25.1162533 59.4499817 69.6</gx:coord>
<when>2026-08-27T18:49:08Z</when>
<gx:coord>25.1160483 59.4500167 69.7</gx:coord>
<when>2026-08-27T18:49:09Z</when>
<gx:coord>25.11584 59.45005 69.30000000000001</gx:coord>
<when>2026-08-27T18:49:10Z</when>
<gx:coord>25.11563 59.4500783 68.7</gx:coord>
<when>2026-08-27T18:49:11Z</when>
<gx:coord>25.1154117 59.450105 68.30000000000001</gx:coord>
<when>2026-08-27T18:49:12Z</when>
<gx:coord>25.1151817 59.4501267 67.80000000000001</gx:coord>
<when>2026-08-27T18:49:13Z</when>
<gx:coord>25.1149483 59.4501367 67.6</gx:coord>
<when>2026-08-27T18:49:14Z</when>
<gx:coord>25.1147183 59.4501367 67.6</gx:coord>
<when>2026-08-27T18:49:15Z</when>
<gx:coord>25.1144917 59.450125 67.7</gx:coord>
<when>2026-08-27T18:49:16Z</when>
<gx:coord>25.11427 59.4501017 68.30000000000001</gx:coord>
<when>2026-08-27T18:49:17Z</when>
<gx:coord>25.114055 59.45007 68.6</gx:coord>
<when>2026-08-27T18:49:18Z</when>
<gx:coord>25.1138433 59.450035 68.9</gx:coord>
<when>2026-08-27T18:49:19Z</when>
<gx:coord>25.1136317 59.4499967 69.2</gx:coord>
<when>2026-08-27T18:49:20Z</when>
<gx:coord>25.1134183 59.449955 69.80000000000001</gx:coord>
<when>2026-08-27T18:49:21Z</when>
<gx:coord>25.1132 59.4499133 70.6</gx:coord>
<when>2026-08-27T18:49:22Z</when>
<gx:coord>25.1129833 59.4498817 71.1</gx:coord>
<when>2026-08-27T18:49:23Z</when>
<gx:coord>25.1127633 59.4498767 71.4</gx:coord>
<when>2026-08-27T18:49:24Z</when>
<gx:coord>25.1125533 59.44991 72.0</gx:coord>
<when>2026-08-27T18:49:25Z</when>
<gx:coord>25.112385 59.449985 72.2</gx:coord>
<when>2026-08-27T18:49:26Z</when>
<gx:coord>25.1122967 59.4500917 72.5</gx:coord>
<when>2026-08-27T18:49:27Z</when>
<gx:coord>25.112325 59.450215 73.2</gx:coord>
<when>2026-08-27T18:49:28Z</when>
<gx:coord>25.11246 59.450315 73.4</gx:coord>
<when>2026-08-27T18:49:29Z</when>
<gx:coord>25.1126817 59.4503617 73.1</gx:coord>
<when>2026-08-27T18:49:30Z</when>
<gx:coord>25.1129317 59.4503483 72.1</gx:coord>
<when>2026-08-27T18:49:31Z</when>
<gx:coord>25.1131417 59.45028 71.5</gx:coord>
<when>2026-08-27T18:49:32Z</when>
<gx:coord>25.1132767 59.4501733 72.0</gx:coord>
<when>2026-08-27T18:49:33Z</when>
<gx:coord>25.11331 59.4500417 72.9</gx:coord>
<when>2026-08-27T18:49:34Z</when>
<gx:coord>25.11325 59.4499167 73.80000000000001</gx:coord>
<when>2026-08-27T18:49:35Z</when>
<gx:coord>25.1131067 59.4498133 74.7</gx:coord>
<when>2026-08-27T18:49:36Z</when>
<gx:coord>25.1129083 59.4497383 75.0</gx:coord>
<when>2026-08-27T18:49:37Z</when>
<gx:coord>25.112685 59.4496967 75.2</gx:coord>
<when>2026-08-27T18:49:38Z</when>
<gx:coord>25.112455 59.4496867 75.5</gx:coord>
<when>2026-08-27T18:49:39Z</when>
<gx:coord>25.1122333 59.4496983 76.30000000000001</gx:coord>
<when>2026-08-27T18:49:40Z</when>
<gx:coord>25.112025 59.4497283 76.80000000000001</gx:coord>
<when>2026-08-27T18:49:41Z</when>
<gx:coord>25.1118383 59.449775 77.30000000000001</gx:coord>
<when>2026-08-27T18:49:42Z</when>
<gx:coord>25.1116717 59.44984 77.5</gx:coord>
<when>2026-08-27T18:49:43Z</when>
<gx:coord>25.11151 59.4499133 77.7</gx:coord>
<when>2026-08-27T18:49:44Z</when>
<gx:coord>25.1113467 59.4499833 77.80000000000001</gx:coord>
<when>2026-08-27T18:49:45Z</when>
<gx:coord>25.1111633 59.4500433 77.6</gx:coord>
<when>2026-08-27T18:49:46Z</when>
<gx:coord>25.110965 59.45009 77.6</gx:coord>
<when>2026-08-27T18:49:47Z</when>
<gx:coord>25.1107583 59.4501317 77.80000000000001</gx:coord>
<when>2026-08-27T18:49:48Z</when>
<gx:coord>25.1105483 59.4501733 77.9</gx:coord>
<when>2026-08-27T18:49:49Z</when>
<gx:coord>25.1103433 59.45022 77.9</gx:coord>
<when>2026-08-27T18:49:50Z</when>
<gx:coord>25.1101467 59.450275 78.0</gx:coord>
<when>2026-08-27T18:49:51Z</when>
<gx:coord>25.1099583 59.450335 78.30000000000001</gx:coord>
<when>2026-08-27T18:49:52Z</when>
<gx:coord>25.1097867 59.450405 78.7</gx:coord>
<when>2026-08-27T18:49:53Z</when>
<gx:coord>25.109635 59.4504817 79.0</gx:coord>
<when>2026-08-27T18:49:54Z</when>
<gx:coord>25.10951 59.4505683 79.7</gx:coord>
<when>2026-08-27T18:49:55Z</when>
<gx:coord>25.1094067 59.450665 79.7</gx:coord>
<when>2026-08-27T18:49:56Z</when>
<gx:coord>25.109305 59.4507667 80.2</gx:coord>
<when>2026-08-27T18:49:57Z</when>
<gx:coord>25.109195 59.4508683 81.1</gx:coord>
<when>2026-08-27T18:49:58Z</when>
<gx:coord>25.10908 59.450965 82.0</gx:coord>
<when>2026-08-27T18:49:59Z</when>
<gx:coord>25.1089717 59.4510617 82.6</gx:coord>
<when>2026-08-27T18:50:00Z</when>
<gx:coord>25.1088783 59.4511567 82.9</gx:coord>
<when>2026-08-27T18:50:01Z</when>
<gx:coord>25.10881 59.4512533 82.9</gx:coord>
<when>2026-08-27T18:50:02Z</when>
<gx:coord>25.1087683 59.4513517 82.80000000000001</gx:coord>
<when>2026-08-27T18:50:03Z</when>
<gx:coord>25.1087683 59.4514517 82.30000000000001</gx:coord>
<when>2026-08-27T18:50:04Z</when>
<gx:coord>25.1088217 59.45155 81.9</gx:coord>
<when>2026-08-27T18:50:05Z</when>
<gx:coord>25.1089417 59.4516383 80.9</gx:coord>
<when>2026-08-27T18:50:06Z</when>
<gx:coord>25.1091183 59.451705 80.2</gx:coord>
<when>2026-08-27T18:50:07Z</when>
<gx:coord>25.1093317 59.4517317 79.5</gx:coord>
<when>2026-08-27T18:50:08Z</when>
<gx:coord>25.1095533 59.451725 79.2</gx:coord>
<when>2026-08-27T18:50:09Z</when>
<gx:coord>25.10975 59.451685 79.0</gx:coord>
<when>2026-08-27T18:50:10Z</when>
<gx:coord>25.1099133 59.4516117 78.5</gx:coord>
<when>2026-08-27T18:50:11Z</when>
<gx:coord>25.1100083 59.4515083 78.2</gx:coord>
<when>2026-08-27T18:50:12Z</when>
<gx:coord>25.1100217 59.45139 77.6</gx:coord>
<when>2026-08-27T18:50:13Z</when>
<gx:coord>25.10994 59.4512683 76.9</gx:coord>
<when>2026-08-27T18:50:14Z</when>
<gx:coord>25.1097417 59.4511783 76.7</gx:coord>
<when>2026-08-27T18:50:15Z</when>
<gx:coord>25.1094717 59.4511433 76.4</gx:coord>
<when>2026-08-27T18:50:16Z</when>
<gx:coord>25.1092167 59.4511667 76.30000000000001</gx:coord>
<when>2026-08-27T18:50:17Z</when>
<gx:coord>25.1090183 59.4512367 76.4</gx:coord>
<when>2026-08-27T18:50:18Z</when>
<gx:coord>25.1088967 59.4513317 76.9</gx:coord>
<when>2026-08-27T18:50:19Z</when>
<gx:coord>25.1088417 59.4514317 77.2</gx:coord>
<when>2026-08-27T18:50:20Z</when>
<gx:coord>25.10884 59.45153 77.30000000000001</gx:coord>
<when>2026-08-27T18:50:21Z</when>
<gx:coord>25.1089117 59.4516167 77.2</gx:coord>
<when>2026-08-27T18:50:22Z</when>
<gx:coord>25.1090517 59.451685 76.4</gx:coord>
<when>2026-08-27T18:50:23Z</when>
<gx:coord>25.109245 59.4517167 75.9</gx:coord>
<when>2026-08-27T18:50:24Z</when>
<gx:coord>25.1094633 59.4517033 75.5</gx:coord>
<when>2026-08-27T18:50:25Z</when>
<gx:coord>25.109655 59.451645 74.7</gx:coord>
<when>2026-08-27T18:50:26Z</when>
<gx:coord>25.1097867 59.451545 73.6</gx:coord>
<when>2026-08-27T18:50:27Z</when>
<gx:coord>25.1098233 59.45142 72.9</gx:coord>
<when>2026-08-27T18:50:28Z</when>
<gx:coord>25.1097583 59.4512883 72.80000000000001</gx:coord>
<when>2026-08-27T18:50:29Z</when>
<gx:coord>25.109675 59.4511683 73.9</gx:coord>
<when>2026-08-27T18:50:30Z</when>
<gx:coord>25.10962 59.45105 74.7</gx:coord>
<when>2026-08-27T18:50:31Z</when>
<gx:coord>25.1096267 59.4509317 75.4</gx:coord>
<when>2026-08-27T18:50:32Z</when>
<gx:coord>25.109695 59.450825 76.1</gx:coord>
<when>2026-08-27T18:50:33Z</when>
<gx:coord>25.109815 59.45073 76.1</gx:coord>
<when>2026-08-27T18:50:34Z</when>
<gx:coord>25.1099783 59.4506583 76.1</gx:coord>
<when>2026-08-27T18:50:35Z</when>
<gx:coord>25.1101767 59.4506183 75.80000000000001</gx:coord>
<when>2026-08-27T18:50:36Z</when>
<gx:coord>25.1103883 59.45062 75.2</gx:coord>
<when>2026-08-27T18:50:37Z</when>
<gx:coord>25.1105833 59.450665 75.30000000000001</gx:coord>
<when>2026-08-27T18:50:38Z</when>
<gx:coord>25.1107267 59.4507367 75.4</gx:coord>
<when>2026-08-27T18:50:39Z</when>
<gx:coord>25.110815 59.4508317 75.7</gx:coord>
<when>2026-08-27T18:50:40Z</when>
<gx:coord>25.110855 59.4509367 76.30000000000001</gx:coord>
<when>2026-08-27T18:50:41Z</when>
<gx:coord>25.1108517 59.4510417 77.0</gx:coord>
<when>2026-08-27T18:50:42Z</when>
<gx:coord>25.1108183 59.451145 77.9</gx:coord>
<when>2026-08-27T18:50:43Z</when>
<gx:coord>25.1107567 59.4512433 78.2</gx:coord>
<when>2026-08-27T18:50:44Z</when>
<gx:coord>25.11068 59.4513417 78.30000000000001</gx:coord>
<when>2026-08-27T18:50:45Z</when>
<gx:coord>25.1105833 59.4514367 78.4</gx:coord>
<when>2026-08-27T18:50:46Z</when>
<gx:coord>25.1104567 59.4515233 78.6</gx:coord>
<when>2026-08-27T18:50:47Z</when>
<gx:coord>25.1103 59.4515933 79.1</gx:coord>
<when>2026-08-27T18:50:48Z</when>
<gx:coord>25.1101067 59.45164 79.30000000000001</gx:coord>
<when>2026-08-27T18:50:49Z</when>
<gx:coord>25.1098917 59.4516567 79.0</gx:coord>
<when>2026-08-27T18:50:50Z</when>
<gx:coord>25.1096717 59.4516367 78.80000000000001</gx:coord>
<when>2026-08-27T18:50:51Z</when>
<gx:coord>25.1094633 59.4515833 78.6</gx:coord>
<when>2026-08-27T18:50:52Z</when>
<gx:coord>25.1092983 59.451495 78.7</gx:coord>
<when>2026-08-27T18:50:53Z</when>
<gx:coord>25.1091967 59.4513833 78.9</gx:coord>
<when>2026-08-27T18:50:54Z</when>
<gx:coord>25.109165 59.45126 78.9</gx:coord>
<when>2026-08-27T18:50:55Z</when>
<gx:coord>25.1092167 59.4511417 78.80000000000001</gx:coord>
<when>2026-08-27T18:50:56Z</when>
<gx:coord>25.1093267 59.4510317 78.5</gx:coord>
<when>2026-08-27T18:50:57Z</when>
<gx:coord>25.10946 59.4509317 79.30000000000001</gx:coord>
<when>2026-08-27T18:50:58Z</when>
<gx:coord>25.10959 59.450835 80.1</gx:coord>
<when>2026-08-27T18:50:59Z</when>
<gx:coord>25.1097117 59.4507417 80.9</gx:coord>
<when>2026-08-27T18:51:00Z</when>
<gx:coord>25.1098317 59.4506467 81.4</gx:coord>
<when>2026-08-27T18:51:01Z</when>
<gx:coord>25.1099583 59.450555 81.7</gx:coord>
<when>2026-08-27T18:51:02Z</when>
<gx:coord>25.1100917 59.4504617 82.2</gx:coord>
<when>2026-08-27T18:51:03Z</when>
<gx:coord>25.110225 59.4503683 82.4</gx:coord>
<when>2026-08-27T18:51:04Z</when>
<gx:coord>25.1103433 59.4502733 83.5</gx:coord>
<when>2026-08-27T18:51:05Z</when>
<gx:coord>25.1104383 59.450175 84.4</gx:coord>
<when>2026-08-27T18:51:06Z</when>
<gx:coord>25.1104867 59.45007 85.19999999999999</gx:coord>
<when>2026-08-27T18:51:07Z</when>
<gx:coord>25.11046 59.4499567 85.30000000000001</gx:coord>
<when>2026-08-27T18:51:08Z</when>
<gx:coord>25.110355 59.4498467 85.0</gx:coord>
<when>2026-08-27T18:51:09Z</when>
<gx:coord>25.1101617 59.4497617 84.4</gx:coord>
<when>2026-08-27T18:51:10Z</when>
<gx:coord>25.1099133 59.4497267 83.6</gx:coord>
<when>2026-08-27T18:51:11Z</when>
<gx:coord>25.1096567 59.449745 83.5</gx:coord>
<when>2026-08-27T18:51:12Z</when>
<gx:coord>25.109435 59.44981 83.5</gx:coord>
<when>2026-08-27T18:51:13Z</when>
<gx:coord>25.1092883 59.4499083 83.5</gx:coord>
<when>2026-08-27T18:51:14Z</when>
<gx:coord>25.1092383 59.4500233 83.6</gx:coord>
<when>2026-08-27T18:51:15Z</when>
<gx:coord>25.1092883 59.45014 83.69999999999999</gx:coord>
<when>2026-08-27T18:51:16Z</when>
<gx:coord>25.1094033 59.4502383 84.30000000000001</gx:coord>
<when>2026-08-27T18:51:17Z</when>
<gx:coord>25.1095283 59.45032 85.0</gx:coord>
<when>2026-08-27T18:51:18Z</when>
<gx:coord>25.109635 59.450395 85.69999999999999</gx:coord>
<when>2026-08-27T18:51:19Z</when>
<gx:coord>25.1097067 59.4504767 86.5</gx:coord>
<when>2026-08-27T18:51:20Z</when>
<gx:coord>25.1097 59.4505767 86.4</gx:coord>
<when>2026-08-27T18:51:21Z</when>
<gx:coord>25.1096217 59.4506817 85.6</gx:coord>
<when>2026-08-27T18:51:22Z</when>
<gx:coord>25.1094983 59.4507783 84.69999999999999</gx:coord>
<when>2026-08-27T18:51:23Z</when>
<gx:coord>25.10933 59.4508533 83.69999999999999</gx:coord>
<when>2026-08-27T18:51:24Z</when>
<gx:coord>25.1091183 59.450885 82.80000000000001</gx:coord>
<when>2026-08-27T18:51:25Z</when>
<gx:coord>25.10888 59.4508733 81.5</gx:coord>
<when>2026-08-27T18:51:26Z</when>
<gx:coord>25.1086467 59.4508267 81.30000000000001</gx:coord>
<when>2026-08-27T18:51:27Z</when>
<gx:coord>25.1084433 59.450755 81.4</gx:coord>
<when>2026-08-27T18:51:28Z</when>
<gx:coord>25.1082883 59.450665 82.1</gx:coord>
<when>2026-08-27T18:51:29Z</when>
<gx:coord>25.10818 59.4505633 82.7</gx:coord>
<when>2026-08-27T18:51:30Z</when>
<gx:coord>25.108115 59.4504567 82.6</gx:coord>
<when>2026-08-27T18:51:31Z</when>
<gx:coord>25.10809 59.4503433 82.7</gx:coord>
<when>2026-08-27T18:51:32Z</when>
<gx:coord>25.1081133 59.45023 82.7</gx:coord>
<when>2026-08-27T18:51:33Z</when>
<gx:coord>25.108185 59.4501233 82.80000000000001</gx:coord>
<when>2026-08-27T18:51:34Z</when>
<gx:coord>25.1083033 59.45003 83.4</gx:coord>
<when>2026-08-27T18:51:35Z</when>
<gx:coord>25.1084617 59.449955 83.80000000000001</gx:coord>
<when>2026-08-27T18:51:36Z</when>
<gx:coord>25.1086517 59.4499033 84.4</gx:coord>
<when>2026-08-27T18:51:37Z</when>
<gx:coord>25.1088567 59.4498717 85.0</gx:coord>
<when>2026-08-27T18:51:38Z</when>
<gx:coord>25.1090567 59.4498633 85.6</gx:coord>
<when>2026-08-27T18:51:39Z</when>
<gx:coord>25.1092467 59.4498783 85.9</gx:coord>
<when>2026-08-27T18:51:40Z</when>
<gx:coord>25.1094117 59.4499217 85.80000000000001</gx:coord>
<when>2026-08-27T18:51:41Z</when>
<gx:coord>25.109545 59.4499867 86.0</gx:coord>
<when>2026-08-27T18:51:42Z</when>
<gx:coord>25.1096483 59.4500733 86.6</gx:coord>
<when>2026-08-27T18:51:43Z</when>
<gx:coord>25.10972 59.4501733 87.0</gx:coord>
<when>2026-08-27T18:51:44Z</when>
<gx:coord>25.1097417 59.4502767 87.5</gx:coord>
<when>2026-08-27T18:51:45Z</when>
<gx:coord>25.1097183 59.45038 87.9</gx:coord>
<when>2026-08-27T18:51:46Z</when>
<gx:coord>25.1096567 59.4504817 87.69999999999999</gx:coord>
<when>2026-08-27T18:51:47Z</when>
<gx:coord>25.1095633 59.4505733 88.1</gx:coord>
<when>2026-08-27T18:51:48Z</when>
<gx:coord>25.1094283 59.4506517 87.9</gx:coord>
<when>2026-08-27T18:51:49Z</when>
<gx:coord>25.1092517 59.4507133 87.6</gx:coord>
<when>2026-08-27T18:51:50Z</when>
<gx:coord>25.109045 59.4507583 87.1</gx:coord>
<when>2026-08-27T18:51:51Z</when>
<gx:coord>25.1088233 59.4507933 87.30000000000001</gx:coord>
<when>2026-08-27T18:51:52Z</when>
<gx:coord>25.1086217 59.45084 87.5</gx:coord>
<when>2026-08-27T18:51:53Z</when>
<gx:coord>25.10847 59.4509133 87.5</gx:coord>
<when>2026-08-27T18:51:54Z</when>
<gx:coord>25.1083867 59.4510117 87.0</gx:coord>
<when>2026-08-27T18:51:55Z</when>
<gx:coord>25.1084033 59.4511167 86.9</gx:coord>
<when>2026-08-27T18:51:56Z</when>
<gx:coord>25.1085983 59.4512033 86.30000000000001</gx:coord>
<when>2026-08-27T18:51:57Z</when>
<gx:coord>25.10889 59.4512183 85.6</gx:coord>
<when>2026-08-27T18:51:58Z</when>
<gx:coord>25.1091633 59.45116 85.19999999999999</gx:coord>
<when>2026-08-27T18:51:59Z</when>
<gx:coord>25.109365 59.4510583 85.19999999999999</gx:coord>
<when>2026-08-27T18:52:00Z</when>
<gx:coord>25.1094967 59.4509467 86.30000000000001</gx:coord>
<when>2026-08-27T18:52:01Z</when>
<gx:coord>25.1095917 59.4508383 87.6</gx:coord>
<when>2026-08-27T18:52:02Z</when>
<gx:coord>25.1096933 59.4507433 88.4</gx:coord>
<when>2026-08-27T18:52:03Z</when>
<gx:coord>25.1098217 59.4506583 88.9</gx:coord>
<when>2026-08-27T18:52:04Z</when>
<gx:coord>25.1099833 59.4505933 88.9</gx:coord>
<when>2026-08-27T18:52:05Z</when>
<gx:coord>25.1101733 59.4505483 89.0</gx:coord>
<when>2026-08-27T18:52:06Z</when>
<gx:coord>25.110375 59.450535 88.0</gx:coord>
<when>2026-08-27T18:52:07Z</when>
<gx:coord>25.1105767 59.45056 87.0</gx:coord>
<when>2026-08-27T18:52:08Z</when>
<gx:coord>25.11076 59.4506167 86.4</gx:coord>
<when>2026-08-27T18:52:09Z</when>
<gx:coord>25.1109083 59.45069 86.4</gx:coord>
<when>2026-08-27T18:52:10Z</when>
<gx:coord>25.1110283 59.4507717 87.0</gx:coord>
<when>2026-08-27T18:52:11Z</when>
<gx:coord>25.1111233 59.450855 87.69999999999999</gx:coord>
<when>2026-08-27T18:52:12Z</when>
<gx:coord>25.1112067 59.45094 88.1</gx:coord>
<when>2026-08-27T18:52:13Z</when>
<gx:coord>25.1112833 59.4510333 88.4</gx:coord>
<when>2026-08-27T18:52:14Z</when>
<gx:coord>25.111355 59.4511333 88.69999999999999</gx:coord>
<when>2026-08-27T18:52:15Z</when>
<gx:coord>25.1114267 59.4512367 89.1</gx:coord>
<when>2026-08-27T18:52:16Z</when>
<gx:coord>25.1115 59.4513417 89.6</gx:coord>
<when>2026-08-27T18:52:17Z</when>
<gx:coord>25.111575 59.4514467 90.30000000000001</gx:coord>
<when>2026-08-27T18:52:18Z</when>
<gx:coord>25.1116483 59.45155 91.0</gx:coord>
<when>2026-08-27T18:52:19Z</when>
<gx:coord>25.1117217 59.45165 91.6</gx:coord>
<when>2026-08-27T18:52:20Z</when>
<gx:coord>25.1117967 59.45175 92.4</gx:coord>
<when>2026-08-27T18:52:21Z</when>
<gx:coord>25.1118717 59.4518467 92.9</gx:coord>
<when>2026-08-27T18:52:22Z</when>
<gx:coord>25.1119533 59.45194 93.5</gx:coord>
<when>2026-08-27T18:52:23Z</when>
<gx:coord>25.1120267 59.4520367 93.69999999999999</gx:coord>
<when>2026-08-27T18:52:24Z</when>
<gx:coord>25.1120833 59.4521333 93.80000000000001</gx:coord>
<when>2026-08-27T18:52:25Z</when>
<gx:coord>25.112105 59.4522333 93.9</gx:coord>
<when>2026-08-27T18:52:26Z</when>
<gx:coord>25.1120833 59.4523367 93.80000000000001</gx:coord>
<when>2026-08-27T18:52:27Z</when>
<gx:coord>25.1120083 59.452435 93.5</gx:coord>
<when>2026-08-27T18:52:28Z</when>
<gx:coord>25.1118867 59.4525283 92.6</gx:coord>
<when>2026-08-27T18:52:29Z</when>
<gx:coord>25.11174 59.4526133 92.0</gx:coord>
<when>2026-08-27T18:52:30Z</when>
<gx:coord>25.11157 59.45269 90.9</gx:coord>
<when>2026-08-27T18:52:31Z</when>
<gx:coord>25.1113983 59.4527683 90.1</gx:coord>
<when>2026-08-27T18:52:32Z</when>
<gx:coord>25.1112383 59.4528467 89.19999999999999</gx:coord>
<when>2026-08-27T18:52:33Z</when>
<gx:coord>25.1110917 59.4529283 88.0</gx:coord>
<when>2026-08-27T18:52:34Z</when>
<gx:coord>25.11094 59.4530183 87.4</gx:coord>
<when>2026-08-27T18:52:35Z</when>
<gx:coord>25.1107783 59.4531017 86.9</gx:coord>
<when>2026-08-27T18:52:36Z</when>
<gx:coord>25.1106033 59.45318 86.19999999999999</gx:coord>
<when>2026-08-27T18:52:37Z</when>
<gx:coord>25.1104233 59.4532517 85.4</gx:coord>
<when>2026-08-27T18:52:38Z</when>
<gx:coord>25.11024 59.4533233 85.19999999999999</gx:coord>
<when>2026-08-27T18:52:39Z</when>
<gx:coord>25.1100717 59.453395 84.9</gx:coord>
<when>2026-08-27T18:52:40Z</when>
<gx:coord>25.1099083 59.453465 84.9</gx:coord>
<when>2026-08-27T18:52:41Z</when>
<gx:coord>25.1097383 59.4535367 84.6</gx:coord>
<when>2026-08-27T18:52:42Z</when>
<gx:coord>25.1095633 59.4536 84.6</gx:coord>
<when>2026-08-27T18:52:43Z</when>
<gx:coord>25.10937 59.45366 84.6</gx:coord>
<when>2026-08-27T18:52:44Z</when>
<gx:coord>25.1091667 59.4537133 84.5</gx:coord>
<when>2026-08-27T18:52:45Z</when>
<gx:coord>25.1089717 59.4537667 84.0</gx:coord>
<when>2026-08-27T18:52:46Z</when>
<gx:coord>25.1087767 59.4538217 84.0</gx:coord>
<when>2026-08-27T18:52:47Z</when>
<gx:coord>25.1085867 59.4538817 83.80000000000001</gx:coord>
<when>2026-08-27T18:52:48Z</when>
<gx:coord>25.1083967 59.45394 84.4</gx:coord>
<when>2026-08-27T18:52:49Z</when>
<gx:coord>25.1082 59.453995 84.69999999999999</gx:coord>
<when>2026-08-27T18:52:50Z</when>
<gx:coord>25.1080033 59.4540433 85.19999999999999</gx:coord>
<when>2026-08-27T18:52:51Z</when>
<gx:coord>25.107805 59.4540933 85.5</gx:coord>
<when>2026-08-27T18:52:52Z</when>
<gx:coord>25.10761 59.45415 85.4</gx:coord>
<when>2026-08-27T18:52:53Z</when>
<gx:coord>25.10742 59.45421 85.69999999999999</gx:coord>
<when>2026-08-27T18:52:54Z</when>
<gx:coord>25.1072283 59.4542767 86.1</gx:coord>
<when>2026-08-27T18:52:55Z</when>
<gx:coord>25.10704 59.45434 87.0</gx:coord>
<when>2026-08-27T18:52:56Z</when>
<gx:coord>25.10685 59.4544017 88.0</gx:coord>
<when>2026-08-27T18:52:57Z</when>
<gx:coord>25.1066583 59.4544567 88.80000000000001</gx:coord>
<when>2026-08-27T18:52:58Z</when>
<gx:coord>25.10646 59.4545117 89.4</gx:coord>
<when>2026-08-27T18:52:59Z</when>
<gx:coord>25.10626 59.4545667 89.69999999999999</gx:coord>
<when>2026-08-27T18:53:00Z</when>
<gx:coord>25.1060517 59.4546183 90.19999999999999</gx:coord>
<when>2026-08-27T18:53:01Z</when>
<gx:coord>25.1058433 59.4546667 90.4</gx:coord>
<when>2026-08-27T18:53:02Z</when>
<gx:coord>25.1056333 59.454715 90.80000000000001</gx:coord>
<when>2026-08-27T18:53:03Z</when>
<gx:coord>25.1054183 59.4547617 91.5</gx:coord>
<when>2026-08-27T18:53:04Z</when>
<gx:coord>25.1051933 59.4548033 92.0</gx:coord>
<when>2026-08-27T18:53:05Z</when>
<gx:coord>25.104975 59.45484 92.1</gx:coord>
<when>2026-08-27T18:53:06Z</when>
<gx:coord>25.104755 59.45487 92.80000000000001</gx:coord>
<when>2026-08-27T18:53:07Z</when>
<gx:coord>25.10453 59.4548983 93.1</gx:coord>
<when>2026-08-27T18:53:08Z</when>
<gx:coord>25.1043033 59.4549233 93.30000000000001</gx:coord>
<when>2026-08-27T18:53:09Z</when>
<gx:coord>25.104075 59.4549483 93.80000000000001</gx:coord>
<when>2026-08-27T18:53:10Z</when>
<gx:coord>25.1038483 59.4549717 94.19999999999999</gx:coord>
<when>2026-08-27T18:53:11Z</when>
<gx:coord>25.10362 59.4549917 94.5</gx:coord>
<when>2026-08-27T18:53:12Z</when>
<gx:coord>25.1033883 59.4550117 94.1</gx:coord>
<when>2026-08-27T18:53:13Z</when>
<gx:coord>25.1031583 59.4550333 93.5</gx:coord>
<when>2026-08-27T18:53:14Z</when>
<gx:coord>25.102925 59.4550533 93.1</gx:coord>
<when>2026-08-27T18:53:15Z</when>
<gx:coord>25.10269 59.4550717 92.5</gx:coord>
<when>2026-08-27T18:53:16Z</when>
<gx:coord>25.1024533 59.4550883 92.0</gx:coord>
<when>2026-08-27T18:53:17Z</when>
<gx:coord>25.10222 59.4551 91.6</gx:coord>
<when>2026-08-27T18:53:18Z</when>
<gx:coord>25.1019867 59.4551067 91.4</gx:coord>
<when>2026-08-27T18:53:19Z</when>
<gx:coord>25.10175 59.4551117 91.30000000000001</gx:coord>
<when>2026-08-27T18:53:20Z</when>
<gx:coord>25.101515 59.45511 91.1</gx:coord>
<when>2026-08-27T18:53:21Z</when>
<gx:coord>25.1012733 59.455105 91.1</gx:coord>
<when>2026-08-27T18:53:22Z</when>
<gx:coord>25.10103 59.4550967 91.1</gx:coord>
<when>2026-08-27T18:53:23Z</when>
<gx:coord>25.10079 59.45508 90.6</gx:coord>
<when>2026-08-27T18:53:24Z</when>
<gx:coord>25.1005567 59.4550583 91.80000000000001</gx:coord>
<when>2026-08-27T18:53:25Z</when>
<gx:coord>25.100335 59.4550283 92.6</gx:coord>
<when>2026-08-27T18:53:26Z</when>
<gx:coord>25.1001267 59.454995 92.80000000000001</gx:coord>
<when>2026-08-27T18:53:27Z</when>
<gx:coord>25.0999183 59.45495 92.4</gx:coord>
<when>2026-08-27T18:53:28Z</when>
<gx:coord>25.099715 59.45489 91.6</gx:coord>
<when>2026-08-27T18:53:29Z</when>
<gx:coord>25.0995133 59.4548133 91.1</gx:coord>
<when>2026-08-27T18:53:30Z</when>
<gx:coord>25.099325 59.454725 91.19999999999999</gx:coord>
<when>2026-08-27T18:53:31Z</when>
<gx:coord>25.0991517 59.4546283 91.69999999999999</gx:coord>
<when>2026-08-27T18:53:32Z</when>
<gx:coord>25.0989967 59.4545317 92.1</gx:coord>
<when>2026-08-27T18:53:33Z</when>
<gx:coord>25.0988483 59.45444 92.5</gx:coord>
<when>2026-08-27T18:53:34Z</when>
<gx:coord>25.098695 59.4543533 92.6</gx:coord>
<when>2026-08-27T18:53:35Z</when>
<gx:coord>25.0985383 59.45426 92.1</gx:coord>
<when>2026-08-27T18:53:36Z</when>
<gx:coord>25.0983767 59.4541683 91.30000000000001</gx:coord>
<when>2026-08-27T18:53:37Z</when>
<gx:coord>25.098215 59.4540733 91.19999999999999</gx:coord>
<when>2026-08-27T18:53:38Z</when>
<gx:coord>25.0980483 59.4539783 91.30000000000001</gx:coord>
<when>2026-08-27T18:53:39Z</when>
<gx:coord>25.0978733 59.4538867 91.30000000000001</gx:coord>
<when>2026-08-27T18:53:40Z</when>
<gx:coord>25.0977067 59.4538 91.9</gx:coord>
<when>2026-08-27T18:53:41Z</when>
<gx:coord>25.097545 59.4537083 92.0</gx:coord>
<when>2026-08-27T18:53:42Z</when>
<gx:coord>25.0973917 59.4536117 92.1</gx:coord>
<when>2026-08-27T18:53:43Z</when>
<gx:coord>25.0972433 59.453515 91.9</gx:coord>
<when>2026-08-27T18:53:44Z</when>
<gx:coord>25.097095 59.4534183 91.69999999999999</gx:coord>
<when>2026-08-27T18:53:45Z</when>
<gx:coord>25.096945 59.4533167 91.19999999999999</gx:coord>
<when>2026-08-27T18:53:46Z</when>
<gx:coord>25.096795 59.4532133 90.80000000000001</gx:coord>
<when>2026-08-27T18:53:47Z</when>
<gx:coord>25.096655 59.4531083 91.19999999999999</gx:coord>
<when>2026-08-27T18:53:48Z</when>
<gx:coord>25.0965317 59.453 92.1</gx:coord>
<when>2026-08-27T18:53:49Z</when>
<gx:coord>25.09643 59.452895 92.69999999999999</gx:coord>
<when>2026-08-27T18:53:50Z</when>
<gx:coord>25.096355 59.4527883 93.19999999999999</gx:coord>
<when>2026-08-27T18:53:51Z</when>
<gx:coord>25.096305 59.4526833 93.1</gx:coord>
<when>2026-08-27T18:53:52Z</when>
<gx:coord>25.0962667 59.4525733 92.30000000000001</gx:coord>
<when>2026-08-27T18:53:53Z</when>
<gx:coord>25.0962383 59.4524567 90.80000000000001</gx:coord>
<when>2026-08-27T18:53:54Z</when>
<gx:coord>25.0962233 59.45233 89.69999999999999</gx:coord>
<when>2026-08-27T18:53:55Z</when>
<gx:coord>25.0962383 59.4522033 89.0</gx:coord>
<when>2026-08-27T18:53:56Z</when>
<gx:coord>25.0962983 59.4520817 88.30000000000001</gx:coord>
<when>2026-08-27T18:53:57Z</when>
<gx:coord>25.0963917 59.4519733 87.80000000000001</gx:coord>
<when>2026-08-27T18:53:58Z</when>
<gx:coord>25.0965083 59.45188 87.9</gx:coord>
<when>2026-08-27T18:53:59Z</when>
<gx:coord>25.0966433 59.4518017 88.30000000000001</gx:coord>
<when>2026-08-27T18:54:00Z</when>
<gx:coord>25.0968033 59.45173 87.6</gx:coord>
<when>2026-08-27T18:54:01Z</when>
<gx:coord>25.09698 59.4516733 86.80000000000001</gx:coord>
<when>2026-08-27T18:54:02Z</when>
<gx:coord>25.0971817 59.45163 85.19999999999999</gx:coord>
<when>2026-08-27T18:54:03Z</when>
<gx:coord>25.0974 59.4516017 84.30000000000001</gx:coord>
<when>2026-08-27T18:54:04Z</when>
<gx:coord>25.0976217 59.451585 83.4</gx:coord>
<when>2026-08-27T18:54:05Z</when>
<gx:coord>25.097835 59.4515883 82.80000000000001</gx:coord>
<when>2026-08-27T18:54:06Z</when>
<gx:coord>25.0980383 59.4516133 82.7</gx:coord>
<when>2026-08-27T18:54:07Z</when>
<gx:coord>25.0982233 59.4516583 82.5</gx:coord>
<when>2026-08-27T18:54:08Z</when>
<gx:coord>25.0983917 59.4517183 82.5</gx:coord>
<when>2026-08-27T18:54:09Z</when>
<gx:coord>25.098535 59.4517883 82.30000000000001</gx:coord>
<when>2026-08-27T18:54:10Z</when>
<gx:coord>25.0986667 59.45187 82.0</gx:coord>
<when>2026-08-27T18:54:11Z</when>
<gx:coord>25.0987883 59.4519583 82.0</gx:coord>
<when>2026-08-27T18:54:12Z</when>
<gx:coord>25.0989 59.4520533 82.0</gx:coord>
<when>2026-08-27T18:54:13Z</when>
<gx:coord>25.0990083 59.4521483 82.0</gx:coord>
<when>2026-08-27T18:54:14Z</when>
<gx:coord>25.0991167 59.4522383 82.0</gx:coord>
<when>2026-08-27T18:54:15Z</when>
<gx:coord>25.0992283 59.452325 81.80000000000001</gx:coord>
<when>2026-08-27T18:54:16Z</when>
<gx:coord>25.0993417 59.4524117 81.30000000000001</gx:coord>
<when>2026-08-27T18:54:17Z</when>
<gx:coord>25.099455 59.4525 80.80000000000001</gx:coord>
<when>2026-08-27T18:54:18Z</when>
<gx:coord>25.0995733 59.4525917 80.6</gx:coord>
<when>2026-08-27T18:54:19Z</when>
<gx:coord>25.0996933 59.4526817 80.9</gx:coord>
<when>2026-08-27T18:54:20Z</when>
<gx:coord>25.0998183 59.45277 80.5</gx:coord>
<when>2026-08-27T18:54:21Z</when>
<gx:coord>25.0999467 59.4528567 80.9</gx:coord>
<when>2026-08-27T18:54:22Z</when>
<gx:coord>25.1000717 59.45294 81.4</gx:coord>
<when>2026-08-27T18:54:23Z</when>
<gx:coord>25.100195 59.4530233 81.4</gx:coord>
<when>2026-08-27T18:54:24Z</when>
<gx:coord>25.10032 59.453105 81.7</gx:coord>
<when>2026-08-27T18:54:25Z</when>
<gx:coord>25.1004467 59.4531883 81.6</gx:coord>
<when>2026-08-27T18:54:26Z</when>
<gx:coord>25.1005717 59.453275 81.6</gx:coord>
<when>2026-08-27T18:54:27Z</when>
<gx:coord>25.10069 59.4533617 81.9</gx:coord>
<when>2026-08-27T18:54:28Z</when>
<gx:coord>25.1008017 59.4534483 82.2</gx:coord>
<when>2026-08-27T18:54:29Z</when>
<gx:coord>25.10091 59.4535317 82.5</gx:coord>
<when>2026-08-27T18:54:30Z</when>
<gx:coord>25.1010217 59.4536133 82.5</gx:coord>
<when>2026-08-27T18:54:31Z</when>
<gx:coord>25.10114 59.453695 82.2</gx:coord>
<when>2026-08-27T18:54:32Z</when>
<gx:coord>25.1012633 59.45378 83.1</gx:coord>
<when>2026-08-27T18:54:33Z</when>
<gx:coord>25.1013867 59.453865 83.2</gx:coord>
<when>2026-08-27T18:54:34Z</when>
<gx:coord>25.1015117 59.45395 83.80000000000001</gx:coord>
<when>2026-08-27T18:54:35Z</when>
<gx:coord>25.1016417 59.4540333 84.4</gx:coord>
<when>2026-08-27T18:54:36Z</when>
<gx:coord>25.10178 59.4541117 84.80000000000001</gx:coord>
<when>2026-08-27T18:54:37Z</when>
<gx:coord>25.10192 59.4541883 85.30000000000001</gx:coord>
<when>2026-08-27T18:54:38Z</when>
<gx:coord>25.102065 59.45426 85.4</gx:coord>
<when>2026-08-27T18:54:39Z</when>
<gx:coord>25.1022067 59.4543333 85.80000000000001</gx:coord>
<when>2026-08-27T18:54:40Z</when>
<gx:coord>25.1023417 59.4544117 86.30000000000001</gx:coord>
<when>2026-08-27T18:54:41Z</when>
<gx:coord>25.1024617 59.454495 86.6</gx:coord>
<when>2026-08-27T18:54:42Z</when>
<gx:coord>25.1025667 59.4545833 86.69999999999999</gx:coord>
<when>2026-08-27T18:54:43Z</when>
<gx:coord>25.1026667 59.4546717 86.6</gx:coord>
<when>2026-08-27T18:54:44Z</when>
<gx:coord>25.102765 59.4547617 86.5</gx:coord>
<when>2026-08-27T18:54:45Z</when>
<gx:coord>25.10286 59.454855 86.5</gx:coord>
<when>2026-08-27T18:54:46Z</when>
<gx:coord>25.102945 59.45495 86.19999999999999</gx:coord>
<when>2026-08-27T18:54:47Z</when>
<gx:coord>25.1030183 59.45505 86.0</gx:coord>
<when>2026-08-27T18:54:48Z</when>
<gx:coord>25.1030817 59.4551517 86.5</gx:coord>
<when>2026-08-27T18:54:49Z</when>
<gx:coord>25.1031433 59.4552533 87.1</gx:coord>
<when>2026-08-27T18:54:50Z</when>
<gx:coord>25.1032067 59.4553533 87.4</gx:coord>
<when>2026-08-27T18:54:51Z</when>
<gx:coord>25.1032717 59.4554517 87.9</gx:coord>
<when>2026-08-27T18:54:52Z</when>
<gx:coord>25.10334 59.45555 88.30000000000001</gx:coord>
<when>2026-08-27T18:54:53Z</when>
<gx:coord>25.1034117 59.4556483 88.80000000000001</gx:coord>
<when>2026-08-27T18:54:54Z</when>
<gx:coord>25.1034867 59.455745 89.1</gx:coord>
<when>2026-08-27T18:54:55Z</when>
<gx:coord>25.103565 59.45584 89.4</gx:coord>
<when>2026-08-27T18:54:56Z</when>
<gx:coord>25.1036517 59.455935 90.19999999999999</gx:coord>
<when>2026-08-27T18:54:57Z</when>
<gx:coord>25.103735 59.4560283 90.5</gx:coord>
<when>2026-08-27T18:54:58Z</when>
<gx:coord>25.1038183 59.456125 90.80000000000001</gx:coord>
<when>2026-08-27T18:54:59Z</when>
<gx:coord>25.1039 59.45622 90.9</gx:coord>
<when>2026-08-27T18:55:00Z</when>
<gx:coord>25.1039817 59.4563167 91.19999999999999</gx:coord>
<when>2026-08-27T18:55:01Z</when>
<gx:coord>25.1040617 59.4564133 91.4</gx:coord>
<when>2026-08-27T18:55:02Z</when>
<gx:coord>25.1041417 59.45651 91.80000000000001</gx:coord>
<when>2026-08-27T18:55:03Z</when>
<gx:coord>25.1042233 59.4566067 92.0</gx:coord>
<when>2026-08-27T18:55:04Z</when>
<gx:coord>25.104305 59.4567033 92.19999999999999</gx:coord>
<when>2026-08-27T18:55:05Z</when>
<gx:coord>25.104385 59.4568 92.4</gx:coord>
<when>2026-08-27T18:55:06Z</when>
<gx:coord>25.1044667 59.4568967 92.80000000000001</gx:coord>
<when>2026-08-27T18:55:07Z</when>
<gx:coord>25.1045533 59.4569933 93.69999999999999</gx:coord>
<when>2026-08-27T18:55:08Z</when>
<gx:coord>25.1046433 59.4570867 94.6</gx:coord>
<when>2026-08-27T18:55:09Z</when>
<gx:coord>25.104735 59.4571817 95.30000000000001</gx:coord>
<when>2026-08-27T18:55:10Z</when>
<gx:coord>25.1048267 59.4572767 96.4</gx:coord>
<when>2026-08-27T18:55:11Z</when>
<gx:coord>25.1049267 59.4573683 96.5</gx:coord>
<when>2026-08-27T18:55:12Z</when>
<gx:coord>25.10503 59.4574567 96.19999999999999</gx:coord>
<when>2026-08-27T18:55:13Z</when>
<gx:coord>25.1051383 59.4575433 95.4</gx:coord>
<when>2026-08-27T18:55:14Z</when>
<gx:coord>25.1052583 59.4576233 94.30000000000001</gx:coord>
<when>2026-08-27T18:55:15Z</when>
<gx:coord>25.105395 59.4576967 93.5</gx:coord>
<when>2026-08-27T18:55:16Z</when>
<gx:coord>25.1055483 59.4577617 92.4</gx:coord>
<when>2026-08-27T18:55:17Z</when>
<gx:coord>25.1057 59.45783 91.6</gx:coord>
<when>2026-08-27T18:55:18Z</when>
<gx:coord>25.105835 59.4579083 91.6</gx:coord>
<when>2026-08-27T18:55:19Z</when>
<gx:coord>25.105945 59.4579933 91.30000000000001</gx:coord>
<when>2026-08-27T18:55:20Z</when>
<gx:coord>25.1060433 59.4580817 90.9</gx:coord>
<when>2026-08-27T18:55:21Z</when>
<gx:coord>25.1061583 59.4581617 90.69999999999999</gx:coord>
<when>2026-08-27T18:55:22Z</when>
<gx:coord>25.1063183 59.4582133 90.0</gx:coord>
<when>2026-08-27T18:55:23Z</when>
<gx:coord>25.1065133 59.45823 88.5</gx:coord>
<when>2026-08-27T18:55:24Z</when>
<gx:coord>25.1067267 59.4582067 87.80000000000001</gx:coord>
<when>2026-08-27T18:55:25Z</when>
<gx:coord>25.1069183 59.45812 87.0</gx:coord>
<when>2026-08-27T18:55:26Z</when>
<gx:coord>25.1070467 59.4580017 85.80000000000001</gx:coord>
<when>2026-08-27T18:55:27Z</when>
<gx:coord>25.1070867 59.4578633 85.4</gx:coord>
<when>2026-08-27T18:55:28Z</when>
<gx:coord>25.1070717 59.4577267 85.80000000000001</gx:coord>
<when>2026-08-27T18:55:29Z</when>
<gx:coord>25.1070467 59.4576 86.30000000000001</gx:coord>
<when>2026-08-27T18:55:30Z</when>
<gx:coord>25.10704 59.4574783 86.80000000000001</gx:coord>
<when>2026-08-27T18:55:31Z</when>
<gx:coord>25.1070617 59.457365 87.0</gx:coord>
<when>2026-08-27T18:55:32Z</when>
<gx:coord>25.1070883 59.45725 86.6</gx:coord>
<when>2026-08-27T18:55:33Z</when>
<gx:coord>25.1071 59.4571333 86.19999999999999</gx:coord>
<when>2026-08-27T18:55:34Z</when>
<gx:coord>25.1070833 59.4570033 86.1</gx:coord>
<when>2026-08-27T18:55:35Z</when>
<gx:coord>25.1070417 59.456875 86.5</gx:coord>
<when>2026-08-27T18:55:36Z</when>
<gx:coord>25.1069933 59.4567483 86.5</gx:coord>
<when>2026-08-27T18:55:37Z</when>
<gx:coord>25.1069383 59.4566267 86.6</gx:coord>
<when>2026-08-27T18:55:38Z</when>
<gx:coord>25.106885 59.4565133 86.5</gx:coord>
<when>2026-08-27T18:55:39Z</when>
<gx:coord>25.1068217 59.4564033 85.4</gx:coord>
<when>2026-08-27T18:55:40Z</when>
<gx:coord>25.106745 59.4562917 84.9</gx:coord>
<when>2026-08-27T18:55:41Z</when>
<gx:coord>25.1066533 59.456175 84.6</gx:coord>
<when>2026-08-27T18:55:42Z</when>
<gx:coord>25.1065583 59.4560583 84.5</gx:coord>
<when>2026-08-27T18:55:43Z</when>
<gx:coord>25.1064633 59.4559417 84.4</gx:coord>
<when>2026-08-27T18:55:44Z</when>
<gx:coord>25.106375 59.4558283 84.9</gx:coord>
<when>2026-08-27T18:55:45Z</when>
<gx:coord>25.10629 59.4557217 85.4</gx:coord>
<when>2026-08-27T18:55:46Z</when>
<gx:coord>25.1062017 59.4556183 85.30000000000001</gx:coord>
<when>2026-08-27T18:55:47Z</when>
<gx:coord>25.10611 59.4555083 85.4</gx:coord>
<when>2026-08-27T18:55:48Z</when>
<gx:coord>25.1060117 59.4554 85.6</gx:coord>
<when>2026-08-27T18:55:49Z</when>
<gx:coord>25.1059167 59.455285 86.19999999999999</gx:coord>
<when>2026-08-27T18:55:50Z</when>
<gx:coord>25.1058333 59.4551683 86.5</gx:coord>
<when>2026-08-27T18:55:51Z</when>
<gx:coord>25.105775 59.45505 87.0</gx:coord>
<when>2026-08-27T18:55:52Z</when>
<gx:coord>25.1057333 59.45493 86.9</gx:coord>
<when>2026-08-27T18:55:53Z</when>
<gx:coord>25.10569 59.45481 86.80000000000001</gx:coord>
<when>2026-08-27T18:55:54Z</when>
<gx:coord>25.1056433 59.4546917 86.1</gx:coord>
<when>2026-08-27T18:55:55Z</when>
<gx:coord>25.1055933 59.4545733 85.30000000000001</gx:coord>
<when>2026-08-27T18:55:56Z</when>
<gx:coord>25.105545 59.4544467 84.5</gx:coord>
<when>2026-08-27T18:55:57Z</when>
<gx:coord>25.105505 59.4543183 84.19999999999999</gx:coord>
<when>2026-08-27T18:55:58Z</when>
<gx:coord>25.1054817 59.45419 84.0</gx:coord>
<when>2026-08-27T18:55:59Z</when>
<gx:coord>25.1054683 59.454065 84.0</gx:coord>
<when>2026-08-27T18:56:00Z</when>
<gx:coord>25.10546 59.4539433 84.0</gx:coord>
<when>2026-08-27T18:56:01Z</when>
<gx:coord>25.1054567 59.4538233 83.69999999999999</gx:coord>
<when>2026-08-27T18:56:02Z</when>
<gx:coord>25.1054567 59.4537017 83.80000000000001</gx:coord>
<when>2026-08-27T18:56:03Z</when>
<gx:coord>25.1054617 59.4535817 84.6</gx:coord>
<when>2026-08-27T18:56:04Z</when>
<gx:coord>25.105475 59.4534617 85.4</gx:coord>
<when>2026-08-27T18:56:05Z</when>
<gx:coord>25.1055033 59.453345 85.9</gx:coord>
<when>2026-08-27T18:56:06Z</when>
<gx:coord>25.10554 59.45323 86.4</gx:coord>
<when>2026-08-27T18:56:07Z</when>
<gx:coord>25.1055867 59.45311 86.5</gx:coord>
<when>2026-08-27T18:56:08Z</when>
<gx:coord>25.1056367 59.4529883 86.4</gx:coord>
<when>2026-08-27T18:56:09Z</when>
<gx:coord>25.10569 59.4528683 86.4</gx:coord>
<when>2026-08-27T18:56:10Z</when>
<gx:coord>25.1057483 59.4527483 86.30000000000001</gx:coord>
<when>2026-08-27T18:56:11Z</when>
<gx:coord>25.1058133 59.4526317 86.69999999999999</gx:coord>
<when>2026-08-27T18:56:12Z</when>
<gx:coord>25.1058933 59.45252 87.1</gx:coord>
<when>2026-08-27T18:56:13Z</when>
<gx:coord>25.1059817 59.45241 87.4</gx:coord>
<when>2026-08-27T18:56:14Z</when>
<gx:coord>25.1060767 59.4523033 87.30000000000001</gx:coord>
<when>2026-08-27T18:56:15Z</when>
<gx:coord>25.1061767 59.4521983 87.4</gx:coord>
<when>2026-08-27T18:56:16Z</when>
<gx:coord>25.1062817 59.4520983 87.0</gx:coord>
<when>2026-08-27T18:56:17Z</when>
<gx:coord>25.106395 59.451995 86.69999999999999</gx:coord>
<when>2026-08-27T18:56:18Z</when>
<gx:coord>25.106505 59.4518967 87.1</gx:coord>
<when>2026-08-27T18:56:19Z</when>
<gx:coord>25.1066133 59.451795 86.69999999999999</gx:coord>
<when>2026-08-27T18:56:20Z</when>
<gx:coord>25.1067217 59.4516967 86.4</gx:coord>
<when>2026-08-27T18:56:21Z</when>
<gx:coord>25.1068333 59.4515983 86.1</gx:coord>
<when>2026-08-27T18:56:22Z</when>
<gx:coord>25.106955 59.451505 86.1</gx:coord>
<when>2026-08-27T18:56:23Z</when>
<gx:coord>25.1070883 59.4514133 85.9</gx:coord>
<when>2026-08-27T18:56:24Z</when>
<gx:coord>25.1072267 59.451325 85.80000000000001</gx:coord>
<when>2026-08-27T18:56:25Z</when>
<gx:coord>25.1073783 59.4512417 85.4</gx:coord>
<when>2026-08-27T18:56:26Z</when>
<gx:coord>25.1075283 59.4511617 85.0</gx:coord>
<when>2026-08-27T18:56:27Z</when>
<gx:coord>25.10768 59.4510817 84.4</gx:coord>
<when>2026-08-27T18:56:28Z</when>
<gx:coord>25.1078317 59.4510033 84.1</gx:coord>
<when>2026-08-27T18:56:29Z</when>
<gx:coord>25.107985 59.45092 83.2</gx:coord>
<when>2026-08-27T18:56:30Z</when>
<gx:coord>25.1081367 59.4508367 82.5</gx:coord>
<when>2026-08-27T18:56:31Z</when>
<gx:coord>25.10829 59.4507517 81.5</gx:coord>
<when>2026-08-27T18:56:32Z</when>
<gx:coord>25.1084417 59.4506667 80.4</gx:coord>
<when>2026-08-27T18:56:33Z</when>
<gx:coord>25.1085983 59.4505767 79.4</gx:coord>
<when>2026-08-27T18:56:34Z</when>
<gx:coord>25.1087517 59.450485 78.4</gx:coord>
<when>2026-08-27T18:56:35Z</when>
<gx:coord>25.1089017 59.450395 77.0</gx:coord>
<when>2026-08-27T18:56:36Z</when>
<gx:coord>25.10905 59.4503083 75.9</gx:coord>
<when>2026-08-27T18:56:37Z</when>
<gx:coord>25.1091933 59.45022 74.80000000000001</gx:coord>
<when>2026-08-27T18:56:38Z</when>
<gx:coord>25.1093417 59.45013 73.9</gx:coord>
<when>2026-08-27T18:56:39Z</when>
<gx:coord>25.1094817 59.450035 73.30000000000001</gx:coord>
<when>2026-08-27T18:56:40Z</when>
<gx:coord>25.1096017 59.449935 72.80000000000001</gx:coord>
<when>2026-08-27T18:56:41Z</when>
<gx:coord>25.1096967 59.4498267 72.30000000000001</gx:coord>
<when>2026-08-27T18:56:42Z</when>
<gx:coord>25.1097533 59.44971 72.0</gx:coord>
<when>2026-08-27T18:56:43Z</when>
<gx:coord>25.109785 59.4495883 72.30000000000001</gx:coord>
<when>2026-08-27T18:56:44Z</when>
<gx:coord>25.109805 59.44947 72.5</gx:coord>
<when>2026-08-27T18:56:45Z</when>
<gx:coord>25.1098283 59.4493517 72.6</gx:coord>
<when>2026-08-27T18:56:46Z</when>
<gx:coord>25.10987 59.4492367 72.30000000000001</gx:coord>
<when>2026-08-27T18:56:47Z</when>
<gx:coord>25.1099317 59.44912 72.4</gx:coord>
<when>2026-08-27T18:56:48Z</when>
<gx:coord>25.1100017 59.4490033 72.5</gx:coord>
<when>2026-08-27T18:56:49Z</when>
<gx:coord>25.1100833 59.4488917 72.9</gx:coord>
<when>2026-08-27T18:56:50Z</when>
<gx:coord>25.1101783 59.44879 73.2</gx:coord>
<when>2026-08-27T18:56:51Z</when>
<gx:coord>25.1102917 59.4486967 73.1</gx:coord>
<when>2026-08-27T18:56:52Z</when>
<gx:coord>25.11042 59.4486067 72.4</gx:coord>
<when>2026-08-27T18:56:53Z</when>
<gx:coord>25.1105617 59.4485183 71.9</gx:coord>
<when>2026-08-27T18:56:54Z</when>
<gx:coord>25.11071 59.4484267 72.0</gx:coord>
<when>2026-08-27T18:56:55Z</when>
<gx:coord>25.1108667 59.4483383 72.2</gx:coord>
<when>2026-08-27T18:56:56Z</when>
<gx:coord>25.1110183 59.448255 72.9</gx:coord>
<when>2026-08-27T18:56:57Z</when>
<gx:coord>25.11117 59.44818 73.7</gx:coord>
<when>2026-08-27T18:56:58Z</when>
<gx:coord>25.1113267 59.4481117 74.1</gx:coord>
<when>2026-08-27T18:56:59Z</when>
<gx:coord>25.1114883 59.44805 74.0</gx:coord>
<when>2026-08-27T18:57:00Z</when>
<gx:coord>25.1116617 59.4479933 73.7</gx:coord>
<when>2026-08-27T18:57:01Z</when>
<gx:coord>25.1118467 59.4479417 73.7</gx:coord>
<when>2026-08-27T18:57:02Z</when>
<gx:coord>25.112045 59.4478983 73.7</gx:coord>
<when>2026-08-27T18:57:03Z</when>
<gx:coord>25.1122533 59.44786 73.4</gx:coord>
<when>2026-08-27T18:57:04Z</when>
<gx:coord>25.1124617 59.4478267 73.5</gx:coord>
<when>2026-08-27T18:57:05Z</when>
<gx:coord>25.112665 59.4477983 73.5</gx:coord>
<when>2026-08-27T18:57:06Z</when>
<gx:coord>25.11287 59.447775 73.0</gx:coord>
<when>2026-08-27T18:57:07Z</when>
<gx:coord>25.1130783 59.447755 72.0</gx:coord>
<when>2026-08-27T18:57:08Z</when>
<gx:coord>25.1132967 59.4477433 71.30000000000001</gx:coord>
<when>2026-08-27T18:57:09Z</when>
<gx:coord>25.1135167 59.447735 70.9</gx:coord>
<when>2026-08-27T18:57:10Z</when>
<gx:coord>25.113735 59.4477283 70.80000000000001</gx:coord>
<when>2026-08-27T18:57:11Z</when>
<gx:coord>25.113955 59.4477217 70.4</gx:coord>
<when>2026-08-27T18:57:12Z</when>
<gx:coord>25.1141783 59.447715 69.6</gx:coord>
<when>2026-08-27T18:57:13Z</when>
<gx:coord>25.1143983 59.4477083 68.7</gx:coord>
<when>2026-08-27T18:57:14Z</when>
<gx:coord>25.1146083 59.4477033 68.0</gx:coord>
<when>2026-08-27T18:57:15Z</when>
<gx:coord>25.1148183 59.4477033 67.80000000000001</gx:coord>
<when>2026-08-27T18:57:16Z</when>
<gx:coord>25.1150283 59.4477067 68.30000000000001</gx:coord>
<when>2026-08-27T18:57:17Z</when>
<gx:coord>25.115235 59.44771 68.0</gx:coord>
<when>2026-08-27T18:57:18Z</when>
<gx:coord>25.115445 59.4477183 68.1</gx:coord>
<when>2026-08-27T18:57:19Z</when>
<gx:coord>25.11565 59.4477317 67.80000000000001</gx:coord>
<when>2026-08-27T18:57:20Z</when>
<gx:coord>25.115855 59.4477483 67.5</gx:coord>
<when>2026-08-27T18:57:21Z</when>
<gx:coord>25.11606 59.4477667 67.30000000000001</gx:coord>
<when>2026-08-27T18:57:22Z</when>
<gx:coord>25.1162617 59.4477867 67.0</gx:coord>
<when>2026-08-27T18:57:23Z</when>
<gx:coord>25.1164567 59.4478067 66.80000000000001</gx:coord>
<when>2026-08-27T18:57:24Z</when>
<gx:coord>25.11665 59.4478317 66.5</gx:coord>
<when>2026-08-27T18:57:25Z</when>
<gx:coord>25.1168433 59.4478583 66.0</gx:coord>
<when>2026-08-27T18:57:26Z</when>
<gx:coord>25.1170383 59.4478883 65.80000000000001</gx:coord>
<when>2026-08-27T18:57:27Z</when>
<gx:coord>25.1172367 59.4479217 65.4</gx:coord>
<when>2026-08-27T18:57:28Z</when>
<gx:coord>25.117435 59.447955 65.2</gx:coord>
<when>2026-08-27T18:57:29Z</when>
<gx:coord>25.11763 59.44799 64.5</gx:coord>
<when>2026-08-27T18:57:30Z</when>
<gx:coord>25.1178267 59.4480233 63.9</gx:coord>
<when>2026-08-27T18:57:31Z</when>
<gx:coord>25.1180217 59.4480533 63.0</gx:coord>
<when>2026-08-27T18:57:32Z</when>
<gx:coord>25.1182167 59.4480833 62.4</gx:coord>
<when>2026-08-27T18:57:33Z</when>
<gx:coord>25.1184183 59.4481217 62.0</gx:coord>
<when>2026-08-27T18:57:34Z</when>
<gx:coord>25.1186217 59.448165 61.9</gx:coord>
<when>2026-08-27T18:57:35Z</when>
<gx:coord>25.1188217 59.4482117 62.800000000000004</gx:coord>
<when>2026-08-27T18:57:36Z</when>
<gx:coord>25.1190117 59.4482583 63.4</gx:coord>
<when>2026-08-27T18:57:37Z</when>
<gx:coord>25.11919 59.4483033 64.1</gx:coord>
<when>2026-08-27T18:57:38Z</when>
<gx:coord>25.1193633 59.4483467 64.30000000000001</gx:coord>
<when>2026-08-27T18:57:39Z</when>
<gx:coord>25.11954 59.4483933 64.30000000000001</gx:coord>
<when>2026-08-27T18:57:40Z</when>
<gx:coord>25.1197267 59.4484433 64.0</gx:coord>
<when>2026-08-27T18:57:41Z</when>
<gx:coord>25.1199233 59.4484967 63.300000000000004</gx:coord>
<when>2026-08-27T18:57:42Z</when>
<gx:coord>25.120125 59.4485517 63.0</gx:coord>
<when>2026-08-27T18:57:43Z</when>
<gx:coord>25.1203233 59.4486083 62.800000000000004</gx:coord>
<when>2026-08-27T18:57:44Z</when>
<gx:coord>25.120515 59.4486667 63.1</gx:coord>
<when>2026-08-27T18:57:45Z</when>
<gx:coord>25.1207033 59.4487167 63.4</gx:coord>
<when>2026-08-27T18:57:46Z</when>
<gx:coord>25.12089 59.44876 63.5</gx:coord>
<when>2026-08-27T18:57:47Z</when>
<gx:coord>25.1210833 59.4488017 63.800000000000004</gx:coord>
<when>2026-08-27T18:57:48Z</when>
<gx:coord>25.1212767 59.44884 63.9</gx:coord>
<when>2026-08-27T18:57:49Z</when>
<gx:coord>25.1214717 59.4488817 64.30000000000001</gx:coord>
<when>2026-08-27T18:57:50Z</when>
<gx:coord>25.121665 59.4489217 64.6</gx:coord>
<when>2026-08-27T18:57:51Z</when>
<gx:coord>25.1218583 59.4489633 64.9</gx:coord>
<when>2026-08-27T18:57:52Z</when>
<gx:coord>25.1220483 59.4490033 65.4</gx:coord>
<when>2026-08-27T18:57:53Z</when>
<gx:coord>25.122235 59.449045 65.5</gx:coord>
<when>2026-08-27T18:57:54Z</when>
<gx:coord>25.12242 59.4490883 65.4</gx:coord>
<when>2026-08-27T18:57:55Z</when>
<gx:coord>25.1226083 59.4491283 65.30000000000001</gx:coord>
<when>2026-08-27T18:57:56Z</when>
<gx:coord>25.122805 59.4491717 65.1</gx:coord>
<when>2026-08-27T18:57:57Z</when>
<gx:coord>25.1230083 59.449215 65.0</gx:coord>
<when>2026-08-27T18:57:58Z</when>
<gx:coord>25.123215 59.449255 65.2</gx:coord>
<when>2026-08-27T18:57:59Z</when>
<gx:coord>25.123415 59.4492883 65.2</gx:coord>
<when>2026-08-27T18:58:00Z</when>
<gx:coord>25.1236133 59.4493167 65.5</gx:coord>
<when>2026-08-27T18:58:01Z</when>
<gx:coord>25.1238067 59.4493383 65.2</gx:coord>
<when>2026-08-27T18:58:02Z</when>
<gx:coord>25.1239983 59.4493583 64.9</gx:coord>
<when>2026-08-27T18:58:03Z</when>
<gx:coord>25.1241917 59.44938 64.5</gx:coord>
<when>2026-08-27T18:58:04Z</when>
<gx:coord>25.1243967 59.4494033 63.800000000000004</gx:coord>
<when>2026-08-27T18:58:05Z</when>
<gx:coord>25.1246117 59.4494283 63.6</gx:coord>
<when>2026-08-27T18:58:06Z</when>
<gx:coord>25.1248283 59.44945 63.4</gx:coord>
<when>2026-08-27T18:58:07Z</when>
<gx:coord>25.1250417 59.4494667 63.9</gx:coord>
<when>2026-08-27T18:58:08Z</when>
<gx:coord>25.1252483 59.4494783 64.7</gx:coord>
<when>2026-08-27T18:58:09Z</when>
<gx:coord>25.12546 59.4494867 65.1</gx:coord>
<when>2026-08-27T18:58:10Z</when>
<gx:coord>25.12567 59.4494917 65.5</gx:coord>
<when>2026-08-27T18:58:11Z</when>
<gx:coord>25.125885 59.4494983 65.9</gx:coord>
<when>2026-08-27T18:58:12Z</when>
<gx:coord>25.1261017 59.4495033 66.2</gx:coord>
<when>2026-08-27T18:58:13Z</when>
<gx:coord>25.126315 59.4495083 66.6</gx:coord>
<when>2026-08-27T18:58:14Z</when>
<gx:coord>25.12652 59.4495117 67.0</gx:coord>
<when>2026-08-27T18:58:15Z</when>
<gx:coord>25.1267183 59.44952 67.6</gx:coord>
<when>2026-08-27T18:58:16Z</when>
<gx:coord>25.12691 59.4495333 68.30000000000001</gx:coord>
<when>2026-08-27T18:58:17Z</when>
<gx:coord>25.1271017 59.4495533 69.1</gx:coord>
<when>2026-08-27T18:58:18Z</when>
<gx:coord>25.1272967 59.4495783 69.7</gx:coord>
<when>2026-08-27T18:58:19Z</when>
<gx:coord>25.1275 59.449605 70.6</gx:coord>
<when>2026-08-27T18:58:20Z</when>
<gx:coord>25.1277083 59.4496317 71.1</gx:coord>
<when>2026-08-27T18:58:21Z</when>
<gx:coord>25.1279133 59.44966 71.7</gx:coord>
<when>2026-08-27T18:58:22Z</when>
<gx:coord>25.12811 59.4496933 72.5</gx:coord>
<when>2026-08-27T18:58:23Z</when>
<gx:coord>25.1282983 59.4497267 72.80000000000001</gx:coord>
<when>2026-08-27T18:58:24Z</when>
<gx:coord>25.128485 59.4497583 73.2</gx:coord>
<when>2026-08-27T18:58:25Z</when>
<gx:coord>25.12868 59.4497883 73.6</gx:coord>
<when>2026-08-27T18:58:26Z</when>
<gx:coord>25.128885 59.449815 73.9</gx:coord>
<when>2026-08-27T18:58:27Z</when>
<gx:coord>25.1290867 59.4498367 73.9</gx:coord>
<when>2026-08-27T18:58:28Z</when>
<gx:coord>25.1292817 59.4498633 74.4</gx:coord>
<when>2026-08-27T18:58:29Z</when>
<gx:coord>25.129465 59.449895 75.1</gx:coord>
<when>2026-08-27T18:58:30Z</when>
<gx:coord>25.1296317 59.44993 75.7</gx:coord>
<when>2026-08-27T18:58:31Z</when>
<gx:coord>25.12979 59.449965 75.9</gx:coord>
<when>2026-08-27T18:58:32Z</when>
<gx:coord>25.1299467 59.450005 75.5</gx:coord>
<when>2026-08-27T18:58:33Z</when>
<gx:coord>25.1301133 59.4500583 74.6</gx:coord>
<when>2026-08-27T18:58:34Z</when>
<gx:coord>25.130295 59.4501183 73.7</gx:coord>
<when>2026-08-27T18:58:35Z</when>
<gx:coord>25.1304767 59.4501833 73.0</gx:coord>
<when>2026-08-27T18:58:36Z</when>
<gx:coord>25.1306583 59.45025 72.4</gx:coord>
<when>2026-08-27T18:58:37Z</when>
<gx:coord>25.130835 59.450315 72.1</gx:coord>
<when>2026-08-27T18:58:38Z</when>
<gx:coord>25.131 59.45038 72.0</gx:coord>
<when>2026-08-27T18:58:39Z</when>
<gx:coord>25.131155 59.4504467 72.1</gx:coord>
<when>2026-08-27T18:58:40Z</when>
<gx:coord>25.131305 59.450515 72.1</gx:coord>
<when>2026-08-27T18:58:41Z</when>
<gx:coord>25.13146 59.4505883 71.80000000000001</gx:coord>
<when>2026-08-27T18:58:42Z</when>
<gx:coord>25.13162 59.4506633 71.6</gx:coord>
<when>2026-08-27T18:58:43Z</when>
<gx:coord>25.1317883 59.4507333 71.5</gx:coord>
<when>2026-08-27T18:58:44Z</when>
<gx:coord>25.1319617 59.4508 71.5</gx:coord>
<when>2026-08-27T18:58:45Z</when>
<gx:coord>25.1321283 59.45086 71.6</gx:coord>
<when>2026-08-27T18:58:46Z</when>
<gx:coord>25.13229 59.45092 71.7</gx:coord>
<when>2026-08-27T18:58:47Z</when>
<gx:coord>25.1324467 59.4509817 71.80000000000001</gx:coord>
<when>2026-08-27T18:58:48Z</when>
<gx:coord>25.132595 59.4510483 72.0</gx:coord>
<when>2026-08-27T18:58:49Z</when>
<gx:coord>25.13274 59.45112 72.4</gx:coord>
<when>2026-08-27T18:58:50Z</when>
<gx:coord>25.13288 59.4511883 71.80000000000001</gx:coord>
<when>2026-08-27T18:58:51Z</when>
<gx:coord>25.133025 59.4512567 71.2</gx:coord>
<when>2026-08-27T18:58:52Z</when>
<gx:coord>25.1331733 59.4513283 70.80000000000001</gx:coord>
<when>2026-08-27T18:58:53Z</when>
<gx:coord>25.133325 59.4514017 70.30000000000001</gx:coord>
<when>2026-08-27T18:58:54Z</when>
<gx:coord>25.1334683 59.45148 70.2</gx:coord>
<when>2026-08-27T18:58:55Z</when>
<gx:coord>25.133585 59.4515683 70.6</gx:coord>
<when>2026-08-27T18:58:56Z</when>
<gx:coord>25.1336433 59.4516683 71.2</gx:coord>
<when>2026-08-27T18:58:57Z</when>
<gx:coord>25.1336317 59.4517667 70.80000000000001</gx:coord>
<when>2026-08-27T18:58:58Z</when>
<gx:coord>25.1335533 59.4518617 70.6</gx:coord>
<when>2026-08-27T18:58:59Z</when>
<gx:coord>25.1334133 59.4519433 70.9</gx:coord>
<when>2026-08-27T18:59:00Z</when>
<gx:coord>25.1332383 59.4520117 71.0</gx:coord>
<when>2026-08-27T18:59:01Z</when>
<gx:coord>25.1330433 59.4520667 71.2</gx:coord>
<when>2026-08-27T18:59:02Z</when>
<gx:coord>25.1328383 59.452105 72.2</gx:coord>
<when>2026-08-27T18:59:03Z</when>
<gx:coord>25.132625 59.4521317 73.1</gx:coord>
<when>2026-08-27T18:59:04Z</when>
<gx:coord>25.1324067 59.45215 73.4</gx:coord>
<when>2026-08-27T18:59:05Z</when>
<gx:coord>25.1321933 59.4521683 73.1</gx:coord>
<when>2026-08-27T18:59:06Z</when>
<gx:coord>25.1319817 59.452195 72.7</gx:coord>
<when>2026-08-27T18:59:07Z</when>
<gx:coord>25.131765 59.452225 72.2</gx:coord>
<when>2026-08-27T18:59:08Z</when>
<gx:coord>25.1315417 59.452255 72.0</gx:coord>
<when>2026-08-27T18:59:09Z</when>
<gx:coord>25.1313167 59.45228 72.30000000000001</gx:coord>
<when>2026-08-27T18:59:10Z</when>
<gx:coord>25.1310967 59.45229 72.80000000000001</gx:coord>
<when>2026-08-27T18:59:11Z</when>
<gx:coord>25.130875 59.4522883 73.4</gx:coord>
<when>2026-08-27T18:59:12Z</when>
<gx:coord>25.1306567 59.45228 74.2</gx:coord>
<when>2026-08-27T18:59:13Z</when>
<gx:coord>25.1304333 59.452275 75.0</gx:coord>
<when>2026-08-27T18:59:14Z</when>
<gx:coord>25.1302033 59.4522717 75.80000000000001</gx:coord>
<when>2026-08-27T18:59:15Z</when>
<gx:coord>25.12997 59.45227 76.7</gx:coord>
<when>2026-08-27T18:59:16Z</when>
<gx:coord>25.1297317 59.4522633 78.4</gx:coord>
<when>2026-08-27T18:59:17Z</when>
<gx:coord>25.1295 59.4522517 79.4</gx:coord>
<when>2026-08-27T18:59:18Z</when>
<gx:coord>25.12927 59.452235 79.80000000000001</gx:coord>
<when>2026-08-27T18:59:19Z</when>
<gx:coord>25.1290417 59.452215 80.2</gx:coord>
<when>2026-08-27T18:59:20Z</when>
<gx:coord>25.1288167 59.452195 80.4</gx:coord>
<when>2026-08-27T18:59:21Z</when>
<gx:coord>25.1285883 59.4521767 80.6</gx:coord>
<when>2026-08-27T18:59:22Z</when>
<gx:coord>25.1283567 59.4521583 81.30000000000001</gx:coord>
<when>2026-08-27T18:59:23Z</when>
<gx:coord>25.1281217 59.45214 82.2</gx:coord>
<when>2026-08-27T18:59:24Z</when>
<gx:coord>25.127885 59.4521233 83.1</gx:coord>
<when>2026-08-27T18:59:25Z</when>
<gx:coord>25.1276567 59.452105 83.69999999999999</gx:coord>
<when>2026-08-27T18:59:26Z</when>
<gx:coord>25.127425 59.4520867 84.4</gx:coord>
<when>2026-08-27T18:59:27Z</when>
<gx:coord>25.1271933 59.4520667 85.0</gx:coord>
<when>2026-08-27T18:59:28Z</when>
<gx:coord>25.1269617 59.4520467 85.19999999999999</gx:coord>
<when>2026-08-27T18:59:29Z</when>
<gx:coord>25.1267283 59.4520267 85.5</gx:coord>
<when>2026-08-27T18:59:30Z</when>
<gx:coord>25.1264933 59.4520083 85.9</gx:coord>
<when>2026-08-27T18:59:31Z</when>
<gx:coord>25.12626 59.4519917 86.19999999999999</gx:coord>
<when>2026-08-27T18:59:32Z</when>
<gx:coord>25.1260267 59.4519767 86.69999999999999</gx:coord>
<when>2026-08-27T18:59:33Z</when>
<gx:coord>25.1257967 59.45196 87.0</gx:coord>
<when>2026-08-27T18:59:34Z</when>
<gx:coord>25.1255683 59.45194 87.69999999999999</gx:coord>
<when>2026-08-27T18:59:35Z</when>
<gx:coord>25.1253417 59.4519233 88.30000000000001</gx:coord>
<when>2026-08-27T18:59:36Z</when>
<gx:coord>25.1251133 59.4519033 88.9</gx:coord>
<when>2026-08-27T18:59:37Z</when>
<gx:coord>25.124885 59.4518817 89.5</gx:coord>
<when>2026-08-27T18:59:38Z</when>
<gx:coord>25.1246567 59.4518567 90.0</gx:coord>
<when>2026-08-27T18:59:39Z</when>
<gx:coord>25.1244333 59.4518333 90.5</gx:coord>
<when>2026-08-27T18:59:40Z</when>
<gx:coord>25.1242067 59.4518083 90.69999999999999</gx:coord>
<when>2026-08-27T18:59:41Z</when>
<gx:coord>25.12398 59.4517867 90.69999999999999</gx:coord>
<when>2026-08-27T18:59:42Z</when>
<gx:coord>25.12375 59.4517667 91.1</gx:coord>
<when>2026-08-27T18:59:43Z</when>
<gx:coord>25.1235167 59.4517467 91.69999999999999</gx:coord>
<when>2026-08-27T18:59:44Z</when>
<gx:coord>25.1232867 59.4517283 92.4</gx:coord>
<when>2026-08-27T18:59:45Z</when>
<gx:coord>25.1230567 59.45171 93.1</gx:coord>
<when>2026-08-27T18:59:46Z</when>
<gx:coord>25.1228333 59.45169 94.0</gx:coord>
<when>2026-08-27T18:59:47Z</when>
<gx:coord>25.1226067 59.45167 94.80000000000001</gx:coord>
<when>2026-08-27T18:59:48Z</when>
<gx:coord>25.1223783 59.4516467 95.6</gx:coord>
<when>2026-08-27T18:59:49Z</when>
<gx:coord>25.1221533 59.451625 96.30000000000001</gx:coord>
<when>2026-08-27T18:59:50Z</when>
<gx:coord>25.121925 59.4516017 97.19999999999999</gx:coord>
<when>2026-08-27T18:59:51Z</when>
<gx:coord>25.121695 59.4515783 97.6</gx:coord>
<when>2026-08-27T18:59:52Z</when>
<gx:coord>25.121465 59.451555 98.4</gx:coord>
<when>2026-08-27T18:59:53Z</when>
<gx:coord>25.12124 59.4515283 99.30000000000001</gx:coord>
<when>2026-08-27T18:59:54Z</when>
<gx:coord>25.1210117 59.4515033 99.80000000000001</gx:coord>
<when>2026-08-27T18:59:55Z</when>
<gx:coord>25.1207817 59.451475 100.6</gx:coord>
<when>2026-08-27T18:59:56Z</when>
<gx:coord>25.1205483 59.45145 101.4</gx:coord>
<when>2026-08-27T18:59:57Z</when>
<gx:coord>25.1203133 59.4514283 102.30000000000001</gx:coord>
<when>2026-08-27T18:59:58Z</when>
<gx:coord>25.1200783 59.4514067 103.19999999999999</gx:coord>
<when>2026-08-27T18:59:59Z</when>
<gx:coord>25.11984 59.4513883 103.9</gx:coord>
<when>2026-08-27T19:00:00Z</when>
<gx:coord>25.1196033 59.4513683 104.9</gx:coord>
<when>2026-08-27T19:00:01Z</when>
<gx:coord>25.1193733 59.4513467 105.6</gx:coord>
<when>2026-08-27T19:00:02Z</when>
<gx:coord>25.1191417 59.4513167 106.5</gx:coord>
<when>2026-08-27T19:00:03Z</when>
<gx:coord>25.1189183 59.451285 107.1</gx:coord>
<when>2026-08-27T19:00:04Z</when>
<gx:coord>25.1186867 59.4512517 108.19999999999999</gx:coord>
<when>2026-08-27T19:00:05Z</when>
<gx:coord>25.1184633 59.4512117 108.80000000000001</gx:coord>
<when>2026-08-27T19:00:06Z</when>
<gx:coord>25.1182367 59.451175 109.69999999999999</gx:coord>
<when>2026-08-27T19:00:07Z</when>
<gx:coord>25.11801 59.4511367 110.80000000000001</gx:coord>
<when>2026-08-27T19:00:08Z</when>
<gx:coord>25.11779 59.4510933 111.9</gx:coord>
<when>2026-08-27T19:00:09Z</when>
<gx:coord>25.1175933 59.4510367 112.80000000000001</gx:coord>
<when>2026-08-27T19:00:10Z</when>
<gx:coord>25.117415 59.4509633 113.6</gx:coord>
<when>2026-08-27T19:00:11Z</when>
<gx:coord>25.117255 59.4508767 114.30000000000001</gx:coord>
<when>2026-08-27T19:00:12Z</when>
<gx:coord>25.11711 59.4507833 115.1</gx:coord>
<when>2026-08-27T19:00:13Z</when>
<gx:coord>25.1169617 59.4506883 116.1</gx:coord>
<when>2026-08-27T19:00:14Z</when>
<gx:coord>25.1168033 59.4506017 116.9</gx:coord>
<when>2026-08-27T19:00:15Z</when>
<gx:coord>25.1166383 59.4505233 117.9</gx:coord>
<when>2026-08-27T19:00:16Z</when>
<gx:coord>25.116455 59.4504517 118.6</gx:coord>
<when>2026-08-27T19:00:17Z</when>
<gx:coord>25.116255 59.4503983 119.4</gx:coord>
<when>2026-08-27T19:00:18Z</when>
<gx:coord>25.11603 59.4503583 120.4</gx:coord>
<when>2026-08-27T19:00:19Z</when>
<gx:coord>25.1157917 59.4503383 121.30000000000001</gx:coord>
<when>2026-08-27T19:00:20Z</when>
<gx:coord>25.1155467 59.450345 121.19999999999999</gx:coord>
<when>2026-08-27T19:00:21Z</when>
<gx:coord>25.1153083 59.45035 122.30000000000001</gx:coord>
<when>2026-08-27T19:00:22Z</when>
<gx:coord>25.1150717 59.450355 123.0</gx:coord>
<when>2026-08-27T19:00:23Z</when>
<gx:coord>25.114835 59.4503533 124.4</gx:coord>
<when>2026-08-27T19:00:24Z</when>
<gx:coord>25.1146017 59.450345 124.80000000000001</gx:coord>
<when>2026-08-27T19:00:25Z</when>
<gx:coord>25.1143767 59.4503267 125.19999999999999</gx:coord>
<when>2026-08-27T19:00:26Z</when>
<gx:coord>25.1141533 59.4502933 125.69999999999999</gx:coord>
<when>2026-08-27T19:00:27Z</when>
<gx:coord>25.1139533 59.4502433 125.80000000000001</gx:coord>
<when>2026-08-27T19:00:28Z</when>
<gx:coord>25.11378 59.450165 125.5</gx:coord>
<when>2026-08-27T19:00:29Z</when>
<gx:coord>25.1136467 59.450065 125.5</gx:coord>
<when>2026-08-27T19:00:30Z</when>
<gx:coord>25.1135717 59.4499433 125.5</gx:coord>
<when>2026-08-27T19:00:31Z</when>
<gx:coord>25.1135683 59.44982 125.6</gx:coord>
<when>2026-08-27T19:00:32Z</when>
<gx:coord>25.1136283 59.4497067 126.6</gx:coord>
<when>2026-08-27T19:00:33Z</when>
<gx:coord>25.11374 59.4496117 127.5</gx:coord>
<when>2026-08-27T19:00:34Z</when>
<gx:coord>25.1138883 59.44954 129.0</gx:coord>
<when>2026-08-27T19:00:35Z</when>
<gx:coord>25.11407 59.4494967 129.4</gx:coord>
<when>2026-08-27T19:00:36Z</when>
<gx:coord>25.1142617 59.4494733 129.7</gx:coord>
<when>2026-08-27T19:00:37Z</when>
<gx:coord>25.11445 59.4494817 129.8</gx:coord>
<when>2026-08-27T19:00:38Z</when>
<gx:coord>25.1146233 59.44952 130.0</gx:coord>
<when>2026-08-27T19:00:39Z</when>
<gx:coord>25.1147633 59.449585 131.0</gx:coord>
<when>2026-08-27T19:00:40Z</when>
<gx:coord>25.11486 59.44967 131.8</gx:coord>
<when>2026-08-27T19:00:41Z</when>
<gx:coord>25.1149067 59.4497717 132.7</gx:coord>
<when>2026-08-27T19:00:42Z</when>
<gx:coord>25.1149133 59.4498783 133.8</gx:coord>
<when>2026-08-27T19:00:43Z</when>
<gx:coord>25.1148883 59.449985 134.2</gx:coord>
<when>2026-08-27T19:00:44Z</when>
<gx:coord>25.11485 59.4500917 134.6</gx:coord>
<when>2026-08-27T19:00:45Z</when>
<gx:coord>25.1148083 59.4501983 135.4</gx:coord>
<when>2026-08-27T19:00:46Z</when>
<gx:coord>25.1147583 59.450305 136.0</gx:coord>
<when>2026-08-27T19:00:47Z</when>
<gx:coord>25.1147 59.4504083 136.6</gx:coord>
<when>2026-08-27T19:00:48Z</when>
<gx:coord>25.1146283 59.4505117 137.2</gx:coord>
<when>2026-08-27T19:00:49Z</when>
<gx:coord>25.1145483 59.4506133 137.9</gx:coord>
<when>2026-08-27T19:00:50Z</when>
<gx:coord>25.1144617 59.4507167 138.4</gx:coord>
<when>2026-08-27T19:00:51Z</when>
<gx:coord>25.1143733 59.4508233 138.6</gx:coord>
<when>2026-08-27T19:00:52Z</when>
<gx:coord>25.11429 59.4509283 138.9</gx:coord>
<when>2026-08-27T19:00:53Z</when>
<gx:coord>25.11421 59.4510333 138.8</gx:coord>
<when>2026-08-27T19:00:54Z</when>
<gx:coord>25.1141333 59.45114 138.5</gx:coord>
<when>2026-08-27T19:00:55Z</when>
<gx:coord>25.1140533 59.451245 138.1</gx:coord>
<when>2026-08-27T19:00:56Z</when>
<gx:coord>25.1139767 59.4513483 137.8</gx:coord>
<when>2026-08-27T19:00:57Z</when>
<gx:coord>25.1139 59.4514567 137.3</gx:coord>
<when>2026-08-27T19:00:58Z</when>
<gx:coord>25.1138233 59.4515667 136.8</gx:coord>
<when>2026-08-27T19:00:59Z</when>
<gx:coord>25.1137417 59.4516783 136.4</gx:coord>
<when>2026-08-27T19:01:00Z</when>
<gx:coord>25.11366 59.4517867 136.6</gx:coord>
<when>2026-08-27T19:01:01Z</when>
<gx:coord>25.1135783 59.4518917 137.3</gx:coord>
<when>2026-08-27T19:01:02Z</when>
<gx:coord>25.11349 59.45199 138.1</gx:coord>
<when>2026-08-27T19:01:03Z</when>
<gx:coord>25.1133917 59.452085 138.8</gx:coord>
<when>2026-08-27T19:01:04Z</when>
<gx:coord>25.1132733 59.4521783 139.4</gx:coord>
<when>2026-08-27T19:01:05Z</when>
<gx:coord>25.113145 59.4522667 139.7</gx:coord>
<when>2026-08-27T19:01:06Z</when>
<gx:coord>25.112995 59.452355 140.2</gx:coord>
<when>2026-08-27T19:01:07Z</when>
<gx:coord>25.112835 59.4524433 141.0</gx:coord>
<when>2026-08-27T19:01:08Z</when>
<gx:coord>25.1126783 59.452535 141.4</gx:coord>
<when>2026-08-27T19:01:09Z</when>
<gx:coord>25.112535 59.452635 141.8</gx:coord>
<when>2026-08-27T19:01:10Z</when>
<gx:coord>25.112415 59.4527367 142.2</gx:coord>
<when>2026-08-27T19:01:11Z</when>
<gx:coord>25.1123117 59.4528417 142.2</gx:coord>
<when>2026-08-27T19:01:12Z</when>
<gx:coord>25.1122083 59.4529467 141.9</gx:coord>
<when>2026-08-27T19:01:13Z</when>
<gx:coord>25.1121033 59.4530533 141.3</gx:coord>
<when>2026-08-27T19:01:14Z</when>
<gx:coord>25.1119967 59.4531633 140.4</gx:coord>
<when>2026-08-27T19:01:15Z</when>
<gx:coord>25.1118967 59.4532767 139.7</gx:coord>
<when>2026-08-27T19:01:16Z</when>
<gx:coord>25.1118167 59.4533967 139.7</gx:coord>
<when>2026-08-27T19:01:17Z</when>
<gx:coord>25.1117783 59.453515 139.3</gx:coord>
<when>2026-08-27T19:01:18Z</when>
<gx:coord>25.1118033 59.4536283 139.0</gx:coord>
<when>2026-08-27T19:01:19Z</when>
<gx:coord>25.1118983 59.4537283 139.1</gx:coord>
<when>2026-08-27T19:01:20Z</when>
<gx:coord>25.1120417 59.4538167 139.5</gx:coord>
<when>2026-08-27T19:01:21Z</when>
<gx:coord>25.112195 59.4538983 141.2</gx:coord>
<when>2026-08-27T19:01:22Z</when>
<gx:coord>25.1123367 59.4539767 142.1</gx:coord>
<when>2026-08-27T19:01:23Z</when>
<gx:coord>25.1124533 59.4540617 142.7</gx:coord>
<when>2026-08-27T19:01:24Z</when>
<gx:coord>25.1125483 59.4541533 143.0</gx:coord>
<when>2026-08-27T19:01:25Z</when>
<gx:coord>25.1126333 59.4542533 142.4</gx:coord>
<when>2026-08-27T19:01:26Z</when>
<gx:coord>25.1127183 59.454355 142.4</gx:coord>
<when>2026-08-27T19:01:27Z</when>
<gx:coord>25.11281 59.4544567 142.8</gx:coord>
<when>2026-08-27T19:01:28Z</when>
<gx:coord>25.112905 59.4545583 142.9</gx:coord>
<when>2026-08-27T19:01:29Z</when>
<gx:coord>25.1129917 59.4546567 142.6</gx:coord>
<when>2026-08-27T19:01:30Z</when>
<gx:coord>25.11305 59.454755 142.1</gx:coord>
<when>2026-08-27T19:01:31Z</when>
<gx:coord>25.1131117 59.4548567 142.1</gx:coord>
<when>2026-08-27T19:01:32Z</when>
<gx:coord>25.1131633 59.4549633 141.4</gx:coord>
<when>2026-08-27T19:01:33Z</when>
<gx:coord>25.1132167 59.4550683 140.6</gx:coord>
<when>2026-08-27T19:01:34Z</when>
<gx:coord>25.11327 59.4551767 139.7</gx:coord>
<when>2026-08-27T19:01:35Z</when>
<gx:coord>25.1133133 59.4552833 138.7</gx:coord>
<when>2026-08-27T19:01:36Z</when>
<gx:coord>25.113345 59.45539 137.9</gx:coord>
<when>2026-08-27T19:01:37Z</when>
<gx:coord>25.1133633 59.4554983 137.6</gx:coord>
<when>2026-08-27T19:01:38Z</when>
<gx:coord>25.1133717 59.4556083 137.7</gx:coord>
<when>2026-08-27T19:01:39Z</when>
<gx:coord>25.113375 59.4557167 137.8</gx:coord>
<when>2026-08-27T19:01:40Z</when>
<gx:coord>25.11338 59.4558233 137.3</gx:coord>
<when>2026-08-27T19:01:41Z</when>
<gx:coord>25.1133967 59.4559267 136.8</gx:coord>
<when>2026-08-27T19:01:42Z</when>
<gx:coord>25.1134633 59.4560217 136.4</gx:coord>
<when>2026-08-27T19:01:43Z</when>
<gx:coord>25.1136017 59.4560983 134.9</gx:coord>
<when>2026-08-27T19:01:44Z</when>
<gx:coord>25.1138117 59.45614 133.6</gx:coord>
<when>2026-08-27T19:01:45Z</when>
<gx:coord>25.11406 59.4561383 132.7</gx:coord>
<when>2026-08-27T19:01:46Z</when>
<gx:coord>25.114295 59.456115 133.3</gx:coord>
<when>2026-08-27T19:01:47Z</when>
<gx:coord>25.1145 59.4560883 134.3</gx:coord>
<when>2026-08-27T19:01:48Z</when>
<gx:coord>25.1146867 59.45606 135.0</gx:coord>
<when>2026-08-27T19:01:49Z</when>
<gx:coord>25.1148617 59.45604 135.1</gx:coord>
<when>2026-08-27T19:01:50Z</when>
<gx:coord>25.1150417 59.45602 134.2</gx:coord>
<when>2026-08-27T19:01:51Z</when>
<gx:coord>25.11524 59.456005 133.3</gx:coord>
<when>2026-08-27T19:01:52Z</when>
<gx:coord>25.115455 59.4559967 132.6</gx:coord>
<when>2026-08-27T19:01:53Z</when>
<gx:coord>25.11567 59.4559967 132.4</gx:coord>
<when>2026-08-27T19:01:54Z</when>
<gx:coord>25.1158817 59.4560033 131.6</gx:coord>
<when>2026-08-27T19:01:55Z</when>
<gx:coord>25.11608 59.4560067 131.2</gx:coord>
<when>2026-08-27T19:01:56Z</when>
<gx:coord>25.1162633 59.456 131.0</gx:coord>
<when>2026-08-27T19:01:57Z</when>
<gx:coord>25.1164433 59.4559767 130.7</gx:coord>
<when>2026-08-27T19:01:58Z</when>
<gx:coord>25.116615 59.4559167 129.4</gx:coord>
<when>2026-08-27T19:01:59Z</when>
<gx:coord>25.1167617 59.45583 128.6</gx:coord>
<when>2026-08-27T19:02:00Z</when>
<gx:coord>25.11689 59.4557333 128.7</gx:coord>
<when>2026-08-27T19:02:01Z</when>
<gx:coord>25.1170067 59.4556333 129.0</gx:coord>
<when>2026-08-27T19:02:02Z</when>
<gx:coord>25.11712 59.45554 129.4</gx:coord>
<when>2026-08-27T19:02:03Z</when>
<gx:coord>25.1172367 59.4554567 130.0</gx:coord>
<when>2026-08-27T19:02:04Z</when>
<gx:coord>25.11737 59.45538 129.9</gx:coord>
<when>2026-08-27T19:02:05Z</when>
<gx:coord>25.1175233 59.4553167 129.7</gx:coord>
<when>2026-08-27T19:02:06Z</when>
<gx:coord>25.1177067 59.45527 129.3</gx:coord>
<when>2026-08-27T19:02:07Z</when>
<gx:coord>25.1179117 59.4552433 129.0</gx:coord>
<when>2026-08-27T19:02:08Z</when>
<gx:coord>25.1181217 59.45524 128.6</gx:coord>
<when>2026-08-27T19:02:09Z</when>
<gx:coord>25.1183267 59.45525 128.4</gx:coord>
<when>2026-08-27T19:02:10Z</when>
<gx:coord>25.1185267 59.4552583 129.1</gx:coord>
<when>2026-08-27T19:02:11Z</when>
<gx:coord>25.11872 59.4552533 129.3</gx:coord>
<when>2026-08-27T19:02:12Z</when>
<gx:coord>25.1189183 59.4552367 129.3</gx:coord>
<when>2026-08-27T19:02:13Z</when>
<gx:coord>25.1191133 59.45521 129.7</gx:coord>
<when>2026-08-27T19:02:14Z</when>
<gx:coord>25.1193117 59.4551833 129.9</gx:coord>
<when>2026-08-27T19:02:15Z</when>
<gx:coord>25.1195117 59.455155 129.9</gx:coord>
<when>2026-08-27T19:02:16Z</when>
<gx:coord>25.1197067 59.4551217 129.9</gx:coord>
<when>2026-08-27T19:02:17Z</when>
<gx:coord>25.1198983 59.4550833 129.5</gx:coord>
<when>2026-08-27T19:02:18Z</when>
<gx:coord>25.120085 59.45504 129.0</gx:coord>
<when>2026-08-27T19:02:19Z</when>
<gx:coord>25.1202767 59.454995 128.9</gx:coord>
<when>2026-08-27T19:02:20Z</when>
<gx:coord>25.1204683 59.4549533 129.0</gx:coord>
<when>2026-08-27T19:02:21Z</when>
<gx:coord>25.1206667 59.4549167 129.5</gx:coord>
<when>2026-08-27T19:02:22Z</when>
<gx:coord>25.1208667 59.45489 130.2</gx:coord>
<when>2026-08-27T19:02:23Z</when>
<gx:coord>25.121065 59.454875 130.1</gx:coord>
<when>2026-08-27T19:02:24Z</when>
<gx:coord>25.1212667 59.4548717 130.6</gx:coord>
<when>2026-08-27T19:02:25Z</when>
<gx:coord>25.1214683 59.4548733 131.2</gx:coord>
<when>2026-08-27T19:02:26Z</when>
<gx:coord>25.121675 59.4548733 132.0</gx:coord>
<when>2026-08-27T19:02:27Z</when>
<gx:coord>25.1218783 59.454865 132.8</gx:coord>
<when>2026-08-27T19:02:28Z</when>
<gx:coord>25.1220817 59.4548467 133.5</gx:coord>
<when>2026-08-27T19:02:29Z</when>
<gx:coord>25.1222783 59.45482 134.7</gx:coord>
<when>2026-08-27T19:02:30Z</when>
<gx:coord>25.12247 59.4547867 135.4</gx:coord>
<when>2026-08-27T19:02:31Z</when>
<gx:coord>25.1226583 59.45475 136.2</gx:coord>
<when>2026-08-27T19:02:32Z</when>
<gx:coord>25.12284 59.4547083 137.0</gx:coord>
<when>2026-08-27T19:02:33Z</when>
<gx:coord>25.1230083 59.4546517 137.6</gx:coord>
<when>2026-08-27T19:02:34Z</when>
<gx:coord>25.1231683 59.4545833 138.1</gx:coord>
<when>2026-08-27T19:02:35Z</when>
<gx:coord>25.12332 59.454505 138.7</gx:coord>
<when>2026-08-27T19:02:36Z</when>
<gx:coord>25.1234633 59.4544233 139.4</gx:coord>
<when>2026-08-27T19:02:37Z</when>
<gx:coord>25.1236133 59.4543467 140.2</gx:coord>
<when>2026-08-27T19:02:38Z</when>
<gx:coord>25.12378 59.4542867 140.8</gx:coord>
<when>2026-08-27T19:02:39Z</when>
<gx:coord>25.12397 59.454245 141.1</gx:coord>
<when>2026-08-27T19:02:40Z</when>
<gx:coord>25.12417 59.4542267 141.5</gx:coord>
<when>2026-08-27T19:02:41Z</when>
<gx:coord>25.12437 59.454235 141.1</gx:coord>
<when>2026-08-27T19:02:42Z</when>
<gx:coord>25.1245633 59.4542717 140.9</gx:coord>
<when>2026-08-27T19:02:43Z</when>
<gx:coord>25.1247367 59.4543333 141.3</gx:coord>
<when>2026-08-27T19:02:44Z</when>
<gx:coord>25.1248817 59.45441 141.7</gx:coord>
<when>2026-08-27T19:02:45Z</when>
<gx:coord>25.1249933 59.4544883 141.8</gx:coord>
<when>2026-08-27T19:02:46Z</when>
<gx:coord>25.1251017 59.4545683 142.1</gx:coord>
<when>2026-08-27T19:02:47Z</when>
<gx:coord>25.1252233 59.4546383 142.6</gx:coord>
<when>2026-08-27T19:02:48Z</when>
<gx:coord>25.1253733 59.45469 142.4</gx:coord>
<when>2026-08-27T19:02:49Z</when>
<gx:coord>25.125555 59.4547117 141.9</gx:coord>
<when>2026-08-27T19:02:50Z</when>
<gx:coord>25.1257633 59.4546883 141.2</gx:coord>
<when>2026-08-27T19:02:51Z</when>
<gx:coord>25.12594 59.4546133 140.6</gx:coord>
<when>2026-08-27T19:02:52Z</when>
<gx:coord>25.1260333 59.4544917 139.9</gx:coord>
<when>2026-08-27T19:02:53Z</when>
<gx:coord>25.1260517 59.454365 140.6</gx:coord>
<when>2026-08-27T19:02:54Z</when>
<gx:coord>25.1260417 59.4542467 142.6</gx:coord>
<when>2026-08-27T19:02:55Z</when>
<gx:coord>25.1260317 59.4541433 144.3</gx:coord>
<when>2026-08-27T19:02:56Z</when>
<gx:coord>25.126035 59.4540417 145.1</gx:coord>
<when>2026-08-27T19:02:57Z</when>
<gx:coord>25.1260433 59.4539367 144.8</gx:coord>
<when>2026-08-27T19:02:58Z</when>
<gx:coord>25.126045 59.4538233 144.0</gx:coord>
<when>2026-08-27T19:02:59Z</when>
<gx:coord>25.126045 59.4537067 143.5</gx:coord>
<when>2026-08-27T19:03:00Z</when>
<gx:coord>25.1260533 59.4535833 143.2</gx:coord>
<when>2026-08-27T19:03:01Z</when>
<gx:coord>25.12608 59.4534617 143.3</gx:coord>
<when>2026-08-27T19:03:02Z</when>
<gx:coord>25.1261367 59.4533467 143.5</gx:coord>
<when>2026-08-27T19:03:03Z</when>
<gx:coord>25.12621 59.4532467 144.2</gx:coord>
<when>2026-08-27T19:03:04Z</when>
<gx:coord>25.1263017 59.4531533 144.8</gx:coord>
<when>2026-08-27T19:03:05Z</when>
<gx:coord>25.1264033 59.453065 145.3</gx:coord>
<when>2026-08-27T19:03:06Z</when>
<gx:coord>25.1265217 59.4529817 145.7</gx:coord>
<when>2026-08-27T19:03:07Z</when>
<gx:coord>25.12666 59.4529017 145.8</gx:coord>
<when>2026-08-27T19:03:08Z</when>
<gx:coord>25.12682 59.4528283 146.0</gx:coord>
<when>2026-08-27T19:03:09Z</when>
<gx:coord>25.1269883 59.4527617 145.9</gx:coord>
<when>2026-08-27T19:03:10Z</when>
<gx:coord>25.1271617 59.4527 145.7</gx:coord>
<when>2026-08-27T19:03:11Z</when>
<gx:coord>25.1273283 59.4526333 145.9</gx:coord>
<when>2026-08-27T19:03:12Z</when>
<gx:coord>25.1274833 59.4525583 146.0</gx:coord>
<when>2026-08-27T19:03:13Z</when>
<gx:coord>25.1276233 59.4524733 146.2</gx:coord>
<when>2026-08-27T19:03:14Z</when>
<gx:coord>25.1277517 59.4523833 146.4</gx:coord>
<when>2026-08-27T19:03:15Z</when>
<gx:coord>25.1278733 59.4522883 146.4</gx:coord>
<when>2026-08-27T19:03:16Z</when>
<gx:coord>25.1279917 59.4521917 146.6</gx:coord>
<when>2026-08-27T19:03:17Z</when>
<gx:coord>25.1280967 59.4520933 146.3</gx:coord>
<when>2026-08-27T19:03:18Z</when>
<gx:coord>25.1281983 59.4519917 146.1</gx:coord>
<when>2026-08-27T19:03:19Z</when>
<gx:coord>25.1283067 59.451895 146.0</gx:coord>
<when>2026-08-27T19:03:20Z</when>
<gx:coord>25.1284333 59.45181 145.7</gx:coord>
<when>2026-08-27T19:03:21Z</when>
<gx:coord>25.1285817 59.4517383 145.3</gx:coord>
<when>2026-08-27T19:03:22Z</when>
<gx:coord>25.1287433 59.4516767 145.3</gx:coord>
<when>2026-08-27T19:03:23Z</when>
<gx:coord>25.1289083 59.4516167 145.0</gx:coord>
<when>2026-08-27T19:03:24Z</when>
<gx:coord>25.1290733 59.4515533 144.5</gx:coord>
<when>2026-08-27T19:03:25Z</when>
<gx:coord>25.12924 59.4514933 144.2</gx:coord>
<when>2026-08-27T19:03:26Z</when>
<gx:coord>25.1294083 59.451445 143.7</gx:coord>
<when>2026-08-27T19:03:27Z</when>
<gx:coord>25.129595 59.4514133 143.1</gx:coord>
<when>2026-08-27T19:03:28Z</when>
<gx:coord>25.1297983 59.4513933 142.7</gx:coord>
<when>2026-08-27T19:03:29Z</when>
<gx:coord>25.1300117 59.4513767 142.4</gx:coord>
<when>2026-08-27T19:03:30Z</when>
<gx:coord>25.1302233 59.4513567 142.0</gx:coord>
<when>2026-08-27T19:03:31Z</when>
<gx:coord>25.1304283 59.45133 142.2</gx:coord>
<when>2026-08-27T19:03:32Z</when>
<gx:coord>25.1306233 59.4513083 142.8</gx:coord>
<when>2026-08-27T19:03:33Z</when>
<gx:coord>25.1308167 59.4513017 142.1</gx:coord>
<when>2026-08-27T19:03:34Z</when>
<gx:coord>25.131005 59.451325 140.4</gx:coord>
<when>2026-08-27T19:03:35Z</when>
<gx:coord>25.1311983 59.4513683 139.5</gx:coord>
<when>2026-08-27T19:03:36Z</when>
<gx:coord>25.1313967 59.4514133 138.6</gx:coord>
<when>2026-08-27T19:03:37Z</when>
<gx:coord>25.1315967 59.4514417 138.0</gx:coord>
<when>2026-08-27T19:03:38Z</when>
<gx:coord>25.1317983 59.4514583 137.9</gx:coord>
<when>2026-08-27T19:03:39Z</when>
<gx:coord>25.1320033 59.4514733 138.2</gx:coord>
<when>2026-08-27T19:03:40Z</when>
<gx:coord>25.132205 59.4515 138.0</gx:coord>
<when>2026-08-27T19:03:41Z</when>
<gx:coord>25.1323983 59.45153 137.9</gx:coord>
<when>2026-08-27T19:03:42Z</when>
<gx:coord>25.132605 59.4515583 137.8</gx:coord>
<when>2026-08-27T19:03:43Z</when>
<gx:coord>25.132805 59.4515867 137.8</gx:coord>
<when>2026-08-27T19:03:44Z</when>
<gx:coord>25.1330133 59.4516083 137.7</gx:coord>
<when>2026-08-27T19:03:45Z</when>
<gx:coord>25.13322 59.4516333 137.4</gx:coord>
<when>2026-08-27T19:03:46Z</when>
<gx:coord>25.13342 59.4516767 136.9</gx:coord>
<when>2026-08-27T19:03:47Z</when>
<gx:coord>25.1335733 59.4517467 136.0</gx:coord>
<when>2026-08-27T19:03:48Z</when>
<gx:coord>25.133665 59.4518517 136.0</gx:coord>
<when>2026-08-27T19:03:49Z</when>
<gx:coord>25.1337183 59.4519617 135.7</gx:coord>
<when>2026-08-27T19:03:50Z</when>
<gx:coord>25.1337583 59.4520717 136.6</gx:coord>
<when>2026-08-27T19:03:51Z</when>
<gx:coord>25.13381 59.452175 137.5</gx:coord>
<when>2026-08-27T19:03:52Z</when>
<gx:coord>25.13391 59.4522633 138.0</gx:coord>
<when>2026-08-27T19:03:53Z</when>
<gx:coord>25.1340617 59.4523383 138.5</gx:coord>
<when>2026-08-27T19:03:54Z</when>
<gx:coord>25.1342533 59.4523933 138.6</gx:coord>
<when>2026-08-27T19:03:55Z</when>
<gx:coord>25.1344583 59.452435 139.3</gx:coord>
<when>2026-08-27T19:03:56Z</when>
<gx:coord>25.13467 59.4524567 139.2</gx:coord>
<when>2026-08-27T19:03:57Z</when>
<gx:coord>25.1348817 59.4524483 138.3</gx:coord>
<when>2026-08-27T19:03:58Z</when>
<gx:coord>25.1350867 59.452415 137.2</gx:coord>
<when>2026-08-27T19:03:59Z</when>
<gx:coord>25.1352867 59.4523533 136.5</gx:coord>
<when>2026-08-27T19:04:00Z</when>
<gx:coord>25.1354633 59.4522767 137.2</gx:coord>
<when>2026-08-27T19:04:01Z</when>
<gx:coord>25.1356067 59.4521883 137.9</gx:coord>
<when>2026-08-27T19:04:02Z</when>
<gx:coord>25.13569 59.4520867 138.2</gx:coord>
<when>2026-08-27T19:04:03Z</when>
<gx:coord>25.1356917 59.45197 137.6</gx:coord>
<when>2026-08-27T19:04:04Z</when>
<gx:coord>25.1356267 59.45185 137.0</gx:coord>
<when>2026-08-27T19:04:05Z</when>
<gx:coord>25.1355033 59.4517333 137.4</gx:coord>
<when>2026-08-27T19:04:06Z</when>
<gx:coord>25.1353517 59.4516267 138.1</gx:coord>
<when>2026-08-27T19:04:07Z</when>
<gx:coord>25.1352083 59.4515217 139.7</gx:coord>
<when>2026-08-27T19:04:08Z</when>
<gx:coord>25.1350933 59.4514167 141.4</gx:coord>
<when>2026-08-27T19:04:09Z</when>
<gx:coord>25.135 59.4513167 141.6</gx:coord>
<when>2026-08-27T19:04:10Z</when>
<gx:coord>25.134895 59.45122 140.6</gx:coord>
<when>2026-08-27T19:04:11Z</when>
<gx:coord>25.13477 59.451125 139.7</gx:coord>
<when>2026-08-27T19:04:12Z</when>
<gx:coord>25.1346433 59.4510233 139.3</gx:coord>
<when>2026-08-27T19:04:13Z</when>
<gx:coord>25.13453 59.4509117 139.1</gx:coord>
<when>2026-08-27T19:04:14Z</when>
<gx:coord>25.1344467 59.450795 139.7</gx:coord>
<when>2026-08-27T19:04:15Z</when>
<gx:coord>25.134395 59.45068 140.3</gx:coord>
<when>2026-08-27T19:04:16Z</when>
<gx:coord>25.1343667 59.4505683 141.0</gx:coord>
<when>2026-08-27T19:04:17Z</when>
<gx:coord>25.1343517 59.4504633 141.0</gx:coord>
<when>2026-08-27T19:04:18Z</when>
<gx:coord>25.134355 59.4503567 141.1</gx:coord>
<when>2026-08-27T19:04:19Z</when>
<gx:coord>25.13438 59.4502483 141.0</gx:coord>
<when>2026-08-27T19:04:20Z</when>
<gx:coord>25.1344383 59.4501383 141.0</gx:coord>
<when>2026-08-27T19:04:21Z</when>
<gx:coord>25.134535 59.4500367 141.1</gx:coord>
<when>2026-08-27T19:04:22Z</when>
<gx:coord>25.1346683 59.449945 141.5</gx:coord>
<when>2026-08-27T19:04:23Z</when>
<gx:coord>25.1348283 59.4498667 142.1</gx:coord>
<when>2026-08-27T19:04:24Z</when>
<gx:coord>25.1350017 59.4498 142.8</gx:coord>
<when>2026-08-27T19:04:25Z</when>
<gx:coord>25.1351783 59.449745 143.1</gx:coord>
<when>2026-08-27T19:04:26Z</when>
<gx:coord>25.13535 59.4496917 143.4</gx:coord>
<when>2026-08-27T19:04:27Z</when>
<gx:coord>25.1355233 59.4496417 143.4</gx:coord>
<when>2026-08-27T19:04:28Z</when>
<gx:coord>25.1357 59.4495917 143.5</gx:coord>
<when>2026-08-27T19:04:29Z</when>
<gx:coord>25.135885 59.449545 143.6</gx:coord>
<when>2026-08-27T19:04:30Z</when>
<gx:coord>25.136085 59.4495033 143.8</gx:coord>
<when>2026-08-27T19:04:31Z</when>
<gx:coord>25.1362833 59.4494817 144.2</gx:coord>
<when>2026-08-27T19:04:32Z</when>
<gx:coord>25.1364783 59.4494867 143.9</gx:coord>
<when>2026-08-27T19:04:33Z</when>
<gx:coord>25.1366683 59.449525 143.3</gx:coord>
<when>2026-08-27T19:04:34Z</when>
<gx:coord>25.1368383 59.4495983 142.5</gx:coord>
<when>2026-08-27T19:04:35Z</when>
<gx:coord>25.1369767 59.4496983 142.3</gx:coord>
<when>2026-08-27T19:04:36Z</when>
<gx:coord>25.1370717 59.449805 142.0</gx:coord>
<when>2026-08-27T19:04:37Z</when>
<gx:coord>25.13715 59.4499167 142.9</gx:coord>
<when>2026-08-27T19:04:38Z</when>
<gx:coord>25.13723 59.4500233 143.7</gx:coord>
<when>2026-08-27T19:04:39Z</when>
<gx:coord>25.1373067 59.45013 144.6</gx:coord>
<when>2026-08-27T19:04:40Z</when>
<gx:coord>25.13738 59.450235 145.1</gx:coord>
<when>2026-08-27T19:04:41Z</when>
<gx:coord>25.1374433 59.4503467 145.1</gx:coord>
<when>2026-08-27T19:04:42Z</when>
<gx:coord>25.1374983 59.4504617 144.9</gx:coord>
<when>2026-08-27T19:04:43Z</when>
<gx:coord>25.137545 59.45058 145.0</gx:coord>
<when>2026-08-27T19:04:44Z</when>
<gx:coord>25.13759 59.450695 145.4</gx:coord>
<when>2026-08-27T19:04:45Z</when>
<gx:coord>25.137645 59.4508067 145.8</gx:coord>
<when>2026-08-27T19:04:46Z</when>
<gx:coord>25.137725 59.45091 146.1</gx:coord>
<when>2026-08-27T19:04:47Z</when>
<gx:coord>25.137845 59.4509967 145.7</gx:coord>
<when>2026-08-27T19:04:48Z</when>
<gx:coord>25.1380033 59.4510683 145.3</gx:coord>
<when>2026-08-27T19:04:49Z</when>
<gx:coord>25.1381867 59.4511233 145.0</gx:coord>
<when>2026-08-27T19:04:50Z</when>
<gx:coord>25.1383767 59.451165 144.6</gx:coord>
<when>2026-08-27T19:04:51Z</when>
<gx:coord>25.1385517 59.4512033 144.5</gx:coord>
<when>2026-08-27T19:04:52Z</when>
<gx:coord>25.1387317 59.4512383 144.4</gx:coord>
<when>2026-08-27T19:04:53Z</when>
<gx:coord>25.1389167 59.4512633 143.8</gx:coord>
<when>2026-08-27T19:04:54Z</when>
<gx:coord>25.1391083 59.4512867 143.4</gx:coord>
<when>2026-08-27T19:04:55Z</when>
<gx:coord>25.1393033 59.45131 142.2</gx:coord>
<when>2026-08-27T19:04:56Z</when>
<gx:coord>25.1395033 59.4513367 141.3</gx:coord>
<when>2026-08-27T19:04:57Z</when>
<gx:coord>25.1397017 59.4513633 140.6</gx:coord>
<when>2026-08-27T19:04:58Z</when>
<gx:coord>25.1399033 59.4513917 139.9</gx:coord>
<when>2026-08-27T19:04:59Z</when>
<gx:coord>25.1400967 59.4514183 139.0</gx:coord>
<when>2026-08-27T19:05:00Z</when>
<gx:coord>25.140285 59.451445 137.8</gx:coord>
<when>2026-08-27T19:05:01Z</when>
<gx:coord>25.1404783 59.4514733 136.6</gx:coord>
<when>2026-08-27T19:05:02Z</when>
<gx:coord>25.140675 59.4515 135.9</gx:coord>
<when>2026-08-27T19:05:03Z</when>
<gx:coord>25.1408733 59.4515233 135.4</gx:coord>
<when>2026-08-27T19:05:04Z</when>
<gx:coord>25.1410767 59.451545 134.7</gx:coord>
<when>2026-08-27T19:05:05Z</when>
<gx:coord>25.1412817 59.4515617 133.6</gx:coord>
<when>2026-08-27T19:05:06Z</when>
<gx:coord>25.1414817 59.4515833 132.2</gx:coord>
<when>2026-08-27T19:05:07Z</when>
<gx:coord>25.1416733 59.4516117 131.3</gx:coord>
<when>2026-08-27T19:05:08Z</when>
<gx:coord>25.14187 59.4516367 129.9</gx:coord>
<when>2026-08-27T19:05:09Z</when>
<gx:coord>25.1420683 59.4516683 129.1</gx:coord>
<when>2026-08-27T19:05:10Z</when>
<gx:coord>25.1422567 59.45171 128.2</gx:coord>
<when>2026-08-27T19:05:11Z</when>
<gx:coord>25.14243 59.45177 127.4</gx:coord>
<when>2026-08-27T19:05:12Z</when>
<gx:coord>25.1425667 59.4518517 126.80000000000001</gx:coord>
<when>2026-08-27T19:05:13Z</when>
<gx:coord>25.1426733 59.451945 125.9</gx:coord>
<when>2026-08-27T19:05:14Z</when>
<gx:coord>25.142775 59.4520417 125.30000000000001</gx:coord>
<when>2026-08-27T19:05:15Z</when>
<gx:coord>25.14289 59.4521367 125.1</gx:coord>
<when>2026-08-27T19:05:16Z</when>
<gx:coord>25.1430333 59.452225 126.0</gx:coord>
<when>2026-08-27T19:05:17Z</when>
<gx:coord>25.1431983 59.4523083 127.69999999999999</gx:coord>
<when>2026-08-27T19:05:18Z</when>
<gx:coord>25.1433683 59.4523717 129.0</gx:coord>
<when>2026-08-27T19:05:19Z</when>
<gx:coord>25.14355 59.4524067 128.8</gx:coord>
<when>2026-08-27T19:05:20Z</when>
<gx:coord>25.1437483 59.4524183 127.5</gx:coord>
<when>2026-08-27T19:05:21Z</when>
<gx:coord>25.143965 59.4524117 126.6</gx:coord>
<when>2026-08-27T19:05:22Z</when>
<gx:coord>25.1441917 59.4524 126.0</gx:coord>
<when>2026-08-27T19:05:23Z</when>
<gx:coord>25.1444117 59.45239 126.19999999999999</gx:coord>
<when>2026-08-27T19:05:24Z</when>
<gx:coord>25.144625 59.45238 126.6</gx:coord>
<when>2026-08-27T19:05:25Z</when>
<gx:coord>25.14483 59.4523717 127.0</gx:coord>
<when>2026-08-27T19:05:26Z</when>
<gx:coord>25.1450267 59.4523667 126.69999999999999</gx:coord>
<when>2026-08-27T19:05:27Z</when>
<gx:coord>25.1452283 59.4523633 125.9</gx:coord>
<when>2026-08-27T19:05:28Z</when>
<gx:coord>25.1454383 59.4523567 125.30000000000001</gx:coord>
<when>2026-08-27T19:05:29Z</when>
<gx:coord>25.1456517 59.4523483 124.6</gx:coord>
<when>2026-08-27T19:05:30Z</when>
<gx:coord>25.1458633 59.4523317 123.6</gx:coord>
<when>2026-08-27T19:05:31Z</when>
<gx:coord>25.1460767 59.4523183 122.6</gx:coord>
<when>2026-08-27T19:05:32Z</when>
<gx:coord>25.14629 59.4523117 121.6</gx:coord>
<when>2026-08-27T19:05:33Z</when>
<gx:coord>25.146495 59.4523133 120.9</gx:coord>
<when>2026-08-27T19:05:34Z</when>
<gx:coord>25.1467017 59.452315 119.80000000000001</gx:coord>
<when>2026-08-27T19:05:35Z</when>
<gx:coord>25.1469067 59.4523083 118.4</gx:coord>
<when>2026-08-27T19:05:36Z</when>
<gx:coord>25.147115 59.45229 117.19999999999999</gx:coord>
<when>2026-08-27T19:05:37Z</when>
<gx:coord>25.1473267 59.452265 116.30000000000001</gx:coord>
<when>2026-08-27T19:05:38Z</when>
<gx:coord>25.1475367 59.4522367 116.30000000000001</gx:coord>
<when>2026-08-27T19:05:39Z</when>
<gx:coord>25.1477433 59.45222 116.4</gx:coord>
<when>2026-08-27T19:05:40Z</when>
<gx:coord>25.14794 59.452225 115.69999999999999</gx:coord>
<when>2026-08-27T19:05:41Z</when>
<gx:coord>25.1481267 59.4522617 114.6</gx:coord>
<when>2026-08-27T19:05:42Z</when>
<gx:coord>25.1483133 59.452325 113.80000000000001</gx:coord>
<when>2026-08-27T19:05:43Z</when>
<gx:coord>25.1485017 59.4523917 113.4</gx:coord>
<when>2026-08-27T19:05:44Z</when>
<gx:coord>25.1486967 59.4524433 112.9</gx:coord>
<when>2026-08-27T19:05:45Z</when>
<gx:coord>25.1488917 59.45248 112.30000000000001</gx:coord>
<when>2026-08-27T19:05:46Z</when>
<gx:coord>25.149085 59.4525167 112.4</gx:coord>
<when>2026-08-27T19:05:47Z</when>
<gx:coord>25.1492733 59.452555 112.30000000000001</gx:coord>
<when>2026-08-27T19:05:48Z</when>
<gx:coord>25.1494667 59.4525917 112.30000000000001</gx:coord>
<when>2026-08-27T19:05:49Z</when>
<gx:coord>25.149665 59.45262 112.19999999999999</gx:coord>
<when>2026-08-27T19:05:50Z</when>
<gx:coord>25.1498717 59.45264 112.4</gx:coord>
<when>2026-08-27T19:05:51Z</when>
<gx:coord>25.1500783 59.4526533 112.5</gx:coord>
<when>2026-08-27T19:05:52Z</when>
<gx:coord>25.1502917 59.4526567 112.0</gx:coord>
<when>2026-08-27T19:05:53Z</when>
<gx:coord>25.1504983 59.4526583 112.1</gx:coord>
<when>2026-08-27T19:05:54Z</when>
<gx:coord>25.150705 59.4526533 112.19999999999999</gx:coord>
<when>2026-08-27T19:05:55Z</when>
<gx:coord>25.1509117 59.45264 112.5</gx:coord>
<when>2026-08-27T19:05:56Z</when>
<gx:coord>25.1511217 59.4526283 113.0</gx:coord>
<when>2026-08-27T19:05:57Z</when>
<gx:coord>25.1513317 59.4526233 113.4</gx:coord>
<when>2026-08-27T19:05:58Z</when>
<gx:coord>25.1515417 59.4526317 113.6</gx:coord>
<when>2026-08-27T19:05:59Z</when>
<gx:coord>25.1517517 59.4526517 113.9</gx:coord>
<when>2026-08-27T19:06:00Z</when>
<gx:coord>25.151945 59.4526733 114.19999999999999</gx:coord>
<when>2026-08-27T19:06:01Z</when>
<gx:coord>25.1521467 59.4526917 114.5</gx:coord>
<when>2026-08-27T19:06:02Z</when>
<gx:coord>25.1523567 59.4527083 114.30000000000001</gx:coord>
<when>2026-08-27T19:06:03Z</when>
<gx:coord>25.1525583 59.4527333 114.5</gx:coord>
<when>2026-08-27T19:06:04Z</when>
<gx:coord>25.1527533 59.4527633 114.69999999999999</gx:coord>
<when>2026-08-27T19:06:05Z</when>
<gx:coord>25.1529483 59.4528017 115.6</gx:coord>
<when>2026-08-27T19:06:06Z</when>
<gx:coord>25.1531433 59.4528367 116.4</gx:coord>
<when>2026-08-27T19:06:07Z</when>
<gx:coord>25.15332 59.4528617 117.6</gx:coord>
<when>2026-08-27T19:06:08Z</when>
<gx:coord>25.153515 59.4528683 118.19999999999999</gx:coord>
<when>2026-08-27T19:06:09Z</when>
<gx:coord>25.1537283 59.452865 119.19999999999999</gx:coord>
<when>2026-08-27T19:06:10Z</when>
<gx:coord>25.15394 59.45286 120.19999999999999</gx:coord>
<when>2026-08-27T19:06:11Z</when>
<gx:coord>25.1541467 59.452855 121.4</gx:coord>
<when>2026-08-27T19:06:12Z</when>
<gx:coord>25.15435 59.4528483 122.4</gx:coord>
<when>2026-08-27T19:06:13Z</when>
<gx:coord>25.1545533 59.4528383 123.0</gx:coord>
<when>2026-08-27T19:06:14Z</when>
<gx:coord>25.154755 59.4528283 123.6</gx:coord>
<when>2026-08-27T19:06:15Z</when>
<gx:coord>25.1549633 59.4528233 124.19999999999999</gx:coord>
<when>2026-08-27T19:06:16Z</when>
<gx:coord>25.1551667 59.452825 125.0</gx:coord>
<when>2026-08-27T19:06:17Z</when>
<gx:coord>25.1553717 59.4528333 125.30000000000001</gx:coord>
<when>2026-08-27T19:06:18Z</when>
<gx:coord>25.1555733 59.4528467 125.6</gx:coord>
<when>2026-08-27T19:06:19Z</when>
<gx:coord>25.15577 59.4528683 125.0</gx:coord>
<when>2026-08-27T19:06:20Z</when>
<gx:coord>25.15596 59.4529033 124.6</gx:coord>
<when>2026-08-27T19:06:21Z</when>
<gx:coord>25.15615 59.4529433 124.80000000000001</gx:coord>
<when>2026-08-27T19:06:22Z</when>
<gx:coord>25.156345 59.4529733 124.6</gx:coord>
<when>2026-08-27T19:06:23Z</when>
<gx:coord>25.156545 59.4529917 124.0</gx:coord>
<when>2026-08-27T19:06:24Z</when>
<gx:coord>25.1567433 59.4530017 123.1</gx:coord>
<when>2026-08-27T19:06:25Z</when>
<gx:coord>25.1569417 59.4530167 122.69999999999999</gx:coord>
<when>2026-08-27T19:06:26Z</when>
<gx:coord>25.1571417 59.45304 121.6</gx:coord>
<when>2026-08-27T19:06:27Z</when>
<gx:coord>25.1573383 59.4530667 120.19999999999999</gx:coord>
<when>2026-08-27T19:06:28Z</when>
<gx:coord>25.1575383 59.453095 119.69999999999999</gx:coord>
<when>2026-08-27T19:06:29Z</when>
<gx:coord>25.1577417 59.453125 118.80000000000001</gx:coord>
<when>2026-08-27T19:06:30Z</when>
<gx:coord>25.15794 59.45316 118.30000000000001</gx:coord>
<when>2026-08-27T19:06:31Z</when>
<gx:coord>25.15813 59.4531983 117.9</gx:coord>
<when>2026-08-27T19:06:32Z</when>
<gx:coord>25.158315 59.453225 117.30000000000001</gx:coord>
<when>2026-08-27T19:06:33Z</when>
<gx:coord>25.1585017 59.4532383 115.69999999999999</gx:coord>
<when>2026-08-27T19:06:34Z</when>
<gx:coord>25.1587033 59.4532283 113.9</gx:coord>
<when>2026-08-27T19:06:35Z</when>
<gx:coord>25.1589167 59.4532017 112.4</gx:coord>
<when>2026-08-27T19:06:36Z</when>
<gx:coord>25.1591333 59.45317 111.69999999999999</gx:coord>
<when>2026-08-27T19:06:37Z</when>
<gx:coord>25.15935 59.45315 111.1</gx:coord>
<when>2026-08-27T19:06:38Z</when>
<gx:coord>25.1595583 59.453145 111.1</gx:coord>
<when>2026-08-27T19:06:39Z</when>
<gx:coord>25.1597583 59.4531517 111.30000000000001</gx:coord>
<when>2026-08-27T19:06:40Z</when>
<gx:coord>25.159955 59.4531667 111.19999999999999</gx:coord>
<when>2026-08-27T19:06:41Z</when>
<gx:coord>25.1601483 59.4531883 111.0</gx:coord>
<when>2026-08-27T19:06:42Z</when>
<gx:coord>25.1603383 59.4532167 110.80000000000001</gx:coord>
<when>2026-08-27T19:06:43Z</when>
<gx:coord>25.16053 59.4532533 111.0</gx:coord>
<when>2026-08-27T19:06:44Z</when>
<gx:coord>25.16072 59.4532883 110.9</gx:coord>
<when>2026-08-27T19:06:45Z</when>
<gx:coord>25.1609133 59.4533217 111.1</gx:coord>
<when>2026-08-27T19:06:46Z</when>
<gx:coord>25.1611033 59.45335 111.1</gx:coord>
<when>2026-08-27T19:06:47Z</when>
<gx:coord>25.1612967 59.4533733 111.1</gx:coord>
<when>2026-08-27T19:06:48Z</when>
<gx:coord>25.16149 59.4534017 111.4</gx:coord>
<when>2026-08-27T19:06:49Z</when>
<gx:coord>25.1616683 59.4534517 111.0</gx:coord>
<when>2026-08-27T19:06:50Z</when>
<gx:coord>25.1618133 59.4535317 111.1</gx:coord>
<when>2026-08-27T19:06:51Z</when>
<gx:coord>25.1619283 59.4536317 111.69999999999999</gx:coord>
<when>2026-08-27T19:06:52Z</when>
<gx:coord>25.16204 59.453735 111.9</gx:coord>
<when>2026-08-27T19:06:53Z</when>
<gx:coord>25.162175 59.4538133 111.6</gx:coord>
<when>2026-08-27T19:06:54Z</when>
<gx:coord>25.16237 59.4538467 110.1</gx:coord>
<when>2026-08-27T19:06:55Z</when>
<gx:coord>25.1625983 59.45383 109.9</gx:coord>
<when>2026-08-27T19:06:56Z</when>
<gx:coord>25.1628283 59.4537783 110.30000000000001</gx:coord>
<when>2026-08-27T19:06:57Z</when>
<gx:coord>25.16304 59.4537283 110.6</gx:coord>
<when>2026-08-27T19:06:58Z</when>
<gx:coord>25.16322 59.453685 112.1</gx:coord>
<when>2026-08-27T19:06:59Z</when>
<gx:coord>25.1633683 59.4536383 112.80000000000001</gx:coord>
<when>2026-08-27T19:07:00Z</when>
<gx:coord>25.163505 59.4535783 112.80000000000001</gx:coord>
<when>2026-08-27T19:07:01Z</when>
<gx:coord>25.1636317 59.4534933 112.69999999999999</gx:coord>
<when>2026-08-27T19:07:02Z</when>
<gx:coord>25.1637733 59.4534 112.6</gx:coord>
<when>2026-08-27T19:07:03Z</when>
<gx:coord>25.1639133 59.4533117 113.30000000000001</gx:coord>
<when>2026-08-27T19:07:04Z</when>
<gx:coord>25.16401 59.45322 114.4</gx:coord>
<when>2026-08-27T19:07:05Z</when>
<gx:coord>25.1640317 59.453115 114.9</gx:coord>
<when>2026-08-27T19:07:06Z</when>
<gx:coord>25.163985 59.453 114.80000000000001</gx:coord>
<when>2026-08-27T19:07:07Z</when>
<gx:coord>25.1639083 59.4528833 115.19999999999999</gx:coord>
<when>2026-08-27T19:07:08Z</when>
<gx:coord>25.16386 59.4527683 115.6</gx:coord>
<when>2026-08-27T19:07:09Z</when>
<gx:coord>25.16388 59.4526583 115.6</gx:coord>
<when>2026-08-27T19:07:10Z</when>
<gx:coord>25.1639617 59.4525617 115.69999999999999</gx:coord>
<when>2026-08-27T19:07:11Z</when>
<gx:coord>25.1641 59.4524767 115.4</gx:coord>
<when>2026-08-27T19:07:12Z</when>
<gx:coord>25.1642733 59.4524083 115.30000000000001</gx:coord>
<when>2026-08-27T19:07:13Z</when>
<gx:coord>25.1644733 59.452365 115.19999999999999</gx:coord>
<when>2026-08-27T19:07:14Z</when>
<gx:coord>25.16468 59.4523517 114.5</gx:coord>
<when>2026-08-27T19:07:15Z</when>
<gx:coord>25.164885 59.4523717 113.9</gx:coord>
<when>2026-08-27T19:07:16Z</when>
<gx:coord>25.165075 59.4524083 112.9</gx:coord>
<when>2026-08-27T19:07:17Z</when>
<gx:coord>25.165265 59.452445 112.5</gx:coord>
<when>2026-08-27T19:07:18Z</when>
<gx:coord>25.1654533 59.4524717 112.19999999999999</gx:coord>
<when>2026-08-27T19:07:19Z</when>
<gx:coord>25.1656467 59.45249 112.19999999999999</gx:coord>
<when>2026-08-27T19:07:20Z</when>
<gx:coord>25.1658433 59.4524983 112.1</gx:coord>
<when>2026-08-27T19:07:21Z</when>
<gx:coord>25.1660417 59.4525 112.1</gx:coord>
<when>2026-08-27T19:07:22Z</when>
<gx:coord>25.1662467 59.4524983 112.4</gx:coord>
<when>2026-08-27T19:07:23Z</when>
<gx:coord>25.166445 59.45249 112.6</gx:coord>
<when>2026-08-27T19:07:24Z</when>
<gx:coord>25.1666383 59.4524683 112.80000000000001</gx:coord>
<when>2026-08-27T19:07:25Z</when>
<gx:coord>25.16683 59.452435 113.0</gx:coord>
<when>2026-08-27T19:07:26Z</when>
<gx:coord>25.167015 59.4523883 112.69999999999999</gx:coord>
<when>2026-08-27T19:07:27Z</when>
<gx:coord>25.1671933 59.4523333 112.4</gx:coord>
<when>2026-08-27T19:07:28Z</when>
<gx:coord>25.1673683 59.4522733 112.19999999999999</gx:coord>
<when>2026-08-27T19:07:29Z</when>
<gx:coord>25.167545 59.4522183 112.30000000000001</gx:coord>
<when>2026-08-27T19:07:30Z</when>
<gx:coord>25.16773 59.452175 112.9</gx:coord>
<when>2026-08-27T19:07:31Z</when>
<gx:coord>25.1679233 59.4521483 113.5</gx:coord>
<when>2026-08-27T19:07:32Z</when>
<gx:coord>25.1681233 59.4521367 114.0</gx:coord>
<when>2026-08-27T19:07:33Z</when>
<gx:coord>25.1683167 59.4521383 114.30000000000001</gx:coord>
<when>2026-08-27T19:07:34Z</when>
<gx:coord>25.1685067 59.4521433 114.30000000000001</gx:coord>
<when>2026-08-27T19:07:35Z</when>
<gx:coord>25.1686967 59.45214 114.1</gx:coord>
<when>2026-08-27T19:07:36Z</when>
<gx:coord>25.1688867 59.4521183 113.6</gx:coord>
<when>2026-08-27T19:07:37Z</when>
<gx:coord>25.1690817 59.45208 113.30000000000001</gx:coord>
<when>2026-08-27T19:07:38Z</when>
<gx:coord>25.169275 59.4520333 113.4</gx:coord>
<when>2026-08-27T19:07:39Z</when>
<gx:coord>25.1694683 59.451995 113.6</gx:coord>
<when>2026-08-27T19:07:40Z</when>
<gx:coord>25.1696567 59.451975 113.9</gx:coord>
<when>2026-08-27T19:07:41Z</when>
<gx:coord>25.1698433 59.4519683 114.19999999999999</gx:coord>
<when>2026-08-27T19:07:42Z</when>
<gx:coord>25.1700333 59.4519717 113.69999999999999</gx:coord>
<when>2026-08-27T19:07:43Z</when>
<gx:coord>25.17023 59.4519833 113.1</gx:coord>
<when>2026-08-27T19:07:44Z</when>
<gx:coord>25.1704283 59.451995 112.5</gx:coord>
<when>2026-08-27T19:07:45Z</when>
<gx:coord>25.170625 59.4519933 110.69999999999999</gx:coord>
<when>2026-08-27T19:07:46Z</when>
<gx:coord>25.1708267 59.4519767 109.1</gx:coord>
<when>2026-08-27T19:07:47Z</when>
<gx:coord>25.1710183 59.451935 107.80000000000001</gx:coord>
<when>2026-08-27T19:07:48Z</when>
<gx:coord>25.171195 59.4518717 106.69999999999999</gx:coord>
<when>2026-08-27T19:07:49Z</when>
<gx:coord>25.17135 59.4517933 105.80000000000001</gx:coord>
<when>2026-08-27T19:07:50Z</when>
<gx:coord>25.1714883 59.4517067 105.1</gx:coord>
<when>2026-08-27T19:07:51Z</when>
<gx:coord>25.1716133 59.4516167 104.69999999999999</gx:coord>
<when>2026-08-27T19:07:52Z</when>
<gx:coord>25.1717417 59.45153 103.9</gx:coord>
<when>2026-08-27T19:07:53Z</when>
<gx:coord>25.171885 59.4514483 103.0</gx:coord>
<when>2026-08-27T19:07:54Z</when>
<gx:coord>25.1720417 59.4513717 101.9</gx:coord>
<when>2026-08-27T19:07:55Z</when>
<gx:coord>25.1722083 59.4513 100.69999999999999</gx:coord>
<when>2026-08-27T19:07:56Z</when>
<gx:coord>25.1723783 59.4512333 99.6</gx:coord>
<when>2026-08-27T19:07:57Z</when>
<gx:coord>25.17255 59.4511667 98.4</gx:coord>
<when>2026-08-27T19:07:58Z</when>
<gx:coord>25.1727233 59.451105 97.0</gx:coord>
<when>2026-08-27T19:07:59Z</when>
<gx:coord>25.172905 59.4510483 95.69999999999999</gx:coord>
<when>2026-08-27T19:08:00Z</when>
<gx:coord>25.1730917 59.450995 94.5</gx:coord>
<when>2026-08-27T19:08:01Z</when>
<gx:coord>25.1732867 59.4509433 93.19999999999999</gx:coord>
<when>2026-08-27T19:08:02Z</when>
<gx:coord>25.173485 59.450895 92.4</gx:coord>
<when>2026-08-27T19:08:03Z</when>
<gx:coord>25.1736783 59.4508483 91.6</gx:coord>
<when>2026-08-27T19:08:04Z</when>
<gx:coord>25.173865 59.4508033 90.80000000000001</gx:coord>
<when>2026-08-27T19:08:05Z</when>
<gx:coord>25.1740517 59.45076 89.80000000000001</gx:coord>
<when>2026-08-27T19:08:06Z</when>
<gx:coord>25.17424 59.4507167 88.6</gx:coord>
<when>2026-08-27T19:08:07Z</when>
<gx:coord>25.1744333 59.450675 87.6</gx:coord>
<when>2026-08-27T19:08:08Z</when>
<gx:coord>25.1746317 59.4506367 86.4</gx:coord>
<when>2026-08-27T19:08:09Z</when>
<gx:coord>25.174835 59.4506017 86.0</gx:coord>
<when>2026-08-27T19:08:10Z</when>
<gx:coord>25.1750383 59.4505683 85.19999999999999</gx:coord>
<when>2026-08-27T19:08:11Z</when>
<gx:coord>25.1752383 59.4505367 84.4</gx:coord>
<when>2026-08-27T19:08:12Z</when>
<gx:coord>25.1754433 59.45051 83.30000000000001</gx:coord>
<when>2026-08-27T19:08:13Z</when>
<gx:coord>25.1756467 59.4504833 82.0</gx:coord>
<when>2026-08-27T19:08:14Z</when>
<gx:coord>25.1758517 59.4504567 80.6</gx:coord>
<when>2026-08-27T19:08:15Z</when>
<gx:coord>25.1760617 59.4504317 78.9</gx:coord>
<when>2026-08-27T19:08:16Z</when>
<gx:coord>25.1762733 59.450405 77.2</gx:coord>
<when>2026-08-27T19:08:17Z</when>
<gx:coord>25.1764783 59.45038 75.7</gx:coord>
<when>2026-08-27T19:08:18Z</when>
<gx:coord>25.1766833 59.4503533 74.30000000000001</gx:coord>
<when>2026-08-27T19:08:19Z</when>
<gx:coord>25.1768867 59.450325 72.7</gx:coord>
<when>2026-08-27T19:08:20Z</when>
<gx:coord>25.1770883 59.4502933 71.2</gx:coord>
<when>2026-08-27T19:08:21Z</when>
<gx:coord>25.177295 59.45026 69.6</gx:coord>
<when>2026-08-27T19:08:22Z</when>
<gx:coord>25.1774967 59.4502267 68.0</gx:coord>
<when>2026-08-27T19:08:23Z</when>
<gx:coord>25.1776967 59.4501917 66.7</gx:coord>
<when>2026-08-27T19:08:24Z</when>
<gx:coord>25.177895 59.450155 65.4</gx:coord>
<when>2026-08-27T19:08:25Z</when>
<gx:coord>25.1780917 59.45012 64.4</gx:coord>
<when>2026-08-27T19:08:26Z</when>
<gx:coord>25.1782883 59.4500833 63.5</gx:coord>
<when>2026-08-27T19:08:27Z</when>
<gx:coord>25.1784933 59.45005 62.300000000000004</gx:coord>
<when>2026-08-27T19:08:28Z</when>
<gx:coord>25.1787083 59.45002 61.6</gx:coord>
<when>2026-08-27T19:08:29Z</when>
<gx:coord>25.178925 59.4499967 60.7</gx:coord>
<when>2026-08-27T19:08:30Z</when>
<gx:coord>25.1791367 59.4499767 60.9</gx:coord>
<when>2026-08-27T19:08:31Z</when>
<gx:coord>25.17934 59.4499633 61.7</gx:coord>
<when>2026-08-27T19:08:32Z</when>
<gx:coord>25.179525 59.44996 62.6</gx:coord>
<when>2026-08-27T19:08:33Z</when>
<gx:coord>25.1797233 59.4499633 63.2</gx:coord>
<when>2026-08-27T19:08:34Z</when>
<gx:coord>25.1799233 59.4499717 63.6</gx:coord>
<when>2026-08-27T19:08:35Z</when>
<gx:coord>25.18013 59.4499817 64.0</gx:coord>
<when>2026-08-27T19:08:36Z</when>
<gx:coord>25.18033 59.45 64.80000000000001</gx:coord>
<when>2026-08-27T19:08:37Z</when>
<gx:coord>25.1805383 59.45002 65.4</gx:coord>
<when>2026-08-27T19:08:38Z</when>
<gx:coord>25.1807483 59.4500417 65.7</gx:coord>
<when>2026-08-27T19:08:39Z</when>
<gx:coord>25.1809533 59.4500617 65.9</gx:coord>
<when>2026-08-27T19:08:40Z</when>
<gx:coord>25.1811517 59.4500817 66.2</gx:coord>
<when>2026-08-27T19:08:41Z</when>
<gx:coord>25.181345 59.4501083 66.9</gx:coord>
<when>2026-08-27T19:08:42Z</when>
<gx:coord>25.1815283 59.450145 67.5</gx:coord>
<when>2026-08-27T19:08:43Z</when>
<gx:coord>25.1817167 59.4501883 68.0</gx:coord>
<when>2026-08-27T19:08:44Z</when>
<gx:coord>25.181905 59.4502333 68.0</gx:coord>
<when>2026-08-27T19:08:45Z</when>
<gx:coord>25.1820917 59.4502783 68.30000000000001</gx:coord>
<when>2026-08-27T19:08:46Z</when>
<gx:coord>25.1822817 59.4503217 68.80000000000001</gx:coord>
<when>2026-08-27T19:08:47Z</when>
<gx:coord>25.1824683 59.4503667 69.7</gx:coord>
<when>2026-08-27T19:08:48Z</when>
<gx:coord>25.1826517 59.4504167 70.2</gx:coord>
<when>2026-08-27T19:08:49Z</when>
<gx:coord>25.18283 59.45047 70.7</gx:coord>
<when>2026-08-27T19:08:50Z</when>
<gx:coord>25.1830117 59.4505267 71.30000000000001</gx:coord>
<when>2026-08-27T19:08:51Z</when>
<gx:coord>25.1831933 59.4505867 72.1</gx:coord>
<when>2026-08-27T19:08:52Z</when>
<gx:coord>25.1833683 59.4506483 72.80000000000001</gx:coord>
<when>2026-08-27T19:08:53Z</when>
<gx:coord>25.1835333 59.4507133 73.2</gx:coord>
<when>2026-08-27T19:08:54Z</when>
<gx:coord>25.1836867 59.450785 73.2</gx:coord>
<when>2026-08-27T19:08:55Z</when>
<gx:coord>25.1838233 59.450865 73.2</gx:coord>
<when>2026-08-27T19:08:56Z</when>
<gx:coord>25.1839517 59.4509483 73.3</gx:coord>
<when>2026-08-27T19:08:57Z</when>
<gx:coord>25.1840783 59.4510317 73.2</gx:coord>
<when>2026-08-27T19:08:58Z</when>
<gx:coord>25.18421 59.4511133 73.2</gx:coord>
<when>2026-08-27T19:08:59Z</when>
<gx:coord>25.18435 59.45119 73.7</gx:coord>
<when>2026-08-27T19:09:00Z</when>
<gx:coord>25.1845 59.451265 74.6</gx:coord>
<when>2026-08-27T19:09:01Z</when>
<gx:coord>25.1846417 59.451335 75.0</gx:coord>
<when>2026-08-27T19:09:02Z</when>
<gx:coord>25.184755 59.4514167 75.4</gx:coord>
<when>2026-08-27T19:09:03Z</when>
<gx:coord>25.1848117 59.4515117 75.0</gx:coord>
<when>2026-08-27T19:09:04Z</when>
<gx:coord>25.1848017 59.4516233 74.6</gx:coord>
<when>2026-08-27T19:09:05Z</when>
<gx:coord>25.18471 59.45174 75.3</gx:coord>
<when>2026-08-27T19:09:06Z</when>
<gx:coord>25.184545 59.4518417 76.8</gx:coord>
<when>2026-08-27T19:09:07Z</when>
<gx:coord>25.184325 59.4519133 78.3</gx:coord>
<when>2026-08-27T19:09:08Z</when>
<gx:coord>25.1840783 59.4519433 79.0</gx:coord>
<when>2026-08-27T19:09:09Z</when>
<gx:coord>25.183835 59.4519267 79.7</gx:coord>
<when>2026-08-27T19:09:10Z</when>
<gx:coord>25.1836167 59.4518783 81.0</gx:coord>
<when>2026-08-27T19:09:11Z</when>
<gx:coord>25.1834383 59.451805 82.9</gx:coord>
<when>2026-08-27T19:09:12Z</when>
<gx:coord>25.1833 59.4517167 84.5</gx:coord>
<when>2026-08-27T19:09:13Z</when>
<gx:coord>25.18319 59.45162 85.4</gx:coord>
<when>2026-08-27T19:09:14Z</when>
<gx:coord>25.1831117 59.4515183 86.3</gx:coord>
<when>2026-08-27T19:09:15Z</when>
<gx:coord>25.18305 59.451415 86.7</gx:coord>
<when>2026-08-27T19:09:16Z</when>
<gx:coord>25.1830067 59.4513117 86.8</gx:coord>
<when>2026-08-27T19:09:17Z</when>
<gx:coord>25.18298 59.4512083 87.0</gx:coord>
<when>2026-08-27T19:09:18Z</when>
<gx:coord>25.1829683 59.4511033 87.69999999999999</gx:coord>
<when>2026-08-27T19:09:19Z</when>
<gx:coord>25.1829617 59.451 88.69999999999999</gx:coord>
<when>2026-08-27T19:09:20Z</when>
<gx:coord>25.182945 59.4508967 88.80000000000001</gx:coord>
<when>2026-08-27T19:09:21Z</when>
<gx:coord>25.182915 59.4507933 88.9</gx:coord>
<when>2026-08-27T19:09:22Z</when>
<gx:coord>25.1828783 59.4506883 89.1</gx:coord>
<when>2026-08-27T19:09:23Z</when>
<gx:coord>25.18283 59.4505767 89.5</gx:coord>
<when>2026-08-27T19:09:24Z</when>
<gx:coord>25.182755 59.4504683 89.9</gx:coord>
<when>2026-08-27T19:09:25Z</when>
<gx:coord>25.1826333 59.45037 90.19999999999999</gx:coord>
<when>2026-08-27T19:09:26Z</when>
<gx:coord>25.182485 59.4502817 91.0</gx:coord>
<when>2026-08-27T19:09:27Z</when>
<gx:coord>25.1823283 59.450195 91.6</gx:coord>
<when>2026-08-27T19:09:28Z</when>
<gx:coord>25.1821767 59.4501183 92.6</gx:coord>
<when>2026-08-27T19:09:29Z</when>
<gx:coord>25.18201 59.4500517 92.9</gx:coord>
<when>2026-08-27T19:09:30Z</when>
<gx:coord>25.1818117 59.4500033 92.5</gx:coord>
<when>2026-08-27T19:09:31Z</when>
<gx:coord>25.1815783 59.449975 92.1</gx:coord>
<when>2026-08-27T19:09:32Z</when>
<gx:coord>25.1813333 59.44995 92.69999999999999</gx:coord>
<when>2026-08-27T19:09:33Z</when>
<gx:coord>25.181085 59.4499133 92.6</gx:coord>
<when>2026-08-27T19:09:34Z</when>
<gx:coord>25.1808617 59.4498633 92.9</gx:coord>
<when>2026-08-27T19:09:35Z</when>
<gx:coord>25.18065 59.4498083 93.19999999999999</gx:coord>
<when>2026-08-27T19:09:36Z</when>
<gx:coord>25.180445 59.4497583 93.0</gx:coord>
<when>2026-08-27T19:09:37Z</when>
<gx:coord>25.1802283 59.4497167 92.19999999999999</gx:coord>
<when>2026-08-27T19:09:38Z</when>
<gx:coord>25.1800017 59.4496833 90.30000000000001</gx:coord>
<when>2026-08-27T19:09:39Z</when>
<gx:coord>25.1797717 59.4496467 88.6</gx:coord>
<when>2026-08-27T19:09:40Z</when>
<gx:coord>25.1795433 59.4496083 88.0</gx:coord>
<when>2026-08-27T19:09:41Z</when>
<gx:coord>25.179315 59.449565 86.9</gx:coord>
<when>2026-08-27T19:09:42Z</when>
<gx:coord>25.1790917 59.449525 86.5</gx:coord>
<when>2026-08-27T19:09:43Z</when>
<gx:coord>25.1788583 59.4494867 85.80000000000001</gx:coord>
<when>2026-08-27T19:09:44Z</when>
<gx:coord>25.1786217 59.44945 85.9</gx:coord>
<when>2026-08-27T19:09:45Z</when>
<gx:coord>25.1783933 59.44942 86.6</gx:coord>
<when>2026-08-27T19:09:46Z</when>
<gx:coord>25.17817 59.449395 87.9</gx:coord>
<when>2026-08-27T19:09:47Z</when>
<gx:coord>25.17795 59.4493833 87.9</gx:coord>
<when>2026-08-27T19:09:48Z</when>
<gx:coord>25.177735 59.4493983 87.9</gx:coord>
<when>2026-08-27T19:09:49Z</when>
<gx:coord>25.1775533 59.449455 87.4</gx:coord>
<when>2026-08-27T19:09:50Z</when>
<gx:coord>25.177425 59.4495533 86.30000000000001</gx:coord>
<when>2026-08-27T19:09:51Z</when>
<gx:coord>25.1773783 59.4496783 84.19999999999999</gx:coord>
<when>2026-08-27T19:09:52Z</when>
<gx:coord>25.1774467 59.4498033 81.80000000000001</gx:coord>
<when>2026-08-27T19:09:53Z</when>
<gx:coord>25.1776133 59.4498967 79.6</gx:coord>
<when>2026-08-27T19:09:54Z</when>
<gx:coord>25.17785 59.4499383 76.9</gx:coord>
<when>2026-08-27T19:09:55Z</when>
<gx:coord>25.1780933 59.4499317 74.4</gx:coord>
<when>2026-08-27T19:09:56Z</when>
<gx:coord>25.1783183 59.4499083 74.2</gx:coord>
<when>2026-08-27T19:09:57Z</when>
<gx:coord>25.1785217 59.4498917 73.30000000000001</gx:coord>
<when>2026-08-27T19:09:58Z</when>
<gx:coord>25.1787083 59.4499083 71.9</gx:coord>
<when>2026-08-27T19:09:59Z</when>
<gx:coord>25.178865 59.4499733 69.6</gx:coord>
<when>2026-08-27T19:10:00Z</when>
<gx:coord>25.1789617 59.45008 68.1</gx:coord>
<when>2026-08-27T19:10:01Z</when>
<gx:coord>25.178975 59.45021 67.2</gx:coord>
<when>2026-08-27T19:10:02Z</when>
<gx:coord>25.1788983 59.45034 66.7</gx:coord>
<when>2026-08-27T19:10:03Z</when>
<gx:coord>25.1787383 59.4504433 66.6</gx:coord>
<when>2026-08-27T19:10:04Z</when>
<gx:coord>25.1785017 59.4505 66.4</gx:coord>
<when>2026-08-27T19:10:05Z</when>
<gx:coord>25.1782467 59.45051 65.9</gx:coord>
<when>2026-08-27T19:10:06Z</when>
<gx:coord>25.178005 59.4505133 66.4</gx:coord>
<when>2026-08-27T19:10:07Z</when>
<gx:coord>25.177785 59.450535 66.30000000000001</gx:coord>
<when>2026-08-27T19:10:08Z</when>
<gx:coord>25.177595 59.4505883 66.1</gx:coord>
<when>2026-08-27T19:10:09Z</when>
<gx:coord>25.1774533 59.4506783 66.1</gx:coord>
<when>2026-08-27T19:10:10Z</when>
<gx:coord>25.1773417 59.450785 65.80000000000001</gx:coord>
<when>2026-08-27T19:10:11Z</when>
<gx:coord>25.1772383 59.4508933 66.5</gx:coord>
<when>2026-08-27T19:10:12Z</when>
<gx:coord>25.1771433 59.4509967 67.6</gx:coord>
<when>2026-08-27T19:10:13Z</when>
<gx:coord>25.1770533 59.451095 68.30000000000001</gx:coord>
<when>2026-08-27T19:10:14Z</when>
<gx:coord>25.1769883 59.4511933 68.6</gx:coord>
<when>2026-08-27T19:10:15Z</when>
<gx:coord>25.1769733 59.4512967 68.2</gx:coord>
<when>2026-08-27T19:10:16Z</when>
<gx:coord>25.1770367 59.4514017 66.7</gx:coord>
<when>2026-08-27T19:10:17Z</when>
<gx:coord>25.177195 59.4514983 64.5</gx:coord>
<when>2026-08-27T19:10:18Z</when>
<gx:coord>25.1774433 59.4515517 63.1</gx:coord>
<when>2026-08-27T19:10:19Z</when>
<gx:coord>25.1777167 59.4515567 63.800000000000004</gx:coord>
<when>2026-08-27T19:10:20Z</when>
<gx:coord>25.177955 59.4515117 64.2</gx:coord>
<when>2026-08-27T19:10:21Z</when>
<gx:coord>25.1781233 59.4514283 64.4</gx:coord>
<when>2026-08-27T19:10:22Z</when>
<gx:coord>25.1782283 59.451335 65.7</gx:coord>
<when>2026-08-27T19:10:23Z</when>
<gx:coord>25.1782983 59.45124 66.80000000000001</gx:coord>
<when>2026-08-27T19:10:24Z</when>
<gx:coord>25.1783567 59.4511433 67.30000000000001</gx:coord>
<when>2026-08-27T19:10:25Z</when>
<gx:coord>25.1783933 59.451045 67.30000000000001</gx:coord>
<when>2026-08-27T19:10:26Z</when>
<gx:coord>25.1783767 59.4509383 66.80000000000001</gx:coord>
<when>2026-08-27T19:10:27Z</when>
<gx:coord>25.1783067 59.4508317 66.0</gx:coord>
<when>2026-08-27T19:10:28Z</when>
<gx:coord>25.178205 59.4507217 65.2</gx:coord>
<when>2026-08-27T19:10:29Z</when>
<gx:coord>25.1781083 59.45061 64.4</gx:coord>
<when>2026-08-27T19:10:30Z</when>
<gx:coord>25.17804 59.4504967 63.7</gx:coord>
<when>2026-08-27T19:10:31Z</when>
<gx:coord>25.1780117 59.4503833 62.800000000000004</gx:coord>
<when>2026-08-27T19:10:32Z</when>
<gx:coord>25.1780233 59.4502733 61.6</gx:coord>
<when>2026-08-27T19:10:33Z</when>
<gx:coord>25.1780717 59.45017 59.9</gx:coord>
<when>2026-08-27T19:10:34Z</when>
<gx:coord>25.17816 59.45007 57.9</gx:coord>
<when>2026-08-27T19:10:35Z</when>
<gx:coord>25.1782883 59.4499817 56.1</gx:coord>
<when>2026-08-27T19:10:36Z</when>
<gx:coord>25.1784517 59.4499117 54.300000000000004</gx:coord>
<when>2026-08-27T19:10:37Z</when>
<gx:coord>25.1786367 59.4498567 53.0</gx:coord>
<when>2026-08-27T19:10:38Z</when>
<gx:coord>25.1788417 59.4498167 51.800000000000004</gx:coord>
<when>2026-08-27T19:10:39Z</when>
<gx:coord>25.1790633 59.44979 50.8</gx:coord>
<when>2026-08-27T19:10:40Z</when>
<gx:coord>25.1792817 59.449775 50.5</gx:coord>
<when>2026-08-27T19:10:41Z</when>
<gx:coord>25.1794967 59.4497617 51.3</gx:coord>
<when>2026-08-27T19:10:42Z</when>
<gx:coord>25.1797 59.4497433 51.800000000000004</gx:coord>
<when>2026-08-27T19:10:43Z</when>
<gx:coord>25.179895 59.4497233 52.7</gx:coord>
<when>2026-08-27T19:10:44Z</when>
<gx:coord>25.18009 59.4497067 53.6</gx:coord>
<when>2026-08-27T19:10:45Z</when>
<gx:coord>25.1802867 59.4496983 53.9</gx:coord>
<when>2026-08-27T19:10:46Z</when>
<gx:coord>25.180485 59.4497083 54.4</gx:coord>
<when>2026-08-27T19:10:47Z</when>
<gx:coord>25.1806833 59.4497367 54.4</gx:coord>
<when>2026-08-27T19:10:48Z</when>
<gx:coord>25.18087 59.449785 54.1</gx:coord>
<when>2026-08-27T19:10:49Z</when>
<gx:coord>25.18102 59.4498567 54.5</gx:coord>
<when>2026-08-27T19:10:50Z</when>
<gx:coord>25.1811133 59.4499567 55.9</gx:coord>
<when>2026-08-27T19:10:51Z</when>
<gx:coord>25.1811617 59.4500633 57.1</gx:coord>
<when>2026-08-27T19:10:52Z</when>
<gx:coord>25.1811983 59.450175 58.4</gx:coord>
<when>2026-08-27T19:10:53Z</when>
<gx:coord>25.181255 59.450275 59.1</gx:coord>
<when>2026-08-27T19:10:54Z</when>
<gx:coord>25.181345 59.450375 60.0</gx:coord>
<when>2026-08-27T19:10:55Z</when>
<gx:coord>25.1814533 59.4504733 61.2</gx:coord>
<when>2026-08-27T19:10:56Z</when>
<gx:coord>25.1815633 59.4505667 62.300000000000004</gx:coord>
<when>2026-08-27T19:10:57Z</when>
<gx:coord>25.1816667 59.4506617 63.1</gx:coord>
<when>2026-08-27T19:10:58Z</when>
<gx:coord>25.1817533 59.4507583 64.2</gx:coord>
<when>2026-08-27T19:10:59Z</when>
<gx:coord>25.181835 59.4508533 65.2</gx:coord>
<when>2026-08-27T19:11:00Z</when>
<gx:coord>25.1819133 59.4509467 66.1</gx:coord>
<when>2026-08-27T19:11:01Z</when>
<gx:coord>25.1819783 59.45104 66.7</gx:coord>
<when>2026-08-27T19:11:02Z</when>
<gx:coord>25.1820083 59.451145 67.2</gx:coord>
<when>2026-08-27T19:11:03Z</when>
<gx:coord>25.1819967 59.4512567 68.30000000000001</gx:coord>
<when>2026-08-27T19:11:04Z</when>
<gx:coord>25.18194 59.45137 69.80000000000001</gx:coord>
<when>2026-08-27T19:11:05Z</when>
<gx:coord>25.1818417 59.4514767 71.2</gx:coord>
<when>2026-08-27T19:11:06Z</when>
<gx:coord>25.1817133 59.4515733 72.7</gx:coord>
<when>2026-08-27T19:11:07Z</when>
<gx:coord>25.181555 59.4516517 74.0</gx:coord>
<when>2026-08-27T19:11:08Z</when>
<gx:coord>25.181365 59.451705 74.2</gx:coord>
<when>2026-08-27T19:11:09Z</when>
<gx:coord>25.1811383 59.4517283 73.7</gx:coord>
<when>2026-08-27T19:11:10Z</when>
<gx:coord>25.18089 59.4517017 72.4</gx:coord>
<when>2026-08-27T19:11:11Z</when>
<gx:coord>25.18067 59.451625 71.0</gx:coord>
<when>2026-08-27T19:11:12Z</when>
<gx:coord>25.1805283 59.451515 70.30000000000001</gx:coord>
<when>2026-08-27T19:11:13Z</when>
<gx:coord>25.180475 59.4513933 69.9</gx:coord>
<when>2026-08-27T19:11:14Z</when>
<gx:coord>25.1805 59.451275 69.80000000000001</gx:coord>
<when>2026-08-27T19:11:15Z</when>
<gx:coord>25.1805717 59.4511717 70.30000000000001</gx:coord>
<when>2026-08-27T19:11:16Z</when>
<gx:coord>25.1806683 59.4510767 70.30000000000001</gx:coord>
<when>2026-08-27T19:11:17Z</when>
<gx:coord>25.1807733 59.4509867 70.1</gx:coord>
<when>2026-08-27T19:11:18Z</when>
<gx:coord>25.18087 59.4508917 69.80000000000001</gx:coord>
<when>2026-08-27T19:11:19Z</when>
<gx:coord>25.1809467 59.4507933 69.4</gx:coord>
<when>2026-08-27T19:11:20Z</when>
<gx:coord>25.1809933 59.450685 68.7</gx:coord>
<when>2026-08-27T19:11:21Z</when>
<gx:coord>25.1810183 59.450575 68.2</gx:coord>
<when>2026-08-27T19:11:22Z</when>
<gx:coord>25.181035 59.4504633 68.2</gx:coord>
<when>2026-08-27T19:11:23Z</when>
<gx:coord>25.1810583 59.450355 68.4</gx:coord>
<when>2026-08-27T19:11:24Z</when>
<gx:coord>25.1810667 59.4502467 68.5</gx:coord>
<when>2026-08-27T19:11:25Z</when>
<gx:coord>25.1810383 59.4501367 68.30000000000001</gx:coord>
<when>2026-08-27T19:11:26Z</when>
<gx:coord>25.1809633 59.4500333 67.9</gx:coord>
<when>2026-08-27T19:11:27Z</when>
<gx:coord>25.18084 59.4499367 67.30000000000001</gx:coord>
<when>2026-08-27T19:11:28Z</when>
<gx:coord>25.1806683 59.44986 66.30000000000001</gx:coord>
<when>2026-08-27T19:11:29Z</when>
<gx:coord>25.180455 59.4498083 65.1</gx:coord>
<when>2026-08-27T19:11:30Z</when>
<gx:coord>25.1802133 59.449785 63.4</gx:coord>
<when>2026-08-27T19:11:31Z</when>
<gx:coord>25.1799667 59.44979 61.300000000000004</gx:coord>
<when>2026-08-27T19:11:32Z</when>
<gx:coord>25.17973 59.4498117 59.800000000000004</gx:coord>
<when>2026-08-27T19:11:33Z</when>
<gx:coord>25.179505 59.4498383 58.6</gx:coord>
<when>2026-08-27T19:11:34Z</when>
<gx:coord>25.1792867 59.4498667 57.2</gx:coord>
<when>2026-08-27T19:11:35Z</when>
<gx:coord>25.1790733 59.4498967 55.5</gx:coord>
<when>2026-08-27T19:11:36Z</when>
<gx:coord>25.178865 59.4499367 54.0</gx:coord>
<when>2026-08-27T19:11:37Z</when>
<gx:coord>25.1786517 59.44998 52.6</gx:coord>
<when>2026-08-27T19:11:38Z</when>
<gx:coord>25.178425 59.45002 50.2</gx:coord>
<when>2026-08-27T19:11:39Z</when>
<gx:coord>25.1781883 59.4500583 49.1</gx:coord>
<when>2026-08-27T19:11:40Z</when>
<gx:coord>25.1779517 59.4501 49.400000000000006</gx:coord>
<when>2026-08-27T19:11:41Z</when>
<gx:coord>25.177725 59.4501383 50.1</gx:coord>
<when>2026-08-27T19:11:42Z</when>
<gx:coord>25.177525 59.45018 51.6</gx:coord>
<when>2026-08-27T19:11:43Z</when>
<gx:coord>25.1773483 59.4502317 53.4</gx:coord>
<when>2026-08-27T19:11:44Z</when>
<gx:coord>25.1771783 59.4502917 54.7</gx:coord>
<when>2026-08-27T19:11:45Z</when>
<gx:coord>25.17701 59.4503633 55.5</gx:coord>
<when>2026-08-27T19:11:46Z</when>
<gx:coord>25.1768367 59.450445 56.5</gx:coord>
<when>2026-08-27T19:11:47Z</when>
<gx:coord>25.1766683 59.4505333 57.800000000000004</gx:coord>
<when>2026-08-27T19:11:48Z</when>
<gx:coord>25.1765167 59.450625 59.6</gx:coord>
<when>2026-08-27T19:11:49Z</when>
<gx:coord>25.17638 59.4507167 61.7</gx:coord>
<when>2026-08-27T19:11:50Z</when>
<gx:coord>25.1762567 59.45081 64.1</gx:coord>
<when>2026-08-27T19:11:51Z</when>
<gx:coord>25.176135 59.450905 65.9</gx:coord>
<when>2026-08-27T19:11:52Z</when>
<gx:coord>25.1760183 59.4510067 67.7</gx:coord>
<when>2026-08-27T19:11:53Z</when>
<gx:coord>25.175915 59.4511133 69.2</gx:coord>
<when>2026-08-27T19:11:54Z</when>
<gx:coord>25.1758283 59.4512267 70.9</gx:coord>
<when>2026-08-27T19:11:55Z</when>
<gx:coord>25.17576 59.4513417 73.2</gx:coord>
<when>2026-08-27T19:11:56Z</when>
<gx:coord>25.1757067 59.4514533 75.5</gx:coord>
<when>2026-08-27T19:11:57Z</when>
<gx:coord>25.175655 59.4515617 77.2</gx:coord>
<when>2026-08-27T19:11:58Z</when>
<gx:coord>25.1756167 59.4516667 78.6</gx:coord>
<when>2026-08-27T19:11:59Z</when>
<gx:coord>25.1755933 59.4517733 79.9</gx:coord>
<when>2026-08-27T19:12:00Z</when>
<gx:coord>25.1755867 59.451885 80.9</gx:coord>
<when>2026-08-27T19:12:01Z</when>
<gx:coord>25.1755933 59.451995 81.80000000000001</gx:coord>
<when>2026-08-27T19:12:02Z</when>
<gx:coord>25.1756133 59.4521033 82.4</gx:coord>
<when>2026-08-27T19:12:03Z</when>
<gx:coord>25.1756467 59.4522117 83.2</gx:coord>
<when>2026-08-27T19:12:04Z</when>
<gx:coord>25.1756833 59.4523183 83.80000000000001</gx:coord>
<when>2026-08-27T19:12:05Z</when>
<gx:coord>25.17571 59.4524233 84.80000000000001</gx:coord>
<when>2026-08-27T19:12:06Z</when>
<gx:coord>25.1757217 59.4525317 85.80000000000001</gx:coord>
<when>2026-08-27T19:12:07Z</when>
<gx:coord>25.17573 59.4526383 86.9</gx:coord>
<when>2026-08-27T19:12:08Z</when>
<gx:coord>25.17574 59.452745 87.69999999999999</gx:coord>
<when>2026-08-27T19:12:09Z</when>
<gx:coord>25.1757617 59.4528483 88.6</gx:coord>
<when>2026-08-27T19:12:10Z</when>
<gx:coord>25.1757933 59.4529517 89.30000000000001</gx:coord>
<when>2026-08-27T19:12:11Z</when>
<gx:coord>25.1758267 59.453055 89.6</gx:coord>
<when>2026-08-27T19:12:12Z</when>
<gx:coord>25.1758483 59.4531583 90.0</gx:coord>
<when>2026-08-27T19:12:13Z</when>
<gx:coord>25.1758567 59.453265 90.5</gx:coord>
<when>2026-08-27T19:12:14Z</when>
<gx:coord>25.1758567 59.4533733 91.0</gx:coord>
<when>2026-08-27T19:12:15Z</when>
<gx:coord>25.175855 59.453485 91.69999999999999</gx:coord>
<when>2026-08-27T19:12:16Z</when>
<gx:coord>25.175855 59.4535933 92.19999999999999</gx:coord>
<when>2026-08-27T19:12:17Z</when>
<gx:coord>25.1758533 59.4537 93.1</gx:coord>
<when>2026-08-27T19:12:18Z</when>
<gx:coord>25.1758567 59.45381 94.0</gx:coord>
<when>2026-08-27T19:12:19Z</when>
<gx:coord>25.1758683 59.4539167 94.5</gx:coord>
<when>2026-08-27T19:12:20Z</when>
<gx:coord>25.175895 59.4540233 94.9</gx:coord>
<when>2026-08-27T19:12:21Z</when>
<gx:coord>25.1759283 59.454135 95.9</gx:coord>
<when>2026-08-27T19:12:22Z</when>
<gx:coord>25.1759633 59.4542467 96.4</gx:coord>
<when>2026-08-27T19:12:23Z</when>
<gx:coord>25.1759967 59.4543583 97.19999999999999</gx:coord>
<when>2026-08-27T19:12:24Z</when>
<gx:coord>25.17603 59.454465 98.19999999999999</gx:coord>
<when>2026-08-27T19:12:25Z</when>
<gx:coord>25.1760683 59.4545683 98.19999999999999</gx:coord>
<when>2026-08-27T19:12:26Z</when>
<gx:coord>25.1761167 59.4546717 98.69999999999999</gx:coord>
<when>2026-08-27T19:12:27Z</when>
<gx:coord>25.17617 59.4547717 98.9</gx:coord>
<when>2026-08-27T19:12:28Z</when>
<gx:coord>25.1762233 59.4548733 99.6</gx:coord>
<when>2026-08-27T19:12:29Z</when>
<gx:coord>25.17628 59.454975 100.80000000000001</gx:coord>
<when>2026-08-27T19:12:30Z</when>
<gx:coord>25.176345 59.455075 101.9</gx:coord>
<when>2026-08-27T19:12:31Z</when>
<gx:coord>25.17641 59.455175 103.0</gx:coord>
<when>2026-08-27T19:12:32Z</when>
<gx:coord>25.1764767 59.455275 103.9</gx:coord>
<when>2026-08-27T19:12:33Z</when>
<gx:coord>25.1765433 59.4553783 104.9</gx:coord>
<when>2026-08-27T19:12:34Z</when>
<gx:coord>25.1765983 59.4554783 105.19999999999999</gx:coord>
<when>2026-08-27T19:12:35Z</when>
<gx:coord>25.17664 59.455585 106.30000000000001</gx:coord>
<when>2026-08-27T19:12:36Z</when>
<gx:coord>25.17665 59.4556933 106.9</gx:coord>
<when>2026-08-27T19:12:37Z</when>
<gx:coord>25.176645 59.4558 108.1</gx:coord>
<when>2026-08-27T19:12:38Z</when>
<gx:coord>25.1766483 59.4559067 109.0</gx:coord>
<when>2026-08-27T19:12:39Z</when>
<gx:coord>25.1766783 59.456015 109.6</gx:coord>
<when>2026-08-27T19:12:40Z</when>
<gx:coord>25.17673 59.45612 109.9</gx:coord>
<when>2026-08-27T19:12:41Z</when>
<gx:coord>25.1767917 59.4562333 110.6</gx:coord>
<when>2026-08-27T19:12:42Z</when>
<gx:coord>25.176855 59.45635 111.69999999999999</gx:coord>
<when>2026-08-27T19:12:43Z</when>
<gx:coord>25.1769117 59.456465 112.80000000000001</gx:coord>
<when>2026-08-27T19:12:44Z</when>
<gx:coord>25.1769633 59.4565767 114.1</gx:coord>
<when>2026-08-27T19:12:45Z</when>
<gx:coord>25.1769967 59.4566867 114.69999999999999</gx:coord>
<when>2026-08-27T19:12:46Z</when>
<gx:coord>25.177005 59.4568017 115.5</gx:coord>
<when>2026-08-27T19:12:47Z</when>
<gx:coord>25.1769933 59.45692 116.0</gx:coord>
<when>2026-08-27T19:12:48Z</when>
<gx:coord>25.1769633 59.4570417 116.4</gx:coord>
<when>2026-08-27T19:12:49Z</when>
<gx:coord>25.176935 59.4571633 116.8</gx:coord>
<when>2026-08-27T19:12:50Z</when>
<gx:coord>25.17692 59.457285 117.9</gx:coord>
<when>2026-08-27T19:12:51Z</when>
<gx:coord>25.1769133 59.4574033 118.4</gx:coord>
<when>2026-08-27T19:12:52Z</when>
<gx:coord>25.1769183 59.4575217 119.5</gx:coord>
<when>2026-08-27T19:12:53Z</when>
<gx:coord>25.1769217 59.4576417 120.9</gx:coord>
<when>2026-08-27T19:12:54Z</when>
<gx:coord>25.1769233 59.4577567 121.4</gx:coord>
<when>2026-08-27T19:12:55Z</when>
<gx:coord>25.1769217 59.4578717 121.9</gx:coord>
<when>2026-08-27T19:12:56Z</when>
<gx:coord>25.1769117 59.4579883 123.1</gx:coord>
<when>2026-08-27T19:12:57Z</when>
<gx:coord>25.1768983 59.4581017 123.4</gx:coord>
<when>2026-08-27T19:12:58Z</when>
<gx:coord>25.1768833 59.4582167 123.4</gx:coord>
<when>2026-08-27T19:12:59Z</when>
<gx:coord>25.1768633 59.4583317 123.6</gx:coord>
<when>2026-08-27T19:13:00Z</when>
<gx:coord>25.1768417 59.45845 123.5</gx:coord>
<when>2026-08-27T19:13:01Z</when>
<gx:coord>25.1768183 59.4585683 123.9</gx:coord>
<when>2026-08-27T19:13:02Z</when>
<gx:coord>25.17679 59.4586867 124.7</gx:coord>
<when>2026-08-27T19:13:03Z</when>
<gx:coord>25.1767533 59.4588033 125.7</gx:coord>
<when>2026-08-27T19:13:04Z</when>
<gx:coord>25.176715 59.4589217 126.9</gx:coord>
<when>2026-08-27T19:13:05Z</when>
<gx:coord>25.176675 59.4590367 127.1</gx:coord>
<when>2026-08-27T19:13:06Z</when>
<gx:coord>25.1766283 59.4591533 127.2</gx:coord>
<when>2026-08-27T19:13:07Z</when>
<gx:coord>25.17657 59.4592683 127.2</gx:coord>
<when>2026-08-27T19:13:08Z</when>
<gx:coord>25.176505 59.4593867 127.8</gx:coord>
<when>2026-08-27T19:13:09Z</when>
<gx:coord>25.17643 59.4595033 128.1</gx:coord>
<when>2026-08-27T19:13:10Z</when>
<gx:coord>25.1763533 59.4596217 128.9</gx:coord>
<when>2026-08-27T19:13:11Z</when>
<gx:coord>25.17627 59.4597383 129.3</gx:coord>
<when>2026-08-27T19:13:12Z</when>
<gx:coord>25.176185 59.4598517 129.6</gx:coord>
<when>2026-08-27T19:13:13Z</when>
<gx:coord>25.1760967 59.4599683 130.4</gx:coord>
<when>2026-08-27T19:13:14Z</when>
<gx:coord>25.176005 59.4600833 131.3</gx:coord>
<when>2026-08-27T19:13:15Z</when>
<gx:coord>25.17591 59.4601967 131.8</gx:coord>
<when>2026-08-27T19:13:16Z</when>
<gx:coord>25.1758167 59.4603117 132.4</gx:coord>
<when>2026-08-27T19:13:17Z</when>
<gx:coord>25.1757183 59.460425 132.1</gx:coord>
<when>2026-08-27T19:13:18Z</when>
<gx:coord>25.1756217 59.4605383 132.1</gx:coord>
<when>2026-08-27T19:13:19Z</when>
<gx:coord>25.1755267 59.4606533 132.4</gx:coord>
<when>2026-08-27T19:13:20Z</when>
<gx:coord>25.1754333 59.4607667 132.9</gx:coord>
<when>2026-08-27T19:13:21Z</when>
<gx:coord>25.1753333 59.460875 133.1</gx:coord>
<when>2026-08-27T19:13:22Z</when>
<gx:coord>25.1752267 59.4609783 133.2</gx:coord>
<when>2026-08-27T19:13:23Z</when>
<gx:coord>25.1751183 59.461085 133.5</gx:coord>
<when>2026-08-27T19:13:24Z</when>
<gx:coord>25.1750067 59.4611933 133.4</gx:coord>
<when>2026-08-27T19:13:25Z</when>
<gx:coord>25.1748883 59.4613 133.3</gx:coord>
<when>2026-08-27T19:13:26Z</when>
<gx:coord>25.1747667 59.4614033 133.4</gx:coord>
<when>2026-08-27T19:13:27Z</when>
<gx:coord>25.1746433 59.4615117 134.2</gx:coord>
<when>2026-08-27T19:13:28Z</when>
<gx:coord>25.1745217 59.46162 135.0</gx:coord>
<when>2026-08-27T19:13:29Z</when>
<gx:coord>25.1743967 59.461725 134.8</gx:coord>
<when>2026-08-27T19:13:30Z</when>
<gx:coord>25.1742717 59.461835 134.0</gx:coord>
<when>2026-08-27T19:13:31Z</when>
<gx:coord>25.1741283 59.4619533 132.4</gx:coord>
<when>2026-08-27T19:13:32Z</when>
<gx:coord>25.173975 59.46208 130.8</gx:coord>
<when>2026-08-27T19:13:33Z</when>
<gx:coord>25.1738133 59.4622083 129.0</gx:coord>
<when>2026-08-27T19:13:34Z</when>
<gx:coord>25.1736517 59.4623317 127.7</gx:coord>
<when>2026-08-27T19:13:35Z</when>
<gx:coord>25.1734867 59.462455 127.1</gx:coord>
<when>2026-08-27T19:13:36Z</when>
<gx:coord>25.1733267 59.4625733 127.4</gx:coord>
<when>2026-08-27T19:13:37Z</when>
<gx:coord>25.1731717 59.4626883 127.9</gx:coord>
<when>2026-08-27T19:13:38Z</when>
<gx:coord>25.17302 59.4628017 127.4</gx:coord>
<when>2026-08-27T19:13:39Z</when>
<gx:coord>25.1728683 59.4629133 126.6</gx:coord>
<when>2026-08-27T19:13:40Z</when>
<gx:coord>25.1727133 59.46303 125.7</gx:coord>
<when>2026-08-27T19:13:41Z</when>
<gx:coord>25.1725517 59.4631467 124.8</gx:coord>
<when>2026-08-27T19:13:42Z</when>
<gx:coord>25.1723917 59.463265 123.8</gx:coord>
<when>2026-08-27T19:13:43Z</when>
<gx:coord>25.172225 59.463385 123.2</gx:coord>
<when>2026-08-27T19:13:44Z</when>
<gx:coord>25.17206 59.4635067 122.6</gx:coord>
<when>2026-08-27T19:13:45Z</when>
<gx:coord>25.171905 59.4636283 122.2</gx:coord>
<when>2026-08-27T19:13:46Z</when>
<gx:coord>25.1717483 59.46375 122.1</gx:coord>
<when>2026-08-27T19:13:47Z</when>
<gx:coord>25.1715917 59.4638733 122.7</gx:coord>
<when>2026-08-27T19:13:48Z</when>
<gx:coord>25.171425 59.463995 122.5</gx:coord>
<when>2026-08-27T19:13:49Z</when>
<gx:coord>25.1712533 59.4641133 122.3</gx:coord>
<when>2026-08-27T19:13:50Z</when>
<gx:coord>25.17107 59.46423 122.2</gx:coord>
<when>2026-08-27T19:13:51Z</when>
<gx:coord>25.170885 59.4643467 122.4</gx:coord>
<when>2026-08-27T19:13:52Z</when>
<gx:coord>25.170705 59.46446 123.1</gx:coord>
<when>2026-08-27T19:13:53Z</when>
<gx:coord>25.1705217 59.4645683 123.1</gx:coord>
<when>2026-08-27T19:13:54Z</when>
<gx:coord>25.1703317 59.4646783 123.5</gx:coord>
<when>2026-08-27T19:13:55Z</when>
<gx:coord>25.1701417 59.464785 123.2</gx:coord>
<when>2026-08-27T19:13:56Z</when>
<gx:coord>25.1699567 59.4648967 123.7</gx:coord>
<when>2026-08-27T19:13:57Z</when>
<gx:coord>25.169775 59.46501 123.4</gx:coord>
<when>2026-08-27T19:13:58Z</when>
<gx:coord>25.1695967 59.4651217 123.2</gx:coord>
<when>2026-08-27T19:13:59Z</when>
<gx:coord>25.1694183 59.4652367 123.4</gx:coord>
<when>2026-08-27T19:14:00Z</when>
<gx:coord>25.1692417 59.4653483 123.6</gx:coord>
<when>2026-08-27T19:14:01Z</when>
<gx:coord>25.1690617 59.465455 123.0</gx:coord>
<when>2026-08-27T19:14:02Z</when>
<gx:coord>25.1688833 59.4655633 122.8</gx:coord>
<when>2026-08-27T19:14:03Z</when>
<gx:coord>25.1687067 59.4656733 122.6</gx:coord>
<when>2026-08-27T19:14:04Z</when>
<gx:coord>25.1685217 59.4657817 121.5</gx:coord>
<when>2026-08-27T19:14:05Z</when>
<gx:coord>25.1683417 59.465895 120.7</gx:coord>
<when>2026-08-27T19:14:06Z</when>
<gx:coord>25.16816 59.4660083 120.2</gx:coord>
<when>2026-08-27T19:14:07Z</when>
<gx:coord>25.1679817 59.4661233 120.6</gx:coord>
<when>2026-08-27T19:14:08Z</when>
<gx:coord>25.1678033 59.4662367 120.9</gx:coord>
<when>2026-08-27T19:14:09Z</when>
<gx:coord>25.16762 59.466345 120.4</gx:coord>
<when>2026-08-27T19:14:10Z</when>
<gx:coord>25.1674367 59.4664533 119.80000000000001</gx:coord>
<when>2026-08-27T19:14:11Z</when>
<gx:coord>25.1672433 59.46656 119.19999999999999</gx:coord>
<when>2026-08-27T19:14:12Z</when>
<gx:coord>25.16705 59.4666667 118.69999999999999</gx:coord>
<when>2026-08-27T19:14:13Z</when>
<gx:coord>25.16686 59.466775 118.1</gx:coord>
<when>2026-08-27T19:14:14Z</when>
<gx:coord>25.1666717 59.466885 117.5</gx:coord>
<when>2026-08-27T19:14:15Z</when>
<gx:coord>25.16648 59.4669967 117.0</gx:coord>
<when>2026-08-27T19:14:16Z</when>
<gx:coord>25.1662883 59.4671067 116.5</gx:coord>
<when>2026-08-27T19:14:17Z</when>
<gx:coord>25.166095 59.4672183 116.0</gx:coord>
<when>2026-08-27T19:14:18Z</when>
<gx:coord>25.1659017 59.4673283 116.4</gx:coord>
<when>2026-08-27T19:14:19Z</when>
<gx:coord>25.1657133 59.4674367 116.9</gx:coord>
<when>2026-08-27T19:14:20Z</when>
<gx:coord>25.16553 59.467545 116.0</gx:coord>
<when>2026-08-27T19:14:21Z</when>
<gx:coord>25.1653533 59.4676567 116.1</gx:coord>
<when>2026-08-27T19:14:22Z</when>
<gx:coord>25.1651783 59.46777 115.80000000000001</gx:coord>
<when>2026-08-27T19:14:23Z</when>
<gx:coord>25.1650033 59.4678817 115.30000000000001</gx:coord>
<when>2026-08-27T19:14:24Z</when>
<gx:coord>25.1648233 59.467995 114.9</gx:coord>
<when>2026-08-27T19:14:25Z</when>
<gx:coord>25.1646417 59.4681067 114.80000000000001</gx:coord>
<when>2026-08-27T19:14:26Z</when>
<gx:coord>25.1644633 59.46822 114.69999999999999</gx:coord>
<when>2026-08-27T19:14:27Z</when>
<gx:coord>25.164285 59.46833 114.6</gx:coord>
<when>2026-08-27T19:14:28Z</when>
<gx:coord>25.1641117 59.46844 114.5</gx:coord>
<when>2026-08-27T19:14:29Z</when>
<gx:coord>25.1639367 59.46855 114.6</gx:coord>
<when>2026-08-27T19:14:30Z</when>
<gx:coord>25.1637617 59.4686567 114.30000000000001</gx:coord>
<when>2026-08-27T19:14:31Z</when>
<gx:coord>25.1635883 59.4687633 113.80000000000001</gx:coord>
<when>2026-08-27T19:14:32Z</when>
<gx:coord>25.1634083 59.46887 113.4</gx:coord>
<when>2026-08-27T19:14:33Z</when>
<gx:coord>25.1632233 59.4689733 112.4</gx:coord>
<when>2026-08-27T19:14:34Z</when>
<gx:coord>25.1630383 59.46908 111.30000000000001</gx:coord>
<when>2026-08-27T19:14:35Z</when>
<gx:coord>25.1628567 59.4691933 110.80000000000001</gx:coord>
<when>2026-08-27T19:14:36Z</when>
<gx:coord>25.162675 59.469305 109.69999999999999</gx:coord>
<when>2026-08-27T19:14:37Z</when>
<gx:coord>25.1624933 59.46942 108.6</gx:coord>
<when>2026-08-27T19:14:38Z</when>
<gx:coord>25.1623067 59.4695333 107.9</gx:coord>
<when>2026-08-27T19:14:39Z</when>
<gx:coord>25.16212 59.4696467 107.6</gx:coord>
<when>2026-08-27T19:14:40Z</when>
<gx:coord>25.1619367 59.469755 107.4</gx:coord>
<when>2026-08-27T19:14:41Z</when>
<gx:coord>25.1617533 59.4698617 108.0</gx:coord>
<when>2026-08-27T19:14:42Z</when>
<gx:coord>25.1615717 59.4699683 108.69999999999999</gx:coord>
<when>2026-08-27T19:14:43Z</when>
<gx:coord>25.16139 59.4700683 108.5</gx:coord>
<when>2026-08-27T19:14:44Z</when>
<gx:coord>25.1612117 59.4701667 108.1</gx:coord>
<when>2026-08-27T19:14:45Z</when>
<gx:coord>25.16103 59.4702667 107.69999999999999</gx:coord>
<when>2026-08-27T19:14:46Z</when>
<gx:coord>25.160855 59.4703667 108.5</gx:coord>
<when>2026-08-27T19:14:47Z</when>
<gx:coord>25.16068 59.4704683 109.19999999999999</gx:coord>
<when>2026-08-27T19:14:48Z</when>
<gx:coord>25.1605133 59.4705683 109.69999999999999</gx:coord>
<when>2026-08-27T19:14:49Z</when>
<gx:coord>25.1603583 59.4706583 110.6</gx:coord>
<when>2026-08-27T19:14:50Z</when>
<gx:coord>25.1602083 59.4707517 111.5</gx:coord>
<when>2026-08-27T19:14:51Z</when>
<gx:coord>25.1600617 59.4708417 112.30000000000001</gx:coord>
<when>2026-08-27T19:14:52Z</when>
<gx:coord>25.1599217 59.4709367 112.80000000000001</gx:coord>
<when>2026-08-27T19:14:53Z</when>
<gx:coord>25.15979 59.4710383 113.1</gx:coord>
<when>2026-08-27T19:14:54Z</when>
<gx:coord>25.15966 59.4711433 112.1</gx:coord>
<when>2026-08-27T19:14:55Z</when>
<gx:coord>25.15953 59.47125 111.69999999999999</gx:coord>
<when>2026-08-27T19:14:56Z</when>
<gx:coord>25.1594017 59.4713567 111.4</gx:coord>
<when>2026-08-27T19:14:57Z</when>
<gx:coord>25.1592767 59.4714633 111.9</gx:coord>
<when>2026-08-27T19:14:58Z</when>
<gx:coord>25.1591433 59.471565 111.5</gx:coord>
<when>2026-08-27T19:14:59Z</when>
<gx:coord>25.1590083 59.471675 110.19999999999999</gx:coord>
<when>2026-08-27T19:15:00Z</when>
<gx:coord>25.1588683 59.4717917 108.9</gx:coord>
<when>2026-08-27T19:15:01Z</when>
<gx:coord>25.1587217 59.471915 107.4</gx:coord>
<when>2026-08-27T19:15:02Z</when>
<gx:coord>25.1585717 59.4720417 106.1</gx:coord>
<when>2026-08-27T19:15:03Z</when>
<gx:coord>25.15842 59.4721667 105.5</gx:coord>
<when>2026-08-27T19:15:04Z</when>
<gx:coord>25.1582733 59.472285 105.69999999999999</gx:coord>
<when>2026-08-27T19:15:05Z</when>
<gx:coord>25.1581367 59.4723967 105.9</gx:coord>
<when>2026-08-27T19:15:06Z</when>
<gx:coord>25.1580083 59.4725083 105.6</gx:coord>
<when>2026-08-27T19:15:07Z</when>
<gx:coord>25.1578917 59.4726233 105.1</gx:coord>
<when>2026-08-27T19:15:08Z</when>
<gx:coord>25.1577817 59.472745 104.1</gx:coord>
<when>2026-08-27T19:15:09Z</when>
<gx:coord>25.1576617 59.4728717 102.9</gx:coord>
<when>2026-08-27T19:15:10Z</when>
<gx:coord>25.15753 59.4729983 102.0</gx:coord>
<when>2026-08-27T19:15:11Z</when>
<gx:coord>25.1573967 59.4731233 101.69999999999999</gx:coord>
<when>2026-08-27T19:15:12Z</when>
<gx:coord>25.1572633 59.473245 102.30000000000001</gx:coord>
<when>2026-08-27T19:15:13Z</when>
<gx:coord>25.1571333 59.4733617 102.80000000000001</gx:coord>
<when>2026-08-27T19:15:14Z</when>
<gx:coord>25.1570083 59.473475 102.4</gx:coord>
<when>2026-08-27T19:15:15Z</when>
<gx:coord>25.1568883 59.4735917 102.30000000000001</gx:coord>
<when>2026-08-27T19:15:16Z</when>
<gx:coord>25.1567667 59.473705 101.30000000000001</gx:coord>
<when>2026-08-27T19:15:17Z</when>
<gx:coord>25.1566433 59.473825 100.9</gx:coord>
<when>2026-08-27T19:15:18Z</when>
<gx:coord>25.1565183 59.473945 100.80000000000001</gx:coord>
<when>2026-08-27T19:15:19Z</when>
<gx:coord>25.1563983 59.4740683 100.30000000000001</gx:coord>
<when>2026-08-27T19:15:20Z</when>
<gx:coord>25.156295 59.4741933 99.19999999999999</gx:coord>
<when>2026-08-27T19:15:21Z</when>
<gx:coord>25.156215 59.47432 97.80000000000001</gx:coord>
<when>2026-08-27T19:15:22Z</when>
<gx:coord>25.1561533 59.4744483 95.9</gx:coord>
<when>2026-08-27T19:15:23Z</when>
<gx:coord>25.1560967 59.47458 94.30000000000001</gx:coord>
<when>2026-08-27T19:15:24Z</when>
<gx:coord>25.1560433 59.4747133 93.30000000000001</gx:coord>
<when>2026-08-27T19:15:25Z</when>
<gx:coord>25.155985 59.4748433 92.4</gx:coord>
<when>2026-08-27T19:15:26Z</when>
<gx:coord>25.155935 59.4749717 91.6</gx:coord>
<when>2026-08-27T19:15:27Z</when>
<gx:coord>25.1558967 59.4751033 91.6</gx:coord>
<when>2026-08-27T19:15:28Z</when>
<gx:coord>25.1558617 59.4752333 90.5</gx:coord>
<when>2026-08-27T19:15:29Z</when>
<gx:coord>25.1558283 59.4753683 90.69999999999999</gx:coord>
<when>2026-08-27T19:15:30Z</when>
<gx:coord>25.15579 59.4755017 91.19999999999999</gx:coord>
<when>2026-08-27T19:15:31Z</when>
<gx:coord>25.1557467 59.47563 92.5</gx:coord>
<when>2026-08-27T19:15:32Z</when>
<gx:coord>25.1557 59.4757483 94.0</gx:coord>
<when>2026-08-27T19:15:33Z</when>
<gx:coord>25.1556433 59.4758583 95.30000000000001</gx:coord>
<when>2026-08-27T19:15:34Z</when>
<gx:coord>25.1555767 59.47596 95.80000000000001</gx:coord>
<when>2026-08-27T19:15:35Z</when>
<gx:coord>25.1554983 59.476065 95.9</gx:coord>
<when>2026-08-27T19:15:36Z</when>
<gx:coord>25.1554167 59.4761767 96.1</gx:coord>
<when>2026-08-27T19:15:37Z</when>
<gx:coord>25.15533 59.47629 96.6</gx:coord>
<when>2026-08-27T19:15:38Z</when>
<gx:coord>25.1552583 59.4764017 96.30000000000001</gx:coord>
<when>2026-08-27T19:15:39Z</when>
<gx:coord>25.1552283 59.4765167 95.80000000000001</gx:coord>
<when>2026-08-27T19:15:40Z</when>
<gx:coord>25.1552733 59.4766283 93.80000000000001</gx:coord>
<when>2026-08-27T19:15:41Z</when>
<gx:coord>25.155425 59.4767267 91.0</gx:coord>
<when>2026-08-27T19:15:42Z</when>
<gx:coord>25.155665 59.4767933 88.19999999999999</gx:coord>
<when>2026-08-27T19:15:43Z</when>
<gx:coord>25.1559633 59.4767933 84.80000000000001</gx:coord>
<when>2026-08-27T19:15:44Z</when>
<gx:coord>25.15626 59.4767283 82.30000000000001</gx:coord>
<when>2026-08-27T19:15:45Z</when>
<gx:coord>25.156495 59.4766183 80.9</gx:coord>
<when>2026-08-27T19:15:46Z</when>
<gx:coord>25.1566333 59.4764817 80.1</gx:coord>
<when>2026-08-27T19:15:47Z</when>
<gx:coord>25.1566717 59.4763383 80.0</gx:coord>
<when>2026-08-27T19:15:48Z</when>
<gx:coord>25.1566333 59.4761983 80.0</gx:coord>
<when>2026-08-27T19:15:49Z</when>
<gx:coord>25.1565367 59.476075 80.1</gx:coord>
<when>2026-08-27T19:15:50Z</when>
<gx:coord>25.156405 59.4759667 80.1</gx:coord>
<when>2026-08-27T19:15:51Z</when>
<gx:coord>25.1562667 59.4758633 80.6</gx:coord>
<when>2026-08-27T19:15:52Z</when>
<gx:coord>25.1561283 59.4757617 80.6</gx:coord>
<when>2026-08-27T19:15:53Z</when>
<gx:coord>25.1559833 59.4756583 80.2</gx:coord>
<when>2026-08-27T19:15:54Z</when>
<gx:coord>25.15582 59.475565 80.0</gx:coord>
<when>2026-08-27T19:15:55Z</when>
<gx:coord>25.1556283 59.4754867 79.7</gx:coord>
<when>2026-08-27T19:15:56Z</when>
<gx:coord>25.1554 59.47543 78.9</gx:coord>
<when>2026-08-27T19:15:57Z</when>
<gx:coord>25.1551483 59.4754067 78.6</gx:coord>
<when>2026-08-27T19:15:58Z</when>
<gx:coord>25.1548867 59.4754233 77.7</gx:coord>
<when>2026-08-27T19:15:59Z</when>
<gx:coord>25.1546383 59.475475 77.1</gx:coord>
<when>2026-08-27T19:16:00Z</when>
<gx:coord>25.154425 59.4755533 76.9</gx:coord>
<when>2026-08-27T19:16:01Z</when>
<gx:coord>25.1542667 59.4756483 76.30000000000001</gx:coord>
<when>2026-08-27T19:16:02Z</when>
<gx:coord>25.1541467 59.47575 75.9</gx:coord>
<when>2026-08-27T19:16:03Z</when>
<gx:coord>25.1540533 59.475855 76.5</gx:coord>
<when>2026-08-27T19:16:04Z</when>
<gx:coord>25.1539717 59.4759617 77.1</gx:coord>
<when>2026-08-27T19:16:05Z</when>
<gx:coord>25.1539033 59.4760717 77.9</gx:coord>
<when>2026-08-27T19:16:06Z</when>
<gx:coord>25.153845 59.4761867 77.7</gx:coord>
<when>2026-08-27T19:16:07Z</when>
<gx:coord>25.1538 59.4763117 77.30000000000001</gx:coord>
<when>2026-08-27T19:16:08Z</when>
<gx:coord>25.1537717 59.4764483 76.30000000000001</gx:coord>
<when>2026-08-27T19:16:09Z</when>
<gx:coord>25.1537583 59.4765917 74.80000000000001</gx:coord>
<when>2026-08-27T19:16:10Z</when>
<gx:coord>25.1537517 59.4767367 73.30000000000001</gx:coord>
<when>2026-08-27T19:16:11Z</when>
<gx:coord>25.1537433 59.4768833 73.1</gx:coord>
<when>2026-08-27T19:16:12Z</when>
<gx:coord>25.1537267 59.4770217 73.0</gx:coord>
<when>2026-08-27T19:16:13Z</when>
<gx:coord>25.15369 59.4771567 72.80000000000001</gx:coord>
<when>2026-08-27T19:16:14Z</when>
<gx:coord>25.15365 59.4772867 73.0</gx:coord>
<when>2026-08-27T19:16:15Z</when>
<gx:coord>25.1536083 59.477415 72.9</gx:coord>
<when>2026-08-27T19:16:16Z</when>
<gx:coord>25.1535683 59.4775483 73.30000000000001</gx:coord>
<when>2026-08-27T19:16:17Z</when>
<gx:coord>25.15353 59.4776833 73.4</gx:coord>
<when>2026-08-27T19:16:18Z</when>
<gx:coord>25.1534983 59.4778217 73.4</gx:coord>
<when>2026-08-27T19:16:19Z</when>
<gx:coord>25.1534717 59.4779617 73.5</gx:coord>
<when>2026-08-27T19:16:20Z</when>
<gx:coord>25.1534483 59.4781 73.9</gx:coord>
<when>2026-08-27T19:16:21Z</when>
<gx:coord>25.1534233 59.478235 73.6</gx:coord>
<when>2026-08-27T19:16:22Z</when>
<gx:coord>25.153395 59.47837 73.4</gx:coord>
<when>2026-08-27T19:16:23Z</when>
<gx:coord>25.1533633 59.478505 73.6</gx:coord>
<when>2026-08-27T19:16:24Z</when>
<gx:coord>25.1533333 59.4786383 72.6</gx:coord>
<when>2026-08-27T19:16:25Z</when>
<gx:coord>25.1533083 59.478775 71.9</gx:coord>
<when>2026-08-27T19:16:26Z</when>
<gx:coord>25.15329 59.47891 71.0</gx:coord>
<when>2026-08-27T19:16:27Z</when>
<gx:coord>25.1532783 59.4790483 70.9</gx:coord>
<when>2026-08-27T19:16:28Z</when>
<gx:coord>25.1532667 59.479185 71.0</gx:coord>
<when>2026-08-27T19:16:29Z</when>
<gx:coord>25.15326 59.4793217 70.9</gx:coord>
<when>2026-08-27T19:16:30Z</when>
<gx:coord>25.1532533 59.4794567 70.30000000000001</gx:coord>
<when>2026-08-27T19:16:31Z</when>
<gx:coord>25.1532533 59.479595 70.5</gx:coord>
<when>2026-08-27T19:16:32Z</when>
<gx:coord>25.1532617 59.47973 70.6</gx:coord>
<when>2026-08-27T19:16:33Z</when>
<gx:coord>25.1532733 59.4798667 70.6</gx:coord>
<when>2026-08-27T19:16:34Z</when>
<gx:coord>25.1532917 59.4800033 70.6</gx:coord>
<when>2026-08-27T19:16:35Z</when>
<gx:coord>25.1533183 59.48014 70.9</gx:coord>
<when>2026-08-27T19:16:36Z</when>
<gx:coord>25.1533517 59.4802733 70.5</gx:coord>
<when>2026-08-27T19:16:37Z</when>
<gx:coord>25.15339 59.4804033 69.1</gx:coord>
<when>2026-08-27T19:16:38Z</when>
<gx:coord>25.1534283 59.4805367 69.1</gx:coord>
<when>2026-08-27T19:16:39Z</when>
<gx:coord>25.1534667 59.4806717 69.0</gx:coord>
<when>2026-08-27T19:16:40Z</when>
<gx:coord>25.1535033 59.480805 68.9</gx:coord>
<when>2026-08-27T19:16:41Z</when>
<gx:coord>25.1535417 59.48094 68.9</gx:coord>
<when>2026-08-27T19:16:42Z</when>
<gx:coord>25.153585 59.481075 69.1</gx:coord>
<when>2026-08-27T19:16:43Z</when>
<gx:coord>25.1536333 59.48121 69.0</gx:coord>
<when>2026-08-27T19:16:44Z</when>
<gx:coord>25.1536867 59.4813467 69.5</gx:coord>
<when>2026-08-27T19:16:45Z</when>
<gx:coord>25.1537433 59.4814817 69.2</gx:coord>
<when>2026-08-27T19:16:46Z</when>
<gx:coord>25.153805 59.4816167 69.2</gx:coord>
<when>2026-08-27T19:16:47Z</when>
<gx:coord>25.1538683 59.4817517 69.3</gx:coord>
<when>2026-08-27T19:16:48Z</when>
<gx:coord>25.1539317 59.4818833 68.2</gx:coord>
<when>2026-08-27T19:16:49Z</when>
<gx:coord>25.1540033 59.482015 68.0</gx:coord>
<when>2026-08-27T19:16:50Z</when>
<gx:coord>25.15408 59.482145 67.8</gx:coord>
<when>2026-08-27T19:16:51Z</when>
<gx:coord>25.1541683 59.4822717 67.2</gx:coord>
<when>2026-08-27T19:16:52Z</when>
<gx:coord>25.154265 59.4823983 67.1</gx:coord>
<when>2026-08-27T19:16:53Z</when>
<gx:coord>25.1543683 59.4825217 66.5</gx:coord>
<when>2026-08-27T19:16:54Z</when>
<gx:coord>25.154475 59.4826467 66.0</gx:coord>
<when>2026-08-27T19:16:55Z</when>
<gx:coord>25.1545883 59.4827683 65.2</gx:coord>
<when>2026-08-27T19:16:56Z</when>
<gx:coord>25.15471 59.48289 64.7</gx:coord>
<when>2026-08-27T19:16:57Z</when>
<gx:coord>25.1548433 59.48301 64.4</gx:coord>
<when>2026-08-27T19:16:58Z</when>
<gx:coord>25.1549883 59.4831267 64.0</gx:coord>
<when>2026-08-27T19:16:59Z</when>
<gx:coord>25.1551433 59.4832417 63.8</gx:coord>
<when>2026-08-27T19:17:00Z</when>
<gx:coord>25.1553033 59.4833517 62.8</gx:coord>
<when>2026-08-27T19:17:01Z</when>
<gx:coord>25.1554683 59.48346 62.1</gx:coord>
<when>2026-08-27T19:17:02Z</when>
<gx:coord>25.1556367 59.4835667 62.0</gx:coord>
<when>2026-08-27T19:17:03Z</when>
<gx:coord>25.155815 59.4836683 61.7</gx:coord>
<when>2026-08-27T19:17:04Z</when>
<gx:coord>25.156005 59.4837633 61.3</gx:coord>
<when>2026-08-27T19:17:05Z</when>
<gx:coord>25.1562017 59.48386 61.1</gx:coord>
<when>2026-08-27T19:17:06Z</when>
<gx:coord>25.1563983 59.4839617 60.9</gx:coord>
<when>2026-08-27T19:17:07Z</when>
<gx:coord>25.156585 59.484065 60.8</gx:coord>
<when>2026-08-27T19:17:08Z</when>
<gx:coord>25.1567717 59.4841683 60.5</gx:coord>
<when>2026-08-27T19:17:09Z</when>
<gx:coord>25.1569583 59.4842733 60.4</gx:coord>
<when>2026-08-27T19:17:10Z</when>
<gx:coord>25.15714 59.4843717 60.0</gx:coord>
<when>2026-08-27T19:17:11Z</when>
<gx:coord>25.1573267 59.4844667 59.3</gx:coord>
<when>2026-08-27T19:17:12Z</when>
<gx:coord>25.1575233 59.4845583 58.9</gx:coord>
<when>2026-08-27T19:17:13Z</when>
<gx:coord>25.1577283 59.4846483 58.8</gx:coord>
<when>2026-08-27T19:17:14Z</when>
<gx:coord>25.1579367 59.4847317 58.0</gx:coord>
<when>2026-08-27T19:17:15Z</when>
<gx:coord>25.15815 59.4848167 57.4</gx:coord>
<when>2026-08-27T19:17:16Z</when>
<gx:coord>25.1583633 59.4849017 56.9</gx:coord>
<when>2026-08-27T19:17:17Z</when>
<gx:coord>25.1585733 59.4849867 56.4</gx:coord>
<when>2026-08-27T19:17:18Z</when>
<gx:coord>25.15879 59.4850733 56.1</gx:coord>
<when>2026-08-27T19:17:19Z</when>
<gx:coord>25.1590033 59.4851583 55.8</gx:coord>
<when>2026-08-27T19:17:20Z</when>
<gx:coord>25.1592133 59.485245 55.8</gx:coord>
<when>2026-08-27T19:17:21Z</when>
<gx:coord>25.1594233 59.4853333 56.1</gx:coord>
<when>2026-08-27T19:17:22Z</when>
<gx:coord>25.1596317 59.4854167 56.3</gx:coord>
<when>2026-08-27T19:17:23Z</when>
<gx:coord>25.1598333 59.485495 56.6</gx:coord>
<when>2026-08-27T19:17:24Z</when>
<gx:coord>25.160025 59.48557 57.1</gx:coord>
<when>2026-08-27T19:17:25Z</when>
<gx:coord>25.1602017 59.4856417 56.9</gx:coord>
<when>2026-08-27T19:17:26Z</when>
<gx:coord>25.1603633 59.48571 56.2</gx:coord>
<when>2026-08-27T19:17:27Z</when>
<gx:coord>25.16053 59.4857833 54.9</gx:coord>
<when>2026-08-27T19:17:28Z</when>
<gx:coord>25.1607117 59.48586 53.2</gx:coord>
<when>2026-08-27T19:17:29Z</when>
<gx:coord>25.1609 59.4859367 51.8</gx:coord>
<when>2026-08-27T19:17:30Z</when>
<gx:coord>25.1610933 59.486015 50.9</gx:coord>
<when>2026-08-27T19:17:31Z</when>
<gx:coord>25.1612817 59.4860917 50.4</gx:coord>
<when>2026-08-27T19:17:32Z</when>
<gx:coord>25.161465 59.4861667 50.2</gx:coord>
<when>2026-08-27T19:17:33Z</when>
<gx:coord>25.161645 59.48624 50.7</gx:coord>
<when>2026-08-27T19:17:34Z</when>
<gx:coord>25.1618233 59.48631 51.0</gx:coord>
<when>2026-08-27T19:17:35Z</when>
<gx:coord>25.1620033 59.48638 51.0</gx:coord>
<when>2026-08-27T19:17:36Z</when>
<gx:coord>25.1621833 59.48645 50.5</gx:coord>
<when>2026-08-27T19:17:37Z</when>
<gx:coord>25.1623633 59.48652 50.3</gx:coord>
<when>2026-08-27T19:17:38Z</when>
<gx:coord>25.1625433 59.4865917 49.9</gx:coord>
<when>2026-08-27T19:17:39Z</when>
<gx:coord>25.1627267 59.4866683 49.8</gx:coord>
<when>2026-08-27T19:17:40Z</when>
<gx:coord>25.1629067 59.486745 49.5</gx:coord>
<when>2026-08-27T19:17:41Z</when>
<gx:coord>25.1630767 59.4868217 49.4</gx:coord>
<when>2026-08-27T19:17:42Z</when>
<gx:coord>25.1632417 59.4869 49.1</gx:coord>
<when>2026-08-27T19:17:43Z</when>
<gx:coord>25.163405 59.48698 48.8</gx:coord>
<when>2026-08-27T19:17:44Z</when>
<gx:coord>25.1635617 59.4870633 48.4</gx:coord>
<when>2026-08-27T19:17:45Z</when>
<gx:coord>25.1637217 59.4871467 48.0</gx:coord>
<when>2026-08-27T19:17:46Z</when>
<gx:coord>25.1638817 59.487225 47.0</gx:coord>
<when>2026-08-27T19:17:47Z</when>
<gx:coord>25.1640583 59.487305 46.5</gx:coord>
<when>2026-08-27T19:17:48Z</when>
<gx:coord>25.1642383 59.487385 46.4</gx:coord>
<when>2026-08-27T19:17:49Z</when>
<gx:coord>25.16442 59.4874617 46.7</gx:coord>
<when>2026-08-27T19:17:50Z</when>
<gx:coord>25.164595 59.4875367 46.0</gx:coord>
<when>2026-08-27T19:17:51Z</when>
<gx:coord>25.1647667 59.4876117 45.7</gx:coord>
<when>2026-08-27T19:17:52Z</when>
<gx:coord>25.1649367 59.48769 45.8</gx:coord>
<when>2026-08-27T19:17:53Z</when>
<gx:coord>25.1650967 59.48777 46.1</gx:coord>
<when>2026-08-27T19:17:54Z</when>
<gx:coord>25.1652667 59.48785 46.3</gx:coord>
<when>2026-08-27T19:17:55Z</when>
<gx:coord>25.1654317 59.4879283 45.7</gx:coord>
<when>2026-08-27T19:17:56Z</when>
<gx:coord>25.1655983 59.4880117 45.6</gx:coord>
<when>2026-08-27T19:17:57Z</when>
<gx:coord>25.165765 59.4880933 45.5</gx:coord>
<when>2026-08-27T19:17:58Z</when>
<gx:coord>25.165935 59.4881767 45.8</gx:coord>
<when>2026-08-27T19:17:59Z</when>
<gx:coord>25.1661033 59.4882583 45.8</gx:coord>
<when>2026-08-27T19:18:00Z</when>
<gx:coord>25.16627 59.4883383 46.0</gx:coord>
<when>2026-08-27T19:18:01Z</when>
<gx:coord>25.1664333 59.4884183 46.2</gx:coord>
<when>2026-08-27T19:18:02Z</when>
<gx:coord>25.1665983 59.4885017 46.8</gx:coord>
<when>2026-08-27T19:18:03Z</when>
<gx:coord>25.1667633 59.488585 46.7</gx:coord>
<when>2026-08-27T19:18:04Z</when>
<gx:coord>25.1669317 59.4886667 46.7</gx:coord>
<when>2026-08-27T19:18:05Z</when>
<gx:coord>25.1671033 59.4887467 46.6</gx:coord>
<when>2026-08-27T19:18:06Z</when>
<gx:coord>25.1672833 59.4888267 46.9</gx:coord>
<when>2026-08-27T19:18:07Z</when>
<gx:coord>25.167465 59.4889067 47.1</gx:coord>
<when>2026-08-27T19:18:08Z</when>
<gx:coord>25.167645 59.4889833 47.5</gx:coord>
<when>2026-08-27T19:18:09Z</when>
<gx:coord>25.1678167 59.489055 47.1</gx:coord>
<when>2026-08-27T19:18:10Z</when>
<gx:coord>25.1679817 59.48913 46.7</gx:coord>
<when>2026-08-27T19:18:11Z</when>
<gx:coord>25.168145 59.4892067 46.4</gx:coord>
<when>2026-08-27T19:18:12Z</when>
<gx:coord>25.16831 59.489285 45.7</gx:coord>
<when>2026-08-27T19:18:13Z</when>
<gx:coord>25.168475 59.4893667 44.9</gx:coord>
<when>2026-08-27T19:18:14Z</when>
<gx:coord>25.168635 59.4894483 44.4</gx:coord>
<when>2026-08-27T19:18:15Z</when>
<gx:coord>25.16879 59.4895283 43.8</gx:coord>
<when>2026-08-27T19:18:16Z</when>
<gx:coord>25.1689433 59.4896083 43.4</gx:coord>
<when>2026-08-27T19:18:17Z</when>
<gx:coord>25.1690983 59.48969 43.1</gx:coord>
<when>2026-08-27T19:18:18Z</when>
<gx:coord>25.1692617 59.4897683 43.0</gx:coord>
<when>2026-08-27T19:18:19Z</when>
<gx:coord>25.1694317 59.48984 42.4</gx:coord>
<when>2026-08-27T19:18:20Z</when>
<gx:coord>25.1696117 59.489905 42.0</gx:coord>
<when>2026-08-27T19:18:21Z</when>
<gx:coord>25.1697967 59.4899667 41.8</gx:coord>
<when>2026-08-27T19:18:22Z</when>
<gx:coord>25.169995 59.4900283 42.0</gx:coord>
<when>2026-08-27T19:18:23Z</when>
<gx:coord>25.1702033 59.4900883 42.0</gx:coord>
<when>2026-08-27T19:18:24Z</when>
<gx:coord>25.1704083 59.490145 42.5</gx:coord>
<when>2026-08-27T19:18:25Z</when>
<gx:coord>25.1706067 59.4902033 43.0</gx:coord>
<when>2026-08-27T19:18:26Z</when>
<gx:coord>25.1707917 59.4902667 43.8</gx:coord>
<when>2026-08-27T19:18:27Z</when>
<gx:coord>25.1709667 59.4903367 44.3</gx:coord>
<when>2026-08-27T19:18:28Z</when>
<gx:coord>25.1711283 59.4904133 44.0</gx:coord>
<when>2026-08-27T19:18:29Z</when>
<gx:coord>25.1712767 59.4905017 44.0</gx:coord>
<when>2026-08-27T19:18:30Z</when>
<gx:coord>25.171415 59.490595 44.3</gx:coord>
<when>2026-08-27T19:18:31Z</when>
<gx:coord>25.1715467 59.4906967 44.4</gx:coord>
<when>2026-08-27T19:18:32Z</when>
<gx:coord>25.1716717 59.4908033 44.3</gx:coord>
<when>2026-08-27T19:18:33Z</when>
<gx:coord>25.17179 59.4909083 44.3</gx:coord>
<when>2026-08-27T19:18:34Z</when>
<gx:coord>25.1718967 59.4910133 44.0</gx:coord>
<when>2026-08-27T19:18:35Z</when>
<gx:coord>25.17199 59.4911183 43.4</gx:coord>
<when>2026-08-27T19:18:36Z</when>
<gx:coord>25.1720817 59.49123 43.3</gx:coord>
<when>2026-08-27T19:18:37Z</when>
<gx:coord>25.1721667 59.4913433 43.0</gx:coord>
<when>2026-08-27T19:18:38Z</when>
<gx:coord>25.1722483 59.49146 42.1</gx:coord>
<when>2026-08-27T19:18:39Z</when>
<gx:coord>25.1723183 59.4915817 42.1</gx:coord>
<when>2026-08-27T19:18:40Z</when>
<gx:coord>25.1723783 59.491705 42.0</gx:coord>
<when>2026-08-27T19:18:41Z</when>
<gx:coord>25.17244 59.49182 41.3</gx:coord>
<when>2026-08-27T19:18:42Z</when>
<gx:coord>25.1725133 59.49193 41.3</gx:coord>
<when>2026-08-27T19:18:43Z</when>
<gx:coord>25.1725933 59.4920333 42.4</gx:coord>
<when>2026-08-27T19:18:44Z</when>
<gx:coord>25.1726733 59.49213 42.9</gx:coord>
<when>2026-08-27T19:18:45Z</when>
<gx:coord>25.1727467 59.49222 42.9</gx:coord>
<when>2026-08-27T19:18:46Z</when>
<gx:coord>25.1728083 59.4923117 42.8</gx:coord>
<when>2026-08-27T19:18:47Z</when>
<gx:coord>25.17287 59.4924117 42.1</gx:coord>
<when>2026-08-27T19:18:48Z</when>
<gx:coord>25.1729383 59.49252 41.9</gx:coord>
<when>2026-08-27T19:18:49Z</when>
<gx:coord>25.173005 59.492635 41.2</gx:coord>
<when>2026-08-27T19:18:50Z</when>
<gx:coord>25.173045 59.492755 40.2</gx:coord>
<when>2026-08-27T19:18:51Z</when>
<gx:coord>25.17303 59.492875 39.7</gx:coord>
<when>2026-08-27T19:18:52Z</when>
<gx:coord>25.172965 59.49298 39.7</gx:coord>
<when>2026-08-27T19:18:53Z</when>
<gx:coord>25.1728833 59.4930783 39.5</gx:coord>
<when>2026-08-27T19:18:54Z</when>
<gx:coord>25.172825 59.4931783 39.2</gx:coord>
<when>2026-08-27T19:18:55Z</when>
<gx:coord>25.1728117 59.4932817 38.5</gx:coord>
<when>2026-08-27T19:18:56Z</when>
<gx:coord>25.172855 59.4933817 37.1</gx:coord>
<when>2026-08-27T19:18:57Z</when>
<gx:coord>25.172965 59.493475 36.5</gx:coord>
<when>2026-08-27T19:18:58Z</when>
<gx:coord>25.17313 59.493555 37.1</gx:coord>
<when>2026-08-27T19:18:59Z</when>
<gx:coord>25.17332 59.4936133 37.0</gx:coord>
<when>2026-08-27T19:19:00Z</when>
<gx:coord>25.1735 59.493665 36.7</gx:coord>
<when>2026-08-27T19:19:01Z</when>
<gx:coord>25.1736583 59.4937217 36.1</gx:coord>
<when>2026-08-27T19:19:02Z</when>
<gx:coord>25.1738 59.493785 36.1</gx:coord>
<when>2026-08-27T19:19:03Z</when>
<gx:coord>25.1739383 59.49385 36.2</gx:coord>
<when>2026-08-27T19:19:04Z</when>
<gx:coord>25.17409 59.493915 36.4</gx:coord>
<when>2026-08-27T19:19:05Z</when>
<gx:coord>25.1742633 59.4939767 36.9</gx:coord>
<when>2026-08-27T19:19:06Z</when>
<gx:coord>25.17444 59.4940367 38.0</gx:coord>
<when>2026-08-27T19:19:07Z</when>
<gx:coord>25.1746067 59.4941033 39.3</gx:coord>
<when>2026-08-27T19:19:08Z</when>
<gx:coord>25.17474 59.4941817 40.6</gx:coord>
<when>2026-08-27T19:19:09Z</when>
<gx:coord>25.17484 59.49427 41.3</gx:coord>
<when>2026-08-27T19:19:10Z</when>
<gx:coord>25.1749133 59.494365 42.0</gx:coord>
<when>2026-08-27T19:19:11Z</when>
<gx:coord>25.1749783 59.4944667 43.0</gx:coord>
<when>2026-08-27T19:19:12Z</when>
<gx:coord>25.175045 59.4945667 43.7</gx:coord>
<when>2026-08-27T19:19:13Z</when>
<gx:coord>25.1751133 59.4946667 44.8</gx:coord>
<when>2026-08-27T19:19:14Z</when>
<gx:coord>25.1751667 59.4947633 44.8</gx:coord>
<when>2026-08-27T19:19:15Z</when>
<gx:coord>25.175195 59.4948683 46.5</gx:coord>
<when>2026-08-27T19:19:16Z</when>
<gx:coord>25.1751717 59.4949783 47.4</gx:coord>
<when>2026-08-27T19:19:17Z</when>
<gx:coord>25.1750883 59.49508 47.4</gx:coord>
<when>2026-08-27T19:19:18Z</when>
<gx:coord>25.1749517 59.4951783 47.3</gx:coord>
<when>2026-08-27T19:19:19Z</when>
<gx:coord>25.1747883 59.4952683 46.8</gx:coord>
<when>2026-08-27T19:19:20Z</when>
<gx:coord>25.1746333 59.4953633 47.4</gx:coord>
<when>2026-08-27T19:19:21Z</when>
<gx:coord>25.17451 59.4954617 48.6</gx:coord>
<when>2026-08-27T19:19:22Z</when>
<gx:coord>25.17441 59.49556 49.8</gx:coord>
<when>2026-08-27T19:19:23Z</when>
<gx:coord>25.17433 59.4956567 49.8</gx:coord>
<when>2026-08-27T19:19:24Z</when>
<gx:coord>25.174265 59.4957567 49.6</gx:coord>
<when>2026-08-27T19:19:25Z</when>
<gx:coord>25.1742333 59.49586 48.7</gx:coord>
<when>2026-08-27T19:19:26Z</when>
<gx:coord>25.1742583 59.4959667 47.2</gx:coord>
<when>2026-08-27T19:19:27Z</when>
<gx:coord>25.1743567 59.4960667 45.2</gx:coord>
<when>2026-08-27T19:19:28Z</when>
<gx:coord>25.1745167 59.496155 45.0</gx:coord>
<when>2026-08-27T19:19:29Z</when>
<gx:coord>25.1747083 59.496225 45.1</gx:coord>
<when>2026-08-27T19:19:30Z</when>
<gx:coord>25.17489 59.4962933 45.6</gx:coord>
<when>2026-08-27T19:19:31Z</when>
<gx:coord>25.1750367 59.4963717 46.0</gx:coord>
<when>2026-08-27T19:19:32Z</when>
<gx:coord>25.1751383 59.4964617 46.2</gx:coord>
<when>2026-08-27T19:19:33Z</when>
<gx:coord>25.175215 59.4965617 46.1</gx:coord>
<when>2026-08-27T19:19:34Z</when>
<gx:coord>25.1752817 59.4966617 45.4</gx:coord>
<when>2026-08-27T19:19:35Z</when>
<gx:coord>25.1753383 59.4967633 45.1</gx:coord>
<when>2026-08-27T19:19:36Z</when>
<gx:coord>25.1753917 59.4968633 44.3</gx:coord>
<when>2026-08-27T19:19:37Z</when>
<gx:coord>25.1754567 59.4969633 44.0</gx:coord>
<when>2026-08-27T19:19:38Z</when>
<gx:coord>25.1755383 59.4970567 42.0</gx:coord>
<when>2026-08-27T19:19:39Z</when>
<gx:coord>25.1756517 59.4971433 39.9</gx:coord>
<when>2026-08-27T19:19:40Z</when>
<gx:coord>25.1757983 59.49722 38.9</gx:coord>
<when>2026-08-27T19:19:41Z</when>
<gx:coord>25.1759617 59.4972883 38.4</gx:coord>
<when>2026-08-27T19:19:42Z</when>
<gx:coord>25.1761183 59.497355 38.5</gx:coord>
<when>2026-08-27T19:19:43Z</when>
<gx:coord>25.1762567 59.4974283 38.8</gx:coord>
<when>2026-08-27T19:19:44Z</when>
<gx:coord>25.1763817 59.4975117 38.9</gx:coord>
<when>2026-08-27T19:19:45Z</when>
<gx:coord>25.1764967 59.4976033 39.2</gx:coord>
<when>2026-08-27T19:19:46Z</when>
<gx:coord>25.1766017 59.4977033 39.5</gx:coord>
<when>2026-08-27T19:19:47Z</when>
<gx:coord>25.1766733 59.49781 39.5</gx:coord>
<when>2026-08-27T19:19:48Z</when>
<gx:coord>25.1767167 59.497925 39.4</gx:coord>
<when>2026-08-27T19:19:49Z</when>
<gx:coord>25.176735 59.4980383 40.0</gx:coord>
<when>2026-08-27T19:19:50Z</when>
<gx:coord>25.1767483 59.4981517 40.5</gx:coord>
<when>2026-08-27T19:19:51Z</when>
<gx:coord>25.1767683 59.498255 40.5</gx:coord>
<when>2026-08-27T19:19:52Z</when>
<gx:coord>25.1768067 59.4983583 40.6</gx:coord>
<when>2026-08-27T19:19:53Z</when>
<gx:coord>25.1768583 59.4984583 40.7</gx:coord>
<when>2026-08-27T19:19:54Z</when>
<gx:coord>25.1769183 59.4985633 41.0</gx:coord>
<when>2026-08-27T19:19:55Z</when>
<gx:coord>25.1769583 59.4986733 41.3</gx:coord>
<when>2026-08-27T19:19:56Z</when>
<gx:coord>25.176935 59.4987883 41.0</gx:coord>
<when>2026-08-27T19:19:57Z</when>
<gx:coord>25.1768267 59.4988967 40.3</gx:coord>
<when>2026-08-27T19:19:58Z</when>
<gx:coord>25.1766583 59.49899 40.9</gx:coord>
<when>2026-08-27T19:19:59Z</when>
<gx:coord>25.1764717 59.4990717 42.1</gx:coord>
<when>2026-08-27T19:20:00Z</when>
<gx:coord>25.1762967 59.4991433 43.8</gx:coord>
<when>2026-08-27T19:20:01Z</when>
<gx:coord>25.176135 59.4992083 45.2</gx:coord>
<when>2026-08-27T19:20:02Z</when>
<gx:coord>25.1759767 59.4992717 46.4</gx:coord>
<when>2026-08-27T19:20:03Z</when>
<gx:coord>25.1758133 59.4993333 47.4</gx:coord>
<when>2026-08-27T19:20:04Z</when>
<gx:coord>25.175645 59.4994017 48.1</gx:coord>
<when>2026-08-27T19:20:05Z</when>
<gx:coord>25.1754767 59.49948 48.4</gx:coord>
<when>2026-08-27T19:20:06Z</when>
<gx:coord>25.1753233 59.4995667 48.8</gx:coord>
<when>2026-08-27T19:20:07Z</when>
<gx:coord>25.17522 59.499665 49.9</gx:coord>
<when>2026-08-27T19:20:08Z</when>
<gx:coord>25.17517 59.4997717 50.7</gx:coord>
<when>2026-08-27T19:20:09Z</when>
<gx:coord>25.1751883 59.499885 51.1</gx:coord>
<when>2026-08-27T19:20:10Z</when>
<gx:coord>25.175275 59.4999883 50.7</gx:coord>
<when>2026-08-27T19:20:11Z</when>
<gx:coord>25.1754 59.5000867 51.3</gx:coord>
<when>2026-08-27T19:20:12Z</when>
<gx:coord>25.1755383 59.50017 51.7</gx:coord>
<when>2026-08-27T19:20:13Z</when>
<gx:coord>25.175675 59.5002467 51.9</gx:coord>
<when>2026-08-27T19:20:14Z</when>
<gx:coord>25.1757967 59.5003233 52.1</gx:coord>
<when>2026-08-27T19:20:15Z</when>
<gx:coord>25.1759133 59.500405 52.2</gx:coord>
<when>2026-08-27T19:20:16Z</when>
<gx:coord>25.1760433 59.50049 52.0</gx:coord>
<when>2026-08-27T19:20:17Z</when>
<gx:coord>25.1761967 59.5005683 51.4</gx:coord>
<when>2026-08-27T19:20:18Z</when>
<gx:coord>25.17637 59.50064 50.9</gx:coord>
<when>2026-08-27T19:20:19Z</when>
<gx:coord>25.17655 59.500705 50.7</gx:coord>
<when>2026-08-27T19:20:20Z</when>
<gx:coord>25.1767233 59.5007683 50.7</gx:coord>
<when>2026-08-27T19:20:21Z</when>
<gx:coord>25.1768817 59.500835 50.7</gx:coord>
<when>2026-08-27T19:20:22Z</when>
<gx:coord>25.177025 59.5009067 50.8</gx:coord>
<when>2026-08-27T19:20:23Z</when>
<gx:coord>25.1771667 59.5009817 50.8</gx:coord>
<when>2026-08-27T19:20:24Z</when>
<gx:coord>25.1773183 59.5010633 51.5</gx:coord>
<when>2026-08-27T19:20:25Z</when>
<gx:coord>25.177475 59.50114 52.4</gx:coord>
<when>2026-08-27T19:20:26Z</when>
<gx:coord>25.177615 59.5012167 53.3</gx:coord>
<when>2026-08-27T19:20:27Z</when>
<gx:coord>25.1777167 59.5013033 54.1</gx:coord>
<when>2026-08-27T19:20:28Z</when>
<gx:coord>25.1777583 59.5014017 54.0</gx:coord>
<when>2026-08-27T19:20:29Z</when>
<gx:coord>25.1777167 59.5015167 53.5</gx:coord>
<when>2026-08-27T19:20:30Z</when>
<gx:coord>25.1776033 59.5016283 53.2</gx:coord>
<when>2026-08-27T19:20:31Z</when>
<gx:coord>25.177435 59.501725 53.1</gx:coord>
<when>2026-08-27T19:20:32Z</when>
<gx:coord>25.17724 59.5018017 54.0</gx:coord>
<when>2026-08-27T19:20:33Z</when>
<gx:coord>25.1770533 59.50187 55.6</gx:coord>
<when>2026-08-27T19:20:34Z</when>
<gx:coord>25.1769 59.50194 56.2</gx:coord>
<when>2026-08-27T19:20:35Z</when>
<gx:coord>25.17677 59.5020217 56.5</gx:coord>
<when>2026-08-27T19:20:36Z</when>
<gx:coord>25.1766533 59.5021167 56.1</gx:coord>
<when>2026-08-27T19:20:37Z</when>
<gx:coord>25.1765467 59.5022183 56.0</gx:coord>
<when>2026-08-27T19:20:38Z</when>
<gx:coord>25.176465 59.50233 55.5</gx:coord>
<when>2026-08-27T19:20:39Z</when>
<gx:coord>25.1764267 59.502445 54.8</gx:coord>
<when>2026-08-27T19:20:40Z</when>
<gx:coord>25.1764517 59.50256 55.2</gx:coord>
<when>2026-08-27T19:20:41Z</when>
<gx:coord>25.1765283 59.5026633 55.8</gx:coord>
<when>2026-08-27T19:20:42Z</when>
<gx:coord>25.1766267 59.50276 55.9</gx:coord>
<when>2026-08-27T19:20:43Z</when>
<gx:coord>25.17672 59.50286 57.0</gx:coord>
<when>2026-08-27T19:20:44Z</when>
<gx:coord>25.1768 59.5029617 57.4</gx:coord>
<when>2026-08-27T19:20:45Z</when>
<gx:coord>25.1768683 59.503065 57.7</gx:coord>
<when>2026-08-27T19:20:46Z</when>
<gx:coord>25.1769367 59.5031667 57.9</gx:coord>
<when>2026-08-27T19:20:47Z</when>
<gx:coord>25.17702 59.5032717 58.9</gx:coord>
<when>2026-08-27T19:20:48Z</when>
<gx:coord>25.1771167 59.5033767 60.2</gx:coord>
<when>2026-08-27T19:20:49Z</when>
<gx:coord>25.17721 59.5034767 60.5</gx:coord>
<when>2026-08-27T19:20:50Z</when>
<gx:coord>25.1772917 59.503585 60.9</gx:coord>
<when>2026-08-27T19:20:51Z</when>
<gx:coord>25.1773583 59.5036867 61.0</gx:coord>
<when>2026-08-27T19:20:52Z</when>
<gx:coord>25.1774017 59.50379 61.2</gx:coord>
<when>2026-08-27T19:20:53Z</when>
<gx:coord>25.1774117 59.5038983 61.5</gx:coord>
<when>2026-08-27T19:20:54Z</when>
<gx:coord>25.1773583 59.5040067 62.2</gx:coord>
<when>2026-08-27T19:20:55Z</when>
<gx:coord>25.177215 59.504105 61.2</gx:coord>
<when>2026-08-27T19:20:56Z</when>
<gx:coord>25.1770183 59.5041917 60.8</gx:coord>
<when>2026-08-27T19:20:57Z</when>
<gx:coord>25.1768 59.5042683 60.8</gx:coord>
<when>2026-08-27T19:20:58Z</when>
<gx:coord>25.1766267 59.504355 60.6</gx:coord>
<when>2026-08-27T19:20:59Z</when>
<gx:coord>25.1765567 59.5044583 59.8</gx:coord>
<when>2026-08-27T19:21:00Z</when>
<gx:coord>25.176585 59.5045667 56.1</gx:coord>
<when>2026-08-27T19:21:01Z</when>
<gx:coord>25.1766733 59.504665 52.0</gx:coord>
<when>2026-08-27T19:21:02Z</when>
<gx:coord>25.1768067 59.5047633 50.2</gx:coord>
<when>2026-08-27T19:21:03Z</when>
<gx:coord>25.1769267 59.5048617 50.0</gx:coord>
<when>2026-08-27T19:21:04Z</when>
<gx:coord>25.1770017 59.504965 51.2</gx:coord>
<when>2026-08-27T19:21:05Z</when>
<gx:coord>25.17703 59.5050683 51.5</gx:coord>
<when>2026-08-27T19:21:06Z</when>
<gx:coord>25.1770233 59.5051683 51.3</gx:coord>
<when>2026-08-27T19:21:07Z</when>
<gx:coord>25.1770117 59.5052717 51.2</gx:coord>
<when>2026-08-27T19:21:08Z</when>
<gx:coord>25.1770283 59.5053733 51.3</gx:coord>
<when>2026-08-27T19:21:09Z</when>
<gx:coord>25.1770933 59.50547 50.2</gx:coord>
<when>2026-08-27T19:21:10Z</when>
<gx:coord>25.1771933 59.5055683 50.6</gx:coord>
<when>2026-08-27T19:21:11Z</when>
<gx:coord>25.1772983 59.5056667 50.1</gx:coord>
<when>2026-08-27T19:21:12Z</when>
<gx:coord>25.1773667 59.5057767 50.1</gx:coord>
<when>2026-08-27T19:21:13Z</when>
<gx:coord>25.1773867 59.505895 49.6</gx:coord>
<when>2026-08-27T19:21:14Z</when>
<gx:coord>25.1773583 59.5060133 49.6</gx:coord>
<when>2026-08-27T19:21:15Z</when>
<gx:coord>25.177295 59.506125 49.8</gx:coord>
<when>2026-08-27T19:21:16Z</when>
<gx:coord>25.1772067 59.506225 49.2</gx:coord>
<when>2026-08-27T19:21:17Z</when>
<gx:coord>25.1770967 59.50632 48.9</gx:coord>
<when>2026-08-27T19:21:18Z</when>
<gx:coord>25.176955 59.506405 48.4</gx:coord>
<when>2026-08-27T19:21:19Z</when>
<gx:coord>25.1767733 59.506475 47.7</gx:coord>
<when>2026-08-27T19:21:20Z</when>
<gx:coord>25.1765517 59.50652 44.9</gx:coord>
<when>2026-08-27T19:21:21Z</when>
<gx:coord>25.1763133 59.5065517 43.1</gx:coord>
<when>2026-08-27T19:21:22Z</when>
<gx:coord>25.17608 59.506585 42.8</gx:coord>
<when>2026-08-27T19:21:23Z</when>
<gx:coord>25.1758633 59.5066283 42.7</gx:coord>
<when>2026-08-27T19:21:24Z</when>
<gx:coord>25.1756617 59.50668 42.3</gx:coord>
<when>2026-08-27T19:21:25Z</when>
<gx:coord>25.1754667 59.5067383 42.5</gx:coord>
<when>2026-08-27T19:21:26Z</when>
<gx:coord>25.175275 59.5068033 42.4</gx:coord>
<when>2026-08-27T19:21:27Z</when>
<gx:coord>25.1750867 59.5068717 42.5</gx:coord>
<when>2026-08-27T19:21:28Z</when>
<gx:coord>25.1749183 59.5069483 42.1</gx:coord>
<when>2026-08-27T19:21:29Z</when>
<gx:coord>25.17479 59.5070433 41.4</gx:coord>
<when>2026-08-27T19:21:30Z</when>
<gx:coord>25.1747167 59.5071517 40.8</gx:coord>
<when>2026-08-27T19:21:31Z</when>
<gx:coord>25.17469 59.5072667 40.1</gx:coord>
<when>2026-08-27T19:21:32Z</when>
<gx:coord>25.1746583 59.5073783 39.9</gx:coord>
<when>2026-08-27T19:21:33Z</when>
<gx:coord>25.1746017 59.507485 39.6</gx:coord>
<when>2026-08-27T19:21:34Z</when>
<gx:coord>25.1745017 59.5075833 39.4</gx:coord>
<when>2026-08-27T19:21:35Z</when>
<gx:coord>25.174335 59.50766 39.2</gx:coord>
<when>2026-08-27T19:21:36Z</when>
<gx:coord>25.1741183 59.5077167 38.8</gx:coord>
<when>2026-08-27T19:21:37Z</when>
<gx:coord>25.1738933 59.507765 39.5</gx:coord>
<when>2026-08-27T19:21:38Z</when>
<gx:coord>25.1736883 59.50782 40.5</gx:coord>
<when>2026-08-27T19:21:39Z</when>
<gx:coord>25.1735367 59.5078983 40.8</gx:coord>
<when>2026-08-27T19:21:40Z</when>
<gx:coord>25.1734467 59.5080017 40.8</gx:coord>
<when>2026-08-27T19:21:41Z</when>
<gx:coord>25.1734317 59.508125 39.5</gx:coord>
<when>2026-08-27T19:21:42Z</when>
<gx:coord>25.17347 59.5082533 40.1</gx:coord>
<when>2026-08-27T19:21:43Z</when>
<gx:coord>25.1735117 59.5083733 40.8</gx:coord>
<when>2026-08-27T19:21:44Z</when>
<gx:coord>25.173515 59.5084833 42.1</gx:coord>
<when>2026-08-27T19:21:45Z</when>
<gx:coord>25.173475 59.50859 43.7</gx:coord>
<when>2026-08-27T19:21:46Z</when>
<gx:coord>25.1733867 59.5086883 44.3</gx:coord>
<when>2026-08-27T19:21:47Z</when>
<gx:coord>25.173245 59.5087783 45.4</gx:coord>
<when>2026-08-27T19:21:48Z</when>
<gx:coord>25.173045 59.5088417 45.4</gx:coord>
<when>2026-08-27T19:21:49Z</when>
<gx:coord>25.17281 59.5088783 47.1</gx:coord>
<when>2026-08-27T19:21:50Z</when>
<gx:coord>25.1725683 59.5088633 46.9</gx:coord>
<when>2026-08-27T19:21:51Z</when>
<gx:coord>25.1723433 59.5088067 45.7</gx:coord>
<when>2026-08-27T19:21:52Z</when>
<gx:coord>25.1721533 59.508735 45.5</gx:coord>
<when>2026-08-27T19:21:53Z</when>
<gx:coord>25.171975 59.5086683 45.3</gx:coord>
<when>2026-08-27T19:21:54Z</when>
<gx:coord>25.1717867 59.5086267 44.8</gx:coord>
<when>2026-08-27T19:21:55Z</when>
<gx:coord>25.1715783 59.508625 44.7</gx:coord>
<when>2026-08-27T19:21:56Z</when>
<gx:coord>25.17136 59.508665 44.1</gx:coord>
<when>2026-08-27T19:21:57Z</when>
<gx:coord>25.1711783 59.5087517 43.8</gx:coord>
<when>2026-08-27T19:21:58Z</when>
<gx:coord>25.1710267 59.5088583 42.2</gx:coord>
<when>2026-08-27T19:21:59Z</when>
<gx:coord>25.1709567 59.5089817 41.8</gx:coord>
<when>2026-08-27T19:22:00Z</when>
<gx:coord>25.17095 59.5091033 42.3</gx:coord>
<when>2026-08-27T19:22:01Z</when>
<gx:coord>25.1709617 59.5092133 43.8</gx:coord>
<when>2026-08-27T19:22:02Z</when>
<gx:coord>25.17097 59.5093183 44.8</gx:coord>
<when>2026-08-27T19:22:03Z</when>
<gx:coord>25.1709583 59.5094233 45.9</gx:coord>
<when>2026-08-27T19:22:04Z</when>
<gx:coord>25.170905 59.5095267 46.5</gx:coord>
<when>2026-08-27T19:22:05Z</when>
<gx:coord>25.170795 59.5096333 47.6</gx:coord>
<when>2026-08-27T19:22:06Z</when>
<gx:coord>25.17063 59.5097383 52.1</gx:coord>
<when>2026-08-27T19:22:07Z</when>
<gx:coord>25.1704033 59.5098067 52.5</gx:coord>
<when>2026-08-27T19:22:08Z</when>
<gx:coord>25.1701633 59.509845 52.0</gx:coord>
<when>2026-08-27T19:22:09Z</when>
<gx:coord>25.16993 59.5098617 51.9</gx:coord>
<when>2026-08-27T19:22:10Z</when>
<gx:coord>25.169715 59.5098717 52.3</gx:coord>
<when>2026-08-27T19:22:11Z</when>
<gx:coord>25.1695133 59.5098783 52.1</gx:coord>
<when>2026-08-27T19:22:12Z</when>
<gx:coord>25.169315 59.5098883 52.1</gx:coord>
<when>2026-08-27T19:22:13Z</when>
<gx:coord>25.1691117 59.5099017 51.3</gx:coord>
<when>2026-08-27T19:22:14Z</when>
<gx:coord>25.1688983 59.5099017 50.5</gx:coord>
<when>2026-08-27T19:22:15Z</when>
<gx:coord>25.16869 59.5098667 50.1</gx:coord>
<when>2026-08-27T19:22:16Z</when>
<gx:coord>25.1684983 59.5097883 49.5</gx:coord>
<when>2026-08-27T19:22:17Z</when>
<gx:coord>25.1683567 59.5096767 50.0</gx:coord>
<when>2026-08-27T19:22:18Z</when>
<gx:coord>25.1682483 59.5095617 51.4</gx:coord>
<when>2026-08-27T19:22:19Z</when>
<gx:coord>25.1681517 59.5094633 53.1</gx:coord>
<when>2026-08-27T19:22:20Z</when>
<gx:coord>25.1680167 59.509385 54.0</gx:coord>
<when>2026-08-27T19:22:21Z</when>
<gx:coord>25.1678417 59.509335 54.1</gx:coord>
<when>2026-08-27T19:22:22Z</when>
<gx:coord>25.1676317 59.5093017 54.0</gx:coord>
<when>2026-08-27T19:22:23Z</when>
<gx:coord>25.1674 59.509285 53.9</gx:coord>
<when>2026-08-27T19:22:24Z</when>
<gx:coord>25.1671617 59.5092883 53.8</gx:coord>
<when>2026-08-27T19:22:25Z</when>
<gx:coord>25.16694 59.5093267 53.9</gx:coord>
<when>2026-08-27T19:22:26Z</when>
<gx:coord>25.1667583 59.5093983 53.4</gx:coord>
<when>2026-08-27T19:22:27Z</when>
<gx:coord>25.1666 59.509495 53.4</gx:coord>
<when>2026-08-27T19:22:28Z</when>
<gx:coord>25.166455 59.5095983 55.1</gx:coord>
<when>2026-08-27T19:22:29Z</when>
<gx:coord>25.1662967 59.509685 56.2</gx:coord>
<when>2026-08-27T19:22:30Z</when>
<gx:coord>25.1661067 59.50975 56.9</gx:coord>
<when>2026-08-27T19:22:31Z</when>
<gx:coord>25.1659017 59.5098017 56.9</gx:coord>
<when>2026-08-27T19:22:32Z</when>
<gx:coord>25.16569 59.50985 56.5</gx:coord>
<when>2026-08-27T19:22:33Z</when>
<gx:coord>25.16549 59.5099117 56.7</gx:coord>
<when>2026-08-27T19:22:34Z</when>
<gx:coord>25.1653033 59.5099817 57.7</gx:coord>
<when>2026-08-27T19:22:35Z</when>
<gx:coord>25.16511 59.5100467 58.7</gx:coord>
<when>2026-08-27T19:22:36Z</when>
<gx:coord>25.1648967 59.5100867 59.7</gx:coord>
<when>2026-08-27T19:22:37Z</when>
<gx:coord>25.1646733 59.5100883 60.5</gx:coord>
<when>2026-08-27T19:22:38Z</when>
<gx:coord>25.164455 59.51005 60.3</gx:coord>
<when>2026-08-27T19:22:39Z</when>
<gx:coord>25.1642583 59.50998 60.1</gx:coord>
<when>2026-08-27T19:22:40Z</when>
<gx:coord>25.1640783 59.50989 58.6</gx:coord>
<when>2026-08-27T19:22:41Z</when>
<gx:coord>25.1639217 59.509805 57.8</gx:coord>
<when>2026-08-27T19:22:42Z</when>
<gx:coord>25.1637633 59.50973 57.7</gx:coord>
<when>2026-08-27T19:22:43Z</when>
<gx:coord>25.16359 59.509665 57.1</gx:coord>
<when>2026-08-27T19:22:44Z</when>
<gx:coord>25.163405 59.509605 56.8</gx:coord>
<when>2026-08-27T19:22:45Z</when>
<gx:coord>25.1632167 59.509535 56.2</gx:coord>
<when>2026-08-27T19:22:46Z</when>
<gx:coord>25.16304 59.5094583 55.9</gx:coord>
<when>2026-08-27T19:22:47Z</when>
<gx:coord>25.16287 59.5093833 55.7</gx:coord>
<when>2026-08-27T19:22:48Z</when>
<gx:coord>25.1626933 59.50932 56.0</gx:coord>
<when>2026-08-27T19:22:49Z</when>
<gx:coord>25.1625017 59.5092683 56.5</gx:coord>
<when>2026-08-27T19:22:50Z</when>
<gx:coord>25.162305 59.50922 56.3</gx:coord>
<when>2026-08-27T19:22:51Z</when>
<gx:coord>25.1621067 59.50917 55.9</gx:coord>
<when>2026-08-27T19:22:52Z</when>
<gx:coord>25.161905 59.5091217 55.4</gx:coord>
<when>2026-08-27T19:22:53Z</when>
<gx:coord>25.161695 59.5090817 55.3</gx:coord>
<when>2026-08-27T19:22:54Z</when>
<gx:coord>25.161475 59.509055 55.3</gx:coord>
<when>2026-08-27T19:22:55Z</when>
<gx:coord>25.1612533 59.5090467 56.2</gx:coord>
<when>2026-08-27T19:22:56Z</when>
<gx:coord>25.1610233 59.50905 56.8</gx:coord>
<when>2026-08-27T19:22:57Z</when>
<gx:coord>25.1607933 59.5090633 57.0</gx:coord>
<when>2026-08-27T19:22:58Z</when>
<gx:coord>25.16057 59.50909 57.0</gx:coord>
<when>2026-08-27T19:22:59Z</when>
<gx:coord>25.16036 59.509135 56.9</gx:coord>
<when>2026-08-27T19:23:00Z</when>
<gx:coord>25.1601683 59.5091983 57.2</gx:coord>
<when>2026-08-27T19:23:01Z</when>
<gx:coord>25.16 59.509275 57.7</gx:coord>
<when>2026-08-27T19:23:02Z</when>
<gx:coord>25.1598483 59.509365 58.4</gx:coord>
<when>2026-08-27T19:23:03Z</when>
<gx:coord>25.1597133 59.50946 59.0</gx:coord>
<when>2026-08-27T19:23:04Z</when>
<gx:coord>25.159595 59.50956 60.2</gx:coord>
<when>2026-08-27T19:23:05Z</when>
<gx:coord>25.1594967 59.509665 61.7</gx:coord>
<when>2026-08-27T19:23:06Z</when>
<gx:coord>25.1594133 59.50977 63.0</gx:coord>
<when>2026-08-27T19:23:07Z</when>
<gx:coord>25.1593233 59.5098717 63.7</gx:coord>
<when>2026-08-27T19:23:08Z</when>
<gx:coord>25.1592183 59.5099767 66.3</gx:coord>
<when>2026-08-27T19:23:09Z</when>
<gx:coord>25.1590833 59.51007 68.0</gx:coord>
<when>2026-08-27T19:23:10Z</when>
<gx:coord>25.158925 59.5101533 69.5</gx:coord>
<when>2026-08-27T19:23:11Z</when>
<gx:coord>25.1587717 59.5102467 74.2</gx:coord>
<when>2026-08-27T19:23:12Z</when>
<gx:coord>25.15862 59.5103417 78.3</gx:coord>
<when>2026-08-27T19:23:13Z</when>
<gx:coord>25.158485 59.5104317 79.8</gx:coord>
<when>2026-08-27T19:23:14Z</when>
<gx:coord>25.1583733 59.5105267 79.9</gx:coord>
<when>2026-08-27T19:23:15Z</when>
<gx:coord>25.1583 59.5106233 77.4</gx:coord>
<when>2026-08-27T19:23:16Z</when>
<gx:coord>25.1582633 59.5107267 74.5</gx:coord>
<when>2026-08-27T19:23:17Z</when>
<gx:coord>25.1582467 59.51083 71.0</gx:coord>
<when>2026-08-27T19:23:18Z</when>
<gx:coord>25.158245 59.510935 68.9</gx:coord>
<when>2026-08-27T19:23:19Z</when>
<gx:coord>25.1582517 59.5110417 67.2</gx:coord>
<when>2026-08-27T19:23:20Z</when>
<gx:coord>25.1582667 59.5111467 66.6</gx:coord>
<when>2026-08-27T19:23:21Z</when>
<gx:coord>25.1582867 59.5112517 66.3</gx:coord>
<when>2026-08-27T19:23:22Z</when>
<gx:coord>25.1583033 59.5113533 65.6</gx:coord>
<when>2026-08-27T19:23:23Z</when>
<gx:coord>25.1583183 59.51146 65.5</gx:coord>
<when>2026-08-27T19:23:24Z</when>
<gx:coord>25.1583267 59.511565 64.9</gx:coord>
<when>2026-08-27T19:23:25Z</when>
<gx:coord>25.1583333 59.5116733 64.8</gx:coord>
<when>2026-08-27T19:23:26Z</when>
<gx:coord>25.1583367 59.5117817 64.7</gx:coord>
<when>2026-08-27T19:23:27Z</when>
<gx:coord>25.1583383 59.51189 64.5</gx:coord>
<when>2026-08-27T19:23:28Z</when>
<gx:coord>25.158325 59.511995 64.1</gx:coord>
<when>2026-08-27T19:23:29Z</when>
<gx:coord>25.158285 59.5120983 64.2</gx:coord>
<when>2026-08-27T19:23:30Z</when>
<gx:coord>25.1582167 59.512205 64.5</gx:coord>
<when>2026-08-27T19:23:31Z</when>
<gx:coord>25.1581117 59.5123017 64.8</gx:coord>
<when>2026-08-27T19:23:32Z</when>
<gx:coord>25.158 59.5124 65.3</gx:coord>
<when>2026-08-27T19:23:33Z</when>
<gx:coord>25.1578883 59.5124983 65.8</gx:coord>
<when>2026-08-27T19:23:34Z</when>
<gx:coord>25.1578 59.5126 66.2</gx:coord>
<when>2026-08-27T19:23:35Z</when>
<gx:coord>25.1577533 59.5127083 66.3</gx:coord>
<when>2026-08-27T19:23:36Z</when>
<gx:coord>25.1577433 59.5128217 66.4</gx:coord>
<when>2026-08-27T19:23:37Z</when>
<gx:coord>25.1577583 59.5129333 66.4</gx:coord>
<when>2026-08-27T19:23:38Z</when>
<gx:coord>25.1577867 59.5130417 66.7</gx:coord>
<when>2026-08-27T19:23:39Z</when>
<gx:coord>25.1578067 59.5131483 67.1</gx:coord>
<when>2026-08-27T19:23:40Z</when>
<gx:coord>25.1578067 59.5132567 67.6</gx:coord>
<when>2026-08-27T19:23:41Z</when>
<gx:coord>25.1577633 59.5133667 68.1</gx:coord>
<when>2026-08-27T19:23:42Z</when>
<gx:coord>25.1576617 59.513465 67.1</gx:coord>
<when>2026-08-27T19:23:43Z</when>
<gx:coord>25.15749 59.5135483 67.4</gx:coord>
<when>2026-08-27T19:23:44Z</when>
<gx:coord>25.1572617 59.5135983 66.5</gx:coord>
<when>2026-08-27T19:23:45Z</when>
<gx:coord>25.1570117 59.5136167 65.9</gx:coord>
<when>2026-08-27T19:23:46Z</when>
<gx:coord>25.1567717 59.5136183 66.5</gx:coord>
<when>2026-08-27T19:23:47Z</when>
<gx:coord>25.1565533 59.5136233 67.4</gx:coord>
<when>2026-08-27T19:23:48Z</when>
<gx:coord>25.1563517 59.5136433 67.9</gx:coord>
<when>2026-08-27T19:23:49Z</when>
<gx:coord>25.1561517 59.513685 67.7</gx:coord>
<when>2026-08-27T19:23:50Z</when>
<gx:coord>25.1559483 59.5137317 68.3</gx:coord>
<when>2026-08-27T19:23:51Z</when>
<gx:coord>25.1557367 59.5137767 68.8</gx:coord>
<when>2026-08-27T19:23:52Z</when>
<gx:coord>25.1555267 59.5138233 68.9</gx:coord>
<when>2026-08-27T19:23:53Z</when>
<gx:coord>25.1553317 59.513885 69.1</gx:coord>
<when>2026-08-27T19:23:54Z</when>
<gx:coord>25.1551733 59.5139683 69.5</gx:coord>
<when>2026-08-27T19:23:55Z</when>
<gx:coord>25.1550583 59.51407 69.5</gx:coord>
<when>2026-08-27T19:23:56Z</when>
<gx:coord>25.154985 59.5141867 69.4</gx:coord>
<when>2026-08-27T19:23:57Z</when>
<gx:coord>25.1549367 59.514305 70.0</gx:coord>
<when>2026-08-27T19:23:58Z</when>
<gx:coord>25.1548867 59.514415 68.9</gx:coord>
<when>2026-08-27T19:23:59Z</when>
<gx:coord>25.154825 59.5145233 69.6</gx:coord>
<when>2026-08-27T19:24:00Z</when>
<gx:coord>25.154725 59.5146217 69.5</gx:coord>
<when>2026-08-27T19:24:01Z</when>
<gx:coord>25.15457 59.5147083 69.6</gx:coord>
<when>2026-08-27T19:24:02Z</when>
<gx:coord>25.1543683 59.51478 72.1</gx:coord>
<when>2026-08-27T19:24:03Z</when>
<gx:coord>25.15413 59.514815 71.6</gx:coord>
<when>2026-08-27T19:24:04Z</when>
<gx:coord>25.1538883 59.5148317 71.6</gx:coord>
<when>2026-08-27T19:24:05Z</when>
<gx:coord>25.1536483 59.5148367 70.9</gx:coord>
<when>2026-08-27T19:24:06Z</when>
<gx:coord>25.1534283 59.514855 70.7</gx:coord>
<when>2026-08-27T19:24:07Z</when>
<gx:coord>25.153235 59.5149 70.4</gx:coord>
<when>2026-08-27T19:24:08Z</when>
<gx:coord>25.1530717 59.51498 70.3</gx:coord>
<when>2026-08-27T19:24:09Z</when>
<gx:coord>25.1529467 59.51509 69.8</gx:coord>
<when>2026-08-27T19:24:10Z</when>
<gx:coord>25.15287 59.51522 69.0</gx:coord>
<when>2026-08-27T19:24:11Z</when>
<gx:coord>25.1528533 59.5153517 68.8</gx:coord>
<when>2026-08-27T19:24:12Z</when>
<gx:coord>25.1528667 59.515475 70.2</gx:coord>
<when>2026-08-27T19:24:13Z</when>
<gx:coord>25.152875 59.515585 70.1</gx:coord>
<when>2026-08-27T19:24:14Z</when>
<gx:coord>25.152855 59.51569 70.8</gx:coord>
<when>2026-08-27T19:24:15Z</when>
<gx:coord>25.1527867 59.5157933 70.4</gx:coord>
<when>2026-08-27T19:24:16Z</when>
<gx:coord>25.1526667 59.5158883 69.5</gx:coord>
<when>2026-08-27T19:24:17Z</when>
<gx:coord>25.1524883 59.51597 69.3</gx:coord>
<when>2026-08-27T19:24:18Z</when>
<gx:coord>25.152265 59.51603 69.6</gx:coord>
<when>2026-08-27T19:24:19Z</when>
<gx:coord>25.152035 59.5160733 70.3</gx:coord>
<when>2026-08-27T19:24:20Z</when>
<gx:coord>25.15181 59.5161133 70.3</gx:coord>
<when>2026-08-27T19:24:21Z</when>
<gx:coord>25.1516083 59.5161667 69.9</gx:coord>
<when>2026-08-27T19:24:22Z</when>
<gx:coord>25.1514367 59.51624 71.6</gx:coord>
<when>2026-08-27T19:24:23Z</when>
<gx:coord>25.15127 59.5163167 73.9</gx:coord>
<when>2026-08-27T19:24:24Z</when>
<gx:coord>25.15108 59.5163767 74.4</gx:coord>
<when>2026-08-27T19:24:25Z</when>
<gx:coord>25.1508667 59.5164183 74.3</gx:coord>
<when>2026-08-27T19:24:26Z</when>
<gx:coord>25.1506367 59.51644 73.4</gx:coord>
<when>2026-08-27T19:24:27Z</when>
<gx:coord>25.1503967 59.5164533 72.4</gx:coord>
<when>2026-08-27T19:24:28Z</when>
<gx:coord>25.1501783 59.5164833 71.9</gx:coord>
<when>2026-08-27T19:24:29Z</when>
<gx:coord>25.149985 59.5165383 71.6</gx:coord>
<when>2026-08-27T19:24:30Z</when>
<gx:coord>25.1498367 59.5166267 71.7</gx:coord>
<when>2026-08-27T19:24:31Z</when>
<gx:coord>25.1497317 59.5167333 71.2</gx:coord>
<when>2026-08-27T19:24:32Z</when>
<gx:coord>25.14968 59.516855 70.2</gx:coord>
<when>2026-08-27T19:24:33Z</when>
<gx:coord>25.1496567 59.516985 70.1</gx:coord>
<when>2026-08-27T19:24:34Z</when>
<gx:coord>25.1496433 59.5171033 70.2</gx:coord>
<when>2026-08-27T19:24:35Z</when>
<gx:coord>25.1496283 59.5172217 71.2</gx:coord>
<when>2026-08-27T19:24:36Z</when>
<gx:coord>25.1495967 59.5173267 70.6</gx:coord>
<when>2026-08-27T19:24:37Z</when>
<gx:coord>25.149555 59.5174317 70.1</gx:coord>
<when>2026-08-27T19:24:38Z</when>
<gx:coord>25.149515 59.5175383 69.6</gx:coord>
<when>2026-08-27T19:24:39Z</when>
<gx:coord>25.149485 59.5176483 68.5</gx:coord>
<when>2026-08-27T19:24:40Z</when>
<gx:coord>25.149475 59.5177633 67.9</gx:coord>
<when>2026-08-27T19:24:41Z</when>
<gx:coord>25.1494833 59.5178733 67.8</gx:coord>
<when>2026-08-27T19:24:42Z</when>
<gx:coord>25.1495017 59.51798 67.8</gx:coord>
<when>2026-08-27T19:24:43Z</when>
<gx:coord>25.1495183 59.5180817 68.0</gx:coord>
<when>2026-08-27T19:24:44Z</when>
<gx:coord>25.149525 59.5181833 68.4</gx:coord>
<when>2026-08-27T19:24:45Z</when>
<gx:coord>25.1495133 59.5182883 69.1</gx:coord>
<when>2026-08-27T19:24:46Z</when>
<gx:coord>25.1494817 59.5183917 69.2</gx:coord>
<when>2026-08-27T19:24:47Z</when>
<gx:coord>25.1494333 59.5184983 69.2</gx:coord>
<when>2026-08-27T19:24:48Z</when>
<gx:coord>25.1493683 59.518605 69.4</gx:coord>
<when>2026-08-27T19:24:49Z</when>
<gx:coord>25.1492783 59.5187067 69.6</gx:coord>
<when>2026-08-27T19:24:50Z</when>
<gx:coord>25.14915 59.5187967 69.7</gx:coord>
<when>2026-08-27T19:24:51Z</when>
<gx:coord>25.1489833 59.51887 69.8</gx:coord>
<when>2026-08-27T19:24:52Z</when>
<gx:coord>25.1487733 59.5189183 69.7</gx:coord>
<when>2026-08-27T19:24:53Z</when>
<gx:coord>25.1485483 59.51895 69.8</gx:coord>
<when>2026-08-27T19:24:54Z</when>
<gx:coord>25.14832 59.5189733 70.0</gx:coord>
<when>2026-08-27T19:24:55Z</when>
<gx:coord>25.1480983 59.5189933 69.7</gx:coord>
<when>2026-08-27T19:24:56Z</when>
<gx:coord>25.1478883 59.519015 69.4</gx:coord>
<when>2026-08-27T19:24:57Z</when>
<gx:coord>25.1476817 59.51904 69.1</gx:coord>
<when>2026-08-27T19:24:58Z</when>
<gx:coord>25.1474733 59.519075 68.9</gx:coord>
<when>2026-08-27T19:24:59Z</when>
<gx:coord>25.14727 59.519125 68.1</gx:coord>
<when>2026-08-27T19:25:00Z</when>
<gx:coord>25.147095 59.5191967 67.8</gx:coord>
<when>2026-08-27T19:25:01Z</when>
<gx:coord>25.14696 59.5192917 67.9</gx:coord>
<when>2026-08-27T19:25:02Z</when>
<gx:coord>25.1468683 59.5194067 69.4</gx:coord>
<when>2026-08-27T19:25:03Z</when>
<gx:coord>25.14683 59.5195267 69.1</gx:coord>
<when>2026-08-27T19:25:04Z</when>
<gx:coord>25.1468067 59.51964 69.8</gx:coord>
<when>2026-08-27T19:25:05Z</when>
<gx:coord>25.1467983 59.5197483 70.0</gx:coord>
<when>2026-08-27T19:25:06Z</when>
<gx:coord>25.146765 59.5198533 69.8</gx:coord>
<when>2026-08-27T19:25:07Z</when>
<gx:coord>25.146725 59.5199633 71.0</gx:coord>
<when>2026-08-27T19:25:08Z</when>
<gx:coord>25.14666 59.520065 70.4</gx:coord>
<when>2026-08-27T19:25:09Z</when>
<gx:coord>25.146575 59.520165 70.3</gx:coord>
<when>2026-08-27T19:25:10Z</when>
<gx:coord>25.1464633 59.5202633 70.6</gx:coord>
<when>2026-08-27T19:25:11Z</when>
<gx:coord>25.1463283 59.5203517 71.0</gx:coord>
<when>2026-08-27T19:25:12Z</when>
<gx:coord>25.14618 59.5204383 73.9</gx:coord>
<when>2026-08-27T19:25:13Z</when>
<gx:coord>25.1460033 59.5205133 75.5</gx:coord>
<when>2026-08-27T19:25:14Z</when>
<gx:coord>25.145815 59.52057 76.0</gx:coord>
<when>2026-08-27T19:25:15Z</when>
<gx:coord>25.1456283 59.52062 75.8</gx:coord>
<when>2026-08-27T19:25:16Z</when>
<gx:coord>25.1454383 59.5206717 74.4</gx:coord>
<when>2026-08-27T19:25:17Z</when>
<gx:coord>25.1452467 59.5207317 73.5</gx:coord>
<when>2026-08-27T19:25:18Z</when>
<gx:coord>25.1450517 59.520795 73.1</gx:coord>
<when>2026-08-27T19:25:19Z</when>
<gx:coord>25.144855 59.5208583 72.9</gx:coord>
<when>2026-08-27T19:25:20Z</when>
<gx:coord>25.1446583 59.5209183 72.1</gx:coord>
<when>2026-08-27T19:25:21Z</when>
<gx:coord>25.1444783 59.5209817 71.8</gx:coord>
<when>2026-08-27T19:25:22Z</when>
<gx:coord>25.1443117 59.52105 71.3</gx:coord>
<when>2026-08-27T19:25:23Z</when>
<gx:coord>25.1441733 59.5211317 71.3</gx:coord>
<when>2026-08-27T19:25:24Z</when>
<gx:coord>25.1440617 59.5212283 70.5</gx:coord>
<when>2026-08-27T19:25:25Z</when>
<gx:coord>25.1439967 59.52134 69.3</gx:coord>
<when>2026-08-27T19:25:26Z</when>
<gx:coord>25.143955 59.5214533 68.1</gx:coord>
<when>2026-08-27T19:25:27Z</when>
<gx:coord>25.1439517 59.5215683 67.7</gx:coord>
<when>2026-08-27T19:25:28Z</when>
<gx:coord>25.1439767 59.52168 67.3</gx:coord>
<when>2026-08-27T19:25:29Z</when>
<gx:coord>25.1440017 59.5217883 67.3</gx:coord>
<when>2026-08-27T19:25:30Z</when>
<gx:coord>25.14401 59.5218867 66.4</gx:coord>
<when>2026-08-27T19:25:31Z</when>
<gx:coord>25.1439967 59.5219883 65.6</gx:coord>
<when>2026-08-27T19:25:32Z</when>
<gx:coord>25.14395 59.52209 65.0</gx:coord>
<when>2026-08-27T19:25:33Z</when>
<gx:coord>25.143875 59.5221983 64.7</gx:coord>
<when>2026-08-27T19:25:34Z</when>
<gx:coord>25.143795 59.5223167 67.5</gx:coord>
<when>2026-08-27T19:25:35Z</when>
<gx:coord>25.14372 59.5224283 67.4</gx:coord>
<when>2026-08-27T19:25:36Z</when>
<gx:coord>25.14366 59.5225417 67.5</gx:coord>
<when>2026-08-27T19:25:37Z</when>
<gx:coord>25.14359 59.5226517 69.1</gx:coord>
<when>2026-08-27T19:25:38Z</when>
<gx:coord>25.1435033 59.52276 70.7</gx:coord>
<when>2026-08-27T19:25:39Z</when>
<gx:coord>25.1434 59.52287 71.4</gx:coord>
<when>2026-08-27T19:25:40Z</when>
<gx:coord>25.1432867 59.522965 72.1</gx:coord>
<when>2026-08-27T19:25:41Z</when>
<gx:coord>25.1431683 59.5230683 73.3</gx:coord>
<when>2026-08-27T19:25:42Z</when>
<gx:coord>25.1430267 59.5231567 73.1</gx:coord>
<when>2026-08-27T19:25:43Z</when>
<gx:coord>25.14285 59.5232283 71.8</gx:coord>
<when>2026-08-27T19:25:44Z</when>
<gx:coord>25.1426333 59.5232867 71.2</gx:coord>
<when>2026-08-27T19:25:45Z</when>
<gx:coord>25.1424033 59.523335 71.1</gx:coord>
<when>2026-08-27T19:25:46Z</when>
<gx:coord>25.1421717 59.5233783 70.7</gx:coord>
<when>2026-08-27T19:25:47Z</when>
<gx:coord>25.1419533 59.5234233 70.6</gx:coord>
<when>2026-08-27T19:25:48Z</when>
<gx:coord>25.1417367 59.5234633 70.5</gx:coord>
<when>2026-08-27T19:25:49Z</when>
<gx:coord>25.1415183 59.5235 69.9</gx:coord>
<when>2026-08-27T19:25:50Z</when>
<gx:coord>25.1412983 59.52353 68.6</gx:coord>
<when>2026-08-27T19:25:51Z</when>
<gx:coord>25.1410767 59.5235583 67.2</gx:coord>
<when>2026-08-27T19:25:52Z</when>
<gx:coord>25.140845 59.5235883 65.9</gx:coord>
<when>2026-08-27T19:25:53Z</when>
<gx:coord>25.14061 59.5236183 64.9</gx:coord>
<when>2026-08-27T19:25:54Z</when>
<gx:coord>25.1403783 59.5236533 64.1</gx:coord>
<when>2026-08-27T19:25:55Z</when>
<gx:coord>25.1401717 59.5237083 63.8</gx:coord>
<when>2026-08-27T19:25:56Z</when>
<gx:coord>25.140005 59.5237933 63.0</gx:coord>
<when>2026-08-27T19:25:57Z</when>
<gx:coord>25.1399033 59.5239083 62.0</gx:coord>
<when>2026-08-27T19:25:58Z</when>
<gx:coord>25.1398933 59.52404 60.7</gx:coord>
<when>2026-08-27T19:25:59Z</when>
<gx:coord>25.139945 59.5241667 59.8</gx:coord>
<when>2026-08-27T19:26:00Z</when>
<gx:coord>25.1400433 59.5242733 60.7</gx:coord>
<when>2026-08-27T19:26:01Z</when>
<gx:coord>25.14016 59.5243633 63.0</gx:coord>
<when>2026-08-27T19:26:02Z</when>
<gx:coord>25.1402683 59.5244433 64.4</gx:coord>
<when>2026-08-27T19:26:03Z</when>
<gx:coord>25.1403733 59.5245283 65.8</gx:coord>
<when>2026-08-27T19:26:04Z</when>
<gx:coord>25.1404917 59.524615 66.5</gx:coord>
<when>2026-08-27T19:26:05Z</when>
<gx:coord>25.140635 59.5247017 67.2</gx:coord>
<when>2026-08-27T19:26:06Z</when>
<gx:coord>25.1408033 59.5247833 68.0</gx:coord>
<when>2026-08-27T19:26:07Z</when>
<gx:coord>25.1409733 59.5248633 69.6</gx:coord>
<when>2026-08-27T19:26:08Z</when>
<gx:coord>25.1411267 59.5249433 70.6</gx:coord>
<when>2026-08-27T19:26:09Z</when>
<gx:coord>25.141265 59.5250183 71.4</gx:coord>
<when>2026-08-27T19:26:10Z</when>
<gx:coord>25.1414033 59.525095 72.3</gx:coord>
<when>2026-08-27T19:26:11Z</when>
<gx:coord>25.1415533 59.5251667 72.5</gx:coord>
<when>2026-08-27T19:26:12Z</when>
<gx:coord>25.1417167 59.525235 72.7</gx:coord>
<when>2026-08-27T19:26:13Z</when>
<gx:coord>25.14189 59.5253033 72.5</gx:coord>
<when>2026-08-27T19:26:14Z</when>
<gx:coord>25.1420633 59.5253717 72.5</gx:coord>
<when>2026-08-27T19:26:15Z</when>
<gx:coord>25.14223 59.52544 73.0</gx:coord>
<when>2026-08-27T19:26:16Z</when>
<gx:coord>25.1423967 59.5255033 72.7</gx:coord>
<when>2026-08-27T19:26:17Z</when>
<gx:coord>25.1425633 59.525565 72.5</gx:coord>
<when>2026-08-27T19:26:18Z</when>
<gx:coord>25.1427317 59.5256283 72.3</gx:coord>
<when>2026-08-27T19:26:19Z</when>
<gx:coord>25.1428733 59.525705 71.2</gx:coord>
<when>2026-08-27T19:26:20Z</when>
<gx:coord>25.1429917 59.5258017 70.8</gx:coord>
<when>2026-08-27T19:26:21Z</when>
<gx:coord>25.1430933 59.5259083 71.3</gx:coord>
<when>2026-08-27T19:26:22Z</when>
<gx:coord>25.1432067 59.526015 71.2</gx:coord>
<when>2026-08-27T19:26:23Z</when>
<gx:coord>25.1433467 59.5261133 71.3</gx:coord>
<when>2026-08-27T19:26:24Z</when>
<gx:coord>25.1434967 59.5262017 71.1</gx:coord>
<when>2026-08-27T19:26:25Z</when>
<gx:coord>25.143635 59.5262917 70.0</gx:coord>
<when>2026-08-27T19:26:26Z</when>
<gx:coord>25.1437533 59.5263967 68.4</gx:coord>
<when>2026-08-27T19:26:27Z</when>
<gx:coord>25.1438683 59.5265167 66.0</gx:coord>
<when>2026-08-27T19:26:28Z</when>
<gx:coord>25.1439867 59.52665 64.3</gx:coord>
<when>2026-08-27T19:26:29Z</when>
<gx:coord>25.1441233 59.5267883 63.1</gx:coord>
<when>2026-08-27T19:26:30Z</when>
<gx:coord>25.1442667 59.5269267 63.1</gx:coord>
<when>2026-08-27T19:26:31Z</when>
<gx:coord>25.1444 59.5270617 62.7</gx:coord>
<when>2026-08-27T19:26:32Z</when>
<gx:coord>25.14452 59.5271917 62.7</gx:coord>
<when>2026-08-27T19:26:33Z</when>
<gx:coord>25.1446283 59.52732 62.4</gx:coord>
<when>2026-08-27T19:26:34Z</when>
<gx:coord>25.1447367 59.5274483 62.1</gx:coord>
<when>2026-08-27T19:26:35Z</when>
<gx:coord>25.1448433 59.5275733 61.8</gx:coord>
<when>2026-08-27T19:26:36Z</when>
<gx:coord>25.1449533 59.5276983 61.6</gx:coord>
<when>2026-08-27T19:26:37Z</when>
<gx:coord>25.14506 59.527825 60.9</gx:coord>
<when>2026-08-27T19:26:38Z</when>
<gx:coord>25.1451633 59.527955 58.7</gx:coord>
<when>2026-08-27T19:26:39Z</when>
<gx:coord>25.1452583 59.528085 56.8</gx:coord>
<when>2026-08-27T19:26:40Z</when>
<gx:coord>25.1453517 59.5282133 55.7</gx:coord>
<when>2026-08-27T19:26:41Z</when>
<gx:coord>25.1454367 59.5283367 55.2</gx:coord>
<when>2026-08-27T19:26:42Z</when>
<gx:coord>25.14551 59.5284517 55.2</gx:coord>
<when>2026-08-27T19:26:43Z</when>
<gx:coord>25.145585 59.528565 55.8</gx:coord>
<when>2026-08-27T19:26:44Z</when>
<gx:coord>25.1456583 59.5286767 57.4</gx:coord>
<when>2026-08-27T19:26:45Z</when>
<gx:coord>25.1457333 59.5287767 58.2</gx:coord>
<when>2026-08-27T19:26:46Z</when>
<gx:coord>25.1458183 59.5288767 58.6</gx:coord>
<when>2026-08-27T19:26:47Z</when>
<gx:coord>25.1459017 59.5289767 58.3</gx:coord>
<when>2026-08-27T19:26:48Z</when>
<gx:coord>25.1459867 59.5290867 58.3</gx:coord>
<when>2026-08-27T19:26:49Z</when>
<gx:coord>25.1460767 59.5291983 58.4</gx:coord>
<when>2026-08-27T19:26:50Z</when>
<gx:coord>25.146175 59.5293083 58.6</gx:coord>
<when>2026-08-27T19:26:51Z</when>
<gx:coord>25.1462783 59.5294133 59.8</gx:coord>
<when>2026-08-27T19:26:52Z</when>
<gx:coord>25.1463733 59.5295083 60.9</gx:coord>
<when>2026-08-27T19:26:53Z</when>
<gx:coord>25.146445 59.5296 60.7</gx:coord>
<when>2026-08-27T19:26:54Z</when>
<gx:coord>25.14649 59.5297 59.7</gx:coord>
<when>2026-08-27T19:26:55Z</when>
<gx:coord>25.1465133 59.529815 58.8</gx:coord>
<when>2026-08-27T19:26:56Z</when>
<gx:coord>25.1465217 59.5299333 56.6</gx:coord>
<when>2026-08-27T19:26:57Z</when>
<gx:coord>25.1465283 59.5300533 55.6</gx:coord>
<when>2026-08-27T19:26:58Z</when>
<gx:coord>25.1465467 59.5301717 54.9</gx:coord>
<when>2026-08-27T19:26:59Z</when>
<gx:coord>25.1465717 59.5302817 54.2</gx:coord>
<when>2026-08-27T19:27:00Z</when>
<gx:coord>25.1466033 59.5303867 53.2</gx:coord>
<when>2026-08-27T19:27:01Z</when>
<gx:coord>25.1466383 59.5304917 52.2</gx:coord>
<when>2026-08-27T19:27:02Z</when>
<gx:coord>25.1466667 59.5305933 51.1</gx:coord>
<when>2026-08-27T19:27:03Z</when>
<gx:coord>25.1466817 59.5306967 50.0</gx:coord>
<when>2026-08-27T19:27:04Z</when>
<gx:coord>25.146685 59.5308 48.2</gx:coord>
<when>2026-08-27T19:27:05Z</when>
<gx:coord>25.1466967 59.5309133 47.4</gx:coord>
<when>2026-08-27T19:27:06Z</when>
<gx:coord>25.1467133 59.5310267 46.4</gx:coord>
<when>2026-08-27T19:27:07Z</when>
<gx:coord>25.146735 59.5311367 45.8</gx:coord>
<when>2026-08-27T19:27:08Z</when>
<gx:coord>25.1467533 59.531245 43.7</gx:coord>
<when>2026-08-27T19:27:09Z</when>
<gx:coord>25.1467617 59.53135 41.7</gx:coord>
<when>2026-08-27T19:27:10Z</when>
<gx:coord>25.14676 59.531455 39.2</gx:coord>
<when>2026-08-27T19:27:11Z</when>
<gx:coord>25.1467533 59.5315633 37.7</gx:coord>
<when>2026-08-27T19:27:12Z</when>
<gx:coord>25.146755 59.531675 36.3</gx:coord>
<when>2026-08-27T19:27:13Z</when>
<gx:coord>25.1467667 59.5317833 35.2</gx:coord>
<when>2026-08-27T19:27:14Z</when>
<gx:coord>25.1467983 59.5318917 34.2</gx:coord>
<when>2026-08-27T19:27:15Z</when>
<gx:coord>25.1468567 59.5319967 33.0</gx:coord>
<when>2026-08-27T19:27:16Z</when>
<gx:coord>25.146945 59.5320933 32.1</gx:coord>
<when>2026-08-27T19:27:17Z</when>
<gx:coord>25.14706 59.532185 32.4</gx:coord>
<when>2026-08-27T19:27:18Z</when>
<gx:coord>25.1471817 59.5322683 33.2</gx:coord>
<when>2026-08-27T19:27:19Z</when>
<gx:coord>25.1472967 59.5323483 34.0</gx:coord>
<when>2026-08-27T19:27:20Z</when>
<gx:coord>25.1474033 59.5324233 34.0</gx:coord>
<when>2026-08-27T19:27:21Z</when>
<gx:coord>25.1474983 59.5325033 33.6</gx:coord>
<when>2026-08-27T19:27:22Z</when>
<gx:coord>25.14757 59.5325917 32.7</gx:coord>
<when>2026-08-27T19:27:23Z</when>
<gx:coord>25.1476067 59.5326917 32.3</gx:coord>
<when>2026-08-27T19:27:24Z</when>
<gx:coord>25.1476117 59.5327983 31.9</gx:coord>
<when>2026-08-27T19:27:25Z</when>
<gx:coord>25.1475883 59.5329083 31.8</gx:coord>
<when>2026-08-27T19:27:26Z</when>
<gx:coord>25.1475533 59.533015 31.4</gx:coord>
<when>2026-08-27T19:27:27Z</when>
<gx:coord>25.1475133 59.5331183 31.0</gx:coord>
<when>2026-08-27T19:27:28Z</when>
<gx:coord>25.14748 59.5332233 30.5</gx:coord>
<when>2026-08-27T19:27:29Z</when>
<gx:coord>25.1474533 59.5333317 30.3</gx:coord>
<when>2026-08-27T19:27:30Z</when>
<gx:coord>25.1474317 59.5334417 29.8</gx:coord>
<when>2026-08-27T19:27:31Z</when>
<gx:coord>25.14741 59.53355 29.4</gx:coord>
<when>2026-08-27T19:27:32Z</when>
<gx:coord>25.147385 59.5336533 28.7</gx:coord>
<when>2026-08-27T19:27:33Z</when>
<gx:coord>25.147355 59.533755 27.5</gx:coord>
<when>2026-08-27T19:27:34Z</when>
<gx:coord>25.1473033 59.533855 27.3</gx:coord>
<when>2026-08-27T19:27:35Z</when>
<gx:coord>25.1472233 59.5339517 26.8</gx:coord>
<when>2026-08-27T19:27:36Z</when>
<gx:coord>25.1471217 59.534045 26.6</gx:coord>
<when>2026-08-27T19:27:37Z</when>
<gx:coord>25.1470117 59.5341417 26.2</gx:coord>
<when>2026-08-27T19:27:38Z</when>
<gx:coord>25.14692 59.5342433 26.3</gx:coord>
<when>2026-08-27T19:27:39Z</when>
<gx:coord>25.1468733 59.53435 25.4</gx:coord>
<when>2026-08-27T19:27:40Z</when>
<gx:coord>25.1469033 59.53446 24.0</gx:coord>
<when>2026-08-27T19:27:41Z</when>
<gx:coord>25.1469933 59.5345683 23.7</gx:coord>
<when>2026-08-27T19:27:42Z</when>
<gx:coord>25.1470867 59.5346733 23.1</gx:coord>
<when>2026-08-27T19:27:43Z</when>
<gx:coord>25.14713 59.534785 23.2</gx:coord>
<when>2026-08-27T19:27:44Z</when>
<gx:coord>25.147075 59.5348967 23.4</gx:coord>
<when>2026-08-27T19:27:45Z</when>
<gx:coord>25.14694 59.5350033 24.2</gx:coord>
<when>2026-08-27T19:27:46Z</when>
<gx:coord>25.1467733 59.535095 25.3</gx:coord>
<when>2026-08-27T19:27:47Z</when>
<gx:coord>25.1466233 59.5351867 28.3</gx:coord>
<when>2026-08-27T19:27:48Z</when>
<gx:coord>25.1465283 59.5352833 29.0</gx:coord>
<when>2026-08-27T19:27:49Z</when>
<gx:coord>25.1465117 59.53539 29.3</gx:coord>
<when>2026-08-27T19:27:50Z</when>
<gx:coord>25.1465767 59.5355033 28.4</gx:coord>
<when>2026-08-27T19:27:51Z</when>
<gx:coord>25.1466667 59.53562 28.7</gx:coord>
<when>2026-08-27T19:27:52Z</when>
<gx:coord>25.1467133 59.5357417 28.7</gx:coord>
<when>2026-08-27T19:27:53Z</when>
<gx:coord>25.1466667 59.5358567 29.2</gx:coord>
<when>2026-08-27T19:27:54Z</when>
<gx:coord>25.1465467 59.535955 29.1</gx:coord>
<when>2026-08-27T19:27:55Z</when>
<gx:coord>25.1464233 59.536045 29.0</gx:coord>
<when>2026-08-27T19:27:56Z</when>
<gx:coord>25.1463383 59.53614 28.1</gx:coord>
<when>2026-08-27T19:27:57Z</when>
<gx:coord>25.1463217 59.53625 27.1</gx:coord>
<when>2026-08-27T19:27:58Z</when>
<gx:coord>25.1463533 59.53636 26.0</gx:coord>
<when>2026-08-27T19:27:59Z</when>
<gx:coord>25.1463917 59.53647 25.7</gx:coord>
<when>2026-08-27T19:28:00Z</when>
<gx:coord>25.1464067 59.5365817 26.1</gx:coord>
<when>2026-08-27T19:28:01Z</when>
<gx:coord>25.1463933 59.536685 26.4</gx:coord>
<when>2026-08-27T19:28:02Z</when>
<gx:coord>25.1463767 59.5367883 26.3</gx:coord>
<when>2026-08-27T19:28:03Z</when>
<gx:coord>25.1463683 59.53689 25.7</gx:coord>
<when>2026-08-27T19:28:04Z</when>
<gx:coord>25.1463683 59.536995 24.8</gx:coord>
<when>2026-08-27T19:28:05Z</when>
<gx:coord>25.14636 59.5371 24.3</gx:coord>
<when>2026-08-27T19:28:06Z</when>
<gx:coord>25.146325 59.53721 23.6</gx:coord>
<when>2026-08-27T19:28:07Z</when>
<gx:coord>25.1462617 59.537315 23.6</gx:coord>
<when>2026-08-27T19:28:08Z</when>
<gx:coord>25.1461533 59.537415 24.4</gx:coord>
<when>2026-08-27T19:28:09Z</when>
<gx:coord>25.1460133 59.5375083 26.3</gx:coord>
<when>2026-08-27T19:28:10Z</when>
<gx:coord>25.1458667 59.537595 28.2</gx:coord>
<when>2026-08-27T19:28:11Z</when>
<gx:coord>25.1457633 59.5376867 28.7</gx:coord>
<when>2026-08-27T19:28:12Z</when>
<gx:coord>25.1457317 59.5378 29.1</gx:coord>
<when>2026-08-27T19:28:13Z</when>
<gx:coord>25.145745 59.53792 29.2</gx:coord>
<when>2026-08-27T19:28:14Z</when>
<gx:coord>25.1457567 59.5380383 29.2</gx:coord>
<when>2026-08-27T19:28:15Z</when>
<gx:coord>25.1457417 59.538155 29.3</gx:coord>
<when>2026-08-27T19:28:16Z</when>
<gx:coord>25.1456917 59.53827 30.4</gx:coord>
<when>2026-08-27T19:28:17Z</when>
<gx:coord>25.14562 59.5383817 31.8</gx:coord>
<when>2026-08-27T19:28:18Z</when>
<gx:coord>25.1455417 59.5384883 32.7</gx:coord>
<when>2026-08-27T19:28:19Z</when>
<gx:coord>25.1454583 59.538595 33.3</gx:coord>
<when>2026-08-27T19:28:20Z</when>
<gx:coord>25.1453667 59.5387033 35.1</gx:coord>
<when>2026-08-27T19:28:21Z</when>
<gx:coord>25.1452517 59.5388067 35.9</gx:coord>
<when>2026-08-27T19:28:22Z</when>
<gx:coord>25.1451133 59.53891 38.0</gx:coord>
<when>2026-08-27T19:28:23Z</when>
<gx:coord>25.1449617 59.539005 39.2</gx:coord>
<when>2026-08-27T19:28:24Z</when>
<gx:coord>25.1448083 59.5390933 40.1</gx:coord>
<when>2026-08-27T19:28:25Z</when>
<gx:coord>25.1446567 59.53918 41.4</gx:coord>
<when>2026-08-27T19:28:26Z</when>
<gx:coord>25.1444933 59.5392617 42.4</gx:coord>
<when>2026-08-27T19:28:27Z</when>
<gx:coord>25.1443183 59.5393417 43.9</gx:coord>
<when>2026-08-27T19:28:28Z</when>
<gx:coord>25.144135 59.5394167 44.9</gx:coord>
<when>2026-08-27T19:28:29Z</when>
<gx:coord>25.1439533 59.5394883 45.9</gx:coord>
<when>2026-08-27T19:28:30Z</when>
<gx:coord>25.1437717 59.5395633 47.1</gx:coord>
<when>2026-08-27T19:28:31Z</when>
<gx:coord>25.1436 59.5396417 46.8</gx:coord>
<when>2026-08-27T19:28:32Z</when>
<gx:coord>25.1434483 59.53973 46.3</gx:coord>
<when>2026-08-27T19:28:33Z</when>
<gx:coord>25.143335 59.5398267 45.0</gx:coord>
<when>2026-08-27T19:28:34Z</when>
<gx:coord>25.1432517 59.5399333 43.6</gx:coord>
<when>2026-08-27T19:28:35Z</when>
<gx:coord>25.14319 59.540045 42.3</gx:coord>
<when>2026-08-27T19:28:36Z</when>
<gx:coord>25.143135 59.540155 41.2</gx:coord>
<when>2026-08-27T19:28:37Z</when>
<gx:coord>25.1430817 59.5402617 40.5</gx:coord>
<when>2026-08-27T19:28:38Z</when>
<gx:coord>25.143025 59.5403633 40.0</gx:coord>
<when>2026-08-27T19:28:39Z</when>
<gx:coord>25.1429567 59.5404633 39.6</gx:coord>
<when>2026-08-27T19:28:40Z</when>
<gx:coord>25.1428617 59.54056 39.3</gx:coord>
<when>2026-08-27T19:28:41Z</when>
<gx:coord>25.1427267 59.54065 39.1</gx:coord>
<when>2026-08-27T19:28:42Z</when>
<gx:coord>25.1425367 59.5407117 38.1</gx:coord>
<when>2026-08-27T19:28:43Z</when>
<gx:coord>25.1422967 59.540745 37.3</gx:coord>
<when>2026-08-27T19:28:44Z</when>
<gx:coord>25.1420283 59.5407367 36.8</gx:coord>
<when>2026-08-27T19:28:45Z</when>
<gx:coord>25.1417817 59.5406817 35.6</gx:coord>
<when>2026-08-27T19:28:46Z</when>
<gx:coord>25.1415683 59.5405983 34.9</gx:coord>
<when>2026-08-27T19:28:47Z</when>
<gx:coord>25.1413967 59.5405183 35.5</gx:coord>
<when>2026-08-27T19:28:48Z</when>
<gx:coord>25.1412217 59.5404583 36.1</gx:coord>
<when>2026-08-27T19:28:49Z</when>
<gx:coord>25.1410217 59.540435 35.6</gx:coord>
<when>2026-08-27T19:28:50Z</when>
<gx:coord>25.1407867 59.54046 35.3</gx:coord>
<when>2026-08-27T19:28:51Z</when>
<gx:coord>25.140555 59.5405233 35.1</gx:coord>
<when>2026-08-27T19:28:52Z</when>
<gx:coord>25.14038 59.5406267 36.4</gx:coord>
<when>2026-08-27T19:28:53Z</when>
<gx:coord>25.1402483 59.5407333 36.5</gx:coord>
<when>2026-08-27T19:28:54Z</when>
<gx:coord>25.1401367 59.5408267 37.9</gx:coord>
<when>2026-08-27T19:28:55Z</when>
<gx:coord>25.1399967 59.5409017 38.5</gx:coord>
<when>2026-08-27T19:28:56Z</when>
<gx:coord>25.139815 59.540955 38.2</gx:coord>
<when>2026-08-27T19:28:57Z</when>
<gx:coord>25.1395933 59.540995 38.1</gx:coord>
<when>2026-08-27T19:28:58Z</when>
<gx:coord>25.139355 59.541035 38.0</gx:coord>
<when>2026-08-27T19:28:59Z</when>
<gx:coord>25.1391317 59.541085 38.0</gx:coord>
<when>2026-08-27T19:29:00Z</when>
<gx:coord>25.1389367 59.5411467 38.4</gx:coord>
<when>2026-08-27T19:29:01Z</when>
<gx:coord>25.1387517 59.5412067 39.2</gx:coord>
<when>2026-08-27T19:29:02Z</when>
<gx:coord>25.1385533 59.541255 39.1</gx:coord>
<when>2026-08-27T19:29:03Z</when>
<gx:coord>25.1383333 59.541285 37.9</gx:coord>
<when>2026-08-27T19:29:04Z</when>
<gx:coord>25.1381017 59.541305 36.2</gx:coord>
<when>2026-08-27T19:29:05Z</when>
<gx:coord>25.1378617 59.5413267 34.4</gx:coord>
<when>2026-08-27T19:29:06Z</when>
<gx:coord>25.13764 59.541365 33.0</gx:coord>
<when>2026-08-27T19:29:07Z</when>
<gx:coord>25.13743 59.5414117 31.7</gx:coord>
<when>2026-08-27T19:29:08Z</when>
<gx:coord>25.137215 59.541455 31.0</gx:coord>
<when>2026-08-27T19:29:09Z</when>
<gx:coord>25.1369867 59.5414767 30.5</gx:coord>
<when>2026-08-27T19:29:10Z</when>
<gx:coord>25.13674 59.541465 29.3</gx:coord>
<when>2026-08-27T19:29:11Z</when>
<gx:coord>25.136495 59.541425 29.7</gx:coord>
<when>2026-08-27T19:29:12Z</when>
<gx:coord>25.1362667 59.5413783 32.7</gx:coord>
<when>2026-08-27T19:29:13Z</when>
<gx:coord>25.1360617 59.5413283 33.7</gx:coord>
<when>2026-08-27T19:29:14Z</when>
<gx:coord>25.1358633 59.5412933 35.3</gx:coord>
<when>2026-08-27T19:29:15Z</when>
<gx:coord>25.1356533 59.541275 35.7</gx:coord>
<when>2026-08-27T19:29:16Z</when>
<gx:coord>25.1354283 59.5412717 36.5</gx:coord>
<when>2026-08-27T19:29:17Z</when>
<gx:coord>25.1351933 59.5412683 37.2</gx:coord>
<when>2026-08-27T19:29:18Z</when>
<gx:coord>25.1349567 59.5412667 38.9</gx:coord>
<when>2026-08-27T19:29:19Z</when>
<gx:coord>25.134725 59.5412533 41.2</gx:coord>
<when>2026-08-27T19:29:20Z</when>
<gx:coord>25.1345067 59.5412333 42.6</gx:coord>
<when>2026-08-27T19:29:21Z</when>
<gx:coord>25.1342933 59.5412033 43.5</gx:coord>
<when>2026-08-27T19:29:22Z</when>
<gx:coord>25.1340883 59.5411633 43.9</gx:coord>
<when>2026-08-27T19:29:23Z</when>
<gx:coord>25.133875 59.5411167 45.2</gx:coord>
<when>2026-08-27T19:29:24Z</when>
<gx:coord>25.1336667 59.541065 46.0</gx:coord>
<when>2026-08-27T19:29:25Z</when>
<gx:coord>25.1334683 59.5410083 46.9</gx:coord>
<when>2026-08-27T19:29:26Z</when>
<gx:coord>25.1333 59.5409383 48.1</gx:coord>
<when>2026-08-27T19:29:27Z</when>
<gx:coord>25.1331717 59.5408533 48.8</gx:coord>
<when>2026-08-27T19:29:28Z</when>
<gx:coord>25.1330533 59.5407583 49.0</gx:coord>
<when>2026-08-27T19:29:29Z</when>
<gx:coord>25.1329133 59.54067 49.6</gx:coord>
<when>2026-08-27T19:29:30Z</when>
<gx:coord>25.1327217 59.5406017 50.8</gx:coord>
<when>2026-08-27T19:29:31Z</when>
<gx:coord>25.1324783 59.5405767 50.8</gx:coord>
<when>2026-08-27T19:29:32Z</when>
<gx:coord>25.1322233 59.5406083 50.1</gx:coord>
<when>2026-08-27T19:29:33Z</when>
<gx:coord>25.132 59.5406917 48.8</gx:coord>
<when>2026-08-27T19:29:34Z</when>
<gx:coord>25.1318533 59.540805 47.4</gx:coord>
<when>2026-08-27T19:29:35Z</when>
<gx:coord>25.1318083 59.5409283 47.0</gx:coord>
<when>2026-08-27T19:29:36Z</when>
<gx:coord>25.1318617 59.5410517 46.5</gx:coord>
<when>2026-08-27T19:29:37Z</when>
<gx:coord>25.13198 59.5411567 46.9</gx:coord>
<when>2026-08-27T19:29:38Z</when>
<gx:coord>25.1321233 59.541235 48.8</gx:coord>
<when>2026-08-27T19:29:39Z</when>
<gx:coord>25.1322833 59.5412917 49.8</gx:coord>
<when>2026-08-27T19:29:40Z</when>
<gx:coord>25.13247 59.5413117 48.8</gx:coord>
<when>2026-08-27T19:29:41Z</when>
<gx:coord>25.13268 59.541295 47.8</gx:coord>
<when>2026-08-27T19:29:42Z</when>
<gx:coord>25.1328933 59.5412483 47.8</gx:coord>
<when>2026-08-27T19:29:43Z</when>
<gx:coord>25.133095 59.54119 48.9</gx:coord>
<when>2026-08-27T19:29:44Z</when>
<gx:coord>25.1332717 59.5411283 50.5</gx:coord>
<when>2026-08-27T19:29:45Z</when>
<gx:coord>25.1334333 59.5410717 51.6</gx:coord>
<when>2026-08-27T19:29:46Z</when>
<gx:coord>25.1335867 59.5410183 52.3</gx:coord>
<when>2026-08-27T19:29:47Z</when>
<gx:coord>25.1337417 59.5409633 51.3</gx:coord>
<when>2026-08-27T19:29:48Z</when>
<gx:coord>25.1339017 59.5409 50.5</gx:coord>
<when>2026-08-27T19:29:49Z</when>
<gx:coord>25.1340617 59.5408267 50.3</gx:coord>
<when>2026-08-27T19:29:50Z</when>
<gx:coord>25.1341983 59.5407383 50.6</gx:coord>
<when>2026-08-27T19:29:51Z</when>
<gx:coord>25.1342717 59.5406317 51.2</gx:coord>
<when>2026-08-27T19:29:52Z</when>
<gx:coord>25.1342567 59.5405117 51.5</gx:coord>
<when>2026-08-27T19:29:53Z</when>
<gx:coord>25.1341483 59.5403967 52.1</gx:coord>
<when>2026-08-27T19:29:54Z</when>
<gx:coord>25.1339617 59.5403017 53.4</gx:coord>
<when>2026-08-27T19:29:55Z</when>
<gx:coord>25.1337367 59.54024 55.4</gx:coord>
<when>2026-08-27T19:29:56Z</when>
<gx:coord>25.133495 59.5402167 56.9</gx:coord>
<when>2026-08-27T19:29:57Z</when>
<gx:coord>25.133265 59.5402267 57.9</gx:coord>
<when>2026-08-27T19:29:58Z</when>
<gx:coord>25.1330467 59.540265 58.7</gx:coord>
<when>2026-08-27T19:29:59Z</when>
<gx:coord>25.1328367 59.54032 59.7</gx:coord>
<when>2026-08-27T19:30:00Z</when>
<gx:coord>25.1326433 59.54039 60.7</gx:coord>
<when>2026-08-27T19:30:01Z</when>
<gx:coord>25.1324917 59.540485 61.4</gx:coord>
<when>2026-08-27T19:30:02Z</when>
<gx:coord>25.132405 59.5405983 60.1</gx:coord>
<when>2026-08-27T19:30:03Z</when>
<gx:coord>25.1324183 59.540725 58.9</gx:coord>
<when>2026-08-27T19:30:04Z</when>
<gx:coord>25.1325367 59.5408433 58.6</gx:coord>
<when>2026-08-27T19:30:05Z</when>
<gx:coord>25.132735 59.5409267 58.2</gx:coord>
<when>2026-08-27T19:30:06Z</when>
<gx:coord>25.1329767 59.540945 56.9</gx:coord>
<when>2026-08-27T19:30:07Z</when>
<gx:coord>25.1332017 59.5409117 56.0</gx:coord>
<when>2026-08-27T19:30:08Z</when>
<gx:coord>25.1333967 59.54085 57.1</gx:coord>
<when>2026-08-27T19:30:09Z</when>
<gx:coord>25.1335683 59.5407817 57.6</gx:coord>
<when>2026-08-27T19:30:10Z</when>
<gx:coord>25.13374 59.54073 57.9</gx:coord>
<when>2026-08-27T19:30:11Z</when>
<gx:coord>25.1339133 59.5406967 57.0</gx:coord>
<when>2026-08-27T19:30:12Z</when>
<gx:coord>25.1341017 59.5406733 56.4</gx:coord>
<when>2026-08-27T19:30:13Z</when>
<gx:coord>25.134305 59.5406533 56.1</gx:coord>
<when>2026-08-27T19:30:14Z</when>
<gx:coord>25.1345233 59.540635 56.6</gx:coord>
<when>2026-08-27T19:30:15Z</when>
<gx:coord>25.1347383 59.540615 56.8</gx:coord>
<when>2026-08-27T19:30:16Z</when>
<gx:coord>25.1349483 59.5406033 57.3</gx:coord>
<when>2026-08-27T19:30:17Z</when>
<gx:coord>25.1351483 59.5406 57.2</gx:coord>
<when>2026-08-27T19:30:18Z</when>
<gx:coord>25.1353467 59.5406 57.4</gx:coord>
<when>2026-08-27T19:30:19Z</when>
<gx:coord>25.1355417 59.5406033 57.2</gx:coord>
<when>2026-08-27T19:30:20Z</when>
<gx:coord>25.13574 59.5406117 57.4</gx:coord>
<when>2026-08-27T19:30:21Z</when>
<gx:coord>25.1359383 59.540625 57.3</gx:coord>
<when>2026-08-27T19:30:22Z</when>
<gx:coord>25.1361383 59.5406467 57.4</gx:coord>
<when>2026-08-27T19:30:23Z</when>
<gx:coord>25.1363367 59.5406733 57.8</gx:coord>
<when>2026-08-27T19:30:24Z</when>
<gx:coord>25.1365383 59.5406983 58.0</gx:coord>
<when>2026-08-27T19:30:25Z</when>
<gx:coord>25.1367417 59.54072 58.2</gx:coord>
<when>2026-08-27T19:30:26Z</when>
<gx:coord>25.1369417 59.5407417 58.1</gx:coord>
<when>2026-08-27T19:30:27Z</when>
<gx:coord>25.1371383 59.540765 57.8</gx:coord>
<when>2026-08-27T19:30:28Z</when>
<gx:coord>25.1373317 59.540785 57.5</gx:coord>
<when>2026-08-27T19:30:29Z</when>
<gx:coord>25.1375333 59.5408083 57.2</gx:coord>
<when>2026-08-27T19:30:30Z</when>
<gx:coord>25.1377417 59.5408317 57.2</gx:coord>
<when>2026-08-27T19:30:31Z</when>
<gx:coord>25.1379483 59.540855 58.0</gx:coord>
<when>2026-08-27T19:30:32Z</when>
<gx:coord>25.1381467 59.540875 58.8</gx:coord>
<when>2026-08-27T19:30:33Z</when>
<gx:coord>25.13834 59.540895 59.6</gx:coord>
<when>2026-08-27T19:30:34Z</when>
<gx:coord>25.1385283 59.540915 59.9</gx:coord>
<when>2026-08-27T19:30:35Z</when>
<gx:coord>25.1387233 59.5409317 60.1</gx:coord>
<when>2026-08-27T19:30:36Z</when>
<gx:coord>25.1389167 59.5409483 60.1</gx:coord>
<when>2026-08-27T19:30:37Z</when>
<gx:coord>25.1391183 59.54096 60.1</gx:coord>
<when>2026-08-27T19:30:38Z</when>
<gx:coord>25.1393233 59.54097 60.1</gx:coord>
<when>2026-08-27T19:30:39Z</when>
<gx:coord>25.13953 59.5409817 60.2</gx:coord>
<when>2026-08-27T19:30:40Z</when>
<gx:coord>25.1397333 59.5409933 60.5</gx:coord>
<when>2026-08-27T19:30:41Z</when>
<gx:coord>25.13993 59.541 60.5</gx:coord>
<when>2026-08-27T19:30:42Z</when>
<gx:coord>25.1401283 59.5410083 60.0</gx:coord>
<when>2026-08-27T19:30:43Z</when>
<gx:coord>25.1403283 59.541015 59.5</gx:coord>
<when>2026-08-27T19:30:44Z</when>
<gx:coord>25.14053 59.5410217 58.9</gx:coord>
<when>2026-08-27T19:30:45Z</when>
<gx:coord>25.14074 59.5410317 58.7</gx:coord>
<when>2026-08-27T19:30:46Z</when>
<gx:coord>25.1409517 59.5410433 59.2</gx:coord>
<when>2026-08-27T19:30:47Z</when>
<gx:coord>25.1411633 59.541055 60.3</gx:coord>
<when>2026-08-27T19:30:48Z</when>
<gx:coord>25.1413717 59.5410667 61.1</gx:coord>
<when>2026-08-27T19:30:49Z</when>
<gx:coord>25.1415683 59.541075 61.8</gx:coord>
<when>2026-08-27T19:30:50Z</when>
<gx:coord>25.14176 59.5410833 62.2</gx:coord>
<when>2026-08-27T19:30:51Z</when>
<gx:coord>25.141955 59.5410917 62.3</gx:coord>
<when>2026-08-27T19:30:52Z</when>
<gx:coord>25.142155 59.5411 62.3</gx:coord>
<when>2026-08-27T19:30:53Z</when>
<gx:coord>25.1423567 59.5411033 62.6</gx:coord>
<when>2026-08-27T19:30:54Z</when>
<gx:coord>25.1425533 59.5411 62.9</gx:coord>
<when>2026-08-27T19:30:55Z</when>
<gx:coord>25.1427517 59.5410883 63.2</gx:coord>
<when>2026-08-27T19:30:56Z</when>
<gx:coord>25.1429417 59.5410667 63.3</gx:coord>
<when>2026-08-27T19:30:57Z</when>
<gx:coord>25.1431233 59.5410283 63.3</gx:coord>
<when>2026-08-27T19:30:58Z</when>
<gx:coord>25.1432967 59.540975 63.1</gx:coord>
<when>2026-08-27T19:30:59Z</when>
<gx:coord>25.1434733 59.54092 63.0</gx:coord>
<when>2026-08-27T19:31:00Z</when>
<gx:coord>25.14366 59.5408717 63.0</gx:coord>
<when>2026-08-27T19:31:01Z</when>
<gx:coord>25.1438567 59.540835 63.0</gx:coord>
<when>2026-08-27T19:31:02Z</when>
<gx:coord>25.1440533 59.5408017 63.1</gx:coord>
<when>2026-08-27T19:31:03Z</when>
<gx:coord>25.1442417 59.5407617 63.3</gx:coord>
<when>2026-08-27T19:31:04Z</when>
<gx:coord>25.1444183 59.5407217 63.2</gx:coord>
<when>2026-08-27T19:31:05Z</when>
<gx:coord>25.144595 59.5406783 63.0</gx:coord>
<when>2026-08-27T19:31:06Z</when>
<gx:coord>25.1447767 59.5406367 63.2</gx:coord>
<when>2026-08-27T19:31:07Z</when>
<gx:coord>25.144965 59.5405967 63.3</gx:coord>
<when>2026-08-27T19:31:08Z</when>
<gx:coord>25.1451583 59.54056 63.6</gx:coord>
<when>2026-08-27T19:31:09Z</when>
<gx:coord>25.1453467 59.5405233 64.0</gx:coord>
<when>2026-08-27T19:31:10Z</when>
<gx:coord>25.1455233 59.54048 64.4</gx:coord>
<when>2026-08-27T19:31:11Z</when>
<gx:coord>25.1456783 59.54042 64.9</gx:coord>
<when>2026-08-27T19:31:12Z</when>
<gx:coord>25.1458083 59.540345 65.4</gx:coord>
<when>2026-08-27T19:31:13Z</when>
<gx:coord>25.1459033 59.5402533 66.0</gx:coord>
<when>2026-08-27T19:31:14Z</when>
<gx:coord>25.1459633 59.5401517 66.6</gx:coord>
<when>2026-08-27T19:31:15Z</when>
<gx:coord>25.1460133 59.54005 68.1</gx:coord>
<when>2026-08-27T19:31:16Z</when>
<gx:coord>25.14606 59.5399517 69.6</gx:coord>
<when>2026-08-27T19:31:17Z</when>
<gx:coord>25.1461083 59.539855 70.8</gx:coord>
<when>2026-08-27T19:31:18Z</when>
<gx:coord>25.14615 59.5397583 71.7</gx:coord>
<when>2026-08-27T19:31:19Z</when>
<gx:coord>25.1461833 59.5396633 72.7</gx:coord>
<when>2026-08-27T19:31:20Z</when>
<gx:coord>25.1462117 59.5395683 73.4</gx:coord>
<when>2026-08-27T19:31:21Z</when>
<gx:coord>25.14624 59.53947 73.9</gx:coord>
<when>2026-08-27T19:31:22Z</when>
<gx:coord>25.1462633 59.5393733 74.3</gx:coord>
<when>2026-08-27T19:31:23Z</when>
<gx:coord>25.1462983 59.5392767 74.5</gx:coord>
<when>2026-08-27T19:31:24Z</when>
<gx:coord>25.146345 59.53918 75.2</gx:coord>
<when>2026-08-27T19:31:25Z</when>
<gx:coord>25.1464017 59.53909 75.7</gx:coord>
<when>2026-08-27T19:31:26Z</when>
<gx:coord>25.1464717 59.5390033 76.2</gx:coord>
<when>2026-08-27T19:31:27Z</when>
<gx:coord>25.146555 59.53892 76.6</gx:coord>
<when>2026-08-27T19:31:28Z</when>
<gx:coord>25.1466483 59.5388367 77.0</gx:coord>
<when>2026-08-27T19:31:29Z</when>
<gx:coord>25.1467417 59.5387533 77.4</gx:coord>
<when>2026-08-27T19:31:30Z</when>
<gx:coord>25.146835 59.5386717 77.5</gx:coord>
<when>2026-08-27T19:31:31Z</when>
<gx:coord>25.1469317 59.5385917 77.5</gx:coord>
<when>2026-08-27T19:31:32Z</when>
<gx:coord>25.1470383 59.5385117 77.4</gx:coord>
<when>2026-08-27T19:31:33Z</when>
<gx:coord>25.1471567 59.5384333 77.5</gx:coord>
<when>2026-08-27T19:31:34Z</when>
<gx:coord>25.14728 59.5383583 77.4</gx:coord>
<when>2026-08-27T19:31:35Z</when>
<gx:coord>25.1474117 59.5382833 77.5</gx:coord>
<when>2026-08-27T19:31:36Z</when>
<gx:coord>25.14755 59.5382133 77.8</gx:coord>
<when>2026-08-27T19:31:37Z</when>
<gx:coord>25.1476983 59.5381517 78.3</gx:coord>
<when>2026-08-27T19:31:38Z</when>
<gx:coord>25.1478533 59.5380933 78.9</gx:coord>
<when>2026-08-27T19:31:39Z</when>
<gx:coord>25.14801 59.53804 79.4</gx:coord>
<when>2026-08-27T19:31:40Z</when>
<gx:coord>25.1481667 59.5379867 79.8</gx:coord>
<when>2026-08-27T19:31:41Z</when>
<gx:coord>25.148325 59.5379383 80.0</gx:coord>
<when>2026-08-27T19:31:42Z</when>
<gx:coord>25.14849 59.5378917 80.3</gx:coord>
<when>2026-08-27T19:31:43Z</when>
<gx:coord>25.148655 59.5378483 80.4</gx:coord>
<when>2026-08-27T19:31:44Z</when>
<gx:coord>25.1488217 59.5378083 80.6</gx:coord>
<when>2026-08-27T19:31:45Z</when>
<gx:coord>25.148985 59.5377633 80.6</gx:coord>
<when>2026-08-27T19:31:46Z</when>
<gx:coord>25.1491417 59.5377133 80.7</gx:coord>
<when>2026-08-27T19:31:47Z</when>
<gx:coord>25.1492767 59.53765 80.7</gx:coord>
<when>2026-08-27T19:31:48Z</when>
<gx:coord>25.1493833 59.5375733 80.5</gx:coord>
<when>2026-08-27T19:31:49Z</when>
<gx:coord>25.149475 59.53749 80.1</gx:coord>
<when>2026-08-27T19:31:50Z</when>
<gx:coord>25.1495767 59.5374067 79.6</gx:coord>
<when>2026-08-27T19:31:51Z</when>
<gx:coord>25.1497 59.53733 79.5</gx:coord>
<when>2026-08-27T19:31:52Z</when>
<gx:coord>25.149845 59.5372633 79.5</gx:coord>
<when>2026-08-27T19:31:53Z</when>
<gx:coord>25.150005 59.5372083 79.8</gx:coord>
<when>2026-08-27T19:31:54Z</when>
<gx:coord>25.1501733 59.5371617 79.9</gx:coord>
<when>2026-08-27T19:31:55Z</when>
<gx:coord>25.1503383 59.5371217 79.5</gx:coord>
<when>2026-08-27T19:31:56Z</when>
<gx:coord>25.1505133 59.5370883 79.0</gx:coord>
<when>2026-08-27T19:31:57Z</when>
<gx:coord>25.1507 59.5370633 78.5</gx:coord>
<when>2026-08-27T19:31:58Z</when>
<gx:coord>25.1508883 59.537045 77.8</gx:coord>
<when>2026-08-27T19:31:59Z</when>
<gx:coord>25.1510817 59.53703 77.2</gx:coord>
<when>2026-08-27T19:32:00Z</when>
<gx:coord>25.1512833 59.537015 76.8</gx:coord>
<when>2026-08-27T19:32:01Z</when>
<gx:coord>25.1514733 59.5370067 76.4</gx:coord>
<when>2026-08-27T19:32:02Z</when>
<gx:coord>25.15167 59.5369983 76.2</gx:coord>
<when>2026-08-27T19:32:03Z</when>
<gx:coord>25.1518583 59.5369983 75.5</gx:coord>
<when>2026-08-27T19:32:04Z</when>
<gx:coord>25.1520567 59.537 75.1</gx:coord>
<when>2026-08-27T19:32:05Z</when>
<gx:coord>25.1522567 59.5370033 74.8</gx:coord>
<when>2026-08-27T19:32:06Z</when>
<gx:coord>25.1524583 59.5370033 74.3</gx:coord>
<when>2026-08-27T19:32:07Z</when>
<gx:coord>25.15266 59.537005 74.0</gx:coord>
<when>2026-08-27T19:32:08Z</when>
<gx:coord>25.1528567 59.5370083 73.5</gx:coord>
<when>2026-08-27T19:32:09Z</when>
<gx:coord>25.1530533 59.53701 73.0</gx:coord>
<when>2026-08-27T19:32:10Z</when>
<gx:coord>25.15326 59.537005 72.4</gx:coord>
<when>2026-08-27T19:32:11Z</when>
<gx:coord>25.1534683 59.53699 71.9</gx:coord>
<when>2026-08-27T19:32:12Z</when>
<gx:coord>25.1536817 59.5369667 71.6</gx:coord>
<when>2026-08-27T19:32:13Z</when>
<gx:coord>25.1538867 59.5369367 71.4</gx:coord>
<when>2026-08-27T19:32:14Z</when>
<gx:coord>25.15408 59.536905 71.5</gx:coord>
<when>2026-08-27T19:32:15Z</when>
<gx:coord>25.1542617 59.5368683 71.8</gx:coord>
<when>2026-08-27T19:32:16Z</when>
<gx:coord>25.154435 59.5368233 71.7</gx:coord>
<when>2026-08-27T19:32:17Z</when>
<gx:coord>25.1546033 59.5367767 71.7</gx:coord>
<when>2026-08-27T19:32:18Z</when>
<gx:coord>25.1547717 59.536725 71.9</gx:coord>
<when>2026-08-27T19:32:19Z</when>
<gx:coord>25.154935 59.53667 72.5</gx:coord>
<when>2026-08-27T19:32:20Z</when>
<gx:coord>25.1550883 59.5366083 73.0</gx:coord>
<when>2026-08-27T19:32:21Z</when>
<gx:coord>25.1552317 59.5365383 73.2</gx:coord>
<when>2026-08-27T19:32:22Z</when>
<gx:coord>25.1553633 59.5364633 73.3</gx:coord>
<when>2026-08-27T19:32:23Z</when>
<gx:coord>25.15549 59.5363867 73.8</gx:coord>
<when>2026-08-27T19:32:24Z</when>
<gx:coord>25.1556067 59.5363083 74.0</gx:coord>
<when>2026-08-27T19:32:25Z</when>
<gx:coord>25.15572 59.536225 74.3</gx:coord>
<when>2026-08-27T19:32:26Z</when>
<gx:coord>25.15583 59.5361417 74.9</gx:coord>
<when>2026-08-27T19:32:27Z</when>
<gx:coord>25.1559383 59.5360583 75.0</gx:coord>
<when>2026-08-27T19:32:28Z</when>
<gx:coord>25.156045 59.5359717 74.9</gx:coord>
<when>2026-08-27T19:32:29Z</when>
<gx:coord>25.156155 59.535885 75.1</gx:coord>
<when>2026-08-27T19:32:30Z</when>
<gx:coord>25.1562717 59.5358 75.5</gx:coord>
<when>2026-08-27T19:32:31Z</when>
<gx:coord>25.15639 59.5357133 75.9</gx:coord>
<when>2026-08-27T19:32:32Z</when>
<gx:coord>25.15651 59.5356283 76.1</gx:coord>
<when>2026-08-27T19:32:33Z</when>
<gx:coord>25.1566317 59.535545 76.2</gx:coord>
<when>2026-08-27T19:32:34Z</when>
<gx:coord>25.156755 59.5354617 76.3</gx:coord>
<when>2026-08-27T19:32:35Z</when>
<gx:coord>25.156875 59.5353783 76.3</gx:coord>
<when>2026-08-27T19:32:36Z</when>
<gx:coord>25.1569933 59.535295 76.4</gx:coord>
<when>2026-08-27T19:32:37Z</when>
<gx:coord>25.1571083 59.5352133 76.5</gx:coord>
<when>2026-08-27T19:32:38Z</when>
<gx:coord>25.157225 59.5351317 76.7</gx:coord>
<when>2026-08-27T19:32:39Z</when>
<gx:coord>25.1573417 59.53505 76.8</gx:coord>
<when>2026-08-27T19:32:40Z</when>
<gx:coord>25.1574667 59.5349683 77.0</gx:coord>
<when>2026-08-27T19:32:41Z</when>
<gx:coord>25.15759 59.5348867 77.0</gx:coord>
<when>2026-08-27T19:32:42Z</when>
<gx:coord>25.15772 59.5348067 77.2</gx:coord>
<when>2026-08-27T19:32:43Z</when>
<gx:coord>25.15785 59.5347267 77.4</gx:coord>
<when>2026-08-27T19:32:44Z</when>
<gx:coord>25.1579833 59.5346467 77.4</gx:coord>
<when>2026-08-27T19:32:45Z</when>
<gx:coord>25.1581167 59.53457 77.6</gx:coord>
<when>2026-08-27T19:32:46Z</when>
<gx:coord>25.1582483 59.5344917 77.8</gx:coord>
<when>2026-08-27T19:32:47Z</when>
<gx:coord>25.1583717 59.5344133 78.0</gx:coord>
<when>2026-08-27T19:32:48Z</when>
<gx:coord>25.158495 59.5343367 78.2</gx:coord>
<when>2026-08-27T19:32:49Z</when>
<gx:coord>25.1586167 59.5342583 78.4</gx:coord>
<when>2026-08-27T19:32:50Z</when>
<gx:coord>25.1587417 59.53418 78.4</gx:coord>
<when>2026-08-27T19:32:51Z</when>
<gx:coord>25.1588683 59.5341033 78.4</gx:coord>
<when>2026-08-27T19:32:52Z</when>
<gx:coord>25.1589983 59.5340267 78.4</gx:coord>
<when>2026-08-27T19:32:53Z</when>
<gx:coord>25.1591317 59.53395 78.6</gx:coord>
<when>2026-08-27T19:32:54Z</when>
<gx:coord>25.15926 59.533875 78.8</gx:coord>
<when>2026-08-27T19:32:55Z</when>
<gx:coord>25.1593933 59.5338 79.2</gx:coord>
<when>2026-08-27T19:32:56Z</when>
<gx:coord>25.159525 59.5337283 79.6</gx:coord>
<when>2026-08-27T19:32:57Z</when>
<gx:coord>25.1596567 59.53366 79.8</gx:coord>
<when>2026-08-27T19:32:58Z</when>
<gx:coord>25.1597967 59.5335933 80.1</gx:coord>
<when>2026-08-27T19:32:59Z</when>
<gx:coord>25.1599433 59.5335283 80.4</gx:coord>
<when>2026-08-27T19:33:00Z</when>
<gx:coord>25.1600933 59.533465 80.7</gx:coord>
<when>2026-08-27T19:33:01Z</when>
<gx:coord>25.1602433 59.5334033 80.8</gx:coord>
<when>2026-08-27T19:33:02Z</when>
<gx:coord>25.1603933 59.5333417 81.2</gx:coord>
<when>2026-08-27T19:33:03Z</when>
<gx:coord>25.16055 59.5332817 81.6</gx:coord>
<when>2026-08-27T19:33:04Z</when>
<gx:coord>25.160705 59.5332233 82.2</gx:coord>
<when>2026-08-27T19:33:05Z</when>
<gx:coord>25.160855 59.5331633 82.7</gx:coord>
<when>2026-08-27T19:33:06Z</when>
<gx:coord>25.1610067 59.5331033 83.3</gx:coord>
<when>2026-08-27T19:33:07Z</when>
<gx:coord>25.1611517 59.5330417 84.0</gx:coord>
<when>2026-08-27T19:33:08Z</when>
<gx:coord>25.16129 59.5329767 84.7</gx:coord>
<when>2026-08-27T19:33:09Z</when>
<gx:coord>25.161415 59.5329083 85.2</gx:coord>
<when>2026-08-27T19:33:10Z</when>
<gx:coord>25.1615433 59.532835 85.9</gx:coord>
<when>2026-08-27T19:33:11Z</when>
<gx:coord>25.16167 59.5327617 86.4</gx:coord>
<when>2026-08-27T19:33:12Z</when>
<gx:coord>25.1617917 59.5326867 87.0</gx:coord>
<when>2026-08-27T19:33:13Z</when>
<gx:coord>25.1619133 59.5326133 87.6</gx:coord>
<when>2026-08-27T19:33:14Z</when>
<gx:coord>25.1620267 59.532535 88.1</gx:coord>
<when>2026-08-27T19:33:15Z</when>
<gx:coord>25.1621283 59.5324533 88.7</gx:coord>
<when>2026-08-27T19:33:16Z</when>
<gx:coord>25.1621933 59.5323683 89.6</gx:coord>
<when>2026-08-27T19:33:17Z</when>
<gx:coord>25.1622167 59.5322767 90.3</gx:coord>
<when>2026-08-27T19:33:18Z</when>
<gx:coord>25.16218 59.5321783 90.6</gx:coord>
<when>2026-08-27T19:33:19Z</when>
<gx:coord>25.1620817 59.53208 91.2</gx:coord>
<when>2026-08-27T19:33:20Z</when>
<gx:coord>25.16195 59.5319833 91.6</gx:coord>
<when>2026-08-27T19:33:21Z</when>
<gx:coord>25.1618233 59.5318867 92.2</gx:coord>
<when>2026-08-27T19:33:22Z</when>
<gx:coord>25.16173 59.5317867 92.8</gx:coord>
<when>2026-08-27T19:33:23Z</when>
<gx:coord>25.1616767 59.531685 93.4</gx:coord>
<when>2026-08-27T19:33:24Z</when>
<gx:coord>25.1616533 59.531585 93.1</gx:coord>
<when>2026-08-27T19:33:25Z</when>
<gx:coord>25.1616617 59.5314883 93.1</gx:coord>
<when>2026-08-27T19:33:26Z</when>
<gx:coord>25.1617 59.5313933 92.8</gx:coord>
<when>2026-08-27T19:33:27Z</when>
<gx:coord>25.1617667 59.5313 92.3</gx:coord>
<when>2026-08-27T19:33:28Z</when>
<gx:coord>25.161855 59.531215 91.5</gx:coord>
<when>2026-08-27T19:33:29Z</when>
<gx:coord>25.161955 59.5311417 90.3</gx:coord>
<when>2026-08-27T19:33:30Z</when>
<gx:coord>25.1620533 59.5310683 88.5</gx:coord>
<when>2026-08-27T19:33:31Z</when>
<gx:coord>25.16214 59.5309883 87.0</gx:coord>
<when>2026-08-27T19:33:32Z</when>
<gx:coord>25.1622117 59.5308967 85.6</gx:coord>
<when>2026-08-27T19:33:33Z</when>
<gx:coord>25.1622733 59.5308 84.1</gx:coord>
<when>2026-08-27T19:33:34Z</when>
<gx:coord>25.16233 59.5307 82.7</gx:coord>
<when>2026-08-27T19:33:35Z</when>
<gx:coord>25.1623767 59.5305983 81.8</gx:coord>
<when>2026-08-27T19:33:36Z</when>
<gx:coord>25.162425 59.5305 81.0</gx:coord>
<when>2026-08-27T19:33:37Z</when>
<gx:coord>25.1624767 59.5304017 80.2</gx:coord>
<when>2026-08-27T19:33:38Z</when>
<gx:coord>25.162535 59.530305 79.2</gx:coord>
<when>2026-08-27T19:33:39Z</when>
<gx:coord>25.1625983 59.5302083 78.3</gx:coord>
<when>2026-08-27T19:33:40Z</when>
<gx:coord>25.1626617 59.53011 77.5</gx:coord>
<when>2026-08-27T19:33:41Z</when>
<gx:coord>25.1627167 59.5300117 76.9</gx:coord>
<when>2026-08-27T19:33:42Z</when>
<gx:coord>25.1627583 59.5299117 76.4</gx:coord>
<when>2026-08-27T19:33:43Z</when>
<gx:coord>25.1627767 59.5298117 75.6</gx:coord>
<when>2026-08-27T19:33:44Z</when>
<gx:coord>25.1627817 59.5297083 75.0</gx:coord>
<when>2026-08-27T19:33:45Z</when>
<gx:coord>25.162775 59.5296067 74.4</gx:coord>
<when>2026-08-27T19:33:46Z</when>
<gx:coord>25.1627317 59.5295033 74.0</gx:coord>
<when>2026-08-27T19:33:47Z</when>
<gx:coord>25.16263 59.52941 73.5</gx:coord>
<when>2026-08-27T19:33:48Z</when>
<gx:coord>25.1624517 59.5293383 73.0</gx:coord>
<when>2026-08-27T19:33:49Z</when>
<gx:coord>25.162205 59.5293017 72.5</gx:coord>
<when>2026-08-27T19:33:50Z</when>
<gx:coord>25.16193 59.5293117 72.1</gx:coord>
<when>2026-08-27T19:33:51Z</when>
<gx:coord>25.16169 59.529375 71.0</gx:coord>
<when>2026-08-27T19:33:52Z</when>
<gx:coord>25.161515 59.529475 70.4</gx:coord>
<when>2026-08-27T19:33:53Z</when>
<gx:coord>25.16143 59.529595 69.6</gx:coord>
<when>2026-08-27T19:33:54Z</when>
<gx:coord>25.161425 59.5297167 69.2</gx:coord>
<when>2026-08-27T19:33:55Z</when>
<gx:coord>25.16145 59.529835 69.5</gx:coord>
<when>2026-08-27T19:33:56Z</when>
<gx:coord>25.16147 59.52995 69.4</gx:coord>
<when>2026-08-27T19:33:57Z</when>
<gx:coord>25.1614883 59.5300617 69.5</gx:coord>
<when>2026-08-27T19:33:58Z</when>
<gx:coord>25.1615067 59.530175 69.4</gx:coord>
<when>2026-08-27T19:33:59Z</when>
<gx:coord>25.1615383 59.53029 69.4</gx:coord>
<when>2026-08-27T19:34:00Z</when>
<gx:coord>25.1615983 59.5304017 69.2</gx:coord>
<when>2026-08-27T19:34:01Z</when>
<gx:coord>25.161705 59.53051 69.4</gx:coord>
<when>2026-08-27T19:34:02Z</when>
<gx:coord>25.1618433 59.5306067 70.4</gx:coord>
<when>2026-08-27T19:34:03Z</when>
<gx:coord>25.1620117 59.5306683 70.0</gx:coord>
<when>2026-08-27T19:34:04Z</when>
<gx:coord>25.1621933 59.5307133 69.3</gx:coord>
<when>2026-08-27T19:34:05Z</when>
<gx:coord>25.1623967 59.5307283 68.9</gx:coord>
<when>2026-08-27T19:34:06Z</when>
<gx:coord>25.16261 59.5307117 68.4</gx:coord>
<when>2026-08-27T19:34:07Z</when>
<gx:coord>25.1628 59.5306633 67.9</gx:coord>
<when>2026-08-27T19:34:08Z</when>
<gx:coord>25.162935 59.5305783 67.0</gx:coord>
<when>2026-08-27T19:34:09Z</when>
<gx:coord>25.1630017 59.53048 67.7</gx:coord>
<when>2026-08-27T19:34:10Z</when>
<gx:coord>25.1630033 59.5303733 66.3</gx:coord>
<when>2026-08-27T19:34:11Z</when>
<gx:coord>25.1629717 59.530265 65.8</gx:coord>
<when>2026-08-27T19:34:12Z</when>
<gx:coord>25.1629267 59.5301567 65.8</gx:coord>
<when>2026-08-27T19:34:13Z</when>
<gx:coord>25.1628817 59.5300483 65.7</gx:coord>
<when>2026-08-27T19:34:14Z</when>
<gx:coord>25.1628533 59.5299317 64.3</gx:coord>
<when>2026-08-27T19:34:15Z</when>
<gx:coord>25.1628467 59.529815 63.2</gx:coord>
<when>2026-08-27T19:34:16Z</when>
<gx:coord>25.16284 59.5296983 62.9</gx:coord>
<when>2026-08-27T19:34:17Z</when>
<gx:coord>25.1628233 59.5295833 61.8</gx:coord>
<when>2026-08-27T19:34:18Z</when>
<gx:coord>25.1628117 59.5294733 61.0</gx:coord>
<when>2026-08-27T19:34:19Z</when>
<gx:coord>25.16281 59.52936 60.2</gx:coord>
<when>2026-08-27T19:34:20Z</when>
<gx:coord>25.1628233 59.529245 59.2</gx:coord>
<when>2026-08-27T19:34:21Z</when>
<gx:coord>25.1628633 59.5291283 58.5</gx:coord>
<when>2026-08-27T19:34:22Z</when>
<gx:coord>25.1629433 59.5290183 58.3</gx:coord>
<when>2026-08-27T19:34:23Z</when>
<gx:coord>25.163055 59.5289217 58.9</gx:coord>
<when>2026-08-27T19:34:24Z</when>
<gx:coord>25.163195 59.5288367 59.9</gx:coord>
<when>2026-08-27T19:34:25Z</when>
<gx:coord>25.163335 59.5287633 60.5</gx:coord>
<when>2026-08-27T19:34:26Z</when>
<gx:coord>25.1634833 59.528705 61.4</gx:coord>
<when>2026-08-27T19:34:27Z</when>
<gx:coord>25.1636433 59.5286517 62.1</gx:coord>
<when>2026-08-27T19:34:28Z</when>
<gx:coord>25.1638167 59.5286 62.8</gx:coord>
<when>2026-08-27T19:34:29Z</when>
<gx:coord>25.1639983 59.5285533 62.9</gx:coord>
<when>2026-08-27T19:34:30Z</when>
<gx:coord>25.1641967 59.52852 63.1</gx:coord>
<when>2026-08-27T19:34:31Z</when>
<gx:coord>25.1644267 59.5284933 63.0</gx:coord>
<when>2026-08-27T19:34:32Z</when>
<gx:coord>25.1646317 59.5284617 63.1</gx:coord>
<when>2026-08-27T19:34:33Z</when>
<gx:coord>25.1648217 59.52843 63.2</gx:coord>
<when>2026-08-27T19:34:34Z</when>
<gx:coord>25.1650167 59.5283967 63.3</gx:coord>
<when>2026-08-27T19:34:35Z</when>
<gx:coord>25.1652 59.5283617 63.3</gx:coord>
<when>2026-08-27T19:34:36Z</when>
<gx:coord>25.16539 59.52833 63.5</gx:coord>
<when>2026-08-27T19:34:37Z</when>
<gx:coord>25.1655883 59.5283 63.4</gx:coord>
<when>2026-08-27T19:34:38Z</when>
<gx:coord>25.1657917 59.5282667 62.7</gx:coord>
<when>2026-08-27T19:34:39Z</when>
<gx:coord>25.165995 59.528235 62.9</gx:coord>
<when>2026-08-27T19:34:40Z</when>
<gx:coord>25.166195 59.5282067 63.1</gx:coord>
<when>2026-08-27T19:34:41Z</when>
<gx:coord>25.1663867 59.528175 63.5</gx:coord>
<when>2026-08-27T19:34:42Z</when>
<gx:coord>25.16657 59.5281383 63.8</gx:coord>
<when>2026-08-27T19:34:43Z</when>
<gx:coord>25.1667567 59.5281 63.2</gx:coord>
<when>2026-08-27T19:34:44Z</when>
<gx:coord>25.1669433 59.52806 62.4</gx:coord>
<when>2026-08-27T19:34:45Z</when>
<gx:coord>25.1671383 59.52802 62.2</gx:coord>
<when>2026-08-27T19:34:46Z</when>
<gx:coord>25.16734 59.5279767 62.0</gx:coord>
<when>2026-08-27T19:34:47Z</when>
<gx:coord>25.1675383 59.5279283 62.5</gx:coord>
<when>2026-08-27T19:34:48Z</when>
<gx:coord>25.1677283 59.5278767 64.1</gx:coord>
<when>2026-08-27T19:34:49Z</when>
<gx:coord>25.16791 59.5278283 65.5</gx:coord>
<when>2026-08-27T19:34:50Z</when>
<gx:coord>25.16809 59.5277883 66.4</gx:coord>
<when>2026-08-27T19:34:51Z</when>
<gx:coord>25.1682817 59.5277583 66.7</gx:coord>
<when>2026-08-27T19:34:52Z</when>
<gx:coord>25.1684883 59.5277283 66.6</gx:coord>
<when>2026-08-27T19:34:53Z</when>
<gx:coord>25.168705 59.52768 66.8</gx:coord>
<when>2026-08-27T19:34:54Z</when>
<gx:coord>25.168915 59.52762 67.8</gx:coord>
<when>2026-08-27T19:34:55Z</when>
<gx:coord>25.1691117 59.527565 69.0</gx:coord>
<when>2026-08-27T19:34:56Z</when>
<gx:coord>25.169305 59.5275267 70.1</gx:coord>
<when>2026-08-27T19:34:57Z</when>
<gx:coord>25.1695083 59.527505 70.6</gx:coord>
<when>2026-08-27T19:34:58Z</when>
<gx:coord>25.1697233 59.527495 70.5</gx:coord>
<when>2026-08-27T19:34:59Z</when>
<gx:coord>25.1699483 59.5274867 69.8</gx:coord>
<when>2026-08-27T19:35:00Z</when>
<gx:coord>25.1701867 59.5274733 68.3</gx:coord>
<when>2026-08-27T19:35:01Z</when>
<gx:coord>25.1704367 59.527455 67.2</gx:coord>
<when>2026-08-27T19:35:02Z</when>
<gx:coord>25.1706933 59.527435 66.2</gx:coord>
<when>2026-08-27T19:35:03Z</when>
<gx:coord>25.1709483 59.52741 66.2</gx:coord>
<when>2026-08-27T19:35:04Z</when>
<gx:coord>25.171195 59.5273833 66.6</gx:coord>
<when>2026-08-27T19:35:05Z</when>
<gx:coord>25.1714283 59.527355 67.3</gx:coord>
<when>2026-08-27T19:35:06Z</when>
<gx:coord>25.1716467 59.527325 68.1</gx:coord>
<when>2026-08-27T19:35:07Z</when>
<gx:coord>25.1718583 59.527295 68.9</gx:coord>
<when>2026-08-27T19:35:08Z</when>
<gx:coord>25.1720667 59.52727 69.3</gx:coord>
<when>2026-08-27T19:35:09Z</when>
<gx:coord>25.1722767 59.5272467 69.2</gx:coord>
<when>2026-08-27T19:35:10Z</when>
<gx:coord>25.1724833 59.5272183 69.1</gx:coord>
<when>2026-08-27T19:35:11Z</when>
<gx:coord>25.1726917 59.5271767 69.2</gx:coord>
<when>2026-08-27T19:35:12Z</when>
<gx:coord>25.172895 59.5271233 69.8</gx:coord>
<when>2026-08-27T19:35:13Z</when>
<gx:coord>25.1730817 59.5270617 71.2</gx:coord>
<when>2026-08-27T19:35:14Z</when>
<gx:coord>25.173255 59.527005 72.6</gx:coord>
<when>2026-08-27T19:35:15Z</when>
<gx:coord>25.1734217 59.5269683 73.3</gx:coord>
<when>2026-08-27T19:35:16Z</when>
<gx:coord>25.1735967 59.526945 73.4</gx:coord>
<when>2026-08-27T19:35:17Z</when>
<gx:coord>25.17381 59.526935 72.2</gx:coord>
<when>2026-08-27T19:35:18Z</when>
<gx:coord>25.1740433 59.5269283 71.1</gx:coord>
<when>2026-08-27T19:35:19Z</when>
<gx:coord>25.1742883 59.5269167 69.9</gx:coord>
<when>2026-08-27T19:35:20Z</when>
<gx:coord>25.1745367 59.5269017 69.2</gx:coord>
<when>2026-08-27T19:35:21Z</when>
<gx:coord>25.1747767 59.5268883 69.4</gx:coord>
<when>2026-08-27T19:35:22Z</when>
<gx:coord>25.1750033 59.52687 69.3</gx:coord>
<when>2026-08-27T19:35:23Z</when>
<gx:coord>25.1752183 59.5268533 69.1</gx:coord>
<when>2026-08-27T19:35:24Z</when>
<gx:coord>25.1754233 59.526835 68.6</gx:coord>
<when>2026-08-27T19:35:25Z</when>
<gx:coord>25.1756317 59.526815 68.1</gx:coord>
<when>2026-08-27T19:35:26Z</when>
<gx:coord>25.1758433 59.5267967 67.7</gx:coord>
<when>2026-08-27T19:35:27Z</when>
<gx:coord>25.17606 59.526775 67.1</gx:coord>
<when>2026-08-27T19:35:28Z</when>
<gx:coord>25.1762817 59.5267517 66.9</gx:coord>
<when>2026-08-27T19:35:29Z</when>
<gx:coord>25.1765033 59.5267333 66.7</gx:coord>
<when>2026-08-27T19:35:30Z</when>
<gx:coord>25.1767217 59.5267133 66.4</gx:coord>
<when>2026-08-27T19:35:31Z</when>
<gx:coord>25.176935 59.5266883 66.3</gx:coord>
<when>2026-08-27T19:35:32Z</when>
<gx:coord>25.1771417 59.5266633 66.3</gx:coord>
<when>2026-08-27T19:35:33Z</when>
<gx:coord>25.17734 59.52664 66.1</gx:coord>
<when>2026-08-27T19:35:34Z</when>
<gx:coord>25.17755 59.5266167 66.1</gx:coord>
<when>2026-08-27T19:35:35Z</when>
<gx:coord>25.1777617 59.526595 66.2</gx:coord>
<when>2026-08-27T19:35:36Z</when>
<gx:coord>25.1779783 59.5265733 66.4</gx:coord>
<when>2026-08-27T19:35:37Z</when>
<gx:coord>25.1781983 59.52655 66.7</gx:coord>
<when>2026-08-27T19:35:38Z</when>
<gx:coord>25.1784167 59.526525 67.3</gx:coord>
<when>2026-08-27T19:35:39Z</when>
<gx:coord>25.1786283 59.526495 67.8</gx:coord>
<when>2026-08-27T19:35:40Z</when>
<gx:coord>25.1788317 59.5264667 67.8</gx:coord>
<when>2026-08-27T19:35:41Z</when>
<gx:coord>25.1790333 59.5264367 67.5</gx:coord>
<when>2026-08-27T19:35:42Z</when>
<gx:coord>25.1792417 59.52641 67.1</gx:coord>
<when>2026-08-27T19:35:43Z</when>
<gx:coord>25.179455 59.5263867 66.6</gx:coord>
<when>2026-08-27T19:35:44Z</when>
<gx:coord>25.1796717 59.5263667 66.2</gx:coord>
<when>2026-08-27T19:35:45Z</when>
<gx:coord>25.17989 59.526345 66.2</gx:coord>
<when>2026-08-27T19:35:46Z</when>
<gx:coord>25.1801067 59.526325 66.2</gx:coord>
<when>2026-08-27T19:35:47Z</when>
<gx:coord>25.1803233 59.526305 66.1</gx:coord>
<when>2026-08-27T19:35:48Z</when>
<gx:coord>25.1805367 59.526285 66.1</gx:coord>
<when>2026-08-27T19:35:49Z</when>
<gx:coord>25.1807483 59.5262667 65.9</gx:coord>
<when>2026-08-27T19:35:50Z</when>
<gx:coord>25.1809567 59.5262483 65.7</gx:coord>
<when>2026-08-27T19:35:51Z</when>
<gx:coord>25.1811633 59.5262267 65.4</gx:coord>
<when>2026-08-27T19:35:52Z</when>
<gx:coord>25.1813733 59.5262 65.3</gx:coord>
<when>2026-08-27T19:35:53Z</when>
<gx:coord>25.1815817 59.5261667 65.0</gx:coord>
<when>2026-08-27T19:35:54Z</when>
<gx:coord>25.1817917 59.5261233 64.9</gx:coord>
<when>2026-08-27T19:35:55Z</when>
<gx:coord>25.1819917 59.5260767 65.0</gx:coord>
<when>2026-08-27T19:35:56Z</when>
<gx:coord>25.1821883 59.526025 65.3</gx:coord>
<when>2026-08-27T19:35:57Z</when>
<gx:coord>25.1823733 59.52597 65.3</gx:coord>
<when>2026-08-27T19:35:58Z</when>
<gx:coord>25.1825533 59.52591 65.3</gx:coord>
<when>2026-08-27T19:35:59Z</when>
<gx:coord>25.1827283 59.5258467 65.2</gx:coord>
<when>2026-08-27T19:36:00Z</when>
<gx:coord>25.1829067 59.5257867 65.4</gx:coord>
<when>2026-08-27T19:36:01Z</when>
<gx:coord>25.1830967 59.5257333 65.7</gx:coord>
<when>2026-08-27T19:36:02Z</when>
<gx:coord>25.1832867 59.5256817 66.0</gx:coord>
<when>2026-08-27T19:36:03Z</when>
<gx:coord>25.183475 59.5256283 66.3</gx:coord>
<when>2026-08-27T19:36:04Z</when>
<gx:coord>25.1836583 59.5255733 66.4</gx:coord>
<when>2026-08-27T19:36:05Z</when>
<gx:coord>25.18384 59.525525 66.3</gx:coord>
<when>2026-08-27T19:36:06Z</when>
<gx:coord>25.1840217 59.52548 66.1</gx:coord>
<when>2026-08-27T19:36:07Z</when>
<gx:coord>25.1842033 59.5254317 66.0</gx:coord>
<when>2026-08-27T19:36:08Z</when>
<gx:coord>25.1843783 59.52537 65.8</gx:coord>
<when>2026-08-27T19:36:09Z</when>
<gx:coord>25.1845317 59.525285 65.3</gx:coord>
<when>2026-08-27T19:36:10Z</when>
<gx:coord>25.1846517 59.5251867 64.9</gx:coord>
<when>2026-08-27T19:36:11Z</when>
<gx:coord>25.1847617 59.5250867 65.7</gx:coord>
<when>2026-08-27T19:36:12Z</when>
<gx:coord>25.1848933 59.5249967 65.7</gx:coord>
<when>2026-08-27T19:36:13Z</when>
<gx:coord>25.18506 59.5249283 65.6</gx:coord>
<when>2026-08-27T19:36:14Z</when>
<gx:coord>25.18525 59.5248733 65.5</gx:coord>
<when>2026-08-27T19:36:15Z</when>
<gx:coord>25.1854517 59.5248233 65.5</gx:coord>
<when>2026-08-27T19:36:16Z</when>
<gx:coord>25.1856467 59.5247733 65.8</gx:coord>
<when>2026-08-27T19:36:17Z</when>
<gx:coord>25.185815 59.52472 65.1</gx:coord>
<when>2026-08-27T19:36:18Z</when>
<gx:coord>25.1859767 59.5246517 64.8</gx:coord>
<when>2026-08-27T19:36:19Z</when>
<gx:coord>25.18612 59.5245733 64.6</gx:coord>
<when>2026-08-27T19:36:20Z</when>
<gx:coord>25.186255 59.5244867 64.4</gx:coord>
<when>2026-08-27T19:36:21Z</when>
<gx:coord>25.18639 59.5243967 64.4</gx:coord>
<when>2026-08-27T19:36:22Z</when>
<gx:coord>25.1865233 59.52431 64.6</gx:coord>
<when>2026-08-27T19:36:23Z</when>
<gx:coord>25.1866633 59.524225 65.0</gx:coord>
<when>2026-08-27T19:36:24Z</when>
<gx:coord>25.1867967 59.5241433 65.3</gx:coord>
<when>2026-08-27T19:36:25Z</when>
<gx:coord>25.1869217 59.5240633 65.2</gx:coord>
<when>2026-08-27T19:36:26Z</when>
<gx:coord>25.1870533 59.5239833 64.7</gx:coord>
<when>2026-08-27T19:36:27Z</when>
<gx:coord>25.187195 59.5239067 64.1</gx:coord>
<when>2026-08-27T19:36:28Z</when>
<gx:coord>25.1873483 59.52383 63.5</gx:coord>
<when>2026-08-27T19:36:29Z</when>
<gx:coord>25.187505 59.5237517 63.1</gx:coord>
<when>2026-08-27T19:36:30Z</when>
<gx:coord>25.1876483 59.5236667 62.7</gx:coord>
<when>2026-08-27T19:36:31Z</when>
<gx:coord>25.18776 59.5235767 62.0</gx:coord>
<when>2026-08-27T19:36:32Z</when>
<gx:coord>25.1878517 59.5234783 61.6</gx:coord>
<when>2026-08-27T19:36:33Z</when>
<gx:coord>25.187935 59.5233783 61.2</gx:coord>
<when>2026-08-27T19:36:34Z</when>
<gx:coord>25.1880233 59.5232783 61.0</gx:coord>
<when>2026-08-27T19:36:35Z</when>
<gx:coord>25.188105 59.5231783 60.9</gx:coord>
<when>2026-08-27T19:36:36Z</when>
<gx:coord>25.1881833 59.52308 60.6</gx:coord>
<when>2026-08-27T19:36:37Z</when>
<gx:coord>25.1882633 59.5229817 60.4</gx:coord>
<when>2026-08-27T19:36:38Z</when>
<gx:coord>25.18835 59.522885 60.0</gx:coord>
<when>2026-08-27T19:36:39Z</when>
<gx:coord>25.1884467 59.5227917 59.2</gx:coord>
<when>2026-08-27T19:36:40Z</when>
<gx:coord>25.1885583 59.5227017 58.2</gx:coord>
<when>2026-08-27T19:36:41Z</when>
<gx:coord>25.1886783 59.5226117 57.4</gx:coord>
<when>2026-08-27T19:36:42Z</when>
<gx:coord>25.1887933 59.52252 56.3</gx:coord>
<when>2026-08-27T19:36:43Z</when>
<gx:coord>25.188905 59.5224267 55.3</gx:coord>
<when>2026-08-27T19:36:44Z</when>
<gx:coord>25.1890183 59.5223317 54.6</gx:coord>
<when>2026-08-27T19:36:45Z</when>
<gx:coord>25.1891383 59.5222367 53.8</gx:coord>
<when>2026-08-27T19:36:46Z</when>
<gx:coord>25.1892733 59.5221433 53.3</gx:coord>
<when>2026-08-27T19:36:47Z</when>
<gx:coord>25.189415 59.522055 53.6</gx:coord>
<when>2026-08-27T19:36:48Z</when>
<gx:coord>25.189555 59.52197 53.5</gx:coord>
<when>2026-08-27T19:36:49Z</when>
<gx:coord>25.1896883 59.5218833 53.0</gx:coord>
<when>2026-08-27T19:36:50Z</when>
<gx:coord>25.1898167 59.5217933 52.5</gx:coord>
<when>2026-08-27T19:36:51Z</when>
<gx:coord>25.1899517 59.5217 52.4</gx:coord>
<when>2026-08-27T19:36:52Z</when>
<gx:coord>25.190085 59.5216067 52.3</gx:coord>
<when>2026-08-27T19:36:53Z</when>
<gx:coord>25.1902233 59.521515 52.4</gx:coord>
<when>2026-08-27T19:36:54Z</when>
<gx:coord>25.1903617 59.5214267 52.8</gx:coord>
<when>2026-08-27T19:36:55Z</when>
<gx:coord>25.1905033 59.5213383 53.1</gx:coord>
<when>2026-08-27T19:36:56Z</when>
<gx:coord>25.1906383 59.52125 53.2</gx:coord>
<when>2026-08-27T19:36:57Z</when>
<gx:coord>25.1907833 59.521165 53.8</gx:coord>
<when>2026-08-27T19:36:58Z</when>
<gx:coord>25.1909283 59.52108 53.9</gx:coord>
<when>2026-08-27T19:36:59Z</when>
<gx:coord>25.191075 59.520995 53.9</gx:coord>
<when>2026-08-27T19:37:00Z</when>
<gx:coord>25.1912183 59.5209067 53.9</gx:coord>
<when>2026-08-27T19:37:01Z</when>
<gx:coord>25.1913667 59.520815 54.0</gx:coord>
<when>2026-08-27T19:37:02Z</when>
<gx:coord>25.1915217 59.5207283 54.3</gx:coord>
<when>2026-08-27T19:37:03Z</when>
<gx:coord>25.1916783 59.5206433 54.2</gx:coord>
<when>2026-08-27T19:37:04Z</when>
<gx:coord>25.1918333 59.52056 54.3</gx:coord>
<when>2026-08-27T19:37:05Z</when>
<gx:coord>25.1919867 59.5204767 54.3</gx:coord>
<when>2026-08-27T19:37:06Z</when>
<gx:coord>25.19214 59.5203933 54.3</gx:coord>
<when>2026-08-27T19:37:07Z</when>
<gx:coord>25.1922967 59.52031 54.2</gx:coord>
<when>2026-08-27T19:37:08Z</when>
<gx:coord>25.192455 59.5202217 54.3</gx:coord>
<when>2026-08-27T19:37:09Z</when>
<gx:coord>25.1926083 59.5201333 54.4</gx:coord>
<when>2026-08-27T19:37:10Z</when>
<gx:coord>25.1927533 59.5200433 54.8</gx:coord>
<when>2026-08-27T19:37:11Z</when>
<gx:coord>25.1928917 59.519955 55.3</gx:coord>
<when>2026-08-27T19:37:12Z</when>
<gx:coord>25.19302 59.5198633 55.6</gx:coord>
<when>2026-08-27T19:37:13Z</when>
<gx:coord>25.1931533 59.5197683 56.2</gx:coord>
<when>2026-08-27T19:37:14Z</when>
<gx:coord>25.19329 59.519675 56.5</gx:coord>
<when>2026-08-27T19:37:15Z</when>
<gx:coord>25.1934233 59.5195817 57.0</gx:coord>
<when>2026-08-27T19:37:16Z</when>
<gx:coord>25.1935583 59.5194917 57.4</gx:coord>
<when>2026-08-27T19:37:17Z</when>
<gx:coord>25.1936917 59.519405 57.5</gx:coord>
<when>2026-08-27T19:37:18Z</when>
<gx:coord>25.1938233 59.5193183 57.1</gx:coord>
<when>2026-08-27T19:37:19Z</when>
<gx:coord>25.1939683 59.5192317 56.6</gx:coord>
<when>2026-08-27T19:37:20Z</when>
<gx:coord>25.1941217 59.519145 56.3</gx:coord>
<when>2026-08-27T19:37:21Z</when>
<gx:coord>25.19428 59.519055 56.0</gx:coord>
<when>2026-08-27T19:37:22Z</when>
<gx:coord>25.1944383 59.5189633 55.9</gx:coord>
<when>2026-08-27T19:37:23Z</when>
<gx:coord>25.1945867 59.518875 56.0</gx:coord>
<when>2026-08-27T19:37:24Z</when>
<gx:coord>25.194725 59.5187867 56.0</gx:coord>
<when>2026-08-27T19:37:25Z</when>
<gx:coord>25.1948633 59.5187017 55.8</gx:coord>
<when>2026-08-27T19:37:26Z</when>
<gx:coord>25.1949933 59.518615 55.5</gx:coord>
<when>2026-08-27T19:37:27Z</when>
<gx:coord>25.1951133 59.5185233 54.9</gx:coord>
<when>2026-08-27T19:37:28Z</when>
<gx:coord>25.1952267 59.5184267 54.5</gx:coord>
<when>2026-08-27T19:37:29Z</when>
<gx:coord>25.1953417 59.5183283 54.3</gx:coord>
<when>2026-08-27T19:37:30Z</when>
<gx:coord>25.195465 59.5182283 54.3</gx:coord>
<when>2026-08-27T19:37:31Z</when>
<gx:coord>25.1955917 59.51813 54.5</gx:coord>
<when>2026-08-27T19:37:32Z</when>
<gx:coord>25.195715 59.518035 54.7</gx:coord>
<when>2026-08-27T19:37:33Z</when>
<gx:coord>25.195825 59.5179367 55.1</gx:coord>
<when>2026-08-27T19:37:34Z</when>
<gx:coord>25.1959233 59.51784 55.2</gx:coord>
<when>2026-08-27T19:37:35Z</when>
<gx:coord>25.196025 59.517745 55.1</gx:coord>
<when>2026-08-27T19:37:36Z</when>
<gx:coord>25.1961433 59.517655 54.7</gx:coord>
<when>2026-08-27T19:37:37Z</when>
<gx:coord>25.1962767 59.5175683 54.4</gx:coord>
<when>2026-08-27T19:37:38Z</when>
<gx:coord>25.1964233 59.5174867 53.8</gx:coord>
<when>2026-08-27T19:37:39Z</when>
<gx:coord>25.1965783 59.5174067 53.5</gx:coord>
<when>2026-08-27T19:37:40Z</when>
<gx:coord>25.196735 59.5173267 53.1</gx:coord>
<when>2026-08-27T19:37:41Z</when>
<gx:coord>25.196885 59.5172433 52.8</gx:coord>
<when>2026-08-27T19:37:42Z</when>
<gx:coord>25.197025 59.5171583 52.3</gx:coord>
<when>2026-08-27T19:37:43Z</when>
<gx:coord>25.1971567 59.5170683 51.8</gx:coord>
<when>2026-08-27T19:37:44Z</when>
<gx:coord>25.1972783 59.5169767 50.8</gx:coord>
<when>2026-08-27T19:37:45Z</when>
<gx:coord>25.1973917 59.5168833 49.9</gx:coord>
<when>2026-08-27T19:37:46Z</when>
<gx:coord>25.1975 59.5167867 49.1</gx:coord>
<when>2026-08-27T19:37:47Z</when>
<gx:coord>25.1975967 59.516685 48.4</gx:coord>
<when>2026-08-27T19:37:48Z</when>
<gx:coord>25.1976683 59.516575 47.6</gx:coord>
<when>2026-08-27T19:37:49Z</when>
<gx:coord>25.1976967 59.5164617 46.5</gx:coord>
<when>2026-08-27T19:37:50Z</when>
<gx:coord>25.1976783 59.5163433 45.3</gx:coord>
<when>2026-08-27T19:37:51Z</when>
<gx:coord>25.197635 59.5162217 44.5</gx:coord>
<when>2026-08-27T19:37:52Z</when>
<gx:coord>25.1975983 59.5161 44.0</gx:coord>
<when>2026-08-27T19:37:53Z</when>
<gx:coord>25.1975683 59.5159767 44.6</gx:coord>
<when>2026-08-27T19:37:54Z</when>
<gx:coord>25.1975367 59.5158583 45.7</gx:coord>
<when>2026-08-27T19:37:55Z</when>
<gx:coord>25.1975 59.5157483 46.7</gx:coord>
<when>2026-08-27T19:37:56Z</when>
<gx:coord>25.19745 59.51564 47.4</gx:coord>
<when>2026-08-27T19:37:57Z</when>
<gx:coord>25.1973933 59.51553 48.1</gx:coord>
<when>2026-08-27T19:37:58Z</when>
<gx:coord>25.1973367 59.5154183 48.9</gx:coord>
<when>2026-08-27T19:37:59Z</when>
<gx:coord>25.1972833 59.515305 49.4</gx:coord>
<when>2026-08-27T19:38:00Z</when>
<gx:coord>25.197235 59.5151917 50.0</gx:coord>
<when>2026-08-27T19:38:01Z</when>
<gx:coord>25.197195 59.5150767 50.8</gx:coord>
<when>2026-08-27T19:38:02Z</when>
<gx:coord>25.197165 59.5149633 51.6</gx:coord>
<when>2026-08-27T19:38:03Z</when>
<gx:coord>25.1971483 59.51485 52.1</gx:coord>
<when>2026-08-27T19:38:04Z</when>
<gx:coord>25.1971483 59.5147383 52.7</gx:coord>
<when>2026-08-27T19:38:05Z</when>
<gx:coord>25.1971617 59.5146283 53.4</gx:coord>
<when>2026-08-27T19:38:06Z</when>
<gx:coord>25.1971883 59.5145183 53.9</gx:coord>
<when>2026-08-27T19:38:07Z</when>
<gx:coord>25.19722 59.5144083 54.4</gx:coord>
<when>2026-08-27T19:38:08Z</when>
<gx:coord>25.1972617 59.5142983 55.0</gx:coord>
<when>2026-08-27T19:38:09Z</when>
<gx:coord>25.197305 59.51419 55.4</gx:coord>
<when>2026-08-27T19:38:10Z</when>
<gx:coord>25.1973483 59.5140817 55.8</gx:coord>
<when>2026-08-27T19:38:11Z</when>
<gx:coord>25.19739 59.5139733 56.5</gx:coord>
<when>2026-08-27T19:38:12Z</when>
<gx:coord>25.1974233 59.5138633 57.1</gx:coord>
<when>2026-08-27T19:38:13Z</when>
<gx:coord>25.1974433 59.5137517 57.7</gx:coord>
<when>2026-08-27T19:38:14Z</when>
<gx:coord>25.1974467 59.5136383 58.1</gx:coord>
<when>2026-08-27T19:38:15Z</when>
<gx:coord>25.1974417 59.5135233 58.7</gx:coord>
<when>2026-08-27T19:38:16Z</when>
<gx:coord>25.1974183 59.5134117 59.4</gx:coord>
<when>2026-08-27T19:38:17Z</when>
<gx:coord>25.1973917 59.5133 59.9</gx:coord>
<when>2026-08-27T19:38:18Z</when>
<gx:coord>25.19736 59.5131883 60.6</gx:coord>
<when>2026-08-27T19:38:19Z</when>
<gx:coord>25.19732 59.5130783 61.3</gx:coord>
<when>2026-08-27T19:38:20Z</when>
<gx:coord>25.197265 59.51297 62.0</gx:coord>
<when>2026-08-27T19:38:21Z</when>
<gx:coord>25.19718 59.512865 62.6</gx:coord>
<when>2026-08-27T19:38:22Z</when>
<gx:coord>25.1970767 59.5127633 63.3</gx:coord>
<when>2026-08-27T19:38:23Z</when>
<gx:coord>25.1969533 59.5126667 63.9</gx:coord>
<when>2026-08-27T19:38:24Z</when>
<gx:coord>25.19682 59.5125717 64.6</gx:coord>
<when>2026-08-27T19:38:25Z</when>
<gx:coord>25.1966833 59.5124767 65.1</gx:coord>
<when>2026-08-27T19:38:26Z</when>
<gx:coord>25.1965567 59.5123767 65.3</gx:coord>
<when>2026-08-27T19:38:27Z</when>
<gx:coord>25.1964533 59.5122733 65.9</gx:coord>
<when>2026-08-27T19:38:28Z</when>
<gx:coord>25.1963717 59.5121667 66.3</gx:coord>
<when>2026-08-27T19:38:29Z</when>
<gx:coord>25.1963067 59.512055 67.1</gx:coord>
<when>2026-08-27T19:38:30Z</when>
<gx:coord>25.1962567 59.5119433 67.9</gx:coord>
<when>2026-08-27T19:38:31Z</when>
<gx:coord>25.19622 59.5118317 68.6</gx:coord>
<when>2026-08-27T19:38:32Z</when>
<gx:coord>25.196195 59.5117217 69.1</gx:coord>
<when>2026-08-27T19:38:33Z</when>
<gx:coord>25.196185 59.5116133 69.4</gx:coord>
<when>2026-08-27T19:38:34Z</when>
<gx:coord>25.1961783 59.511505 69.7</gx:coord>
<when>2026-08-27T19:38:35Z</when>
<gx:coord>25.19618 59.5113967 70.1</gx:coord>
<when>2026-08-27T19:38:36Z</when>
<gx:coord>25.1961833 59.5112883 70.4</gx:coord>
<when>2026-08-27T19:38:37Z</when>
<gx:coord>25.1961917 59.5111833 70.9</gx:coord>
<when>2026-08-27T19:38:38Z</when>
<gx:coord>25.1962033 59.5110767 71.5</gx:coord>
<when>2026-08-27T19:38:39Z</when>
<gx:coord>25.1962033 59.5109717 72.2</gx:coord>
<when>2026-08-27T19:38:40Z</when>
<gx:coord>25.1961967 59.5108667 72.6</gx:coord>
<when>2026-08-27T19:38:41Z</when>
<gx:coord>25.196185 59.5107583 72.8</gx:coord>
<when>2026-08-27T19:38:42Z</when>
<gx:coord>25.1961617 59.5106517 72.9</gx:coord>
<when>2026-08-27T19:38:43Z</when>
<gx:coord>25.196125 59.510545 73.0</gx:coord>
<when>2026-08-27T19:38:44Z</when>
<gx:coord>25.19607 59.5104383 73.3</gx:coord>
<when>2026-08-27T19:38:45Z</when>
<gx:coord>25.195995 59.5103333 73.5</gx:coord>
<when>2026-08-27T19:38:46Z</when>
<gx:coord>25.1959117 59.51023 73.7</gx:coord>
<when>2026-08-27T19:38:47Z</when>
<gx:coord>25.1958367 59.510125 74.0</gx:coord>
<when>2026-08-27T19:38:48Z</when>
<gx:coord>25.1957817 59.5100167 74.4</gx:coord>
<when>2026-08-27T19:38:49Z</when>
<gx:coord>25.19574 59.509905 74.9</gx:coord>
<when>2026-08-27T19:38:50Z</when>
<gx:coord>25.1956983 59.509795 75.6</gx:coord>
<when>2026-08-27T19:38:51Z</when>
<gx:coord>25.1956517 59.5096883 76.7</gx:coord>
<when>2026-08-27T19:38:52Z</when>
<gx:coord>25.1956033 59.5095817 78.1</gx:coord>
<when>2026-08-27T19:38:53Z</when>
<gx:coord>25.195555 59.50948 79.2</gx:coord>
<when>2026-08-27T19:38:54Z</when>
<gx:coord>25.1955117 59.5093767 80.6</gx:coord>
<when>2026-08-27T19:38:55Z</when>
<gx:coord>25.19547 59.5092733 81.5</gx:coord>
<when>2026-08-27T19:38:56Z</when>
<gx:coord>25.1954317 59.5091667 82.4</gx:coord>
<when>2026-08-27T19:38:57Z</when>
<gx:coord>25.1954 59.5090583 83.0</gx:coord>
<when>2026-08-27T19:38:58Z</when>
<gx:coord>25.1953783 59.5089467 83.6</gx:coord>
<when>2026-08-27T19:38:59Z</when>
<gx:coord>25.1953733 59.5088383 84.3</gx:coord>
<when>2026-08-27T19:39:00Z</when>
<gx:coord>25.195375 59.50873 84.7</gx:coord>
<when>2026-08-27T19:39:01Z</when>
<gx:coord>25.1953833 59.5086233 84.9</gx:coord>
<when>2026-08-27T19:39:02Z</when>
<gx:coord>25.1953917 59.5085167 84.8</gx:coord>
<when>2026-08-27T19:39:03Z</when>
<gx:coord>25.195395 59.50841 84.2</gx:coord>
<when>2026-08-27T19:39:04Z</when>
<gx:coord>25.1953917 59.5083 83.8</gx:coord>
<when>2026-08-27T19:39:05Z</when>
<gx:coord>25.195385 59.50819 83.7</gx:coord>
<when>2026-08-27T19:39:06Z</when>
<gx:coord>25.1953783 59.5080817 83.7</gx:coord>
<when>2026-08-27T19:39:07Z</when>
<gx:coord>25.1953833 59.507975 83.9</gx:coord>
<when>2026-08-27T19:39:08Z</when>
<gx:coord>25.1953883 59.5078667 84.5</gx:coord>
<when>2026-08-27T19:39:09Z</when>
<gx:coord>25.1953917 59.5077617 84.7</gx:coord>
<when>2026-08-27T19:39:10Z</when>
<gx:coord>25.19539 59.5076533 85.0</gx:coord>
<when>2026-08-27T19:39:11Z</when>
<gx:coord>25.1953733 59.507545 85.6</gx:coord>
<when>2026-08-27T19:39:12Z</when>
<gx:coord>25.1953367 59.50744 85.7</gx:coord>
<when>2026-08-27T19:39:13Z</when>
<gx:coord>25.195305 59.5073317 85.8</gx:coord>
<when>2026-08-27T19:39:14Z</when>
<gx:coord>25.1952933 59.5072233 85.3</gx:coord>
<when>2026-08-27T19:39:15Z</when>
<gx:coord>25.1953267 59.5071167 84.8</gx:coord>
<when>2026-08-27T19:39:16Z</when>
<gx:coord>25.19541 59.507015 84.7</gx:coord>
<when>2026-08-27T19:39:17Z</when>
<gx:coord>25.195525 59.5069233 85.2</gx:coord>
<when>2026-08-27T19:39:18Z</when>
<gx:coord>25.19566 59.5068417 85.8</gx:coord>
<when>2026-08-27T19:39:19Z</when>
<gx:coord>25.195805 59.5067683 86.8</gx:coord>
<when>2026-08-27T19:39:20Z</when>
<gx:coord>25.19595 59.5066983 87.2</gx:coord>
<when>2026-08-27T19:39:21Z</when>
<gx:coord>25.196095 59.50663 87.4</gx:coord>
<when>2026-08-27T19:39:22Z</when>
<gx:coord>25.196245 59.5065633 87.3</gx:coord>
<when>2026-08-27T19:39:23Z</when>
<gx:coord>25.1964067 59.5065033 87.5</gx:coord>
<when>2026-08-27T19:39:24Z</when>
<gx:coord>25.19658 59.5064467 87.8</gx:coord>
<when>2026-08-27T19:39:25Z</when>
<gx:coord>25.1967583 59.506395 88.3</gx:coord>
<when>2026-08-27T19:39:26Z</when>
<gx:coord>25.1969417 59.5063467 88.9</gx:coord>
<when>2026-08-27T19:39:27Z</when>
<gx:coord>25.19712 59.5063 89.6</gx:coord>
<when>2026-08-27T19:39:28Z</when>
<gx:coord>25.1972967 59.506255 90.5</gx:coord>
<when>2026-08-27T19:39:29Z</when>
<gx:coord>25.197475 59.5062133 91.3</gx:coord>
<when>2026-08-27T19:39:30Z</when>
<gx:coord>25.19766 59.5061733 91.7</gx:coord>
<when>2026-08-27T19:39:31Z</when>
<gx:coord>25.1978517 59.506135 92.2</gx:coord>
<when>2026-08-27T19:39:32Z</when>
<gx:coord>25.198045 59.506095 92.5</gx:coord>
<when>2026-08-27T19:39:33Z</when>
<gx:coord>25.198235 59.5060517 92.9</gx:coord>
<when>2026-08-27T19:39:34Z</when>
<gx:coord>25.1984217 59.50601 93.4</gx:coord>
<when>2026-08-27T19:39:35Z</when>
<gx:coord>25.1986033 59.5059667 94.0</gx:coord>
<when>2026-08-27T19:39:36Z</when>
<gx:coord>25.19878 59.5059183 94.3</gx:coord>
<when>2026-08-27T19:39:37Z</when>
<gx:coord>25.1989533 59.5058667 94.6</gx:coord>
<when>2026-08-27T19:39:38Z</when>
<gx:coord>25.1991267 59.505815 95.0</gx:coord>
<when>2026-08-27T19:39:39Z</when>
<gx:coord>25.199305 59.5057667 95.4</gx:coord>
<when>2026-08-27T19:39:40Z</when>
<gx:coord>25.19949 59.5057233 95.8</gx:coord>
<when>2026-08-27T19:39:41Z</when>
<gx:coord>25.1996767 59.50568 96.1</gx:coord>
<when>2026-08-27T19:39:42Z</when>
<gx:coord>25.1998633 59.5056417 96.2</gx:coord>
<when>2026-08-27T19:39:43Z</when>
<gx:coord>25.20005 59.5056033 96.1</gx:coord>
<when>2026-08-27T19:39:44Z</when>
<gx:coord>25.2002383 59.5055683 96.0</gx:coord>
<when>2026-08-27T19:39:45Z</when>
<gx:coord>25.20043 59.505535 96.0</gx:coord>
<when>2026-08-27T19:39:46Z</when>
<gx:coord>25.2006233 59.5055 96.0</gx:coord>
<when>2026-08-27T19:39:47Z</when>
<gx:coord>25.2008167 59.505465 96.0</gx:coord>
<when>2026-08-27T19:39:48Z</when>
<gx:coord>25.2010083 59.5054283 96.2</gx:coord>
<when>2026-08-27T19:39:49Z</when>
<gx:coord>25.201195 59.5053883 96.4</gx:coord>
<when>2026-08-27T19:39:50Z</when>
<gx:coord>25.2013767 59.5053483 96.7</gx:coord>
<when>2026-08-27T19:39:51Z</when>
<gx:coord>25.2015567 59.5053033 96.9</gx:coord>
<when>2026-08-27T19:39:52Z</when>
<gx:coord>25.2017383 59.5052567 97.4</gx:coord>
<when>2026-08-27T19:39:53Z</when>
<gx:coord>25.2019183 59.50521 97.8</gx:coord>
<when>2026-08-27T19:39:54Z</when>
<gx:coord>25.2020833 59.505165 98.0</gx:coord>
<when>2026-08-27T19:39:55Z</when>
<gx:coord>25.2022567 59.5051183 98.2</gx:coord>
<when>2026-08-27T19:39:56Z</when>
<gx:coord>25.2024333 59.5050683 98.6</gx:coord>
<when>2026-08-27T19:39:57Z</when>
<gx:coord>25.2026083 59.5050183 98.9</gx:coord>
<when>2026-08-27T19:39:58Z</when>
<gx:coord>25.2027867 59.5049683 99.4</gx:coord>
<when>2026-08-27T19:39:59Z</when>
<gx:coord>25.2029683 59.5049217 99.8</gx:coord>
<when>2026-08-27T19:40:00Z</when>
<gx:coord>25.2031533 59.5048783 100.3</gx:coord>
<when>2026-08-27T19:40:01Z</when>
<gx:coord>25.2033417 59.5048367 100.5</gx:coord>
<when>2026-08-27T19:40:02Z</when>
<gx:coord>25.20353 59.504795 101.0</gx:coord>
<when>2026-08-27T19:40:03Z</when>
<gx:coord>25.203715 59.504755 101.2</gx:coord>
<when>2026-08-27T19:40:04Z</when>
<gx:coord>25.2039017 59.504715 101.6</gx:coord>
<when>2026-08-27T19:40:05Z</when>
<gx:coord>25.2040867 59.504675 101.8</gx:coord>
<when>2026-08-27T19:40:06Z</when>
<gx:coord>25.20428 59.504635 102.0</gx:coord>
<when>2026-08-27T19:40:07Z</when>
<gx:coord>25.204475 59.5045967 102.4</gx:coord>
<when>2026-08-27T19:40:08Z</when>
<gx:coord>25.2046683 59.5045583 102.9</gx:coord>
<when>2026-08-27T19:40:09Z</when>
<gx:coord>25.2048617 59.5045183 103.3</gx:coord>
<when>2026-08-27T19:40:10Z</when>
<gx:coord>25.205055 59.5044783 103.8</gx:coord>
<when>2026-08-27T19:40:11Z</when>
<gx:coord>25.2052433 59.5044367 104.2</gx:coord>
<when>2026-08-27T19:40:12Z</when>
<gx:coord>25.2054317 59.5043933 104.6</gx:coord>
<when>2026-08-27T19:40:13Z</when>
<gx:coord>25.2056183 59.5043533 105.0</gx:coord>
<when>2026-08-27T19:40:14Z</when>
<gx:coord>25.2058083 59.5043133 105.5</gx:coord>
<when>2026-08-27T19:40:15Z</when>
<gx:coord>25.206 59.50428 106.0</gx:coord>
<when>2026-08-27T19:40:16Z</when>
<gx:coord>25.206195 59.5042483 106.5</gx:coord>
<when>2026-08-27T19:40:17Z</when>
<gx:coord>25.2063967 59.5042217 106.9</gx:coord>
<when>2026-08-27T19:40:18Z</when>
<gx:coord>25.2065967 59.5041983 107.4</gx:coord>
<when>2026-08-27T19:40:19Z</when>
<gx:coord>25.2067967 59.5041767 107.9</gx:coord>
<when>2026-08-27T19:40:20Z</when>
<gx:coord>25.2069833 59.50416 108.0</gx:coord>
<when>2026-08-27T19:40:21Z</when>
<gx:coord>25.207185 59.50414 108.3</gx:coord>
<when>2026-08-27T19:40:22Z</when>
<gx:coord>25.2073817 59.50412 108.3</gx:coord>
<when>2026-08-27T19:40:23Z</when>
<gx:coord>25.2075783 59.5041017 108.2</gx:coord>
<when>2026-08-27T19:40:24Z</when>
<gx:coord>25.2077833 59.5040833 108.0</gx:coord>
<when>2026-08-27T19:40:25Z</when>
<gx:coord>25.2079817 59.504065 107.5</gx:coord>
<when>2026-08-27T19:40:26Z</when>
<gx:coord>25.2081933 59.5040433 107.5</gx:coord>
<when>2026-08-27T19:40:27Z</when>
<gx:coord>25.2083967 59.5040217 107.5</gx:coord>
<when>2026-08-27T19:40:28Z</when>
<gx:coord>25.208595 59.5039983 107.6</gx:coord>
<when>2026-08-27T19:40:29Z</when>
<gx:coord>25.2087933 59.5039783 107.6</gx:coord>
<when>2026-08-27T19:40:30Z</when>
<gx:coord>25.2089917 59.5039583 107.5</gx:coord>
<when>2026-08-27T19:40:31Z</when>
<gx:coord>25.2091933 59.5039417 107.2</gx:coord>
<when>2026-08-27T19:40:32Z</when>
<gx:coord>25.2093967 59.5039317 107.1</gx:coord>
<when>2026-08-27T19:40:33Z</when>
<gx:coord>25.2096017 59.50392 106.9</gx:coord>
<when>2026-08-27T19:40:34Z</when>
<gx:coord>25.20981 59.5039067 106.7</gx:coord>
<when>2026-08-27T19:40:35Z</when>
<gx:coord>25.21001 59.5038933 106.3</gx:coord>
<when>2026-08-27T19:40:36Z</when>
<gx:coord>25.2102117 59.50388 106.0</gx:coord>
<when>2026-08-27T19:40:37Z</when>
<gx:coord>25.2104117 59.50387 105.6</gx:coord>
<when>2026-08-27T19:40:38Z</when>
<gx:coord>25.21061 59.5038633 104.7</gx:coord>
<when>2026-08-27T19:40:39Z</when>
<gx:coord>25.2108133 59.5038583 103.7</gx:coord>
<when>2026-08-27T19:40:40Z</when>
<gx:coord>25.21102 59.5038533 102.5</gx:coord>
<when>2026-08-27T19:40:41Z</when>
<gx:coord>25.2112317 59.5038483 101.8</gx:coord>
<when>2026-08-27T19:40:42Z</when>
<gx:coord>25.211445 59.5038417 101.2</gx:coord>
<when>2026-08-27T19:40:43Z</when>
<gx:coord>25.21166 59.50383 101.0</gx:coord>
<when>2026-08-27T19:40:44Z</when>
<gx:coord>25.2118717 59.5038117 101.0</gx:coord>
<when>2026-08-27T19:40:45Z</when>
<gx:coord>25.21208 59.503795 101.0</gx:coord>
<when>2026-08-27T19:40:46Z</when>
<gx:coord>25.212285 59.5037783 101.1</gx:coord>
<when>2026-08-27T19:40:47Z</when>
<gx:coord>25.21249 59.5037617 101.2</gx:coord>
<when>2026-08-27T19:40:48Z</when>
<gx:coord>25.212695 59.50375 101.0</gx:coord>
<when>2026-08-27T19:40:49Z</when>
<gx:coord>25.2128983 59.5037333 100.8</gx:coord>
<when>2026-08-27T19:40:50Z</when>
<gx:coord>25.2131 59.5037133 100.8</gx:coord>
<when>2026-08-27T19:40:51Z</when>
<gx:coord>25.2133033 59.5036933 101.5</gx:coord>
<when>2026-08-27T19:40:52Z</when>
<gx:coord>25.2134967 59.50368 101.5</gx:coord>
<when>2026-08-27T19:40:53Z</when>
<gx:coord>25.213695 59.5036633 101.7</gx:coord>
<when>2026-08-27T19:40:54Z</when>
<gx:coord>25.2139017 59.5036467 101.7</gx:coord>
<when>2026-08-27T19:40:55Z</when>
<gx:coord>25.2141033 59.50363 102.1</gx:coord>
<when>2026-08-27T19:40:56Z</when>
<gx:coord>25.214305 59.5036117 102.5</gx:coord>
<when>2026-08-27T19:40:57Z</when>
<gx:coord>25.214505 59.5035967 102.6</gx:coord>
<when>2026-08-27T19:40:58Z</when>
<gx:coord>25.2147017 59.5035817 103.0</gx:coord>
<when>2026-08-27T19:40:59Z</when>
<gx:coord>25.2149067 59.5035717 103.1</gx:coord>
<when>2026-08-27T19:41:00Z</when>
<gx:coord>25.2151067 59.5035617 102.8</gx:coord>
<when>2026-08-27T19:41:01Z</when>
<gx:coord>25.2153117 59.5035533 102.2</gx:coord>
<when>2026-08-27T19:41:02Z</when>
<gx:coord>25.215515 59.5035383 102.0</gx:coord>
<when>2026-08-27T19:41:03Z</when>
<gx:coord>25.2157117 59.5035233 101.8</gx:coord>
<when>2026-08-27T19:41:04Z</when>
<gx:coord>25.2159133 59.50351 101.4</gx:coord>
<when>2026-08-27T19:41:05Z</when>
<gx:coord>25.2161167 59.5034967 101.2</gx:coord>
<when>2026-08-27T19:41:06Z</when>
<gx:coord>25.216315 59.50348 101.0</gx:coord>
<when>2026-08-27T19:41:07Z</when>
<gx:coord>25.2165133 59.503465 100.6</gx:coord>
<when>2026-08-27T19:41:08Z</when>
<gx:coord>25.2167167 59.5034517 100.4</gx:coord>
<when>2026-08-27T19:41:09Z</when>
<gx:coord>25.2169233 59.5034367 100.2</gx:coord>
<when>2026-08-27T19:41:10Z</when>
<gx:coord>25.2171283 59.5034217 99.9</gx:coord>
<when>2026-08-27T19:41:11Z</when>
<gx:coord>25.2173333 59.5034067 99.6</gx:coord>
<when>2026-08-27T19:41:12Z</when>
<gx:coord>25.21754 59.5033933 99.6</gx:coord>
<when>2026-08-27T19:41:13Z</when>
<gx:coord>25.2177533 59.5033767 100.1</gx:coord>
<when>2026-08-27T19:41:14Z</when>
<gx:coord>25.2179617 59.5033617 100.7</gx:coord>
<when>2026-08-27T19:41:15Z</when>
<gx:coord>25.2181567 59.50335 100.5</gx:coord>
<when>2026-08-27T19:41:16Z</when>
<gx:coord>25.2183567 59.5033383 100.4</gx:coord>
<when>2026-08-27T19:41:17Z</when>
<gx:coord>25.2185633 59.5033283 100.7</gx:coord>
<when>2026-08-27T19:41:18Z</when>
<gx:coord>25.21877 59.50332 101.0</gx:coord>
<when>2026-08-27T19:41:19Z</when>
<gx:coord>25.2189783 59.503315 101.5</gx:coord>
<when>2026-08-27T19:41:20Z</when>
<gx:coord>25.21918 59.503315 101.8</gx:coord>
<when>2026-08-27T19:41:21Z</when>
<gx:coord>25.21939 59.503325 102.4</gx:coord>
<when>2026-08-27T19:41:22Z</when>
<gx:coord>25.2196033 59.5033417 103.0</gx:coord>
<when>2026-08-27T19:41:23Z</when>
<gx:coord>25.2198183 59.5033633 103.7</gx:coord>
<when>2026-08-27T19:41:24Z</when>
<gx:coord>25.22003 59.5033833 104.3</gx:coord>
<when>2026-08-27T19:41:25Z</when>
<gx:coord>25.220245 59.5034017 104.9</gx:coord>
<when>2026-08-27T19:41:26Z</when>
<gx:coord>25.2204583 59.5034217 105.6</gx:coord>
<when>2026-08-27T19:41:27Z</when>
<gx:coord>25.2206683 59.5034417 106.4</gx:coord>
<when>2026-08-27T19:41:28Z</when>
<gx:coord>25.2208683 59.50346 107.1</gx:coord>
<when>2026-08-27T19:41:29Z</when>
<gx:coord>25.221065 59.5034783 107.5</gx:coord>
<when>2026-08-27T19:41:30Z</when>
<gx:coord>25.221265 59.5034967 107.7</gx:coord>
<when>2026-08-27T19:41:31Z</when>
<gx:coord>25.2214667 59.50351 107.8</gx:coord>
<when>2026-08-27T19:41:32Z</when>
<gx:coord>25.22167 59.5035317 108.0</gx:coord>
<when>2026-08-27T19:41:33Z</when>
<gx:coord>25.2218767 59.5035517 108.6</gx:coord>
<when>2026-08-27T19:41:34Z</when>
<gx:coord>25.2220867 59.5035733 108.9</gx:coord>
<when>2026-08-27T19:41:35Z</when>
<gx:coord>25.2222967 59.5035967 109.4</gx:coord>
<when>2026-08-27T19:41:36Z</when>
<gx:coord>25.2224983 59.503625 110.2</gx:coord>
<when>2026-08-27T19:41:37Z</when>
<gx:coord>25.22269 59.5036633 111.1</gx:coord>
<when>2026-08-27T19:41:38Z</when>
<gx:coord>25.2228717 59.503715 112.0</gx:coord>
<when>2026-08-27T19:41:39Z</when>
<gx:coord>25.2230467 59.5037833 112.7</gx:coord>
<when>2026-08-27T19:41:40Z</when>
<gx:coord>25.2231983 59.5038667 112.6</gx:coord>
<when>2026-08-27T19:41:41Z</when>
<gx:coord>25.22336 59.503945 113.0</gx:coord>
<when>2026-08-27T19:41:42Z</when>
<gx:coord>25.2235417 59.5040083 113.3</gx:coord>
<when>2026-08-27T19:41:43Z</when>
<gx:coord>25.22375 59.5040433 113.1</gx:coord>
<when>2026-08-27T19:41:44Z</when>
<gx:coord>25.2239767 59.5040383 113.1</gx:coord>
<when>2026-08-27T19:41:45Z</when>
<gx:coord>25.2241967 59.5039967 112.9</gx:coord>
<when>2026-08-27T19:41:46Z</when>
<gx:coord>25.224405 59.503945 114.4</gx:coord>
<when>2026-08-27T19:41:47Z</when>
<gx:coord>25.2246017 59.503905 115.7</gx:coord>
<when>2026-08-27T19:41:48Z</when>
<gx:coord>25.2247933 59.5038833 116.6</gx:coord>
<when>2026-08-27T19:41:49Z</when>
<gx:coord>25.2249817 59.503875 117.1</gx:coord>
<when>2026-08-27T19:41:50Z</when>
<gx:coord>25.225175 59.503875 117.1</gx:coord>
<when>2026-08-27T19:41:51Z</when>
<gx:coord>25.22538 59.5038833 116.9</gx:coord>
<when>2026-08-27T19:41:52Z</when>
<gx:coord>25.2256017 59.5038983 117.0</gx:coord>
<when>2026-08-27T19:41:53Z</when>
<gx:coord>25.22582 59.5039183 117.1</gx:coord>
<when>2026-08-27T19:41:54Z</when>
<gx:coord>25.2260317 59.5039417 117.5</gx:coord>
<when>2026-08-27T19:41:55Z</when>
<gx:coord>25.2262383 59.50397 118.2</gx:coord>
<when>2026-08-27T19:41:56Z</when>
<gx:coord>25.22644 59.5040033 118.5</gx:coord>
<when>2026-08-27T19:41:57Z</when>
<gx:coord>25.226645 59.5040383 118.5</gx:coord>
<when>2026-08-27T19:41:58Z</when>
<gx:coord>25.2268533 59.50407 118.4</gx:coord>
<when>2026-08-27T19:41:59Z</when>
<gx:coord>25.2270683 59.5040983 118.5</gx:coord>
<when>2026-08-27T19:42:00Z</when>
<gx:coord>25.2272917 59.5041267 119.0</gx:coord>
<when>2026-08-27T19:42:01Z</when>
<gx:coord>25.2275117 59.5041517 120.1</gx:coord>
<when>2026-08-27T19:42:02Z</when>
<gx:coord>25.2277217 59.504175 121.5</gx:coord>
<when>2026-08-27T19:42:03Z</when>
<gx:coord>25.22791 59.504195 122.7</gx:coord>
<when>2026-08-27T19:42:04Z</when>
<gx:coord>25.2280817 59.5042133 123.2</gx:coord>
<when>2026-08-27T19:42:05Z</when>
<gx:coord>25.2282517 59.50423 123.2</gx:coord>
<when>2026-08-27T19:42:06Z</when>
<gx:coord>25.2284233 59.5042433 121.8</gx:coord>
<when>2026-08-27T19:42:07Z</when>
<gx:coord>25.2286133 59.50426 120.3</gx:coord>
<when>2026-08-27T19:42:08Z</when>
<gx:coord>25.22883 59.5042767 119.5</gx:coord>
<when>2026-08-27T19:42:09Z</when>
<gx:coord>25.22905 59.5042967 119.7</gx:coord>
<when>2026-08-27T19:42:10Z</when>
<gx:coord>25.22925 59.5043267 120.1</gx:coord>
<when>2026-08-27T19:42:11Z</when>
<gx:coord>25.22942 59.5043767 120.6</gx:coord>
<when>2026-08-27T19:42:12Z</when>
<gx:coord>25.2295583 59.504445 120.5</gx:coord>
<when>2026-08-27T19:42:13Z</when>
<gx:coord>25.22969 59.5045267 119.7</gx:coord>
<when>2026-08-27T19:42:14Z</when>
<gx:coord>25.2298433 59.5046133 118.9</gx:coord>
<when>2026-08-27T19:42:15Z</when>
<gx:coord>25.23002 59.5046933 119.0</gx:coord>
<when>2026-08-27T19:42:16Z</when>
<gx:coord>25.2302067 59.50476 119.5</gx:coord>
<when>2026-08-27T19:42:17Z</when>
<gx:coord>25.2303933 59.50482 121.1</gx:coord>
<when>2026-08-27T19:42:18Z</when>
<gx:coord>25.2305667 59.5048767 122.4</gx:coord>
<when>2026-08-27T19:42:19Z</when>
<gx:coord>25.2307267 59.50493 123.4</gx:coord>
<when>2026-08-27T19:42:20Z</when>
<gx:coord>25.230885 59.5049783 123.4</gx:coord>
<when>2026-08-27T19:42:21Z</when>
<gx:coord>25.2310617 59.505025 123.2</gx:coord>
<when>2026-08-27T19:42:22Z</when>
<gx:coord>25.2312517 59.5050667 123.3</gx:coord>
<when>2026-08-27T19:42:23Z</when>
<gx:coord>25.2314417 59.5051 123.7</gx:coord>
<when>2026-08-27T19:42:24Z</when>
<gx:coord>25.2316333 59.505135 124.9</gx:coord>
<when>2026-08-27T19:42:25Z</when>
<gx:coord>25.2318133 59.5051717 126.1</gx:coord>
<when>2026-08-27T19:42:26Z</when>
<gx:coord>25.231985 59.5052133 127.1</gx:coord>
<when>2026-08-27T19:42:27Z</when>
<gx:coord>25.2321517 59.50526 128.1</gx:coord>
<when>2026-08-27T19:42:28Z</when>
<gx:coord>25.232315 59.5053133 129.0</gx:coord>
<when>2026-08-27T19:42:29Z</when>
<gx:coord>25.232485 59.5053683 130.0</gx:coord>
<when>2026-08-27T19:42:30Z</when>
<gx:coord>25.232665 59.5054233 130.8</gx:coord>
<when>2026-08-27T19:42:31Z</when>
<gx:coord>25.23284 59.505475 131.6</gx:coord>
<when>2026-08-27T19:42:32Z</when>
<gx:coord>25.2330183 59.5055167 132.4</gx:coord>
<when>2026-08-27T19:42:33Z</when>
<gx:coord>25.2331883 59.50556 133.1</gx:coord>
<when>2026-08-27T19:42:34Z</when>
<gx:coord>25.23336 59.5056033 133.6</gx:coord>
<when>2026-08-27T19:42:35Z</when>
<gx:coord>25.2335317 59.5056483 134.1</gx:coord>
<when>2026-08-27T19:42:36Z</when>
<gx:coord>25.233705 59.5056983 134.5</gx:coord>
<when>2026-08-27T19:42:37Z</when>
<gx:coord>25.2338783 59.50575 135.0</gx:coord>
<when>2026-08-27T19:42:38Z</when>
<gx:coord>25.2340517 59.5058067 135.8</gx:coord>
<when>2026-08-27T19:42:39Z</when>
<gx:coord>25.2342233 59.5058683 136.7</gx:coord>
<when>2026-08-27T19:42:40Z</when>
<gx:coord>25.234385 59.5059283 137.2</gx:coord>
<when>2026-08-27T19:42:41Z</when>
<gx:coord>25.234545 59.50599 137.7</gx:coord>
<when>2026-08-27T19:42:42Z</when>
<gx:coord>25.2347067 59.50605 138.4</gx:coord>
<when>2026-08-27T19:42:43Z</when>
<gx:coord>25.2348683 59.50611 138.6</gx:coord>
<when>2026-08-27T19:42:44Z</when>
<gx:coord>25.2350333 59.5061683 138.4</gx:coord>
<when>2026-08-27T19:42:45Z</when>
<gx:coord>25.2351967 59.506225 138.0</gx:coord>
<when>2026-08-27T19:42:46Z</when>
<gx:coord>25.235365 59.5062867 137.9</gx:coord>
<when>2026-08-27T19:42:47Z</when>
<gx:coord>25.2355333 59.50635 137.4</gx:coord>
<when>2026-08-27T19:42:48Z</when>
<gx:coord>25.2357033 59.5064167 137.0</gx:coord>
<when>2026-08-27T19:42:49Z</when>
<gx:coord>25.2358683 59.506485 136.6</gx:coord>
<when>2026-08-27T19:42:50Z</when>
<gx:coord>25.23603 59.5065517 135.9</gx:coord>
<when>2026-08-27T19:42:51Z</when>
<gx:coord>25.23618 59.5066183 134.6</gx:coord>
<when>2026-08-27T19:42:52Z</when>
<gx:coord>25.2363333 59.5066883 133.1</gx:coord>
<when>2026-08-27T19:42:53Z</when>
<gx:coord>25.2364967 59.5067617 131.9</gx:coord>
<when>2026-08-27T19:42:54Z</when>
<gx:coord>25.23667 59.5068383 131.0</gx:coord>
<when>2026-08-27T19:42:55Z</when>
<gx:coord>25.2368417 59.5069117 131.1</gx:coord>
<when>2026-08-27T19:42:56Z</when>
<gx:coord>25.2370067 59.50698 131.8</gx:coord>
<when>2026-08-27T19:42:57Z</when>
<gx:coord>25.23716 59.507045 132.1</gx:coord>
<when>2026-08-27T19:42:58Z</when>
<gx:coord>25.2373133 59.5071083 131.7</gx:coord>
<when>2026-08-27T19:42:59Z</when>
<gx:coord>25.2374683 59.5071733 130.9</gx:coord>
<when>2026-08-27T19:43:00Z</when>
<gx:coord>25.2376267 59.50724 130.2</gx:coord>
<when>2026-08-27T19:43:01Z</when>
<gx:coord>25.2377933 59.5073083 130.0</gx:coord>
<when>2026-08-27T19:43:02Z</when>
<gx:coord>25.2379633 59.5073767 130.0</gx:coord>
<when>2026-08-27T19:43:03Z</when>
<gx:coord>25.2381333 59.5074433 130.3</gx:coord>
<when>2026-08-27T19:43:04Z</when>
<gx:coord>25.2382967 59.5075083 130.7</gx:coord>
<when>2026-08-27T19:43:05Z</when>
<gx:coord>25.238455 59.5075717 130.8</gx:coord>
<when>2026-08-27T19:43:06Z</when>
<gx:coord>25.2386133 59.507635 130.8</gx:coord>
<when>2026-08-27T19:43:07Z</when>
<gx:coord>25.2387783 59.5076967 130.6</gx:coord>
<when>2026-08-27T19:43:08Z</when>
<gx:coord>25.2389483 59.5077583 130.4</gx:coord>
<when>2026-08-27T19:43:09Z</when>
<gx:coord>25.2391183 59.5078183 130.2</gx:coord>
<when>2026-08-27T19:43:10Z</when>
<gx:coord>25.2392917 59.5078767 130.0</gx:coord>
<when>2026-08-27T19:43:11Z</when>
<gx:coord>25.239465 59.5079333 130.0</gx:coord>
<when>2026-08-27T19:43:12Z</when>
<gx:coord>25.239635 59.50799 129.9</gx:coord>
<when>2026-08-27T19:43:13Z</when>
<gx:coord>25.2398033 59.508045 129.8</gx:coord>
<when>2026-08-27T19:43:14Z</when>
<gx:coord>25.2399717 59.5081 129.6</gx:coord>
<when>2026-08-27T19:43:15Z</when>
<gx:coord>25.2401433 59.5081533 129.3</gx:coord>
<when>2026-08-27T19:43:16Z</when>
<gx:coord>25.2403167 59.508205 129.0</gx:coord>
<when>2026-08-27T19:43:17Z</when>
<gx:coord>25.2404933 59.508255 128.7</gx:coord>
<when>2026-08-27T19:43:18Z</when>
<gx:coord>25.2406683 59.5083033 128.4</gx:coord>
<when>2026-08-27T19:43:19Z</when>
<gx:coord>25.2408317 59.50835 128.1</gx:coord>
<when>2026-08-27T19:43:20Z</when>
<gx:coord>25.241005 59.5083983 128.0</gx:coord>
<when>2026-08-27T19:43:21Z</when>
<gx:coord>25.2411817 59.5084417 128.2</gx:coord>
<when>2026-08-27T19:43:22Z</when>
<gx:coord>25.2413567 59.5084817 128.4</gx:coord>
<when>2026-08-27T19:43:23Z</when>
<gx:coord>25.2415283 59.5085233 128.6</gx:coord>
<when>2026-08-27T19:43:24Z</when>
<gx:coord>25.2417 59.50857 128.7</gx:coord>
<when>2026-08-27T19:43:25Z</when>
<gx:coord>25.2418767 59.5086233 128.6</gx:coord>
<when>2026-08-27T19:43:26Z</when>
<gx:coord>25.2420483 59.508675 128.5</gx:coord>
<when>2026-08-27T19:43:27Z</when>
<gx:coord>25.2422233 59.5087317 128.5</gx:coord>
<when>2026-08-27T19:43:28Z</when>
<gx:coord>25.2423967 59.5087867 128.7</gx:coord>
<when>2026-08-27T19:43:29Z</when>
<gx:coord>25.24257 59.5088433 129.2</gx:coord>
<when>2026-08-27T19:43:30Z</when>
<gx:coord>25.24274 59.5089 129.7</gx:coord>
<when>2026-08-27T19:43:31Z</when>
<gx:coord>25.2429083 59.5089583 130.3</gx:coord>
<when>2026-08-27T19:43:32Z</when>
<gx:coord>25.2430733 59.5090167 130.8</gx:coord>
<when>2026-08-27T19:43:33Z</when>
<gx:coord>25.243235 59.509075 131.3</gx:coord>
<when>2026-08-27T19:43:34Z</when>
<gx:coord>25.2434 59.509135 131.7</gx:coord>
<when>2026-08-27T19:43:35Z</when>
<gx:coord>25.2435633 59.5091933 132.3</gx:coord>
<when>2026-08-27T19:43:36Z</when>
<gx:coord>25.2437267 59.5092533 132.7</gx:coord>
<when>2026-08-27T19:43:37Z</when>
<gx:coord>25.2438933 59.5093133 133.3</gx:coord>
<when>2026-08-27T19:43:38Z</when>
<gx:coord>25.2440533 59.5093733 134.0</gx:coord>
<when>2026-08-27T19:43:39Z</when>
<gx:coord>25.2442067 59.5094367 134.8</gx:coord>
<when>2026-08-27T19:43:40Z</when>
<gx:coord>25.244355 59.5095017 135.1</gx:coord>
<when>2026-08-27T19:43:41Z</when>
<gx:coord>25.2445 59.5095733 135.2</gx:coord>
<when>2026-08-27T19:43:42Z</when>
<gx:coord>25.2446417 59.50965 135.2</gx:coord>
<when>2026-08-27T19:43:43Z</when>
<gx:coord>25.2447783 59.50973 135.2</gx:coord>
<when>2026-08-27T19:43:44Z</when>
<gx:coord>25.244915 59.50981 135.3</gx:coord>
<when>2026-08-27T19:43:45Z</when>
<gx:coord>25.24505 59.5098867 135.1</gx:coord>
<when>2026-08-27T19:43:46Z</when>
<gx:coord>25.245185 59.509965 134.9</gx:coord>
<when>2026-08-27T19:43:47Z</when>
<gx:coord>25.2453183 59.5100417 134.5</gx:coord>
<when>2026-08-27T19:43:48Z</when>
<gx:coord>25.245445 59.51012 134.1</gx:coord>
<when>2026-08-27T19:43:49Z</when>
<gx:coord>25.2455667 59.5102 133.6</gx:coord>
<when>2026-08-27T19:43:50Z</when>
<gx:coord>25.245685 59.5102833 132.8</gx:coord>
<when>2026-08-27T19:43:51Z</when>
<gx:coord>25.245805 59.5103683 132.1</gx:coord>
<when>2026-08-27T19:43:52Z</when>
<gx:coord>25.2459217 59.510455 131.5</gx:coord>
<when>2026-08-27T19:43:53Z</when>
<gx:coord>25.246035 59.5105383 130.9</gx:coord>
<when>2026-08-27T19:43:54Z</when>
<gx:coord>25.246145 59.5106217 130.2</gx:coord>
<when>2026-08-27T19:43:55Z</when>
<gx:coord>25.2462517 59.510705 129.2</gx:coord>
<when>2026-08-27T19:43:56Z</when>
<gx:coord>25.2463583 59.51079 128.3</gx:coord>
<when>2026-08-27T19:43:57Z</when>
<gx:coord>25.246465 59.5108767 127.8</gx:coord>
<when>2026-08-27T19:43:58Z</when>
<gx:coord>25.246575 59.5109633 127.2</gx:coord>
<when>2026-08-27T19:43:59Z</when>
<gx:coord>25.2466867 59.5110467 126.5</gx:coord>
<when>2026-08-27T19:44:00Z</when>
<gx:coord>25.2468017 59.511125 125.8</gx:coord>
<when>2026-08-27T19:44:01Z</when>
<gx:coord>25.24693 59.5112017 125.7</gx:coord>
<when>2026-08-27T19:44:02Z</when>
<gx:coord>25.2470817 59.511265 125.2</gx:coord>
<when>2026-08-27T19:44:03Z</when>
<gx:coord>25.247245 59.5113217 125.1</gx:coord>
<when>2026-08-27T19:44:04Z</when>
<gx:coord>25.2474083 59.5113783 125.2</gx:coord>
<when>2026-08-27T19:44:05Z</when>
<gx:coord>25.2475583 59.51144 125.1</gx:coord>
<when>2026-08-27T19:44:06Z</when>
<gx:coord>25.2476967 59.5115067 124.5</gx:coord>
<when>2026-08-27T19:44:07Z</when>
<gx:coord>25.2478317 59.5115783 123.8</gx:coord>
<when>2026-08-27T19:44:08Z</when>
<gx:coord>25.2479767 59.51165 123.5</gx:coord>
<when>2026-08-27T19:44:09Z</when>
<gx:coord>25.2481333 59.5117183 123.2</gx:coord>
<when>2026-08-27T19:44:10Z</when>
<gx:coord>25.248295 59.5117817 123.3</gx:coord>
<when>2026-08-27T19:44:11Z</when>
<gx:coord>25.2484517 59.511845 123.9</gx:coord>
<when>2026-08-27T19:44:12Z</when>
<gx:coord>25.2486083 59.51191 124.3</gx:coord>
<when>2026-08-27T19:44:13Z</when>
<gx:coord>25.2487617 59.5119733 125.0</gx:coord>
<when>2026-08-27T19:44:14Z</when>
<gx:coord>25.2489117 59.5120333 125.1</gx:coord>
<when>2026-08-27T19:44:15Z</when>
<gx:coord>25.2490683 59.5120933 125.2</gx:coord>
<when>2026-08-27T19:44:16Z</when>
<gx:coord>25.2492317 59.51215 125.3</gx:coord>
<when>2026-08-27T19:44:17Z</when>
<gx:coord>25.2493933 59.5122067 125.7</gx:coord>
<when>2026-08-27T19:44:18Z</when>
<gx:coord>25.2495583 59.5122633 126.1</gx:coord>
<when>2026-08-27T19:44:19Z</when>
<gx:coord>25.2497217 59.5123167 126.3</gx:coord>
<when>2026-08-27T19:44:20Z</when>
<gx:coord>25.2498833 59.5123683 126.3</gx:coord>
<when>2026-08-27T19:44:21Z</when>
<gx:coord>25.2500483 59.5124217 126.3</gx:coord>
<when>2026-08-27T19:44:22Z</when>
<gx:coord>25.2502133 59.5124783 126.5</gx:coord>
<when>2026-08-27T19:44:23Z</when>
<gx:coord>25.2503767 59.5125383 126.8</gx:coord>
<when>2026-08-27T19:44:24Z</when>
<gx:coord>25.2505317 59.5126033 127.2</gx:coord>
<when>2026-08-27T19:44:25Z</when>
<gx:coord>25.2506817 59.51267 127.6</gx:coord>
<when>2026-08-27T19:44:26Z</when>
<gx:coord>25.2508233 59.5127417 127.8</gx:coord>
<when>2026-08-27T19:44:27Z</when>
<gx:coord>25.25096 59.5128133 127.7</gx:coord>
<when>2026-08-27T19:44:28Z</when>
<gx:coord>25.2510883 59.51289 127.6</gx:coord>
<when>2026-08-27T19:44:29Z</when>
<gx:coord>25.251215 59.5129667 127.8</gx:coord>
<when>2026-08-27T19:44:30Z</when>
<gx:coord>25.2513467 59.5130417 128.1</gx:coord>
<when>2026-08-27T19:44:31Z</when>
<gx:coord>25.2514983 59.5131 128.0</gx:coord>
<when>2026-08-27T19:44:32Z</when>
<gx:coord>25.25168 59.51313 127.4</gx:coord>
<when>2026-08-27T19:44:33Z</when>
<gx:coord>25.2518783 59.5131267 126.7</gx:coord>
<when>2026-08-27T19:44:34Z</when>
<gx:coord>25.2520783 59.513105 126.4</gx:coord>
<when>2026-08-27T19:44:35Z</when>
<gx:coord>25.2522733 59.51308 127.2</gx:coord>
<when>2026-08-27T19:44:36Z</when>
<gx:coord>25.25246 59.51306 127.4</gx:coord>
<when>2026-08-27T19:44:37Z</when>
<gx:coord>25.2526383 59.5130483 127.3</gx:coord>
<when>2026-08-27T19:44:38Z</when>
<gx:coord>25.252815 59.5130433 126.6</gx:coord>
<when>2026-08-27T19:44:39Z</when>
<gx:coord>25.2530017 59.51305 126.2</gx:coord>
<when>2026-08-27T19:44:40Z</when>
<gx:coord>25.2531867 59.5130717 126.0</gx:coord>
<when>2026-08-27T19:44:41Z</when>
<gx:coord>25.2533717 59.5131183 125.4</gx:coord>
<when>2026-08-27T19:44:42Z</when>
<gx:coord>25.25354 59.5131833 125.6</gx:coord>
<when>2026-08-27T19:44:43Z</when>
<gx:coord>25.2536817 59.513265 125.7</gx:coord>
<when>2026-08-27T19:44:44Z</when>
<gx:coord>25.25379 59.5133583 125.7</gx:coord>
<when>2026-08-27T19:44:45Z</when>
<gx:coord>25.2538633 59.513455 125.8</gx:coord>
<when>2026-08-27T19:44:46Z</when>
<gx:coord>25.253885 59.5135583 125.6</gx:coord>
<when>2026-08-27T19:44:47Z</when>
<gx:coord>25.2539133 59.5136717 125.5</gx:coord>
<when>2026-08-27T19:44:48Z</when>
<gx:coord>25.253935 59.5137817 125.6</gx:coord>
<when>2026-08-27T19:44:49Z</when>
<gx:coord>25.25395 59.5138933 126.1</gx:coord>
<when>2026-08-27T19:44:50Z</when>
<gx:coord>25.253945 59.5140033 125.9</gx:coord>
<when>2026-08-27T19:44:51Z</when>
<gx:coord>25.2539167 59.51412 126.1</gx:coord>
<when>2026-08-27T19:44:52Z</when>
<gx:coord>25.2538733 59.514235 126.3</gx:coord>
<when>2026-08-27T19:44:53Z</when>
<gx:coord>25.2538483 59.5143517 126.5</gx:coord>
<when>2026-08-27T19:44:54Z</when>
<gx:coord>25.2538733 59.514465 126.8</gx:coord>
<when>2026-08-27T19:44:55Z</when>
<gx:coord>25.253965 59.5145667 126.3</gx:coord>
<when>2026-08-27T19:44:56Z</when>
<gx:coord>25.2541033 59.5146533 126.2</gx:coord>
<when>2026-08-27T19:44:57Z</when>
<gx:coord>25.2542583 59.51473 126.1</gx:coord>
<when>2026-08-27T19:44:58Z</when>
<gx:coord>25.2544083 59.514805 126.2</gx:coord>
<when>2026-08-27T19:44:59Z</when>
<gx:coord>25.2545517 59.5148767 126.2</gx:coord>
<when>2026-08-27T19:45:00Z</when>
<gx:coord>25.25469 59.5149433 125.9</gx:coord>
<when>2026-08-27T19:45:01Z</when>
<gx:coord>25.2548417 59.5150067 125.1</gx:coord>
<when>2026-08-27T19:45:02Z</when>
<gx:coord>25.2549967 59.5150717 124.3</gx:coord>
<when>2026-08-27T19:45:03Z</when>
<gx:coord>25.2551583 59.5151417 123.4</gx:coord>
<when>2026-08-27T19:45:04Z</when>
<gx:coord>25.25532 59.515215 122.6</gx:coord>
<when>2026-08-27T19:45:05Z</when>
<gx:coord>25.2554783 59.51529 122.1</gx:coord>
<when>2026-08-27T19:45:06Z</when>
<gx:coord>25.2556333 59.515365 121.8</gx:coord>
<when>2026-08-27T19:45:07Z</when>
<gx:coord>25.2557867 59.5154383 121.3</gx:coord>
<when>2026-08-27T19:45:08Z</when>
<gx:coord>25.255935 59.51551 120.9</gx:coord>
<when>2026-08-27T19:45:09Z</when>
<gx:coord>25.2560833 59.5155833 120.3</gx:coord>
<when>2026-08-27T19:45:10Z</when>
<gx:coord>25.256235 59.5156567 119.6</gx:coord>
<when>2026-08-27T19:45:11Z</when>
<gx:coord>25.25639 59.5157317 119.2</gx:coord>
<when>2026-08-27T19:45:12Z</when>
<gx:coord>25.2565417 59.5158117 119.0</gx:coord>
<when>2026-08-27T19:45:13Z</when>
<gx:coord>25.2566933 59.51589 119.3</gx:coord>
<when>2026-08-27T19:45:14Z</when>
<gx:coord>25.25684 59.5159667 118.9</gx:coord>
<when>2026-08-27T19:45:15Z</when>
<gx:coord>25.25699 59.5160417 119.0</gx:coord>
<when>2026-08-27T19:45:16Z</when>
<gx:coord>25.25714 59.516115 119.0</gx:coord>
<when>2026-08-27T19:45:17Z</when>
<gx:coord>25.257295 59.516185 119.0</gx:coord>
<when>2026-08-27T19:45:18Z</when>
<gx:coord>25.25745 59.5162567 118.9</gx:coord>
<when>2026-08-27T19:45:19Z</when>
<gx:coord>25.2576067 59.51633 119.0</gx:coord>
<when>2026-08-27T19:45:20Z</when>
<gx:coord>25.2577633 59.5164033 119.0</gx:coord>
<when>2026-08-27T19:45:21Z</when>
<gx:coord>25.2579233 59.5164767 119.1</gx:coord>
<when>2026-08-27T19:45:22Z</when>
<gx:coord>25.2580833 59.51655 119.4</gx:coord>
<when>2026-08-27T19:45:23Z</when>
<gx:coord>25.2582433 59.51662 119.6</gx:coord>
<when>2026-08-27T19:45:24Z</when>
<gx:coord>25.2584067 59.51669 120.2</gx:coord>
<when>2026-08-27T19:45:25Z</when>
<gx:coord>25.25857 59.5167567 120.7</gx:coord>
<when>2026-08-27T19:45:26Z</when>
<gx:coord>25.258735 59.5168183 121.1</gx:coord>
<when>2026-08-27T19:45:27Z</when>
<gx:coord>25.2589083 59.5168817 121.1</gx:coord>
<when>2026-08-27T19:45:28Z</when>
<gx:coord>25.2590917 59.5169417 120.9</gx:coord>
<when>2026-08-27T19:45:29Z</when>
<gx:coord>25.259295 59.51701 120.5</gx:coord>
<when>2026-08-27T19:45:30Z</when>
<gx:coord>25.2594967 59.5170783 120.1</gx:coord>
<when>2026-08-27T19:45:31Z</when>
<gx:coord>25.25968 59.5171433 120.0</gx:coord>
<when>2026-08-27T19:45:32Z</when>
<gx:coord>25.2598517 59.517215 119.9</gx:coord>
<when>2026-08-27T19:45:33Z</when>
<gx:coord>25.26002 59.517295 119.8</gx:coord>
<when>2026-08-27T19:45:34Z</when>
<gx:coord>25.2601967 59.5173767 119.1</gx:coord>
<when>2026-08-27T19:45:35Z</when>
<gx:coord>25.260375 59.5174633 118.2</gx:coord>
<when>2026-08-27T19:45:36Z</when>
<gx:coord>25.2605467 59.5175483 117.6</gx:coord>
<when>2026-08-27T19:45:37Z</when>
<gx:coord>25.26071 59.51764 117.0</gx:coord>
<when>2026-08-27T19:45:38Z</when>
<gx:coord>25.2608667 59.517735 116.6</gx:coord>
<when>2026-08-27T19:45:39Z</when>
<gx:coord>25.2610167 59.5178283 116.4</gx:coord>
<when>2026-08-27T19:45:40Z</when>
<gx:coord>25.2611583 59.5179183 116.6</gx:coord>
<when>2026-08-27T19:45:41Z</when>
<gx:coord>25.26131 59.5180117 116.4</gx:coord>
<when>2026-08-27T19:45:42Z</when>
<gx:coord>25.26146 59.5181017 116.3</gx:coord>
<when>2026-08-27T19:45:43Z</when>
<gx:coord>25.2616117 59.5181933 116.3</gx:coord>
<when>2026-08-27T19:45:44Z</when>
<gx:coord>25.261765 59.518285 116.6</gx:coord>
<when>2026-08-27T19:45:45Z</when>
<gx:coord>25.2619183 59.51838 117.0</gx:coord>
<when>2026-08-27T19:45:46Z</when>
<gx:coord>25.2620667 59.518475 116.9</gx:coord>
<when>2026-08-27T19:45:47Z</when>
<gx:coord>25.2622167 59.5185683 116.5</gx:coord>
<when>2026-08-27T19:45:48Z</when>
<gx:coord>25.2623683 59.5186617 116.0</gx:coord>
<when>2026-08-27T19:45:49Z</when>
<gx:coord>25.26252 59.518755 116.0</gx:coord>
<when>2026-08-27T19:45:50Z</when>
<gx:coord>25.2626717 59.5188483 115.5</gx:coord>
<when>2026-08-27T19:45:51Z</when>
<gx:coord>25.26282 59.5189417 115.2</gx:coord>
<when>2026-08-27T19:45:52Z</when>
<gx:coord>25.26297 59.5190383 114.7</gx:coord>
<when>2026-08-27T19:45:53Z</when>
<gx:coord>25.26312 59.5191333 114.1</gx:coord>
<when>2026-08-27T19:45:54Z</when>
<gx:coord>25.2632733 59.51923 113.6</gx:coord>
<when>2026-08-27T19:45:55Z</when>
<gx:coord>25.2634233 59.5193267 113.3</gx:coord>
<when>2026-08-27T19:45:56Z</when>
<gx:coord>25.2635683 59.5194233 112.9</gx:coord>
<when>2026-08-27T19:45:57Z</when>
<gx:coord>25.2637117 59.51952 112.3</gx:coord>
<when>2026-08-27T19:45:58Z</when>
<gx:coord>25.2638533 59.51962 111.7</gx:coord>
<when>2026-08-27T19:45:59Z</when>
<gx:coord>25.2639967 59.51972 111.4</gx:coord>
<when>2026-08-27T19:46:00Z</when>
<gx:coord>25.26414 59.51982 110.9</gx:coord>
<when>2026-08-27T19:46:01Z</when>
<gx:coord>25.2642867 59.51992 110.3</gx:coord>
<when>2026-08-27T19:46:02Z</when>
<gx:coord>25.2644317 59.5200183 109.5</gx:coord>
<when>2026-08-27T19:46:03Z</when>
<gx:coord>25.2645767 59.5201167 108.7</gx:coord>
<when>2026-08-27T19:46:04Z</when>
<gx:coord>25.2647167 59.52021 107.8</gx:coord>
<when>2026-08-27T19:46:05Z</when>
<gx:coord>25.264855 59.520305 106.7</gx:coord>
<when>2026-08-27T19:46:06Z</when>
<gx:coord>25.2649933 59.5204017 105.3</gx:coord>
<when>2026-08-27T19:46:07Z</when>
<gx:coord>25.2651333 59.520505 104.1</gx:coord>
<when>2026-08-27T19:46:08Z</when>
<gx:coord>25.2652767 59.5206083 102.8</gx:coord>
<when>2026-08-27T19:46:09Z</when>
<gx:coord>25.265425 59.52071 101.8</gx:coord>
<when>2026-08-27T19:46:10Z</when>
<gx:coord>25.265575 59.52081 101.1</gx:coord>
<when>2026-08-27T19:46:11Z</when>
<gx:coord>25.2657183 59.5209083 100.2</gx:coord>
<when>2026-08-27T19:46:12Z</when>
<gx:coord>25.2658567 59.52101 99.4</gx:coord>
<when>2026-08-27T19:46:13Z</when>
<gx:coord>25.26599 59.52111 98.5</gx:coord>
<when>2026-08-27T19:46:14Z</when>
<gx:coord>25.2661267 59.5212117 97.7</gx:coord>
<when>2026-08-27T19:46:15Z</when>
<gx:coord>25.266265 59.5213117 97.0</gx:coord>
<when>2026-08-27T19:46:16Z</when>
<gx:coord>25.266405 59.52141 96.2</gx:coord>
<when>2026-08-27T19:46:17Z</when>
<gx:coord>25.2665433 59.52151 95.4</gx:coord>
<when>2026-08-27T19:46:18Z</when>
<gx:coord>25.266675 59.521605 93.8</gx:coord>
<when>2026-08-27T19:46:19Z</when>
<gx:coord>25.2668033 59.5217017 92.8</gx:coord>
<when>2026-08-27T19:46:20Z</when>
<gx:coord>25.26693 59.5218017 91.5</gx:coord>
<when>2026-08-27T19:46:21Z</when>
<gx:coord>25.267055 59.5219017 90.1</gx:coord>
<when>2026-08-27T19:46:22Z</when>
<gx:coord>25.26718 59.5220067 89.0</gx:coord>
<when>2026-08-27T19:46:23Z</when>
<gx:coord>25.2673067 59.5221133 87.9</gx:coord>
<when>2026-08-27T19:46:24Z</when>
<gx:coord>25.2674333 59.52222 87.0</gx:coord>
<when>2026-08-27T19:46:25Z</when>
<gx:coord>25.26756 59.522325 86.4</gx:coord>
<when>2026-08-27T19:46:26Z</when>
<gx:coord>25.26768 59.52243 85.2</gx:coord>
<when>2026-08-27T19:46:27Z</when>
<gx:coord>25.2677917 59.522535 84.3</gx:coord>
<when>2026-08-27T19:46:28Z</when>
<gx:coord>25.2678983 59.522645 83.2</gx:coord>
<when>2026-08-27T19:46:29Z</when>
<gx:coord>25.2680033 59.5227567 82.1</gx:coord>
<when>2026-08-27T19:46:30Z</when>
<gx:coord>25.26811 59.52287 81.2</gx:coord>
<when>2026-08-27T19:46:31Z</when>
<gx:coord>25.2682183 59.522985 81.0</gx:coord>
<when>2026-08-27T19:46:32Z</when>
<gx:coord>25.2683217 59.5231 81.0</gx:coord>
<when>2026-08-27T19:46:33Z</when>
<gx:coord>25.268425 59.5232117 81.0</gx:coord>
<when>2026-08-27T19:46:34Z</when>
<gx:coord>25.268525 59.5233217 80.7</gx:coord>
<when>2026-08-27T19:46:35Z</when>
<gx:coord>25.2686233 59.5234333 80.5</gx:coord>
<when>2026-08-27T19:46:36Z</when>
<gx:coord>25.26872 59.523545 79.9</gx:coord>
<when>2026-08-27T19:46:37Z</when>
<gx:coord>25.268815 59.5236583 79.2</gx:coord>
<when>2026-08-27T19:46:38Z</when>
<gx:coord>25.2689 59.5237767 78.4</gx:coord>
<when>2026-08-27T19:46:39Z</when>
<gx:coord>25.2689783 59.5238967 77.8</gx:coord>
<when>2026-08-27T19:46:40Z</when>
<gx:coord>25.2690417 59.5240183 77.3</gx:coord>
<when>2026-08-27T19:46:41Z</when>
<gx:coord>25.2691083 59.52414 76.6</gx:coord>
<when>2026-08-27T19:46:42Z</when>
<gx:coord>25.2691667 59.5242617 75.5</gx:coord>
<when>2026-08-27T19:46:43Z</when>
<gx:coord>25.269215 59.5243833 74.3</gx:coord>
<when>2026-08-27T19:46:44Z</when>
<gx:coord>25.2692583 59.5245067 73.0</gx:coord>
<when>2026-08-27T19:46:45Z</when>
<gx:coord>25.2692983 59.5246317 72.5</gx:coord>
<when>2026-08-27T19:46:46Z</when>
<gx:coord>25.26933 59.524755 71.8</gx:coord>
<when>2026-08-27T19:46:47Z</when>
<gx:coord>25.2693467 59.52488 71.2</gx:coord>
<when>2026-08-27T19:46:48Z</when>
<gx:coord>25.269345 59.525005 69.9</gx:coord>
<when>2026-08-27T19:46:49Z</when>
<gx:coord>25.2693317 59.5251317 68.8</gx:coord>
<when>2026-08-27T19:46:50Z</when>
<gx:coord>25.269305 59.5252583 68.1</gx:coord>
<when>2026-08-27T19:46:51Z</when>
<gx:coord>25.269275 59.5253867 68.2</gx:coord>
<when>2026-08-27T19:46:52Z</when>
<gx:coord>25.269235 59.5255117 66.9</gx:coord>
<when>2026-08-27T19:46:53Z</when>
<gx:coord>25.26919 59.5256383 66.6</gx:coord>
<when>2026-08-27T19:46:54Z</when>
<gx:coord>25.2691383 59.5257583 66.1</gx:coord>
<when>2026-08-27T19:46:55Z</when>
<gx:coord>25.26908 59.52588 65.8</gx:coord>
<when>2026-08-27T19:46:56Z</when>
<gx:coord>25.26902 59.5260033 65.8</gx:coord>
<when>2026-08-27T19:46:57Z</when>
<gx:coord>25.26896 59.5261283 65.8</gx:coord>
<when>2026-08-27T19:46:58Z</when>
<gx:coord>25.268905 59.5262533 65.8</gx:coord>
<when>2026-08-27T19:46:59Z</when>
<gx:coord>25.268855 59.5263783 66.1</gx:coord>
<when>2026-08-27T19:47:00Z</when>
<gx:coord>25.268805 59.5265017 65.2</gx:coord>
<when>2026-08-27T19:47:01Z</when>
<gx:coord>25.26876 59.5266283 64.9</gx:coord>
<when>2026-08-27T19:47:02Z</when>
<gx:coord>25.26872 59.5267533 64.5</gx:coord>
<when>2026-08-27T19:47:03Z</when>
<gx:coord>25.2686833 59.52688 64.2</gx:coord>
<when>2026-08-27T19:47:04Z</when>
<gx:coord>25.2686467 59.5270067 64.5</gx:coord>
<when>2026-08-27T19:47:05Z</when>
<gx:coord>25.26861 59.5271333 64.6</gx:coord>
<when>2026-08-27T19:47:06Z</when>
<gx:coord>25.2685733 59.5272567 64.2</gx:coord>
<when>2026-08-27T19:47:07Z</when>
<gx:coord>25.26854 59.527385 64.3</gx:coord>
<when>2026-08-27T19:47:08Z</when>
<gx:coord>25.268505 59.52751 63.4</gx:coord>
<when>2026-08-27T19:47:09Z</when>
<gx:coord>25.2684733 59.5276383 62.6</gx:coord>
<when>2026-08-27T19:47:10Z</when>
<gx:coord>25.2684517 59.5277633 62.3</gx:coord>
<when>2026-08-27T19:47:11Z</when>
<gx:coord>25.26844 59.527885 61.8</gx:coord>
<when>2026-08-27T19:47:12Z</when>
<gx:coord>25.2684567 59.5280067 61.7</gx:coord>
<when>2026-08-27T19:47:13Z</when>
<gx:coord>25.2685117 59.5281233 60.5</gx:coord>
<when>2026-08-27T19:47:14Z</when>
<gx:coord>25.26861 59.5282317 59.4</gx:coord>
<when>2026-08-27T19:47:15Z</when>
<gx:coord>25.2687567 59.528325 58.3</gx:coord>
<when>2026-08-27T19:47:16Z</when>
<gx:coord>25.2689467 59.5283967 56.9</gx:coord>
<when>2026-08-27T19:47:17Z</when>
<gx:coord>25.269165 59.5284433 56.1</gx:coord>
<when>2026-08-27T19:47:18Z</when>
<gx:coord>25.2694 59.5284633 55.8</gx:coord>
<when>2026-08-27T19:47:19Z</when>
<gx:coord>25.269635 59.5284567 55.4</gx:coord>
<when>2026-08-27T19:47:20Z</when>
<gx:coord>25.2698517 59.52842 54.8</gx:coord>
<when>2026-08-27T19:47:21Z</when>
<gx:coord>25.27005 59.528355 53.9</gx:coord>
<when>2026-08-27T19:47:22Z</when>
<gx:coord>25.2702183 59.52827 52.6</gx:coord>
<when>2026-08-27T19:47:23Z</when>
<gx:coord>25.2703617 59.528175 52.3</gx:coord>
<when>2026-08-27T19:47:24Z</when>
<gx:coord>25.2704817 59.5280683 52.7</gx:coord>
<when>2026-08-27T19:47:25Z</when>
<gx:coord>25.2705983 59.527965 53.1</gx:coord>
<when>2026-08-27T19:47:26Z</when>
<gx:coord>25.270725 59.5278683 53.3</gx:coord>
<when>2026-08-27T19:47:27Z</when>
<gx:coord>25.2708667 59.5277817 53.1</gx:coord>
<when>2026-08-27T19:47:28Z</when>
<gx:coord>25.2710233 59.527705 52.9</gx:coord>
<when>2026-08-27T19:47:29Z</when>
<gx:coord>25.271195 59.5276367 52.5</gx:coord>
<when>2026-08-27T19:47:30Z</when>
<gx:coord>25.2713817 59.5275767 52.2</gx:coord>
<when>2026-08-27T19:47:31Z</when>
<gx:coord>25.2715783 59.5275217 52.2</gx:coord>
<when>2026-08-27T19:47:32Z</when>
<gx:coord>25.2717817 59.5274683 52.1</gx:coord>
<when>2026-08-27T19:47:33Z</when>
<gx:coord>25.2719833 59.527415 52.2</gx:coord>
<when>2026-08-27T19:47:34Z</when>
<gx:coord>25.2721833 59.5273633 52.4</gx:coord>
<when>2026-08-27T19:47:35Z</when>
<gx:coord>25.2723883 59.5273133 52.3</gx:coord>
<when>2026-08-27T19:47:36Z</when>
<gx:coord>25.2725867 59.5272633 52.1</gx:coord>
<when>2026-08-27T19:47:37Z</when>
<gx:coord>25.2727833 59.5272117 52.0</gx:coord>
<when>2026-08-27T19:47:38Z</when>
<gx:coord>25.272975 59.527155 52.2</gx:coord>
<when>2026-08-27T19:47:39Z</when>
<gx:coord>25.27316 59.5270917 51.9</gx:coord>
<when>2026-08-27T19:47:40Z</when>
<gx:coord>25.2733383 59.5270217 52.0</gx:coord>
<when>2026-08-27T19:47:41Z</when>
<gx:coord>25.273505 59.5269433 52.0</gx:coord>
<when>2026-08-27T19:47:42Z</when>
<gx:coord>25.273655 59.5268583 52.0</gx:coord>
<when>2026-08-27T19:47:43Z</when>
<gx:coord>25.2737867 59.5267667 51.8</gx:coord>
<when>2026-08-27T19:47:44Z</when>
<gx:coord>25.2739233 59.5266717 51.8</gx:coord>
<when>2026-08-27T19:47:45Z</when>
<gx:coord>25.2740567 59.5265767 52.0</gx:coord>
<when>2026-08-27T19:47:46Z</when>
<gx:coord>25.274185 59.52648 52.4</gx:coord>
<when>2026-08-27T19:47:47Z</when>
<gx:coord>25.274305 59.52638 52.8</gx:coord>
<when>2026-08-27T19:47:48Z</when>
<gx:coord>25.2744067 59.5262767 53.1</gx:coord>
<when>2026-08-27T19:47:49Z</when>
<gx:coord>25.2744883 59.5261683 53.5</gx:coord>
<when>2026-08-27T19:47:50Z</when>
<gx:coord>25.2745633 59.52606 54.0</gx:coord>
<when>2026-08-27T19:47:51Z</when>
<gx:coord>25.2746483 59.5259517 54.0</gx:coord>
<when>2026-08-27T19:47:52Z</when>
<gx:coord>25.27475 59.525845 53.5</gx:coord>
<when>2026-08-27T19:47:53Z</when>
<gx:coord>25.2748667 59.525745 53.1</gx:coord>
<when>2026-08-27T19:47:54Z</when>
<gx:coord>25.2749833 59.525645 53.1</gx:coord>
<when>2026-08-27T19:47:55Z</when>
<gx:coord>25.275075 59.5255417 53.2</gx:coord>
<when>2026-08-27T19:47:56Z</when>
<gx:coord>25.2751367 59.525435 53.0</gx:coord>
<when>2026-08-27T19:47:57Z</when>
<gx:coord>25.27517 59.52532 52.4</gx:coord>
<when>2026-08-27T19:47:58Z</when>
<gx:coord>25.2751883 59.5251983 51.6</gx:coord>
<when>2026-08-27T19:47:59Z</when>
<gx:coord>25.27521 59.5250767 50.3</gx:coord>
<when>2026-08-27T19:48:00Z</when>
<gx:coord>25.2752383 59.5249533 49.6</gx:coord>
<when>2026-08-27T19:48:01Z</when>
<gx:coord>25.27528 59.5248317 49.1</gx:coord>
<when>2026-08-27T19:48:02Z</when>
<gx:coord>25.27533 59.52471 48.9</gx:coord>
<when>2026-08-27T19:48:03Z</when>
<gx:coord>25.275375 59.5245917 48.8</gx:coord>
<when>2026-08-27T19:48:04Z</when>
<gx:coord>25.2754117 59.5244733 48.2</gx:coord>
<when>2026-08-27T19:48:05Z</when>
<gx:coord>25.275445 59.524355 47.7</gx:coord>
<when>2026-08-27T19:48:06Z</when>
<gx:coord>25.2754767 59.5242383 47.3</gx:coord>
<when>2026-08-27T19:48:07Z</when>
<gx:coord>25.2755217 59.52412 46.6</gx:coord>
<when>2026-08-27T19:48:08Z</when>
<gx:coord>25.2755783 59.5240033 46.0</gx:coord>
<when>2026-08-27T19:48:09Z</when>
<gx:coord>25.2756383 59.523885 45.5</gx:coord>
<when>2026-08-27T19:48:10Z</when>
<gx:coord>25.2756967 59.5237683 45.9</gx:coord>
<when>2026-08-27T19:48:11Z</when>
<gx:coord>25.2757383 59.52365 45.6</gx:coord>
<when>2026-08-27T19:48:12Z</when>
<gx:coord>25.2757717 59.5235317 45.7</gx:coord>
<when>2026-08-27T19:48:13Z</when>
<gx:coord>25.275795 59.5234133 45.4</gx:coord>
<when>2026-08-27T19:48:14Z</when>
<gx:coord>25.2758183 59.523295 45.4</gx:coord>
<when>2026-08-27T19:48:15Z</when>
<gx:coord>25.2758433 59.5231783 45.2</gx:coord>
<when>2026-08-27T19:48:16Z</when>
<gx:coord>25.2758767 59.5230617 45.1</gx:coord>
<when>2026-08-27T19:48:17Z</when>
<gx:coord>25.275925 59.5229467 45.0</gx:coord>
<when>2026-08-27T19:48:18Z</when>
<gx:coord>25.276 59.522835 44.7</gx:coord>
<when>2026-08-27T19:48:19Z</when>
<gx:coord>25.2761033 59.5227283 44.2</gx:coord>
<when>2026-08-27T19:48:20Z</when>
<gx:coord>25.2762267 59.5226267 43.9</gx:coord>
<when>2026-08-27T19:48:21Z</when>
<gx:coord>25.2763633 59.5225283 44.0</gx:coord>
<when>2026-08-27T19:48:22Z</when>
<gx:coord>25.2765 59.52243 44.3</gx:coord>
<when>2026-08-27T19:48:23Z</when>
<gx:coord>25.2766283 59.5223317 44.9</gx:coord>
<when>2026-08-27T19:48:24Z</when>
<gx:coord>25.2767483 59.5222317 45.0</gx:coord>
<when>2026-08-27T19:48:25Z</when>
<gx:coord>25.2768583 59.5221317 45.0</gx:coord>
<when>2026-08-27T19:48:26Z</when>
<gx:coord>25.2769617 59.5220283 45.0</gx:coord>
<when>2026-08-27T19:48:27Z</when>
<gx:coord>25.2770667 59.5219233 45.1</gx:coord>
<when>2026-08-27T19:48:28Z</when>
<gx:coord>25.2771717 59.5218167 45.4</gx:coord>
<when>2026-08-27T19:48:29Z</when>
<gx:coord>25.2772683 59.5217083 46.0</gx:coord>
<when>2026-08-27T19:48:30Z</when>
<gx:coord>25.2773583 59.5215983 46.4</gx:coord>
<when>2026-08-27T19:48:31Z</when>
<gx:coord>25.2774417 59.52149 47.3</gx:coord>
<when>2026-08-27T19:48:32Z</when>
<gx:coord>25.2775217 59.52138 47.9</gx:coord>
<when>2026-08-27T19:48:33Z</when>
<gx:coord>25.2776083 59.5212717 48.7</gx:coord>
<when>2026-08-27T19:48:34Z</when>
<gx:coord>25.277705 59.521165 49.4</gx:coord>
<when>2026-08-27T19:48:35Z</when>
<gx:coord>25.2778067 59.5210617 49.9</gx:coord>
<when>2026-08-27T19:48:36Z</when>
<gx:coord>25.2779083 59.52096 50.0</gx:coord>
<when>2026-08-27T19:48:37Z</when>
<gx:coord>25.278005 59.5208583 49.4</gx:coord>
<when>2026-08-27T19:48:38Z</when>
<gx:coord>25.2780933 59.5207533 49.1</gx:coord>
<when>2026-08-27T19:48:39Z</when>
<gx:coord>25.2781683 59.5206433 48.5</gx:coord>
<when>2026-08-27T19:48:40Z</when>
<gx:coord>25.2782283 59.52053 47.6</gx:coord>
<when>2026-08-27T19:48:41Z</when>
<gx:coord>25.2782733 59.5204117 46.9</gx:coord>
<when>2026-08-27T19:48:42Z</when>
<gx:coord>25.2783 59.52029 46.3</gx:coord>
<when>2026-08-27T19:48:43Z</when>
<gx:coord>25.2783117 59.5201667 46.2</gx:coord>
<when>2026-08-27T19:48:44Z</when>
<gx:coord>25.27831 59.5200417 45.5</gx:coord>
<when>2026-08-27T19:48:45Z</when>
<gx:coord>25.2782867 59.5199183 45.4</gx:coord>
<when>2026-08-27T19:48:46Z</when>
<gx:coord>25.2782467 59.5198 45.1</gx:coord>
<when>2026-08-27T19:48:47Z</when>
<gx:coord>25.2781867 59.5196817 45.0</gx:coord>
<when>2026-08-27T19:48:48Z</when>
<gx:coord>25.2781033 59.5195667 45.4</gx:coord>
<when>2026-08-27T19:48:49Z</when>
<gx:coord>25.2779817 59.5194583 46.5</gx:coord>
<when>2026-08-27T19:48:50Z</when>
<gx:coord>25.27782 59.5193617 47.1</gx:coord>
<when>2026-08-27T19:48:51Z</when>
<gx:coord>25.27761 59.519285 47.8</gx:coord>
<when>2026-08-27T19:48:52Z</when>
<gx:coord>25.2773617 59.5192333 48.2</gx:coord>
<when>2026-08-27T19:48:53Z</when>
<gx:coord>25.277095 59.519215 48.9</gx:coord>
<when>2026-08-27T19:48:54Z</when>
<gx:coord>25.2768283 59.5192283 48.9</gx:coord>
<when>2026-08-27T19:48:55Z</when>
<gx:coord>25.276575 59.5192683 48.7</gx:coord>
<when>2026-08-27T19:48:56Z</when>
<gx:coord>25.2763517 59.5193367 48.3</gx:coord>
<when>2026-08-27T19:48:57Z</when>
<gx:coord>25.2761683 59.5194267 48.2</gx:coord>
<when>2026-08-27T19:48:58Z</when>
<gx:coord>25.2760183 59.5195317 47.2</gx:coord>
<when>2026-08-27T19:48:59Z</when>
<gx:coord>25.2759017 59.5196467 47.1</gx:coord>
<when>2026-08-27T19:49:00Z</when>
<gx:coord>25.2758 59.51976 47.8</gx:coord>
<when>2026-08-27T19:49:01Z</when>
<gx:coord>25.2757033 59.5198717 47.6</gx:coord>
<when>2026-08-27T19:49:02Z</when>
<gx:coord>25.27562 59.5199833 47.9</gx:coord>
<when>2026-08-27T19:49:03Z</when>
<gx:coord>25.2755467 59.520095 48.3</gx:coord>
<when>2026-08-27T19:49:04Z</when>
<gx:coord>25.2754883 59.5202133 48.5</gx:coord>
<when>2026-08-27T19:49:05Z</when>
<gx:coord>25.2754483 59.5203333 48.5</gx:coord>
<when>2026-08-27T19:49:06Z</when>
<gx:coord>25.27543 59.520455 48.4</gx:coord>
<when>2026-08-27T19:49:07Z</when>
<gx:coord>25.27544 59.520575 47.7</gx:coord>
<when>2026-08-27T19:49:08Z</when>
<gx:coord>25.2754933 59.5206917 47.0</gx:coord>
<when>2026-08-27T19:49:09Z</when>
<gx:coord>25.2755933 59.5208017 47.6</gx:coord>
<when>2026-08-27T19:49:10Z</when>
<gx:coord>25.2757383 59.5209 48.0</gx:coord>
<when>2026-08-27T19:49:11Z</when>
<gx:coord>25.2759133 59.5209817 49.3</gx:coord>
<when>2026-08-27T19:49:12Z</when>
<gx:coord>25.2761067 59.5210517 50.6</gx:coord>
<when>2026-08-27T19:49:13Z</when>
<gx:coord>25.2763133 59.5211083 52.1</gx:coord>
<when>2026-08-27T19:49:14Z</when>
<gx:coord>25.2765283 59.521145 53.1</gx:coord>
<when>2026-08-27T19:49:15Z</when>
<gx:coord>25.27675 59.5211617 53.8</gx:coord>
<when>2026-08-27T19:49:16Z</when>
<gx:coord>25.2769767 59.52116 54.4</gx:coord>
<when>2026-08-27T19:49:17Z</when>
<gx:coord>25.2772083 59.5211367 54.6</gx:coord>
<when>2026-08-27T19:49:18Z</when>
<gx:coord>25.2774333 59.5210917 55.0</gx:coord>
<when>2026-08-27T19:49:19Z</when>
<gx:coord>25.2776383 59.52103 55.8</gx:coord>
<when>2026-08-27T19:49:20Z</when>
<gx:coord>25.2778183 59.5209517 56.5</gx:coord>
<when>2026-08-27T19:49:21Z</when>
<gx:coord>25.2779717 59.52086 57.2</gx:coord>
<when>2026-08-27T19:49:22Z</when>
<gx:coord>25.278095 59.5207617 57.9</gx:coord>
<when>2026-08-27T19:49:23Z</when>
<gx:coord>25.2781867 59.5206583 58.4</gx:coord>
<when>2026-08-27T19:49:24Z</when>
<gx:coord>25.2782483 59.5205517 58.4</gx:coord>
<when>2026-08-27T19:49:25Z</when>
<gx:coord>25.27826 59.5204417 58.0</gx:coord>
<when>2026-08-27T19:49:26Z</when>
<gx:coord>25.2782083 59.520325 56.6</gx:coord>
<when>2026-08-27T19:49:27Z</when>
<gx:coord>25.2780933 59.520215 54.9</gx:coord>
<when>2026-08-27T19:49:28Z</when>
<gx:coord>25.2779267 59.520115 53.0</gx:coord>
<when>2026-08-27T19:49:29Z</when>
<gx:coord>25.2777433 59.5200183 51.6</gx:coord>
<when>2026-08-27T19:49:30Z</when>
<gx:coord>25.2775667 59.51992 50.1</gx:coord>
<when>2026-08-27T19:49:31Z</when>
<gx:coord>25.277415 59.5198133 49.0</gx:coord>
<when>2026-08-27T19:49:32Z</when>
<gx:coord>25.2773 59.5196983 47.5</gx:coord>
<when>2026-08-27T19:49:33Z</when>
<gx:coord>25.2772233 59.5195783 45.7</gx:coord>
<when>2026-08-27T19:49:34Z</when>
<gx:coord>25.277185 59.5194533 44.4</gx:coord>
<when>2026-08-27T19:49:35Z</when>
<gx:coord>25.27717 59.519325 43.3</gx:coord>
<when>2026-08-27T19:49:36Z</when>
<gx:coord>25.2771617 59.5191967 43.1</gx:coord>
<when>2026-08-27T19:49:37Z</when>
<gx:coord>25.2771433 59.5190733 43.7</gx:coord>
<when>2026-08-27T19:49:38Z</when>
<gx:coord>25.2771067 59.518955 43.7</gx:coord>
<when>2026-08-27T19:49:39Z</when>
<gx:coord>25.2770617 59.5188417 44.0</gx:coord>
<when>2026-08-27T19:49:40Z</when>
<gx:coord>25.2770167 59.5187283 43.8</gx:coord>
<when>2026-08-27T19:49:41Z</when>
<gx:coord>25.2769717 59.5186133 43.8</gx:coord>
<when>2026-08-27T19:49:42Z</when>
<gx:coord>25.2769333 59.5184967 43.9</gx:coord>
<when>2026-08-27T19:49:43Z</when>
<gx:coord>25.2769117 59.5183783 44.4</gx:coord>
<when>2026-08-27T19:49:44Z</when>
<gx:coord>25.2768983 59.5182617 45.5</gx:coord>
<when>2026-08-27T19:49:45Z</when>
<gx:coord>25.276875 59.518145 45.9</gx:coord>
<when>2026-08-27T19:49:46Z</when>
<gx:coord>25.2768383 59.5180267 46.6</gx:coord>
<when>2026-08-27T19:49:47Z</when>
<gx:coord>25.276785 59.5179083 47.2</gx:coord>
<when>2026-08-27T19:49:48Z</when>
<gx:coord>25.2767217 59.51779 47.6</gx:coord>
<when>2026-08-27T19:49:49Z</when>
<gx:coord>25.276655 59.5176667 48.6</gx:coord>
<when>2026-08-27T19:49:50Z</when>
<gx:coord>25.276585 59.517545 50.1</gx:coord>
<when>2026-08-27T19:49:51Z</when>
<gx:coord>25.2765067 59.5174283 52.3</gx:coord>
<when>2026-08-27T19:49:52Z</when>
<gx:coord>25.2764233 59.51732 54.9</gx:coord>
<when>2026-08-27T19:49:53Z</when>
<gx:coord>25.276335 59.517225 57.2</gx:coord>
<when>2026-08-27T19:49:54Z</when>
<gx:coord>25.2762467 59.5171367 59.1</gx:coord>
<when>2026-08-27T19:49:55Z</when>
<gx:coord>25.276155 59.51705 60.1</gx:coord>
<when>2026-08-27T19:49:56Z</when>
<gx:coord>25.2760533 59.5169567 60.5</gx:coord>
<when>2026-08-27T19:49:57Z</when>
<gx:coord>25.2759383 59.5168567 60.6</gx:coord>
<when>2026-08-27T19:49:58Z</when>
<gx:coord>25.27581 59.51675 60.7</gx:coord>
<when>2026-08-27T19:49:59Z</when>
<gx:coord>25.275675 59.51665 61.2</gx:coord>
<when>2026-08-27T19:50:00Z</when>
<gx:coord>25.2755433 59.516555 61.4</gx:coord>
<when>2026-08-27T19:50:01Z</when>
<gx:coord>25.27543 59.5164667 61.6</gx:coord>
<when>2026-08-27T19:50:02Z</when>
<gx:coord>25.2753283 59.5163767 61.4</gx:coord>
<when>2026-08-27T19:50:03Z</when>
<gx:coord>25.275225 59.5162767 60.8</gx:coord>
<when>2026-08-27T19:50:04Z</when>
<gx:coord>25.2751183 59.51617 59.8</gx:coord>
<when>2026-08-27T19:50:05Z</when>
<gx:coord>25.27501 59.5160633 60.0</gx:coord>
<when>2026-08-27T19:50:06Z</when>
<gx:coord>25.2749 59.5159567 61.0</gx:coord>
<when>2026-08-27T19:50:07Z</when>
<gx:coord>25.2748017 59.5158567 62.0</gx:coord>
<when>2026-08-27T19:50:08Z</when>
<gx:coord>25.2747133 59.51576 62.5</gx:coord>
<when>2026-08-27T19:50:09Z</when>
<gx:coord>25.2746283 59.5156617 62.7</gx:coord>
<when>2026-08-27T19:50:10Z</when>
<gx:coord>25.274545 59.5155633 62.9</gx:coord>
<when>2026-08-27T19:50:11Z</when>
<gx:coord>25.2744567 59.51546 63.3</gx:coord>
<when>2026-08-27T19:50:12Z</when>
<gx:coord>25.2743683 59.5153567 64.7</gx:coord>
<when>2026-08-27T19:50:13Z</when>
<gx:coord>25.2742867 59.51526 66.0</gx:coord>
<when>2026-08-27T19:50:14Z</when>
<gx:coord>25.274215 59.5151617 67.1</gx:coord>
<when>2026-08-27T19:50:15Z</when>
<gx:coord>25.274155 59.5150617 67.8</gx:coord>
<when>2026-08-27T19:50:16Z</when>
<gx:coord>25.2741083 59.51496 67.9</gx:coord>
<when>2026-08-27T19:50:17Z</when>
<gx:coord>25.2740617 59.5148567 68.0</gx:coord>
<when>2026-08-27T19:50:18Z</when>
<gx:coord>25.2740067 59.514755 67.9</gx:coord>
<when>2026-08-27T19:50:19Z</when>
<gx:coord>25.273955 59.51465 68.3</gx:coord>
<when>2026-08-27T19:50:20Z</when>
<gx:coord>25.2739117 59.514545 69.0</gx:coord>
<when>2026-08-27T19:50:21Z</when>
<gx:coord>25.2738733 59.5144383 69.3</gx:coord>
<when>2026-08-27T19:50:22Z</when>
<gx:coord>25.27383 59.5143317 70.0</gx:coord>
<when>2026-08-27T19:50:23Z</when>
<gx:coord>25.2737817 59.5142267 70.2</gx:coord>
<when>2026-08-27T19:50:24Z</when>
<gx:coord>25.2737333 59.5141217 70.8</gx:coord>
<when>2026-08-27T19:50:25Z</when>
<gx:coord>25.27369 59.5140183 71.1</gx:coord>
<when>2026-08-27T19:50:26Z</when>
<gx:coord>25.2736533 59.5139133 71.7</gx:coord>
<when>2026-08-27T19:50:27Z</when>
<gx:coord>25.2736283 59.51381 72.3</gx:coord>
<when>2026-08-27T19:50:28Z</when>
<gx:coord>25.2736017 59.513705 73.3</gx:coord>
<when>2026-08-27T19:50:29Z</when>
<gx:coord>25.2735783 59.5136033 74.1</gx:coord>
<when>2026-08-27T19:50:30Z</when>
<gx:coord>25.2735617 59.5135033 74.8</gx:coord>
<when>2026-08-27T19:50:31Z</when>
<gx:coord>25.27355 59.5134033 75.6</gx:coord>
<when>2026-08-27T19:50:32Z</when>
<gx:coord>25.2735367 59.5133017 76.0</gx:coord>
<when>2026-08-27T19:50:33Z</when>
<gx:coord>25.2735217 59.5132 76.4</gx:coord>
<when>2026-08-27T19:50:34Z</when>
<gx:coord>25.2735 59.5130983 76.7</gx:coord>
<when>2026-08-27T19:50:35Z</when>
<gx:coord>25.2734833 59.5129983 77.2</gx:coord>
<when>2026-08-27T19:50:36Z</when>
<gx:coord>25.273465 59.5129 77.6</gx:coord>
<when>2026-08-27T19:50:37Z</when>
<gx:coord>25.2734433 59.5128017 77.7</gx:coord>
<when>2026-08-27T19:50:38Z</when>
<gx:coord>25.2734133 59.5126983 78.3</gx:coord>
<when>2026-08-27T19:50:39Z</when>
<gx:coord>25.2733683 59.512595 78.9</gx:coord>
<when>2026-08-27T19:50:40Z</when>
<gx:coord>25.273305 59.51249 79.5</gx:coord>
<when>2026-08-27T19:50:41Z</when>
<gx:coord>25.2732267 59.5123883 80.5</gx:coord>
<when>2026-08-27T19:50:42Z</when>
<gx:coord>25.2731433 59.51229 81.6</gx:coord>
<when>2026-08-27T19:50:43Z</when>
<gx:coord>25.2730533 59.5121933 82.6</gx:coord>
<when>2026-08-27T19:50:44Z</when>
<gx:coord>25.2729533 59.5120983 83.9</gx:coord>
<when>2026-08-27T19:50:45Z</when>
<gx:coord>25.2728367 59.5120083 84.9</gx:coord>
<when>2026-08-27T19:50:46Z</when>
<gx:coord>25.2727067 59.51192 85.7</gx:coord>
<when>2026-08-27T19:50:47Z</when>
<gx:coord>25.2725633 59.5118333 86.5</gx:coord>
<when>2026-08-27T19:50:48Z</when>
<gx:coord>25.2724117 59.5117483 87.3</gx:coord>
<when>2026-08-27T19:50:49Z</when>
<gx:coord>25.2722517 59.511665 88.4</gx:coord>
<when>2026-08-27T19:50:50Z</when>
<gx:coord>25.2720883 59.5115883 89.3</gx:coord>
<when>2026-08-27T19:50:51Z</when>
<gx:coord>25.2719233 59.5115167 90.1</gx:coord>
<when>2026-08-27T19:50:52Z</when>
<gx:coord>25.2717567 59.5114483 90.9</gx:coord>
<when>2026-08-27T19:50:53Z</when>
<gx:coord>25.2715917 59.5113783 92.0</gx:coord>
<when>2026-08-27T19:50:54Z</when>
<gx:coord>25.2714267 59.5113067 92.7</gx:coord>
<when>2026-08-27T19:50:55Z</when>
<gx:coord>25.27126 59.511235 93.5</gx:coord>
<when>2026-08-27T19:50:56Z</when>
<gx:coord>25.2710867 59.5111667 94.0</gx:coord>
<when>2026-08-27T19:50:57Z</when>
<gx:coord>25.2709133 59.5110983 94.8</gx:coord>
<when>2026-08-27T19:50:58Z</when>
<gx:coord>25.2707433 59.5110333 95.3</gx:coord>
<when>2026-08-27T19:50:59Z</when>
<gx:coord>25.2705717 59.5109667 95.6</gx:coord>
<when>2026-08-27T19:51:00Z</when>
<gx:coord>25.2704017 59.5109017 96.2</gx:coord>
<when>2026-08-27T19:51:01Z</when>
<gx:coord>25.2702317 59.510835 96.7</gx:coord>
<when>2026-08-27T19:51:02Z</when>
<gx:coord>25.2700633 59.51077 97.4</gx:coord>
<when>2026-08-27T19:51:03Z</when>
<gx:coord>25.269895 59.5107017 97.8</gx:coord>
<when>2026-08-27T19:51:04Z</when>
<gx:coord>25.2697283 59.510635 98.5</gx:coord>
<when>2026-08-27T19:51:05Z</when>
<gx:coord>25.26956 59.5105667 98.8</gx:coord>
<when>2026-08-27T19:51:06Z</when>
<gx:coord>25.2693917 59.5105017 98.7</gx:coord>
<when>2026-08-27T19:51:07Z</when>
<gx:coord>25.2692233 59.5104317 99.3</gx:coord>
<when>2026-08-27T19:51:08Z</when>
<gx:coord>25.2690517 59.5103583 99.4</gx:coord>
<when>2026-08-27T19:51:09Z</when>
<gx:coord>25.2688817 59.5102833 99.3</gx:coord>
<when>2026-08-27T19:51:10Z</when>
<gx:coord>25.2687167 59.5102083 99.3</gx:coord>
<when>2026-08-27T19:51:11Z</when>
<gx:coord>25.2685567 59.5101367 99.7</gx:coord>
<when>2026-08-27T19:51:12Z</when>
<gx:coord>25.2684 59.510065 100.1</gx:coord>
<when>2026-08-27T19:51:13Z</when>
<gx:coord>25.26825 59.5099933 100.3</gx:coord>
<when>2026-08-27T19:51:14Z</when>
<gx:coord>25.2681067 59.5099167 100.5</gx:coord>
<when>2026-08-27T19:51:15Z</when>
<gx:coord>25.2679667 59.5098383 100.7</gx:coord>
<when>2026-08-27T19:51:16Z</when>
<gx:coord>25.2678333 59.5097583 101.1</gx:coord>
<when>2026-08-27T19:51:17Z</when>
<gx:coord>25.2677083 59.509675 101.9</gx:coord>
<when>2026-08-27T19:51:18Z</when>
<gx:coord>25.2675883 59.5095883 102.7</gx:coord>
<when>2026-08-27T19:51:19Z</when>
<gx:coord>25.2674733 59.5095033 103.5</gx:coord>
<when>2026-08-27T19:51:20Z</when>
<gx:coord>25.2673567 59.5094183 104.2</gx:coord>
<when>2026-08-27T19:51:21Z</when>
<gx:coord>25.2672333 59.5093383 104.9</gx:coord>
<when>2026-08-27T19:51:22Z</when>
<gx:coord>25.2671 59.50926 105.4</gx:coord>
<when>2026-08-27T19:51:23Z</when>
<gx:coord>25.2669567 59.5091833 105.8</gx:coord>
<when>2026-08-27T19:51:24Z</when>
<gx:coord>25.2668067 59.5091067 105.8</gx:coord>
<when>2026-08-27T19:51:25Z</when>
<gx:coord>25.2666517 59.5090267 106.1</gx:coord>
<when>2026-08-27T19:51:26Z</when>
<gx:coord>25.266495 59.50895 106.8</gx:coord>
<when>2026-08-27T19:51:27Z</when>
<gx:coord>25.2663367 59.5088783 107.6</gx:coord>
<when>2026-08-27T19:51:28Z</when>
<gx:coord>25.2661733 59.5088083 108.6</gx:coord>
<when>2026-08-27T19:51:29Z</when>
<gx:coord>25.2660083 59.5087417 108.8</gx:coord>
<when>2026-08-27T19:51:30Z</when>
<gx:coord>25.2658433 59.50868 109.0</gx:coord>
<when>2026-08-27T19:51:31Z</when>
<gx:coord>25.26568 59.5086183 109.3</gx:coord>
<when>2026-08-27T19:51:32Z</when>
<gx:coord>25.2655183 59.5085583 109.3</gx:coord>
<when>2026-08-27T19:51:33Z</when>
<gx:coord>25.2653533 59.5084967 108.8</gx:coord>
<when>2026-08-27T19:51:34Z</when>
<gx:coord>25.2651817 59.5084317 107.8</gx:coord>
<when>2026-08-27T19:51:35Z</when>
<gx:coord>25.265005 59.5083633 106.9</gx:coord>
<when>2026-08-27T19:51:36Z</when>
<gx:coord>25.2648183 59.5082933 106.0</gx:coord>
<when>2026-08-27T19:51:37Z</when>
<gx:coord>25.2646283 59.5082217 105.7</gx:coord>
<when>2026-08-27T19:51:38Z</when>
<gx:coord>25.2644617 59.50815 105.9</gx:coord>
<when>2026-08-27T19:51:39Z</when>
<gx:coord>25.26432 59.5080767 105.8</gx:coord>
<when>2026-08-27T19:51:40Z</when>
<gx:coord>25.2641967 59.5079983 104.7</gx:coord>
<when>2026-08-27T19:51:41Z</when>
<gx:coord>25.26409 59.5079133 103.2</gx:coord>
<when>2026-08-27T19:51:42Z</when>
<gx:coord>25.2639917 59.5078217 102.3</gx:coord>
<when>2026-08-27T19:51:43Z</when>
<gx:coord>25.2638983 59.5077233 102.3</gx:coord>
<when>2026-08-27T19:51:44Z</when>
<gx:coord>25.26381 59.507625 103.1</gx:coord>
<when>2026-08-27T19:51:45Z</when>
<gx:coord>25.263725 59.5075283 103.9</gx:coord>
<when>2026-08-27T19:51:46Z</when>
<gx:coord>25.2636383 59.5074367 104.4</gx:coord>
<when>2026-08-27T19:51:47Z</when>
<gx:coord>25.2635517 59.50735 104.6</gx:coord>
<when>2026-08-27T19:51:48Z</when>
<gx:coord>25.2634633 59.50726 104.7</gx:coord>
<when>2026-08-27T19:51:49Z</when>
<gx:coord>25.2633767 59.5071683 104.9</gx:coord>
<when>2026-08-27T19:51:50Z</when>
<gx:coord>25.26329 59.5070717 105.2</gx:coord>
<when>2026-08-27T19:51:51Z</when>
<gx:coord>25.2632067 59.506975 105.4</gx:coord>
<when>2026-08-27T19:51:52Z</when>
<gx:coord>25.26312 59.50688 105.7</gx:coord>
<when>2026-08-27T19:51:53Z</when>
<gx:coord>25.26303 59.5067867 105.9</gx:coord>
<when>2026-08-27T19:51:54Z</when>
<gx:coord>25.2629283 59.506695 106.2</gx:coord>
<when>2026-08-27T19:51:55Z</when>
<gx:coord>25.26282 59.5066067 106.3</gx:coord>
<when>2026-08-27T19:51:56Z</when>
<gx:coord>25.2627117 59.5065167 106.3</gx:coord>
<when>2026-08-27T19:51:57Z</when>
<gx:coord>25.2626133 59.5064233 105.9</gx:coord>
<when>2026-08-27T19:51:58Z</when>
<gx:coord>25.26253 59.5063283 105.8</gx:coord>
<when>2026-08-27T19:51:59Z</when>
<gx:coord>25.2624567 59.5062283 105.7</gx:coord>
<when>2026-08-27T19:52:00Z</when>
<gx:coord>25.262385 59.5061267 106.1</gx:coord>
<when>2026-08-27T19:52:01Z</when>
<gx:coord>25.2623067 59.5060283 106.8</gx:coord>
<when>2026-08-27T19:52:02Z</when>
<gx:coord>25.26222 59.5059333 107.3</gx:coord>
<when>2026-08-27T19:52:03Z</when>
<gx:coord>25.262135 59.50584 107.5</gx:coord>
<when>2026-08-27T19:52:04Z</when>
<gx:coord>25.2620533 59.5057467 107.8</gx:coord>
<when>2026-08-27T19:52:05Z</when>
<gx:coord>25.2619717 59.505655 108.0</gx:coord>
<when>2026-08-27T19:52:06Z</when>
<gx:coord>25.2618883 59.50556 108.1</gx:coord>
<when>2026-08-27T19:52:07Z</when>
<gx:coord>25.2618 59.505465 108.2</gx:coord>
<when>2026-08-27T19:52:08Z</when>
<gx:coord>25.26171 59.50537 108.5</gx:coord>
<when>2026-08-27T19:52:09Z</when>
<gx:coord>25.26163 59.505275 108.9</gx:coord>
<when>2026-08-27T19:52:10Z</when>
<gx:coord>25.2615633 59.5051783 109.5</gx:coord>
<when>2026-08-27T19:52:11Z</when>
<gx:coord>25.2615133 59.50508 110.0</gx:coord>
<when>2026-08-27T19:52:12Z</when>
<gx:coord>25.2614717 59.5049817 110.1</gx:coord>
<when>2026-08-27T19:52:13Z</when>
<gx:coord>25.2614383 59.5048817 110.7</gx:coord>
<when>2026-08-27T19:52:14Z</when>
<gx:coord>25.2614033 59.5047817 111.2</gx:coord>
<when>2026-08-27T19:52:15Z</when>
<gx:coord>25.2613633 59.5046817 111.2</gx:coord>
<when>2026-08-27T19:52:16Z</when>
<gx:coord>25.26132 59.5045817 111.3</gx:coord>
<when>2026-08-27T19:52:17Z</when>
<gx:coord>25.2612733 59.50448 111.7</gx:coord>
<when>2026-08-27T19:52:18Z</when>
<gx:coord>25.2612233 59.5043767 112.1</gx:coord>
<when>2026-08-27T19:52:19Z</when>
<gx:coord>25.26117 59.504275 112.6</gx:coord>
<when>2026-08-27T19:52:20Z</when>
<gx:coord>25.2611117 59.5041733 113.2</gx:coord>
<when>2026-08-27T19:52:21Z</when>
<gx:coord>25.26105 59.5040733 113.9</gx:coord>
<when>2026-08-27T19:52:22Z</when>
<gx:coord>25.2609833 59.5039783 114.4</gx:coord>
<when>2026-08-27T19:52:23Z</when>
<gx:coord>25.26091 59.5038833 114.8</gx:coord>
<when>2026-08-27T19:52:24Z</when>
<gx:coord>25.260835 59.5037883 115.0</gx:coord>
<when>2026-08-27T19:52:25Z</when>
<gx:coord>25.2607567 59.503695 115.2</gx:coord>
<when>2026-08-27T19:52:26Z</when>
<gx:coord>25.2606833 59.5035983 115.6</gx:coord>
<when>2026-08-27T19:52:27Z</when>
<gx:coord>25.26064 59.5035 115.9</gx:coord>
<when>2026-08-27T19:52:28Z</when>
<gx:coord>25.2606533 59.5034017 115.4</gx:coord>
<when>2026-08-27T19:52:29Z</when>
<gx:coord>25.2607483 59.503305 114.7</gx:coord>
<when>2026-08-27T19:52:30Z</when>
<gx:coord>25.2609167 59.50323 114.0</gx:coord>
<when>2026-08-27T19:52:31Z</when>
<gx:coord>25.26112 59.503185 114.3</gx:coord>
<when>2026-08-27T19:52:32Z</when>
<gx:coord>25.26133 59.5031633 115.1</gx:coord>
<when>2026-08-27T19:52:33Z</when>
<gx:coord>25.26153 59.5031533 116.0</gx:coord>
<when>2026-08-27T19:52:34Z</when>
<gx:coord>25.2617117 59.5031467 116.4</gx:coord>
<when>2026-08-27T19:52:35Z</when>
<gx:coord>25.2618917 59.5031317 116.2</gx:coord>
<when>2026-08-27T19:52:36Z</when>
<gx:coord>25.2620733 59.5031133 115.9</gx:coord>
<when>2026-08-27T19:52:37Z</when>
<gx:coord>25.2622633 59.5030933 115.9</gx:coord>
<when>2026-08-27T19:52:38Z</when>
<gx:coord>25.2624517 59.50307 116.0</gx:coord>
<when>2026-08-27T19:52:39Z</when>
<gx:coord>25.2626417 59.5030417 116.1</gx:coord>
<when>2026-08-27T19:52:40Z</when>
<gx:coord>25.2628217 59.503005 116.3</gx:coord>
<when>2026-08-27T19:52:41Z</when>
<gx:coord>25.2629917 59.5029583 116.3</gx:coord>
<when>2026-08-27T19:52:42Z</when>
<gx:coord>25.26315 59.502905 116.4</gx:coord>
<when>2026-08-27T19:52:43Z</when>
<gx:coord>25.2633067 59.5028483 116.4</gx:coord>
<when>2026-08-27T19:52:44Z</when>
<gx:coord>25.2634583 59.50279 116.3</gx:coord>
<when>2026-08-27T19:52:45Z</when>
<gx:coord>25.26361 59.50273 116.2</gx:coord>
<when>2026-08-27T19:52:46Z</when>
<gx:coord>25.2637533 59.502665 116.3</gx:coord>
<when>2026-08-27T19:52:47Z</when>
<gx:coord>25.2638917 59.5025933 116.8</gx:coord>
<when>2026-08-27T19:52:48Z</when>
<gx:coord>25.26401 59.5025183 117.4</gx:coord>
<when>2026-08-27T19:52:49Z</when>
<gx:coord>25.2641083 59.5024383 117.9</gx:coord>
<when>2026-08-27T19:52:50Z</when>
<gx:coord>25.264195 59.502355 118.7</gx:coord>
<when>2026-08-27T19:52:51Z</when>
<gx:coord>25.2642667 59.5022667 119.5</gx:coord>
<when>2026-08-27T19:52:52Z</when>
<gx:coord>25.2643283 59.502175 119.8</gx:coord>
<when>2026-08-27T19:52:53Z</when>
<gx:coord>25.264385 59.5020833 120.5</gx:coord>
<when>2026-08-27T19:52:54Z</when>
<gx:coord>25.2644267 59.5019867 120.9</gx:coord>
<when>2026-08-27T19:52:55Z</when>
<gx:coord>25.2644517 59.5018883 121.6</gx:coord>
<when>2026-08-27T19:52:56Z</when>
<gx:coord>25.2644633 59.50179 122.4</gx:coord>
<when>2026-08-27T19:52:57Z</when>
<gx:coord>25.2644667 59.5016917 123.0</gx:coord>
<when>2026-08-27T19:52:58Z</when>
<gx:coord>25.2644617 59.501595 123.7</gx:coord>
<when>2026-08-27T19:52:59Z</when>
<gx:coord>25.2644583 59.5014983 124.3</gx:coord>
<when>2026-08-27T19:53:00Z</when>
<gx:coord>25.2644467 59.5014017 124.8</gx:coord>
<when>2026-08-27T19:53:01Z</when>
<gx:coord>25.264425 59.5013017 125.0</gx:coord>
<when>2026-08-27T19:53:02Z</when>
<gx:coord>25.2643967 59.5012017 125.3</gx:coord>
<when>2026-08-27T19:53:03Z</when>
<gx:coord>25.264365 59.5011017 125.6</gx:coord>
<when>2026-08-27T19:53:04Z</when>
<gx:coord>25.26433 59.501005 126.1</gx:coord>
<when>2026-08-27T19:53:05Z</when>
<gx:coord>25.264295 59.50091 126.3</gx:coord>
<when>2026-08-27T19:53:06Z</when>
<gx:coord>25.26426 59.500815 126.3</gx:coord>
<when>2026-08-27T19:53:07Z</when>
<gx:coord>25.2642333 59.50072 126.2</gx:coord>
<when>2026-08-27T19:53:08Z</when>
<gx:coord>25.2642083 59.500625 126.2</gx:coord>
<when>2026-08-27T19:53:09Z</when>
<gx:coord>25.2641867 59.5005267 126.0</gx:coord>
<when>2026-08-27T19:53:10Z</when>
<gx:coord>25.2641633 59.5004267 125.7</gx:coord>
<when>2026-08-27T19:53:11Z</when>
<gx:coord>25.2641433 59.500325 125.5</gx:coord>
<when>2026-08-27T19:53:12Z</when>
<gx:coord>25.26413 59.5002217 125.7</gx:coord>
<when>2026-08-27T19:53:13Z</when>
<gx:coord>25.264125 59.50012 125.8</gx:coord>
<when>2026-08-27T19:53:14Z</when>
<gx:coord>25.2641217 59.50002 126.1</gx:coord>
<when>2026-08-27T19:53:15Z</when>
<gx:coord>25.2641183 59.4999233 126.6</gx:coord>
<when>2026-08-27T19:53:16Z</when>
<gx:coord>25.2641133 59.499825 126.9</gx:coord>
<when>2026-08-27T19:53:17Z</when>
<gx:coord>25.264115 59.4997267 127.6</gx:coord>
<when>2026-08-27T19:53:18Z</when>
<gx:coord>25.2641233 59.4996283 128.4</gx:coord>
<when>2026-08-27T19:53:19Z</when>
<gx:coord>25.2641383 59.4995317 129.3</gx:coord>
<when>2026-08-27T19:53:20Z</when>
<gx:coord>25.2641533 59.4994367 130.7</gx:coord>
<when>2026-08-27T19:53:21Z</when>
<gx:coord>25.2641667 59.4993417 131.4</gx:coord>
<when>2026-08-27T19:53:22Z</when>
<gx:coord>25.2641733 59.4992483 132.2</gx:coord>
<when>2026-08-27T19:53:23Z</when>
<gx:coord>25.2641767 59.4991517 132.9</gx:coord>
<when>2026-08-27T19:53:24Z</when>
<gx:coord>25.2641833 59.499055 133.5</gx:coord>
<when>2026-08-27T19:53:25Z</when>
<gx:coord>25.2641883 59.4989567 133.9</gx:coord>
<when>2026-08-27T19:53:26Z</when>
<gx:coord>25.264195 59.49886 134.5</gx:coord>
<when>2026-08-27T19:53:27Z</when>
<gx:coord>25.2642033 59.4987633 134.8</gx:coord>
<when>2026-08-27T19:53:28Z</when>
<gx:coord>25.2642117 59.498665 135.3</gx:coord>
<when>2026-08-27T19:53:29Z</when>
<gx:coord>25.26422 59.4985683 135.8</gx:coord>
<when>2026-08-27T19:53:30Z</when>
<gx:coord>25.26423 59.49847 136.4</gx:coord>
<when>2026-08-27T19:53:31Z</when>
<gx:coord>25.26424 59.4983717 136.9</gx:coord>
<when>2026-08-27T19:53:32Z</when>
<gx:coord>25.2642483 59.4982717 137.3</gx:coord>
<when>2026-08-27T19:53:33Z</when>
<gx:coord>25.2642483 59.4981733 137.6</gx:coord>
<when>2026-08-27T19:53:34Z</when>
<gx:coord>25.264245 59.498075 137.8</gx:coord>
<when>2026-08-27T19:53:35Z</when>
<gx:coord>25.2642417 59.4979767 137.7</gx:coord>
<when>2026-08-27T19:53:36Z</when>
<gx:coord>25.2642367 59.4978783 137.7</gx:coord>
<when>2026-08-27T19:53:37Z</when>
<gx:coord>25.2642317 59.4977783 137.6</gx:coord>
<when>2026-08-27T19:53:38Z</when>
<gx:coord>25.2642267 59.4976767 137.9</gx:coord>
<when>2026-08-27T19:53:39Z</when>
<gx:coord>25.2642217 59.497575 138.2</gx:coord>
<when>2026-08-27T19:53:40Z</when>
<gx:coord>25.2642133 59.497475 138.8</gx:coord>
<when>2026-08-27T19:53:41Z</when>
<gx:coord>25.2642117 59.4973783 139.4</gx:coord>
<when>2026-08-27T19:53:42Z</when>
<gx:coord>25.26422 59.4972817 139.9</gx:coord>
<when>2026-08-27T19:53:43Z</when>
<gx:coord>25.2642383 59.497185 140.3</gx:coord>
<when>2026-08-27T19:53:44Z</when>
<gx:coord>25.2642583 59.49709 140.7</gx:coord>
<when>2026-08-27T19:53:45Z</when>
<gx:coord>25.2642717 59.496995 140.8</gx:coord>
<when>2026-08-27T19:53:46Z</when>
<gx:coord>25.2642867 59.4969 141.1</gx:coord>
<when>2026-08-27T19:53:47Z</when>
<gx:coord>25.2643017 59.4968017 141.1</gx:coord>
<when>2026-08-27T19:53:48Z</when>
<gx:coord>25.264315 59.496705 141.1</gx:coord>
<when>2026-08-27T19:53:49Z</when>
<gx:coord>25.2643317 59.4966067 141.3</gx:coord>
<when>2026-08-27T19:53:50Z</when>
<gx:coord>25.2643483 59.4965083 141.7</gx:coord>
<when>2026-08-27T19:53:51Z</when>
<gx:coord>25.2643617 59.49641 142.0</gx:coord>
<when>2026-08-27T19:53:52Z</when>
<gx:coord>25.2643667 59.4963133 142.2</gx:coord>
<when>2026-08-27T19:53:53Z</when>
<gx:coord>25.2643683 59.4962167 142.3</gx:coord>
<when>2026-08-27T19:53:54Z</when>
<gx:coord>25.264365 59.4961183 142.5</gx:coord>
<when>2026-08-27T19:53:55Z</when>
<gx:coord>25.264355 59.49602 142.9</gx:coord>
<when>2026-08-27T19:53:56Z</when>
<gx:coord>25.2643417 59.4959217 143.1</gx:coord>
<when>2026-08-27T19:53:57Z</when>
<gx:coord>25.2643233 59.4958233 143.4</gx:coord>
<when>2026-08-27T19:53:58Z</when>
<gx:coord>25.264305 59.4957233 143.6</gx:coord>
<when>2026-08-27T19:53:59Z</when>
<gx:coord>25.2642867 59.4956233 143.8</gx:coord>
<when>2026-08-27T19:54:00Z</when>
<gx:coord>25.264275 59.495525 144.1</gx:coord>
<when>2026-08-27T19:54:01Z</when>
<gx:coord>25.2642733 59.495425 144.2</gx:coord>
<when>2026-08-27T19:54:02Z</when>
<gx:coord>25.2642717 59.4953267 144.3</gx:coord>
<when>2026-08-27T19:54:03Z</when>
<gx:coord>25.2642667 59.4952267 144.5</gx:coord>
<when>2026-08-27T19:54:04Z</when>
<gx:coord>25.2642617 59.4951283 144.9</gx:coord>
<when>2026-08-27T19:54:05Z</when>
<gx:coord>25.2642583 59.49503 145.1</gx:coord>
<when>2026-08-27T19:54:06Z</when>
<gx:coord>25.2642617 59.4949333 145.3</gx:coord>
<when>2026-08-27T19:54:07Z</when>
<gx:coord>25.2642717 59.4948367 145.4</gx:coord>
<when>2026-08-27T19:54:08Z</when>
<gx:coord>25.2642833 59.4947367 145.8</gx:coord>
<when>2026-08-27T19:54:09Z</when>
<gx:coord>25.2642917 59.4946367 146.5</gx:coord>
<when>2026-08-27T19:54:10Z</when>
<gx:coord>25.2642983 59.4945367 147.3</gx:coord>
<when>2026-08-27T19:54:11Z</when>
<gx:coord>25.2643 59.49444 148.0</gx:coord>
<when>2026-08-27T19:54:12Z</when>
<gx:coord>25.2643033 59.4943433 148.5</gx:coord>
<when>2026-08-27T19:54:13Z</when>
<gx:coord>25.2643067 59.4942483 148.9</gx:coord>
<when>2026-08-27T19:54:14Z</when>
<gx:coord>25.2643067 59.4941533 149.3</gx:coord>
<when>2026-08-27T19:54:15Z</when>
<gx:coord>25.2643033 59.4940567 149.7</gx:coord>
<when>2026-08-27T19:54:16Z</when>
<gx:coord>25.2642983 59.4939583 150.3</gx:coord>
<when>2026-08-27T19:54:17Z</when>
<gx:coord>25.264295 59.4938567 150.6</gx:coord>
<when>2026-08-27T19:54:18Z</when>
<gx:coord>25.2642933 59.4937583 151.2</gx:coord>
<when>2026-08-27T19:54:19Z</when>
<gx:coord>25.264295 59.4936617 151.7</gx:coord>
<when>2026-08-27T19:54:20Z</when>
<gx:coord>25.2643033 59.4935633 152.0</gx:coord>
<when>2026-08-27T19:54:21Z</when>
<gx:coord>25.2643233 59.4934667 152.4</gx:coord>
<when>2026-08-27T19:54:22Z</when>
<gx:coord>25.26435 59.49337 152.9</gx:coord>
<when>2026-08-27T19:54:23Z</when>
<gx:coord>25.2643833 59.4932733 153.4</gx:coord>
<when>2026-08-27T19:54:24Z</when>
<gx:coord>25.2644183 59.4931767 153.9</gx:coord>
<when>2026-08-27T19:54:25Z</when>
<gx:coord>25.26446 59.4930817 154.3</gx:coord>
<when>2026-08-27T19:54:26Z</when>
<gx:coord>25.2645133 59.4929917 154.7</gx:coord>
<when>2026-08-27T19:54:27Z</when>
<gx:coord>25.2645783 59.4929033 155.2</gx:coord>
<when>2026-08-27T19:54:28Z</when>
<gx:coord>25.2646467 59.492815 155.5</gx:coord>
<when>2026-08-27T19:54:29Z</when>
<gx:coord>25.2647183 59.4927283 156.0</gx:coord>
<when>2026-08-27T19:54:30Z</when>
<gx:coord>25.26479 59.4926417 156.6</gx:coord>
<when>2026-08-27T19:54:31Z</when>
<gx:coord>25.2648633 59.492555 157.2</gx:coord>
<when>2026-08-27T19:54:32Z</when>
<gx:coord>25.2649417 59.4924683 157.7</gx:coord>
<when>2026-08-27T19:54:33Z</when>
<gx:coord>25.2650283 59.492385 158.3</gx:coord>
<when>2026-08-27T19:54:34Z</when>
<gx:coord>25.2651183 59.4923017 158.9</gx:coord>
<when>2026-08-27T19:54:35Z</when>
<gx:coord>25.2652117 59.4922183 159.5</gx:coord>
<when>2026-08-27T19:54:36Z</when>
<gx:coord>25.2653067 59.4921367 160.1</gx:coord>
<when>2026-08-27T19:54:37Z</when>
<gx:coord>25.2654067 59.4920567 160.7</gx:coord>
<when>2026-08-27T19:54:38Z</when>
<gx:coord>25.26551 59.4919783 161.3</gx:coord>
<when>2026-08-27T19:54:39Z</when>
<gx:coord>25.2656167 59.4919017 161.8</gx:coord>
<when>2026-08-27T19:54:40Z</when>
<gx:coord>25.2657317 59.49183 162.2</gx:coord>
<when>2026-08-27T19:54:41Z</when>
<gx:coord>25.2658583 59.49176 162.7</gx:coord>
<when>2026-08-27T19:54:42Z</when>
<gx:coord>25.2659917 59.4916933 163.1</gx:coord>
<when>2026-08-27T19:54:43Z</when>
<gx:coord>25.266125 59.4916267 163.5</gx:coord>
<when>2026-08-27T19:54:44Z</when>
<gx:coord>25.2662567 59.49156 164.1</gx:coord>
<when>2026-08-27T19:54:45Z</when>
<gx:coord>25.2663917 59.4914933 164.6</gx:coord>
<when>2026-08-27T19:54:46Z</when>
<gx:coord>25.26653 59.49143 165.1</gx:coord>
<when>2026-08-27T19:54:47Z</when>
<gx:coord>25.2666733 59.49137 165.6</gx:coord>
<when>2026-08-27T19:54:48Z</when>
<gx:coord>25.2668167 59.49131 166.1</gx:coord>
<when>2026-08-27T19:54:49Z</when>
<gx:coord>25.2669533 59.4912467 166.7</gx:coord>
<when>2026-08-27T19:54:50Z</when>
<gx:coord>25.2670833 59.4911817 167.3</gx:coord>
<when>2026-08-27T19:54:51Z</when>
<gx:coord>25.2672133 59.4911167 167.9</gx:coord>
<when>2026-08-27T19:54:52Z</when>
<gx:coord>25.2673417 59.4910533 168.1</gx:coord>
<when>2026-08-27T19:54:53Z</when>
<gx:coord>25.2674767 59.4909933 168.5</gx:coord>
<when>2026-08-27T19:54:54Z</when>
<gx:coord>25.267615 59.490935 168.8</gx:coord>
<when>2026-08-27T19:54:55Z</when>
<gx:coord>25.2677583 59.4908767 169.2</gx:coord>
<when>2026-08-27T19:54:56Z</when>
<gx:coord>25.2679 59.4908167 169.4</gx:coord>
<when>2026-08-27T19:54:57Z</when>
<gx:coord>25.26804 59.4907583 169.7</gx:coord>
<when>2026-08-27T19:54:58Z</when>
<gx:coord>25.2681783 59.4906983 170.1</gx:coord>
<when>2026-08-27T19:54:59Z</when>
<gx:coord>25.26832 59.4906417 170.6</gx:coord>
<when>2026-08-27T19:55:00Z</when>
<gx:coord>25.2684617 59.4905867 171.0</gx:coord>
<when>2026-08-27T19:55:01Z</when>
<gx:coord>25.268605 59.490535 171.3</gx:coord>
<when>2026-08-27T19:55:02Z</when>
<gx:coord>25.2687517 59.4904817 171.8</gx:coord>
<when>2026-08-27T19:55:03Z</when>
<gx:coord>25.2689 59.4904267 172.3</gx:coord>
<when>2026-08-27T19:55:04Z</when>
<gx:coord>25.2690433 59.49037 172.8</gx:coord>
<when>2026-08-27T19:55:05Z</when>
<gx:coord>25.269185 59.4903117 173.4</gx:coord>
<when>2026-08-27T19:55:06Z</when>
<gx:coord>25.26932 59.490255 173.8</gx:coord>
<when>2026-08-27T19:55:07Z</when>
<gx:coord>25.2694567 59.4901983 174.1</gx:coord>
<when>2026-08-27T19:55:08Z</when>
<gx:coord>25.2695967 59.49014 174.2</gx:coord>
<when>2026-08-27T19:55:09Z</when>
<gx:coord>25.2697367 59.4900817 174.3</gx:coord>
<when>2026-08-27T19:55:10Z</when>
<gx:coord>25.2698733 59.4900183 174.4</gx:coord>
<when>2026-08-27T19:55:11Z</when>
<gx:coord>25.270005 59.489955 174.6</gx:coord>
<when>2026-08-27T19:55:12Z</when>
<gx:coord>25.2701317 59.48989 174.9</gx:coord>
<when>2026-08-27T19:55:13Z</when>
<gx:coord>25.2702583 59.489825 175.2</gx:coord>
<when>2026-08-27T19:55:14Z</when>
<gx:coord>25.2703817 59.4897617 175.3</gx:coord>
<when>2026-08-27T19:55:15Z</when>
<gx:coord>25.2705017 59.4896967 175.3</gx:coord>
<when>2026-08-27T19:55:16Z</when>
<gx:coord>25.2706183 59.4896317 175.3</gx:coord>
<when>2026-08-27T19:55:17Z</when>
<gx:coord>25.270735 59.489565 175.3</gx:coord>
<when>2026-08-27T19:55:18Z</when>
<gx:coord>25.2708517 59.489495 175.4</gx:coord>
<when>2026-08-27T19:55:19Z</when>
<gx:coord>25.2709667 59.4894233 175.7</gx:coord>
<when>2026-08-27T19:55:20Z</when>
<gx:coord>25.2710833 59.48935 176.1</gx:coord>
<when>2026-08-27T19:55:21Z</when>
<gx:coord>25.271195 59.4892767 176.7</gx:coord>
<when>2026-08-27T19:55:22Z</when>
<gx:coord>25.2713017 59.489205 177.2</gx:coord>
<when>2026-08-27T19:55:23Z</when>
<gx:coord>25.27141 59.48913 177.7</gx:coord>
<when>2026-08-27T19:55:24Z</when>
<gx:coord>25.2715167 59.489055 178.3</gx:coord>
<when>2026-08-27T19:55:25Z</when>
<gx:coord>25.2716167 59.4889783 178.7</gx:coord>
<when>2026-08-27T19:55:26Z</when>
<gx:coord>25.27172 59.4889017 179.1</gx:coord>
<when>2026-08-27T19:55:27Z</when>
<gx:coord>25.2718183 59.488825 179.5</gx:coord>
<when>2026-08-27T19:55:28Z</when>
<gx:coord>25.27192 59.4887483 179.5</gx:coord>
<when>2026-08-27T19:55:29Z</when>
<gx:coord>25.272025 59.4886733 179.5</gx:coord>
<when>2026-08-27T19:55:30Z</when>
<gx:coord>25.2721283 59.4886 179.6</gx:coord>
<when>2026-08-27T19:55:31Z</when>
<gx:coord>25.27223 59.488525 179.9</gx:coord>
<when>2026-08-27T19:55:32Z</when>
<gx:coord>25.2723267 59.4884483 180.1</gx:coord>
<when>2026-08-27T19:55:33Z</when>
<gx:coord>25.272425 59.4883733 180.4</gx:coord>
<when>2026-08-27T19:55:34Z</when>
<gx:coord>25.2725267 59.4882983 180.5</gx:coord>
<when>2026-08-27T19:55:35Z</when>
<gx:coord>25.2726283 59.4882217 180.7</gx:coord>
<when>2026-08-27T19:55:36Z</when>
<gx:coord>25.27273 59.488145 180.8</gx:coord>
<when>2026-08-27T19:55:37Z</when>
<gx:coord>25.2728267 59.488065 180.8</gx:coord>
<when>2026-08-27T19:55:38Z</when>
<gx:coord>25.27292 59.4879833 181.0</gx:coord>
<when>2026-08-27T19:55:39Z</when>
<gx:coord>25.2730083 59.4879 181.4</gx:coord>
<when>2026-08-27T19:55:40Z</when>
<gx:coord>25.2730917 59.4878183 181.8</gx:coord>
<when>2026-08-27T19:55:41Z</when>
<gx:coord>25.2731717 59.487735 182.0</gx:coord>
<when>2026-08-27T19:55:42Z</when>
<gx:coord>25.27325 59.4876517 182.1</gx:coord>
<when>2026-08-27T19:55:43Z</when>
<gx:coord>25.2733267 59.4875667 182.0</gx:coord>
<when>2026-08-27T19:55:44Z</when>
<gx:coord>25.2734067 59.48748 181.8</gx:coord>
<when>2026-08-27T19:55:45Z</when>
<gx:coord>25.2734933 59.4873917 181.7</gx:coord>
<when>2026-08-27T19:55:46Z</when>
<gx:coord>25.273585 59.4873067 182.0</gx:coord>
<when>2026-08-27T19:55:47Z</when>
<gx:coord>25.27368 59.4872233 182.4</gx:coord>
<when>2026-08-27T19:55:48Z</when>
<gx:coord>25.273775 59.4871433 182.7</gx:coord>
<when>2026-08-27T19:55:49Z</when>
<gx:coord>25.2738717 59.4870633 183.4</gx:coord>
<when>2026-08-27T19:55:50Z</when>
<gx:coord>25.2739717 59.486985 183.7</gx:coord>
<when>2026-08-27T19:55:51Z</when>
<gx:coord>25.2740733 59.4869067 183.9</gx:coord>
<when>2026-08-27T19:55:52Z</when>
<gx:coord>25.27418 59.4868283 184.1</gx:coord>
<when>2026-08-27T19:55:53Z</when>
<gx:coord>25.2742917 59.4867533 184.2</gx:coord>
<when>2026-08-27T19:55:54Z</when>
<gx:coord>25.2744067 59.4866767 184.5</gx:coord>
<when>2026-08-27T19:55:55Z</when>
<gx:coord>25.2745233 59.4866033 184.8</gx:coord>
<when>2026-08-27T19:55:56Z</when>
<gx:coord>25.2746433 59.48653 185.0</gx:coord>
<when>2026-08-27T19:55:57Z</when>
<gx:coord>25.274765 59.4864567 185.2</gx:coord>
<when>2026-08-27T19:55:58Z</when>
<gx:coord>25.2748917 59.4863867 185.4</gx:coord>
<when>2026-08-27T19:55:59Z</when>
<gx:coord>25.2750217 59.486315 185.6</gx:coord>
<when>2026-08-27T19:56:00Z</when>
<gx:coord>25.2751483 59.486245 185.8</gx:coord>
<when>2026-08-27T19:56:01Z</when>
<gx:coord>25.275275 59.486175 186.1</gx:coord>
<when>2026-08-27T19:56:02Z</when>
<gx:coord>25.275405 59.4861033 186.2</gx:coord>
<when>2026-08-27T19:56:03Z</when>
<gx:coord>25.2755233 59.4860317 186.6</gx:coord>
<when>2026-08-27T19:56:04Z</when>
<gx:coord>25.2756433 59.4859617 187.1</gx:coord>
<when>2026-08-27T19:56:05Z</when>
<gx:coord>25.2757633 59.48589 187.3</gx:coord>
<when>2026-08-27T19:56:06Z</when>
<gx:coord>25.27588 59.48582 187.4</gx:coord>
<when>2026-08-27T19:56:07Z</when>
<gx:coord>25.2759933 59.4857467 187.5</gx:coord>
<when>2026-08-27T19:56:08Z</when>
<gx:coord>25.2760917 59.4856683 187.6</gx:coord>
<when>2026-08-27T19:56:09Z</when>
<gx:coord>25.2761683 59.4855833 187.5</gx:coord>
<when>2026-08-27T19:56:10Z</when>
<gx:coord>25.2762117 59.4854917 187.3</gx:coord>
<when>2026-08-27T19:56:11Z</when>
<gx:coord>25.276245 59.4853967 187.3</gx:coord>
<when>2026-08-27T19:56:12Z</when>
<gx:coord>25.2762733 59.4853 187.3</gx:coord>
<when>2026-08-27T19:56:13Z</when>
<gx:coord>25.2763033 59.4852067 187.4</gx:coord>
<when>2026-08-27T19:56:14Z</when>
<gx:coord>25.2763333 59.4851117 187.7</gx:coord>
<when>2026-08-27T19:56:15Z</when>
<gx:coord>25.27635 59.4850167 188.0</gx:coord>
<when>2026-08-27T19:56:16Z</when>
<gx:coord>25.2763417 59.4849183 188.1</gx:coord>
<when>2026-08-27T19:56:17Z</when>
<gx:coord>25.2763133 59.48482 188.4</gx:coord>
<when>2026-08-27T19:56:18Z</when>
<gx:coord>25.2762783 59.4847183 188.4</gx:coord>
<when>2026-08-27T19:56:19Z</when>
<gx:coord>25.27625 59.4846183 188.6</gx:coord>
<when>2026-08-27T19:56:20Z</when>
<gx:coord>25.276235 59.4845183 188.8</gx:coord>
<when>2026-08-27T19:56:21Z</when>
<gx:coord>25.27622 59.48442 189.1</gx:coord>
<when>2026-08-27T19:56:22Z</when>
<gx:coord>25.2761983 59.484325 189.1</gx:coord>
<when>2026-08-27T19:56:23Z</when>
<gx:coord>25.2761683 59.4842283 189.4</gx:coord>
<when>2026-08-27T19:56:24Z</when>
<gx:coord>25.2761383 59.4841317 189.3</gx:coord>
<when>2026-08-27T19:56:25Z</when>
<gx:coord>25.276115 59.4840333 189.2</gx:coord>
<when>2026-08-27T19:56:26Z</when>
<gx:coord>25.2761 59.483935 188.7</gx:coord>
<when>2026-08-27T19:56:27Z</when>
<gx:coord>25.2760867 59.4838367 188.5</gx:coord>
<when>2026-08-27T19:56:28Z</when>
<gx:coord>25.2760617 59.4837367 188.5</gx:coord>
<when>2026-08-27T19:56:29Z</when>
<gx:coord>25.276025 59.48364 188.8</gx:coord>
<when>2026-08-27T19:56:30Z</when>
<gx:coord>25.27598 59.4835417 189.2</gx:coord>
<when>2026-08-27T19:56:31Z</when>
<gx:coord>25.275935 59.4834433 189.4</gx:coord>
<when>2026-08-27T19:56:32Z</when>
<gx:coord>25.2758867 59.4833467 189.7</gx:coord>
<when>2026-08-27T19:56:33Z</when>
<gx:coord>25.2758333 59.4832467 190.4</gx:coord>
<when>2026-08-27T19:56:34Z</when>
<gx:coord>25.2757717 59.48315 191.1</gx:coord>
<when>2026-08-27T19:56:35Z</when>
<gx:coord>25.2757017 59.4830517 191.5</gx:coord>
<when>2026-08-27T19:56:36Z</when>
<gx:coord>25.275625 59.482955 192.0</gx:coord>
<when>2026-08-27T19:56:37Z</when>
<gx:coord>25.2755383 59.4828583 192.5</gx:coord>
<when>2026-08-27T19:56:38Z</when>
<gx:coord>25.275445 59.482765 193.0</gx:coord>
<when>2026-08-27T19:56:39Z</when>
<gx:coord>25.275345 59.482675 193.5</gx:coord>
<when>2026-08-27T19:56:40Z</when>
<gx:coord>25.27524 59.4825833 194.1</gx:coord>
<when>2026-08-27T19:56:41Z</when>
<gx:coord>25.27513 59.4824967 194.5</gx:coord>
<when>2026-08-27T19:56:42Z</when>
<gx:coord>25.2750167 59.48241 194.9</gx:coord>
<when>2026-08-27T19:56:43Z</when>
<gx:coord>25.2749017 59.482325 195.3</gx:coord>
<when>2026-08-27T19:56:44Z</when>
<gx:coord>25.27479 59.48224 195.6</gx:coord>
<when>2026-08-27T19:56:45Z</when>
<gx:coord>25.2746833 59.4821533 195.8</gx:coord>
<when>2026-08-27T19:56:46Z</when>
<gx:coord>25.2745817 59.482065 195.9</gx:coord>
<when>2026-08-27T19:56:47Z</when>
<gx:coord>25.2744817 59.481975 195.9</gx:coord>
<when>2026-08-27T19:56:48Z</when>
<gx:coord>25.274375 59.4818833 195.7</gx:coord>
<when>2026-08-27T19:56:49Z</when>
<gx:coord>25.2742633 59.4817883 195.8</gx:coord>
<when>2026-08-27T19:56:50Z</when>
<gx:coord>25.2741517 59.4816967 196.5</gx:coord>
<when>2026-08-27T19:56:51Z</when>
<gx:coord>25.27404 59.4816083 197.0</gx:coord>
<when>2026-08-27T19:56:52Z</when>
<gx:coord>25.2739283 59.4815217 197.3</gx:coord>
<when>2026-08-27T19:56:53Z</when>
<gx:coord>25.273815 59.481435 197.7</gx:coord>
<when>2026-08-27T19:56:54Z</when>
<gx:coord>25.2736967 59.48135 197.7</gx:coord>
<when>2026-08-27T19:56:55Z</when>
<gx:coord>25.27357 59.4812633 198.2</gx:coord>
<when>2026-08-27T19:56:56Z</when>
<gx:coord>25.273435 59.481175 198.8</gx:coord>
<when>2026-08-27T19:56:57Z</when>
<gx:coord>25.2732933 59.4810867 199.6</gx:coord>
<when>2026-08-27T19:56:58Z</when>
<gx:coord>25.2731417 59.4810017 200.3</gx:coord>
<when>2026-08-27T19:56:59Z</when>
<gx:coord>25.272975 59.4809133 200.0</gx:coord>
<when>2026-08-27T19:57:00Z</when>
<gx:coord>25.2727983 59.4808283 200.1</gx:coord>
<when>2026-08-27T19:57:01Z</when>
<gx:coord>25.2726233 59.480745 200.4</gx:coord>
<when>2026-08-27T19:57:02Z</when>
<gx:coord>25.27246 59.4806633 200.9</gx:coord>
<when>2026-08-27T19:57:03Z</when>
<gx:coord>25.2723033 59.4805767 200.7</gx:coord>
<when>2026-08-27T19:57:04Z</when>
<gx:coord>25.2721467 59.4804867 200.1</gx:coord>
<when>2026-08-27T19:57:05Z</when>
<gx:coord>25.27199 59.4803917 199.9</gx:coord>
<when>2026-08-27T19:57:06Z</when>
<gx:coord>25.2718333 59.4802967 200.1</gx:coord>
<when>2026-08-27T19:57:07Z</when>
<gx:coord>25.27168 59.4802 200.5</gx:coord>
<when>2026-08-27T19:57:08Z</when>
<gx:coord>25.27154 59.480105 201.2</gx:coord>
<when>2026-08-27T19:57:09Z</when>
<gx:coord>25.27141 59.4800083 202.1</gx:coord>
<when>2026-08-27T19:57:10Z</when>
<gx:coord>25.27128 59.4799133 203.3</gx:coord>
<when>2026-08-27T19:57:11Z</when>
<gx:coord>25.2711383 59.47982 203.6</gx:coord>
<when>2026-08-27T19:57:12Z</when>
<gx:coord>25.270985 59.4797267 204.5</gx:coord>
<when>2026-08-27T19:57:13Z</when>
<gx:coord>25.270815 59.479635 205.3</gx:coord>
<when>2026-08-27T19:57:14Z</when>
<gx:coord>25.27064 59.4795433 206.0</gx:coord>
<when>2026-08-27T19:57:15Z</when>
<gx:coord>25.2704767 59.4794517 206.9</gx:coord>
<when>2026-08-27T19:57:16Z</when>
<gx:coord>25.2703217 59.4793633 207.5</gx:coord>
<when>2026-08-27T19:57:17Z</when>
<gx:coord>25.2701683 59.4792767 207.6</gx:coord>
<when>2026-08-27T19:57:18Z</when>
<gx:coord>25.2700133 59.47919 207.7</gx:coord>
<when>2026-08-27T19:57:19Z</when>
<gx:coord>25.2698517 59.4791017 207.9</gx:coord>
<when>2026-08-27T19:57:20Z</when>
<gx:coord>25.2696767 59.47901 207.7</gx:coord>
<when>2026-08-27T19:57:21Z</when>
<gx:coord>25.2695017 59.4789183 208.0</gx:coord>
<when>2026-08-27T19:57:22Z</when>
<gx:coord>25.2693283 59.47883 208.9</gx:coord>
<when>2026-08-27T19:57:23Z</when>
<gx:coord>25.2691567 59.478745 209.8</gx:coord>
<when>2026-08-27T19:57:24Z</when>
<gx:coord>25.2689883 59.4786633 210.5</gx:coord>
<when>2026-08-27T19:57:25Z</when>
<gx:coord>25.2688217 59.4785817 210.8</gx:coord>
<when>2026-08-27T19:57:26Z</when>
<gx:coord>25.26865 59.4785017 211.3</gx:coord>
<when>2026-08-27T19:57:27Z</when>
<gx:coord>25.2684733 59.4784217 210.9</gx:coord>
<when>2026-08-27T19:57:28Z</when>
<gx:coord>25.2683 59.4783417 211.7</gx:coord>
<when>2026-08-27T19:57:29Z</when>
<gx:coord>25.2681383 59.4782583 212.5</gx:coord>
<when>2026-08-27T19:57:30Z</when>
<gx:coord>25.2679917 59.47817 212.9</gx:coord>
<when>2026-08-27T19:57:31Z</when>
<gx:coord>25.26786 59.4780717 213.5</gx:coord>
<when>2026-08-27T19:57:32Z</when>
<gx:coord>25.2677433 59.4779683 214.6</gx:coord>
<when>2026-08-27T19:57:33Z</when>
<gx:coord>25.2676317 59.4778633 215.7</gx:coord>
<when>2026-08-27T19:57:34Z</when>
<gx:coord>25.2675233 59.4777617 216.4</gx:coord>
<when>2026-08-27T19:57:35Z</when>
<gx:coord>25.267415 59.4776633 216.6</gx:coord>
<when>2026-08-27T19:57:36Z</when>
<gx:coord>25.2673033 59.4775633 216.5</gx:coord>
<when>2026-08-27T19:57:37Z</when>
<gx:coord>25.2671917 59.4774633 216.3</gx:coord>
<when>2026-08-27T19:57:38Z</when>
<gx:coord>25.26708 59.4773583 216.0</gx:coord>
<when>2026-08-27T19:57:39Z</when>
<gx:coord>25.26697 59.4772483 215.4</gx:coord>
<when>2026-08-27T19:57:40Z</when>
<gx:coord>25.2668633 59.47714 215.1</gx:coord>
<when>2026-08-27T19:57:41Z</when>
<gx:coord>25.2667617 59.4770333 215.3</gx:coord>
<when>2026-08-27T19:57:42Z</when>
<gx:coord>25.26666 59.4769267 215.4</gx:coord>
<when>2026-08-27T19:57:43Z</when>
<gx:coord>25.2665617 59.4768217 215.8</gx:coord>
<when>2026-08-27T19:57:44Z</when>
<gx:coord>25.266465 59.4767167 216.1</gx:coord>
<when>2026-08-27T19:57:45Z</when>
<gx:coord>25.2663733 59.4766117 216.6</gx:coord>
<when>2026-08-27T19:57:46Z</when>
<gx:coord>25.2662817 59.4765067 216.8</gx:coord>
<when>2026-08-27T19:57:47Z</when>
<gx:coord>25.2661917 59.4764 216.9</gx:coord>
<when>2026-08-27T19:57:48Z</when>
<gx:coord>25.266105 59.4762933 217.2</gx:coord>
<when>2026-08-27T19:57:49Z</when>
<gx:coord>25.2660183 59.476185 217.4</gx:coord>
<when>2026-08-27T19:57:50Z</when>
<gx:coord>25.2659333 59.4760767 217.5</gx:coord>
<when>2026-08-27T19:57:51Z</when>
<gx:coord>25.2658483 59.4759683 217.7</gx:coord>
<when>2026-08-27T19:57:52Z</when>
<gx:coord>25.265765 59.4758583 218.4</gx:coord>
<when>2026-08-27T19:57:53Z</when>
<gx:coord>25.2656817 59.47575 219.2</gx:coord>
<when>2026-08-27T19:57:54Z</when>
<gx:coord>25.2655983 59.4756417 219.6</gx:coord>
<when>2026-08-27T19:57:55Z</when>
<gx:coord>25.2655133 59.4755333 220.0</gx:coord>
<when>2026-08-27T19:57:56Z</when>
<gx:coord>25.2654317 59.4754267 220.3</gx:coord>
<when>2026-08-27T19:57:57Z</when>
<gx:coord>25.2653567 59.47532 220.8</gx:coord>
<when>2026-08-27T19:57:58Z</when>
<gx:coord>25.265285 59.4752083 221.0</gx:coord>
<when>2026-08-27T19:57:59Z</when>
<gx:coord>25.2652167 59.4750983 221.2</gx:coord>
<when>2026-08-27T19:58:00Z</when>
<gx:coord>25.26515 59.474985 221.2</gx:coord>
<when>2026-08-27T19:58:01Z</when>
<gx:coord>25.2650917 59.4748717 222.2</gx:coord>
<when>2026-08-27T19:58:02Z</when>
<gx:coord>25.26504 59.47476 223.3</gx:coord>
<when>2026-08-27T19:58:03Z</when>
<gx:coord>25.26499 59.4746483 223.9</gx:coord>
<when>2026-08-27T19:58:04Z</when>
<gx:coord>25.2649417 59.474535 224.3</gx:coord>
<when>2026-08-27T19:58:05Z</when>
<gx:coord>25.2649 59.474425 225.1</gx:coord>
<when>2026-08-27T19:58:06Z</when>
<gx:coord>25.26486 59.474315 225.6</gx:coord>
<when>2026-08-27T19:58:07Z</when>
<gx:coord>25.2648183 59.474205 225.7</gx:coord>
<when>2026-08-27T19:58:08Z</when>
<gx:coord>25.26478 59.4740933 225.8</gx:coord>
<when>2026-08-27T19:58:09Z</when>
<gx:coord>25.2647367 59.4739833 225.8</gx:coord>
<when>2026-08-27T19:58:10Z</when>
<gx:coord>25.2646783 59.4738717 226.3</gx:coord>
<when>2026-08-27T19:58:11Z</when>
<gx:coord>25.2646017 59.4737633 226.8</gx:coord>
<when>2026-08-27T19:58:12Z</when>
<gx:coord>25.2645117 59.4736583 227.1</gx:coord>
<when>2026-08-27T19:58:13Z</when>
<gx:coord>25.2644117 59.4735517 227.8</gx:coord>
<when>2026-08-27T19:58:14Z</when>
<gx:coord>25.264305 59.4734483 228.6</gx:coord>
<when>2026-08-27T19:58:15Z</when>
<gx:coord>25.2641917 59.47335 229.2</gx:coord>
<when>2026-08-27T19:58:16Z</when>
<gx:coord>25.2640717 59.4732517 229.6</gx:coord>
<when>2026-08-27T19:58:17Z</when>
<gx:coord>25.26395 59.4731533 230.2</gx:coord>
<when>2026-08-27T19:58:18Z</when>
<gx:coord>25.2638233 59.473055 230.8</gx:coord>
<when>2026-08-27T19:58:19Z</when>
<gx:coord>25.2636917 59.472955 231.7</gx:coord>
<when>2026-08-27T19:58:20Z</when>
<gx:coord>25.2635533 59.4728567 232.7</gx:coord>
<when>2026-08-27T19:58:21Z</when>
<gx:coord>25.263405 59.47276 233.5</gx:coord>
<when>2026-08-27T19:58:22Z</when>
<gx:coord>25.2632483 59.4726633 234.5</gx:coord>
<when>2026-08-27T19:58:23Z</when>
<gx:coord>25.2630917 59.4725667 235.5</gx:coord>
<when>2026-08-27T19:58:24Z</when>
<gx:coord>25.262935 59.4724683 236.4</gx:coord>
<when>2026-08-27T19:58:25Z</when>
<gx:coord>25.262785 59.4723717 237.8</gx:coord>
<when>2026-08-27T19:58:26Z</when>
<gx:coord>25.2626333 59.4722783 238.6</gx:coord>
<when>2026-08-27T19:58:27Z</when>
<gx:coord>25.2624733 59.4721867 239.0</gx:coord>
<when>2026-08-27T19:58:28Z</when>
<gx:coord>25.2623067 59.4720967 239.0</gx:coord>
<when>2026-08-27T19:58:29Z</when>
<gx:coord>25.26213 59.47201 238.5</gx:coord>
<when>2026-08-27T19:58:30Z</when>
<gx:coord>25.26195 59.471925 238.9</gx:coord>
<when>2026-08-27T19:58:31Z</when>
<gx:coord>25.261765 59.47184 238.7</gx:coord>
<when>2026-08-27T19:58:32Z</when>
<gx:coord>25.26158 59.4717567 239.5</gx:coord>
<when>2026-08-27T19:58:33Z</when>
<gx:coord>25.26139 59.471675 240.4</gx:coord>
<when>2026-08-27T19:58:34Z</when>
<gx:coord>25.2612 59.4715967 242.4</gx:coord>
<when>2026-08-27T19:58:35Z</when>
<gx:coord>25.2610067 59.4715217 244.4</gx:coord>
<when>2026-08-27T19:58:36Z</when>
<gx:coord>25.2608083 59.4714467 245.8</gx:coord>
<when>2026-08-27T19:58:37Z</when>
<gx:coord>25.260605 59.471375 246.6</gx:coord>
<when>2026-08-27T19:58:38Z</when>
<gx:coord>25.2603983 59.471305 246.9</gx:coord>
<when>2026-08-27T19:58:39Z</when>
<gx:coord>25.2601817 59.471235 246.4</gx:coord>
<when>2026-08-27T19:58:40Z</when>
<gx:coord>25.2599633 59.4711633 246.0</gx:coord>
<when>2026-08-27T19:58:41Z</when>
<gx:coord>25.25974 59.4710883 245.8</gx:coord>
<when>2026-08-27T19:58:42Z</when>
<gx:coord>25.259515 59.471015 245.7</gx:coord>
<when>2026-08-27T19:58:43Z</when>
<gx:coord>25.2592917 59.470945 246.3</gx:coord>
<when>2026-08-27T19:58:44Z</when>
<gx:coord>25.2590717 59.47088 247.0</gx:coord>
<when>2026-08-27T19:58:45Z</when>
<gx:coord>25.258855 59.4708183 247.6</gx:coord>
<when>2026-08-27T19:58:46Z</when>
<gx:coord>25.2586383 59.4707583 248.1</gx:coord>
<when>2026-08-27T19:58:47Z</when>
<gx:coord>25.2584183 59.4707 248.3</gx:coord>
<when>2026-08-27T19:58:48Z</when>
<gx:coord>25.2581933 59.47064 248.9</gx:coord>
<when>2026-08-27T19:58:49Z</when>
<gx:coord>25.2579667 59.4705817 250.0</gx:coord>
<when>2026-08-27T19:58:50Z</when>
<gx:coord>25.257735 59.4705233 251.4</gx:coord>
<when>2026-08-27T19:58:51Z</when>
<gx:coord>25.257505 59.4704683 252.8</gx:coord>
<when>2026-08-27T19:58:52Z</when>
<gx:coord>25.2572783 59.4704183 254.1</gx:coord>
<when>2026-08-27T19:58:53Z</when>
<gx:coord>25.2570517 59.4703717 255.0</gx:coord>
<when>2026-08-27T19:58:54Z</when>
<gx:coord>25.2568267 59.4703267 256.0</gx:coord>
<when>2026-08-27T19:58:55Z</when>
<gx:coord>25.256595 59.47028 256.8</gx:coord>
<when>2026-08-27T19:58:56Z</when>
<gx:coord>25.25636 59.470235 257.6</gx:coord>
<when>2026-08-27T19:58:57Z</when>
<gx:coord>25.2561233 59.4701917 258.2</gx:coord>
<when>2026-08-27T19:58:58Z</when>
<gx:coord>25.255885 59.4701483 258.9</gx:coord>
<when>2026-08-27T19:58:59Z</when>
<gx:coord>25.2556517 59.4701 259.6</gx:coord>
<when>2026-08-27T19:59:00Z</when>
<gx:coord>25.2554333 59.470045 260.5</gx:coord>
<when>2026-08-27T19:59:01Z</when>
<gx:coord>25.2552267 59.4699783 261.3</gx:coord>
<when>2026-08-27T19:59:02Z</when>
<gx:coord>25.2550317 59.4699033 261.5</gx:coord>
<when>2026-08-27T19:59:03Z</when>
<gx:coord>25.25484 59.469825 261.9</gx:coord>
<when>2026-08-27T19:59:04Z</when>
<gx:coord>25.254645 59.4697467 262.4</gx:coord>
<when>2026-08-27T19:59:05Z</when>
<gx:coord>25.2544483 59.4696667 263.2</gx:coord>
<when>2026-08-27T19:59:06Z</when>
<gx:coord>25.254255 59.4695867 264.7</gx:coord>
<when>2026-08-27T19:59:07Z</when>
<gx:coord>25.254065 59.4695067 265.6</gx:coord>
<when>2026-08-27T19:59:08Z</when>
<gx:coord>25.2538833 59.4694283 266.4</gx:coord>
<when>2026-08-27T19:59:09Z</when>
<gx:coord>25.2537033 59.46935 267.2</gx:coord>
<when>2026-08-27T19:59:10Z</when>
<gx:coord>25.2535233 59.46927 267.3</gx:coord>
<when>2026-08-27T19:59:11Z</when>
<gx:coord>25.2533433 59.4691917 267.7</gx:coord>
<when>2026-08-27T19:59:12Z</when>
<gx:coord>25.2531633 59.4691117 268.3</gx:coord>
<when>2026-08-27T19:59:13Z</when>
<gx:coord>25.2529783 59.4690333 269.2</gx:coord>
<when>2026-08-27T19:59:14Z</when>
<gx:coord>25.2527917 59.4689567 269.9</gx:coord>
<when>2026-08-27T19:59:15Z</when>
<gx:coord>25.252605 59.46888 271.1</gx:coord>
<when>2026-08-27T19:59:16Z</when>
<gx:coord>25.25242 59.468805 271.7</gx:coord>
<when>2026-08-27T19:59:17Z</when>
<gx:coord>25.25224 59.468725 272.5</gx:coord>
<when>2026-08-27T19:59:18Z</when>
<gx:coord>25.2520633 59.468645 273.0</gx:coord>
<when>2026-08-27T19:59:19Z</when>
<gx:coord>25.25189 59.4685633 273.3</gx:coord>
<when>2026-08-27T19:59:20Z</when>
<gx:coord>25.2517167 59.4684833 273.8</gx:coord>
<when>2026-08-27T19:59:21Z</when>
<gx:coord>25.2515417 59.4684 273.9</gx:coord>
<when>2026-08-27T19:59:22Z</when>
<gx:coord>25.251365 59.4683183 274.0</gx:coord>
<when>2026-08-27T19:59:23Z</when>
<gx:coord>25.2511867 59.468235 274.2</gx:coord>
<when>2026-08-27T19:59:24Z</when>
<gx:coord>25.2510083 59.4681533 274.3</gx:coord>
<when>2026-08-27T19:59:25Z</when>
<gx:coord>25.2508317 59.46807 274.7</gx:coord>
<when>2026-08-27T19:59:26Z</when>
<gx:coord>25.2506517 59.46799 275.0</gx:coord>
<when>2026-08-27T19:59:27Z</when>
<gx:coord>25.25047 59.4679083 275.5</gx:coord>
<when>2026-08-27T19:59:28Z</when>
<gx:coord>25.2502867 59.4678267 276.1</gx:coord>
<when>2026-08-27T19:59:29Z</when>
<gx:coord>25.2501 59.4677483 276.9</gx:coord>
<when>2026-08-27T19:59:30Z</when>
<gx:coord>25.2499167 59.46767 278.2</gx:coord>
<when>2026-08-27T19:59:31Z</when>
<gx:coord>25.249735 59.4675917 279.5</gx:coord>
<when>2026-08-27T19:59:32Z</when>
<gx:coord>25.2495567 59.467515 281.2</gx:coord>
<when>2026-08-27T19:59:33Z</when>
<gx:coord>25.2493733 59.4674367 282.3</gx:coord>
<when>2026-08-27T19:59:34Z</when>
<gx:coord>25.24919 59.4673617 283.2</gx:coord>
<when>2026-08-27T19:59:35Z</when>
<gx:coord>25.249005 59.467285 283.8</gx:coord>
<when>2026-08-27T19:59:36Z</when>
<gx:coord>25.24882 59.4672083 284.7</gx:coord>
<when>2026-08-27T19:59:37Z</when>
<gx:coord>25.2486333 59.4671317 285.4</gx:coord>
<when>2026-08-27T19:59:38Z</when>
<gx:coord>25.248445 59.4670583 285.9</gx:coord>
<when>2026-08-27T19:59:39Z</when>
<gx:coord>25.248255 59.466985 286.1</gx:coord>
<when>2026-08-27T19:59:40Z</when>
<gx:coord>25.2480667 59.4669133 286.4</gx:coord>
<when>2026-08-27T19:59:41Z</when>
<gx:coord>25.2478767 59.46684 286.7</gx:coord>
<when>2026-08-27T19:59:42Z</when>
<gx:coord>25.2476883 59.4667683 287.5</gx:coord>
<when>2026-08-27T19:59:43Z</when>
<gx:coord>25.2474983 59.4666967 288.2</gx:coord>
<when>2026-08-27T19:59:44Z</when>
<gx:coord>25.2473067 59.4666267 288.8</gx:coord>
<when>2026-08-27T19:59:45Z</when>
<gx:coord>25.247115 59.466555 290.0</gx:coord>
<when>2026-08-27T19:59:46Z</when>
<gx:coord>25.2469217 59.466485 291.1</gx:coord>
<when>2026-08-27T19:59:47Z</when>
<gx:coord>25.2467283 59.466415 292.1</gx:coord>
<when>2026-08-27T19:59:48Z</when>
<gx:coord>25.24653 59.4663483 293.1</gx:coord>
<when>2026-08-27T19:59:49Z</when>
<gx:coord>25.2463283 59.46628 294.2</gx:coord>
<when>2026-08-27T19:59:50Z</when>
<gx:coord>25.2461233 59.4662133 295.4</gx:coord>
<when>2026-08-27T19:59:51Z</when>
<gx:coord>25.2459183 59.4661467 296.6</gx:coord>
<when>2026-08-27T19:59:52Z</when>
<gx:coord>25.24571 59.46608 297.5</gx:coord>
<when>2026-08-27T19:59:53Z</when>
<gx:coord>25.2455067 59.4660167 298.9</gx:coord>
<when>2026-08-27T19:59:54Z</when>
<gx:coord>25.2453033 59.465955 300.2</gx:coord>
<when>2026-08-27T19:59:55Z</when>
<gx:coord>25.2451 59.4658933 301.3</gx:coord>
<when>2026-08-27T19:59:56Z</when>
<gx:coord>25.2448933 59.4658333 302.1</gx:coord>
<when>2026-08-27T19:59:57Z</when>
<gx:coord>25.2446883 59.4657717 303.0</gx:coord>
<when>2026-08-27T19:59:58Z</when>
<gx:coord>25.2444817 59.46571 303.5</gx:coord>
<when>2026-08-27T19:59:59Z</when>
<gx:coord>25.2442767 59.465645 304.0</gx:coord>
<when>2026-08-27T20:00:00Z</when>
<gx:coord>25.2440717 59.4655767 304.3</gx:coord>
<when>2026-08-27T20:00:01Z</when>
<gx:coord>25.2438733 59.4655083 305.1</gx:coord>
<when>2026-08-27T20:00:02Z</when>
<gx:coord>25.243675 59.4654383 305.7</gx:coord>
<when>2026-08-27T20:00:03Z</when>
<gx:coord>25.2434783 59.4653683 306.2</gx:coord>
<when>2026-08-27T20:00:04Z</when>
<gx:coord>25.2432783 59.4652983 306.3</gx:coord>
<when>2026-08-27T20:00:05Z</when>
<gx:coord>25.24308 59.4652267 306.8</gx:coord>
<when>2026-08-27T20:00:06Z</when>
<gx:coord>25.2428817 59.4651567 307.2</gx:coord>
<when>2026-08-27T20:00:07Z</when>
<gx:coord>25.2426833 59.4650883 307.6</gx:coord>
<when>2026-08-27T20:00:08Z</when>
<gx:coord>25.2424867 59.4650183 308.3</gx:coord>
<when>2026-08-27T20:00:09Z</when>
<gx:coord>25.2422917 59.4649467 309.3</gx:coord>
<when>2026-08-27T20:00:10Z</when>
<gx:coord>25.242095 59.4648767 310.1</gx:coord>
<when>2026-08-27T20:00:11Z</when>
<gx:coord>25.2418983 59.4648067 310.9</gx:coord>
<when>2026-08-27T20:00:12Z</when>
<gx:coord>25.2417 59.4647367 311.4</gx:coord>
<when>2026-08-27T20:00:13Z</when>
<gx:coord>25.2415 59.464665 311.9</gx:coord>
<when>2026-08-27T20:00:14Z</when>
<gx:coord>25.2413017 59.4645967 312.6</gx:coord>
<when>2026-08-27T20:00:15Z</when>
<gx:coord>25.2411033 59.4645283 313.5</gx:coord>
<when>2026-08-27T20:00:16Z</when>
<gx:coord>25.240905 59.4644583 314.2</gx:coord>
<when>2026-08-27T20:00:17Z</when>
<gx:coord>25.2407067 59.4643883 315.0</gx:coord>
<when>2026-08-27T20:00:18Z</when>
<gx:coord>25.2405083 59.4643167 315.6</gx:coord>
<when>2026-08-27T20:00:19Z</when>
<gx:coord>25.24031 59.4642467 316.0</gx:coord>
<when>2026-08-27T20:00:20Z</when>
<gx:coord>25.2401117 59.4641767 316.2</gx:coord>
<when>2026-08-27T20:00:21Z</when>
<gx:coord>25.2399167 59.4641067 317.0</gx:coord>
<when>2026-08-27T20:00:22Z</when>
<gx:coord>25.2397183 59.4640367 317.7</gx:coord>
<when>2026-08-27T20:00:23Z</when>
<gx:coord>25.2395183 59.463965 318.2</gx:coord>
<when>2026-08-27T20:00:24Z</when>
<gx:coord>25.2393133 59.4638933 318.8</gx:coord>
<when>2026-08-27T20:00:25Z</when>
<gx:coord>25.2391067 59.4638217 319.4</gx:coord>
<when>2026-08-27T20:00:26Z</when>
<gx:coord>25.2389017 59.4637533 320.5</gx:coord>
<when>2026-08-27T20:00:27Z</when>
<gx:coord>25.2387 59.463685 321.6</gx:coord>
<when>2026-08-27T20:00:28Z</when>
<gx:coord>25.2384967 59.4636183 322.7</gx:coord>
<when>2026-08-27T20:00:29Z</when>
<gx:coord>25.2382933 59.46355 323.5</gx:coord>
<when>2026-08-27T20:00:30Z</when>
<gx:coord>25.2380917 59.4634817 324.3</gx:coord>
<when>2026-08-27T20:00:31Z</when>
<gx:coord>25.23789 59.4634133 324.9</gx:coord>
<when>2026-08-27T20:00:32Z</when>
<gx:coord>25.2376883 59.4633467 325.9</gx:coord>
<when>2026-08-27T20:00:33Z</when>
<gx:coord>25.23748 59.46328 326.6</gx:coord>
<when>2026-08-27T20:00:34Z</when>
<gx:coord>25.23727 59.463215 327.4</gx:coord>
<when>2026-08-27T20:00:35Z</when>
<gx:coord>25.23706 59.46315 328.4</gx:coord>
<when>2026-08-27T20:00:36Z</when>
<gx:coord>25.23685 59.463085 329.4</gx:coord>
<when>2026-08-27T20:00:37Z</when>
<gx:coord>25.236645 59.4630233 330.4</gx:coord>
<when>2026-08-27T20:00:38Z</when>
<gx:coord>25.2364383 59.4629617 331.3</gx:coord>
<when>2026-08-27T20:00:39Z</when>
<gx:coord>25.2362283 59.4629 331.3</gx:coord>
<when>2026-08-27T20:00:40Z</when>
<gx:coord>25.2360167 59.462835 331.7</gx:coord>
<when>2026-08-27T20:00:41Z</when>
<gx:coord>25.235805 59.4627717 332.1</gx:coord>
<when>2026-08-27T20:00:42Z</when>
<gx:coord>25.2355933 59.462705 332.7</gx:coord>
<when>2026-08-27T20:00:43Z</when>
<gx:coord>25.2353817 59.4626417 332.9</gx:coord>
<when>2026-08-27T20:00:44Z</when>
<gx:coord>25.2351683 59.462575 332.3</gx:coord>
<when>2026-08-27T20:00:45Z</when>
<gx:coord>25.2349633 59.46251 332.5</gx:coord>
<when>2026-08-27T20:00:46Z</when>
<gx:coord>25.2347583 59.4624433 332.5</gx:coord>
<when>2026-08-27T20:00:47Z</when>
<gx:coord>25.2345567 59.4623733 332.2</gx:coord>
<when>2026-08-27T20:00:48Z</when>
<gx:coord>25.2343517 59.4623017 332.3</gx:coord>
<when>2026-08-27T20:00:49Z</when>
<gx:coord>25.2341467 59.4622283 332.4</gx:coord>
<when>2026-08-27T20:00:50Z</when>
<gx:coord>25.2339383 59.4621517 332.7</gx:coord>
<when>2026-08-27T20:00:51Z</when>
<gx:coord>25.23373 59.4620767 333.4</gx:coord>
<when>2026-08-27T20:00:52Z</when>
<gx:coord>25.2335217 59.462005 334.3</gx:coord>
<when>2026-08-27T20:00:53Z</when>
<gx:coord>25.2333117 59.4619333 335.0</gx:coord>
<when>2026-08-27T20:00:54Z</when>
<gx:coord>25.2331033 59.461865 336.2</gx:coord>
<when>2026-08-27T20:00:55Z</when>
<gx:coord>25.232895 59.4617983 337.5</gx:coord>
<when>2026-08-27T20:00:56Z</when>
<gx:coord>25.2326783 59.461735 338.4</gx:coord>
<when>2026-08-27T20:00:57Z</when>
<gx:coord>25.23245 59.46168 339.0</gx:coord>
<when>2026-08-27T20:00:58Z</when>
<gx:coord>25.2322183 59.4616333 340.0</gx:coord>
<when>2026-08-27T20:00:59Z</when>
<gx:coord>25.2319817 59.4615933 341.2</gx:coord>
<when>2026-08-27T20:01:00Z</when>
<gx:coord>25.23174 59.46156 342.0</gx:coord>
<when>2026-08-27T20:01:01Z</when>
<gx:coord>25.2315 59.46153 342.8</gx:coord>
<when>2026-08-27T20:01:02Z</when>
<gx:coord>25.231255 59.461505 343.2</gx:coord>
<when>2026-08-27T20:01:03Z</when>
<gx:coord>25.2310083 59.4614833 343.3</gx:coord>
<when>2026-08-27T20:01:04Z</when>
<gx:coord>25.2307567 59.4614683 342.7</gx:coord>
<when>2026-08-27T20:01:05Z</when>
<gx:coord>25.2305083 59.4614567 342.6</gx:coord>
<when>2026-08-27T20:01:06Z</when>
<gx:coord>25.2302517 59.46145 342.4</gx:coord>
<when>2026-08-27T20:01:07Z</when>
<gx:coord>25.2299967 59.461445 342.5</gx:coord>
<when>2026-08-27T20:01:08Z</when>
<gx:coord>25.2297433 59.4614417 343.1</gx:coord>
<when>2026-08-27T20:01:09Z</when>
<gx:coord>25.2294883 59.4614417 343.4</gx:coord>
<when>2026-08-27T20:01:10Z</when>
<gx:coord>25.2292367 59.4614433 343.5</gx:coord>
<when>2026-08-27T20:01:11Z</when>
<gx:coord>25.2289883 59.4614417 343.8</gx:coord>
<when>2026-08-27T20:01:12Z</when>
<gx:coord>25.2287433 59.4614333 344.2</gx:coord>
<when>2026-08-27T20:01:13Z</when>
<gx:coord>25.2284967 59.46142 344.2</gx:coord>
<when>2026-08-27T20:01:14Z</when>
<gx:coord>25.228245 59.461405 344.2</gx:coord>
<when>2026-08-27T20:01:15Z</when>
<gx:coord>25.2279917 59.4613883 344.7</gx:coord>
<when>2026-08-27T20:01:16Z</when>
<gx:coord>25.2277417 59.4613683 345.3</gx:coord>
<when>2026-08-27T20:01:17Z</when>
<gx:coord>25.2274933 59.4613467 345.7</gx:coord>
<when>2026-08-27T20:01:18Z</when>
<gx:coord>25.2272533 59.4613233 346.5</gx:coord>
<when>2026-08-27T20:01:19Z</when>
<gx:coord>25.2270133 59.4612983 347.0</gx:coord>
<when>2026-08-27T20:01:20Z</when>
<gx:coord>25.226775 59.4612733 347.5</gx:coord>
<when>2026-08-27T20:01:21Z</when>
<gx:coord>25.2265367 59.4612467 348.1</gx:coord>
<when>2026-08-27T20:01:22Z</when>
<gx:coord>25.2262933 59.46122 348.5</gx:coord>
<when>2026-08-27T20:01:23Z</when>
<gx:coord>25.2260517 59.4611917 349.1</gx:coord>
<when>2026-08-27T20:01:24Z</when>
<gx:coord>25.22581 59.46116 349.7</gx:coord>
<when>2026-08-27T20:01:25Z</when>
<gx:coord>25.22557 59.46113 350.6</gx:coord>
<when>2026-08-27T20:01:26Z</when>
<gx:coord>25.2253267 59.4610983 351.3</gx:coord>
<when>2026-08-27T20:01:27Z</when>
<gx:coord>25.2250817 59.4610667 352.1</gx:coord>
<when>2026-08-27T20:01:28Z</when>
<gx:coord>25.2248333 59.461035 352.4</gx:coord>
<when>2026-08-27T20:01:29Z</when>
<gx:coord>25.2245817 59.4610083 352.8</gx:coord>
<when>2026-08-27T20:01:30Z</when>
<gx:coord>25.2243317 59.46099 353.4</gx:coord>
<when>2026-08-27T20:01:31Z</when>
<gx:coord>25.22408 59.4609833 353.6</gx:coord>
<when>2026-08-27T20:01:32Z</when>
<gx:coord>25.22383 59.460985 353.8</gx:coord>
<when>2026-08-27T20:01:33Z</when>
<gx:coord>25.223585 59.4609917 354.0</gx:coord>
<when>2026-08-27T20:01:34Z</when>
<gx:coord>25.2233433 59.4610017 354.5</gx:coord>
<when>2026-08-27T20:01:35Z</when>
<gx:coord>25.2231033 59.4610167 354.8</gx:coord>
<when>2026-08-27T20:01:36Z</when>
<gx:coord>25.2228617 59.4610333 354.6</gx:coord>
<when>2026-08-27T20:01:37Z</when>
<gx:coord>25.22262 59.4610567 354.5</gx:coord>
<when>2026-08-27T20:01:38Z</when>
<gx:coord>25.2223733 59.4610817 354.5</gx:coord>
<when>2026-08-27T20:01:39Z</when>
<gx:coord>25.2221267 59.4611083 354.4</gx:coord>
<when>2026-08-27T20:01:40Z</when>
<gx:coord>25.22188 59.46114 354.7</gx:coord>
<when>2026-08-27T20:01:41Z</when>
<gx:coord>25.2216367 59.461175 355.3</gx:coord>
<when>2026-08-27T20:01:42Z</when>
<gx:coord>25.2214 59.4612117 355.7</gx:coord>
<when>2026-08-27T20:01:43Z</when>
<gx:coord>25.2211667 59.4612517 356.0</gx:coord>
<when>2026-08-27T20:01:44Z</when>
<gx:coord>25.220935 59.4612917 356.0</gx:coord>
<when>2026-08-27T20:01:45Z</when>
<gx:coord>25.2207 59.4613317 355.9</gx:coord>
<when>2026-08-27T20:01:46Z</when>
<gx:coord>25.2204633 59.4613717 356.0</gx:coord>
<when>2026-08-27T20:01:47Z</when>
<gx:coord>25.2202217 59.4614083 356.2</gx:coord>
<when>2026-08-27T20:01:48Z</when>
<gx:coord>25.21998 59.4614433 356.6</gx:coord>
<when>2026-08-27T20:01:49Z</when>
<gx:coord>25.2197367 59.4614767 356.8</gx:coord>
<when>2026-08-27T20:01:50Z</when>
<gx:coord>25.2194917 59.46151 357.0</gx:coord>
<when>2026-08-27T20:01:51Z</when>
<gx:coord>25.2192467 59.46154 357.5</gx:coord>
<when>2026-08-27T20:01:52Z</when>
<gx:coord>25.219 59.4615667 357.6</gx:coord>
<when>2026-08-27T20:01:53Z</when>
<gx:coord>25.2187517 59.4615917 358.0</gx:coord>
<when>2026-08-27T20:01:54Z</when>
<gx:coord>25.2185 59.461615 358.2</gx:coord>
<when>2026-08-27T20:01:55Z</when>
<gx:coord>25.2182467 59.4616383 358.6</gx:coord>
<when>2026-08-27T20:01:56Z</when>
<gx:coord>25.2179967 59.461665 359.1</gx:coord>
<when>2026-08-27T20:01:57Z</when>
<gx:coord>25.2177467 59.46169 359.7</gx:coord>
<when>2026-08-27T20:01:58Z</when>
<gx:coord>25.2174983 59.461715 360.1</gx:coord>
<when>2026-08-27T20:01:59Z</when>
<gx:coord>25.21725 59.46174 360.5</gx:coord>
<when>2026-08-27T20:02:00Z</when>
<gx:coord>25.217005 59.4617633 360.9</gx:coord>
<when>2026-08-27T20:02:01Z</when>
<gx:coord>25.216755 59.4617833 361.4</gx:coord>
<when>2026-08-27T20:02:02Z</when>
<gx:coord>25.2165017 59.4618 361.7</gx:coord>
<when>2026-08-27T20:02:03Z</when>
<gx:coord>25.2162433 59.461815 361.9</gx:coord>
<when>2026-08-27T20:02:04Z</when>
<gx:coord>25.215985 59.4618283 362.2</gx:coord>
<when>2026-08-27T20:02:05Z</when>
<gx:coord>25.2157283 59.4618417 362.4</gx:coord>
<when>2026-08-27T20:02:06Z</when>
<gx:coord>25.2154717 59.4618517 362.9</gx:coord>
<when>2026-08-27T20:02:07Z</when>
<gx:coord>25.215215 59.4618583 363.0</gx:coord>
<when>2026-08-27T20:02:08Z</when>
<gx:coord>25.214955 59.4618633 363.2</gx:coord>
<when>2026-08-27T20:02:09Z</when>
<gx:coord>25.2146967 59.4618683 363.8</gx:coord>
<when>2026-08-27T20:02:10Z</when>
<gx:coord>25.21444 59.4618733 364.2</gx:coord>
<when>2026-08-27T20:02:11Z</when>
<gx:coord>25.214185 59.4618783 364.8</gx:coord>
<when>2026-08-27T20:02:12Z</when>
<gx:coord>25.2139317 59.4618883 365.1</gx:coord>
<when>2026-08-27T20:02:13Z</when>
<gx:coord>25.2136833 59.461905 365.2</gx:coord>
<when>2026-08-27T20:02:14Z</when>
<gx:coord>25.2134383 59.46193 365.5</gx:coord>
<when>2026-08-27T20:02:15Z</when>
<gx:coord>25.2131983 59.461965 365.9</gx:coord>
<when>2026-08-27T20:02:16Z</when>
<gx:coord>25.2129583 59.4620033 366.4</gx:coord>
<when>2026-08-27T20:02:17Z</when>
<gx:coord>25.21272 59.46204 367.2</gx:coord>
<when>2026-08-27T20:02:18Z</when>
<gx:coord>25.2124817 59.462075 368.2</gx:coord>
<when>2026-08-27T20:02:19Z</when>
<gx:coord>25.2122417 59.4621083 369.1</gx:coord>
<when>2026-08-27T20:02:20Z</when>
<gx:coord>25.212 59.4621367 369.7</gx:coord>
<when>2026-08-27T20:02:21Z</when>
<gx:coord>25.2117533 59.4621633 370.4</gx:coord>
<when>2026-08-27T20:02:22Z</when>
<gx:coord>25.211505 59.46219 370.8</gx:coord>
<when>2026-08-27T20:02:23Z</when>
<gx:coord>25.2112567 59.462215 371.3</gx:coord>
<when>2026-08-27T20:02:24Z</when>
<gx:coord>25.21101 59.4622383 372.1</gx:coord>
<when>2026-08-27T20:02:25Z</when>
<gx:coord>25.2107583 59.4622583 372.6</gx:coord>
<when>2026-08-27T20:02:26Z</when>
<gx:coord>25.2105033 59.4622733 372.8</gx:coord>
<when>2026-08-27T20:02:27Z</when>
<gx:coord>25.2102483 59.4622817 373.3</gx:coord>
<when>2026-08-27T20:02:28Z</when>
<gx:coord>25.20999 59.462285 373.5</gx:coord>
<when>2026-08-27T20:02:29Z</when>
<gx:coord>25.2097333 59.462285 374.0</gx:coord>
<when>2026-08-27T20:02:30Z</when>
<gx:coord>25.209475 59.4622817 374.3</gx:coord>
<when>2026-08-27T20:02:31Z</when>
<gx:coord>25.20922 59.462275 374.1</gx:coord>
<when>2026-08-27T20:02:32Z</when>
<gx:coord>25.2089567 59.4622633 374.0</gx:coord>
<when>2026-08-27T20:02:33Z</when>
<gx:coord>25.2087 59.4622467 374.0</gx:coord>
<when>2026-08-27T20:02:34Z</when>
<gx:coord>25.2084433 59.4622283 374.4</gx:coord>
<when>2026-08-27T20:02:35Z</when>
<gx:coord>25.20819 59.4622067 374.7</gx:coord>
<when>2026-08-27T20:02:36Z</when>
<gx:coord>25.20794 59.46218 375.3</gx:coord>
<when>2026-08-27T20:02:37Z</when>
<gx:coord>25.2076933 59.4621467 375.8</gx:coord>
<when>2026-08-27T20:02:38Z</when>
<gx:coord>25.20745 59.4621117 376.6</gx:coord>
<when>2026-08-27T20:02:39Z</when>
<gx:coord>25.2072067 59.4620717 377.1</gx:coord>
<when>2026-08-27T20:02:40Z</when>
<gx:coord>25.2069667 59.46203 377.8</gx:coord>
<when>2026-08-27T20:02:41Z</when>
<gx:coord>25.2067267 59.4619867 378.5</gx:coord>
<when>2026-08-27T20:02:42Z</when>
<gx:coord>25.2064917 59.46194 378.8</gx:coord>
<when>2026-08-27T20:02:43Z</when>
<gx:coord>25.20626 59.46189 379.2</gx:coord>
<when>2026-08-27T20:02:44Z</when>
<gx:coord>25.2060367 59.4618367 379.5</gx:coord>
<when>2026-08-27T20:02:45Z</when>
<gx:coord>25.2058167 59.4617817 379.6</gx:coord>
<when>2026-08-27T20:02:46Z</when>
<gx:coord>25.2055917 59.4617283 379.5</gx:coord>
<when>2026-08-27T20:02:47Z</when>
<gx:coord>25.2053533 59.4616867 379.4</gx:coord>
<when>2026-08-27T20:02:48Z</when>
<gx:coord>25.2051033 59.4616633 379.8</gx:coord>
<when>2026-08-27T20:02:49Z</when>
<gx:coord>25.2048417 59.46166 380.1</gx:coord>
<when>2026-08-27T20:02:50Z</when>
<gx:coord>25.2045817 59.4616683 381.2</gx:coord>
<when>2026-08-27T20:02:51Z</when>
<gx:coord>25.204325 59.461675 381.9</gx:coord>
<when>2026-08-27T20:02:52Z</when>
<gx:coord>25.20407 59.461675 382.6</gx:coord>
<when>2026-08-27T20:02:53Z</when>
<gx:coord>25.2038133 59.461665 382.9</gx:coord>
<when>2026-08-27T20:02:54Z</when>
<gx:coord>25.2035617 59.4616517 382.3</gx:coord>
<when>2026-08-27T20:02:55Z</when>
<gx:coord>25.203315 59.461635 382.1</gx:coord>
<when>2026-08-27T20:02:56Z</when>
<gx:coord>25.20307 59.4616133 382.0</gx:coord>
<when>2026-08-27T20:02:57Z</when>
<gx:coord>25.202825 59.461585 382.2</gx:coord>
<when>2026-08-27T20:02:58Z</when>
<gx:coord>25.2025783 59.4615483 382.1</gx:coord>
<when>2026-08-27T20:02:59Z</when>
<gx:coord>25.2023317 59.4615083 382.5</gx:coord>
<when>2026-08-27T20:03:00Z</when>
<gx:coord>25.202085 59.4614667 382.8</gx:coord>
<when>2026-08-27T20:03:01Z</when>
<gx:coord>25.2018417 59.4614233 383.5</gx:coord>
<when>2026-08-27T20:03:02Z</when>
<gx:coord>25.2016033 59.4613833 383.9</gx:coord>
<when>2026-08-27T20:03:03Z</when>
<gx:coord>25.201365 59.4613433 384.0</gx:coord>
<when>2026-08-27T20:03:04Z</when>
<gx:coord>25.2011367 59.4613 383.9</gx:coord>
<when>2026-08-27T20:03:05Z</when>
<gx:coord>25.20091 59.4612517 383.6</gx:coord>
<when>2026-08-27T20:03:06Z</when>
<gx:coord>25.2006817 59.4612 383.6</gx:coord>
<when>2026-08-27T20:03:07Z</when>
<gx:coord>25.20045 59.4611467 383.4</gx:coord>
<when>2026-08-27T20:03:08Z</when>
<gx:coord>25.2002217 59.4610917 383.7</gx:coord>
<when>2026-08-27T20:03:09Z</when>
<gx:coord>25.199995 59.4610367 383.7</gx:coord>
<when>2026-08-27T20:03:10Z</when>
<gx:coord>25.199775 59.46098 383.8</gx:coord>
<when>2026-08-27T20:03:11Z</when>
<gx:coord>25.1995583 59.4609217 383.9</gx:coord>
<when>2026-08-27T20:03:12Z</when>
<gx:coord>25.19934 59.4608633 383.8</gx:coord>
<when>2026-08-27T20:03:13Z</when>
<gx:coord>25.19912 59.4608017 383.9</gx:coord>
<when>2026-08-27T20:03:14Z</when>
<gx:coord>25.1988983 59.4607433 383.8</gx:coord>
<when>2026-08-27T20:03:15Z</when>
<gx:coord>25.19868 59.4606817 383.8</gx:coord>
<when>2026-08-27T20:03:16Z</when>
<gx:coord>25.1984617 59.4606183 384.0</gx:coord>
<when>2026-08-27T20:03:17Z</when>
<gx:coord>25.1982467 59.4605517 384.1</gx:coord>
<when>2026-08-27T20:03:18Z</when>
<gx:coord>25.1980333 59.4604817 384.3</gx:coord>
<when>2026-08-27T20:03:19Z</when>
<gx:coord>25.1978233 59.4604117 384.2</gx:coord>
<when>2026-08-27T20:03:20Z</when>
<gx:coord>25.197615 59.4603417 384.5</gx:coord>
<when>2026-08-27T20:03:21Z</when>
<gx:coord>25.1974083 59.46027 385.1</gx:coord>
<when>2026-08-27T20:03:22Z</when>
<gx:coord>25.1972033 59.4602 385.5</gx:coord>
<when>2026-08-27T20:03:23Z</when>
<gx:coord>25.1970017 59.4601267 385.7</gx:coord>
<when>2026-08-27T20:03:24Z</when>
<gx:coord>25.1968017 59.460055 385.8</gx:coord>
<when>2026-08-27T20:03:25Z</when>
<gx:coord>25.1966017 59.4599833 386.0</gx:coord>
<when>2026-08-27T20:03:26Z</when>
<gx:coord>25.1964017 59.4599083 386.3</gx:coord>
<when>2026-08-27T20:03:27Z</when>
<gx:coord>25.1961967 59.459835 386.5</gx:coord>
<when>2026-08-27T20:03:28Z</when>
<gx:coord>25.19599 59.4597633 386.9</gx:coord>
<when>2026-08-27T20:03:29Z</when>
<gx:coord>25.1957833 59.459695 387.3</gx:coord>
<when>2026-08-27T20:03:30Z</when>
<gx:coord>25.1955783 59.459625 387.7</gx:coord>
<when>2026-08-27T20:03:31Z</when>
<gx:coord>25.1953783 59.4595517 387.9</gx:coord>
<when>2026-08-27T20:03:32Z</when>
<gx:coord>25.19518 59.4594767 388.3</gx:coord>
<when>2026-08-27T20:03:33Z</when>
<gx:coord>25.1949817 59.4594 388.9</gx:coord>
<when>2026-08-27T20:03:34Z</when>
<gx:coord>25.1947867 59.4593217 389.7</gx:coord>
<when>2026-08-27T20:03:35Z</when>
<gx:coord>25.194595 59.4592417 390.7</gx:coord>
<when>2026-08-27T20:03:36Z</when>
<gx:coord>25.1944033 59.45916 391.0</gx:coord>
<when>2026-08-27T20:03:37Z</when>
<gx:coord>25.1942167 59.459075 391.6</gx:coord>
<when>2026-08-27T20:03:38Z</when>
<gx:coord>25.1940333 59.4589883 392.1</gx:coord>
<when>2026-08-27T20:03:39Z</when>
<gx:coord>25.19385 59.4588967 392.3</gx:coord>
<when>2026-08-27T20:03:40Z</when>
<gx:coord>25.1936667 59.458805 392.4</gx:coord>
<when>2026-08-27T20:03:41Z</when>
<gx:coord>25.1934867 59.4587117 392.7</gx:coord>
<when>2026-08-27T20:03:42Z</when>
<gx:coord>25.1933117 59.4586217 392.9</gx:coord>
<when>2026-08-27T20:03:43Z</when>
<gx:coord>25.19314 59.4585317 393.2</gx:coord>
<when>2026-08-27T20:03:44Z</when>
<gx:coord>25.1929617 59.45844 393.5</gx:coord>
<when>2026-08-27T20:03:45Z</when>
<gx:coord>25.1927767 59.4583533 393.6</gx:coord>
<when>2026-08-27T20:03:46Z</when>
<gx:coord>25.192585 59.458275 393.4</gx:coord>
<when>2026-08-27T20:03:47Z</when>
<gx:coord>25.1923867 59.4581967 393.2</gx:coord>
<when>2026-08-27T20:03:48Z</when>
<gx:coord>25.192185 59.45812 393.1</gx:coord>
<when>2026-08-27T20:03:49Z</when>
<gx:coord>25.1919783 59.458045 393.0</gx:coord>
<when>2026-08-27T20:03:50Z</when>
<gx:coord>25.19177 59.4579733 393.0</gx:coord>
<when>2026-08-27T20:03:51Z</when>
<gx:coord>25.1915583 59.4579017 393.1</gx:coord>
<when>2026-08-27T20:03:52Z</when>
<gx:coord>25.1913467 59.4578333 393.6</gx:coord>
<when>2026-08-27T20:03:53Z</when>
<gx:coord>25.1911367 59.4577633 394.0</gx:coord>
<when>2026-08-27T20:03:54Z</when>
<gx:coord>25.19093 59.4576933 394.5</gx:coord>
<when>2026-08-27T20:03:55Z</when>
<gx:coord>25.1907317 59.4576233 394.9</gx:coord>
<when>2026-08-27T20:03:56Z</when>
<gx:coord>25.1905383 59.4575483 395.3</gx:coord>
<when>2026-08-27T20:03:57Z</when>
<gx:coord>25.1903483 59.4574667 395.7</gx:coord>
<when>2026-08-27T20:03:58Z</when>
<gx:coord>25.19016 59.4573833 395.8</gx:coord>
<when>2026-08-27T20:03:59Z</when>
<gx:coord>25.189975 59.457295 396.0</gx:coord>
<when>2026-08-27T20:04:00Z</when>
<gx:coord>25.1897883 59.4572067 396.1</gx:coord>
<when>2026-08-27T20:04:01Z</when>
<gx:coord>25.1896067 59.457115 396.5</gx:coord>
<when>2026-08-27T20:04:02Z</when>
<gx:coord>25.1894267 59.457025 396.9</gx:coord>
<when>2026-08-27T20:04:03Z</when>
<gx:coord>25.1892467 59.456935 397.3</gx:coord>
<when>2026-08-27T20:04:04Z</when>
<gx:coord>25.18907 59.4568467 397.7</gx:coord>
<when>2026-08-27T20:04:05Z</when>
<gx:coord>25.1888933 59.4567617 398.2</gx:coord>
<when>2026-08-27T20:04:06Z</when>
<gx:coord>25.1887133 59.456675 398.7</gx:coord>
<when>2026-08-27T20:04:07Z</when>
<gx:coord>25.1885317 59.4565917 399.5</gx:coord>
<when>2026-08-27T20:04:08Z</when>
<gx:coord>25.18834 59.4565067 399.6</gx:coord>
<when>2026-08-27T20:04:09Z</when>
<gx:coord>25.1881467 59.4564233 399.9</gx:coord>
<when>2026-08-27T20:04:10Z</when>
<gx:coord>25.1879533 59.4563433 400.2</gx:coord>
<when>2026-08-27T20:04:11Z</when>
<gx:coord>25.18776 59.4562617 400.5</gx:coord>
<when>2026-08-27T20:04:12Z</when>
<gx:coord>25.1875717 59.4561783 401.0</gx:coord>
<when>2026-08-27T20:04:13Z</when>
<gx:coord>25.1873883 59.456095 401.3</gx:coord>
<when>2026-08-27T20:04:14Z</when>
<gx:coord>25.1872083 59.4560067 401.1</gx:coord>
<when>2026-08-27T20:04:15Z</when>
<gx:coord>25.18703 59.4559133 400.8</gx:coord>
<when>2026-08-27T20:04:16Z</when>
<gx:coord>25.1868517 59.4558217 400.4</gx:coord>
<when>2026-08-27T20:04:17Z</when>
<gx:coord>25.1866717 59.4557267 400.0</gx:coord>
<when>2026-08-27T20:04:18Z</when>
<gx:coord>25.1864917 59.4556317 399.9</gx:coord>
<when>2026-08-27T20:04:19Z</when>
<gx:coord>25.1863183 59.455535 399.9</gx:coord>
<when>2026-08-27T20:04:20Z</when>
<gx:coord>25.1861533 59.455435 400.1</gx:coord>
<when>2026-08-27T20:04:21Z</when>
<gx:coord>25.185995 59.4553317 400.3</gx:coord>
<when>2026-08-27T20:04:22Z</when>
<gx:coord>25.1858383 59.45523 400.3</gx:coord>
<when>2026-08-27T20:04:23Z</when>
<gx:coord>25.1856867 59.4551283 400.6</gx:coord>
<when>2026-08-27T20:04:24Z</when>
<gx:coord>25.185535 59.4550283 401.0</gx:coord>
<when>2026-08-27T20:04:25Z</when>
<gx:coord>25.1853833 59.4549267 401.1</gx:coord>
<when>2026-08-27T20:04:26Z</when>
<gx:coord>25.1852283 59.4548283 401.7</gx:coord>
<when>2026-08-27T20:04:27Z</when>
<gx:coord>25.1850583 59.4547333 402.1</gx:coord>
<when>2026-08-27T20:04:28Z</when>
<gx:coord>25.1848717 59.4546483 402.0</gx:coord>
<when>2026-08-27T20:04:29Z</when>
<gx:coord>25.184665 59.454575 401.3</gx:coord>
<when>2026-08-27T20:04:30Z</when>
<gx:coord>25.1844433 59.4545067 400.0</gx:coord>
<when>2026-08-27T20:04:31Z</when>
<gx:coord>25.18422 59.4544383 398.8</gx:coord>
<when>2026-08-27T20:04:32Z</when>
<gx:coord>25.1839983 59.4543683 397.4</gx:coord>
<when>2026-08-27T20:04:33Z</when>
<gx:coord>25.18378 59.4542967 396.8</gx:coord>
<when>2026-08-27T20:04:34Z</when>
<gx:coord>25.1835633 59.4542267 396.4</gx:coord>
<when>2026-08-27T20:04:35Z</when>
<gx:coord>25.183345 59.4541583 396.0</gx:coord>
<when>2026-08-27T20:04:36Z</when>
<gx:coord>25.1831267 59.454095 395.7</gx:coord>
<when>2026-08-27T20:04:37Z</when>
<gx:coord>25.182905 59.4540317 395.9</gx:coord>
<when>2026-08-27T20:04:38Z</when>
<gx:coord>25.18268 59.4539683 396.4</gx:coord>
<when>2026-08-27T20:04:39Z</when>
<gx:coord>25.1824533 59.4539067 396.8</gx:coord>
<when>2026-08-27T20:04:40Z</when>
<gx:coord>25.18223 59.45385 397.4</gx:coord>
<when>2026-08-27T20:04:41Z</when>
<gx:coord>25.1820033 59.453795 397.7</gx:coord>
<when>2026-08-27T20:04:42Z</when>
<gx:coord>25.1817783 59.4537417 398.5</gx:coord>
<when>2026-08-27T20:04:43Z</when>
<gx:coord>25.1815517 59.4536867 399.2</gx:coord>
<when>2026-08-27T20:04:44Z</when>
<gx:coord>25.181325 59.453635 399.8</gx:coord>
<when>2026-08-27T20:04:45Z</when>
<gx:coord>25.181095 59.4535817 400.1</gx:coord>
<when>2026-08-27T20:04:46Z</when>
<gx:coord>25.180865 59.4535317 400.4</gx:coord>
<when>2026-08-27T20:04:47Z</when>
<gx:coord>25.1806383 59.4534817 400.90000000000003</gx:coord>
<when>2026-08-27T20:04:48Z</when>
<gx:coord>25.1804183 59.45343 400.90000000000003</gx:coord>
<when>2026-08-27T20:04:49Z</when>
<gx:coord>25.1802017 59.453375 400.1</gx:coord>
<when>2026-08-27T20:04:50Z</when>
<gx:coord>25.1799867 59.453315 398.5</gx:coord>
<when>2026-08-27T20:04:51Z</when>
<gx:coord>25.1797683 59.45325 397.3</gx:coord>
<when>2026-08-27T20:04:52Z</when>
<gx:coord>25.1795483 59.4531817 396.0</gx:coord>
<when>2026-08-27T20:04:53Z</when>
<gx:coord>25.1793267 59.4531117 395.0</gx:coord>
<when>2026-08-27T20:04:54Z</when>
<gx:coord>25.1791017 59.4530467 394.5</gx:coord>
<when>2026-08-27T20:04:55Z</when>
<gx:coord>25.17887 59.45299 393.70000000000005</gx:coord>
<when>2026-08-27T20:04:56Z</when>
<gx:coord>25.1786317 59.4529433 392.90000000000003</gx:coord>
<when>2026-08-27T20:04:57Z</when>
<gx:coord>25.17839 59.4529033 392.20000000000005</gx:coord>
<when>2026-08-27T20:04:58Z</when>
<gx:coord>25.1781483 59.4528617 391.20000000000005</gx:coord>
<when>2026-08-27T20:04:59Z</when>
<gx:coord>25.1779067 59.4528183 389.90000000000003</gx:coord>
<when>2026-08-27T20:05:00Z</when>
<gx:coord>25.1776633 59.452775 388.5</gx:coord>
<when>2026-08-27T20:05:01Z</when>
<gx:coord>25.177425 59.452735 386.8</gx:coord>
<when>2026-08-27T20:05:02Z</when>
<gx:coord>25.1771867 59.4526967 385.40000000000003</gx:coord>
<when>2026-08-27T20:05:03Z</when>
<gx:coord>25.1769483 59.4526533 384.0</gx:coord>
<when>2026-08-27T20:05:04Z</when>
<gx:coord>25.17671 59.4526083 383.0</gx:coord>
<when>2026-08-27T20:05:05Z</when>
<gx:coord>25.17647 59.452565 381.70000000000005</gx:coord>
<when>2026-08-27T20:05:06Z</when>
<gx:coord>25.17623 59.45252 380.8</gx:coord>
<when>2026-08-27T20:05:07Z</when>
<gx:coord>25.17599 59.4524783 380.40000000000003</gx:coord>
<when>2026-08-27T20:05:08Z</when>
<gx:coord>25.1757483 59.45244 379.6</gx:coord>
<when>2026-08-27T20:05:09Z</when>
<gx:coord>25.1755033 59.4524067 378.90000000000003</gx:coord>
<when>2026-08-27T20:05:10Z</when>
<gx:coord>25.175255 59.4523733 377.70000000000005</gx:coord>
<when>2026-08-27T20:05:11Z</when>
<gx:coord>25.1750033 59.4523417 376.90000000000003</gx:coord>
<when>2026-08-27T20:05:12Z</when>
<gx:coord>25.1747517 59.45231 375.8</gx:coord>
<when>2026-08-27T20:05:13Z</when>
<gx:coord>25.174505 59.45228 375.20000000000005</gx:coord>
<when>2026-08-27T20:05:14Z</when>
<gx:coord>25.17426 59.4522517 374.5</gx:coord>
<when>2026-08-27T20:05:15Z</when>
<gx:coord>25.17402 59.4522233 374.0</gx:coord>
<when>2026-08-27T20:05:16Z</when>
<gx:coord>25.1737783 59.4521967 373.70000000000005</gx:coord>
<when>2026-08-27T20:05:17Z</when>
<gx:coord>25.1735367 59.45217 373.40000000000003</gx:coord>
<when>2026-08-27T20:05:18Z</when>
<gx:coord>25.173295 59.4521433 373.40000000000003</gx:coord>
<when>2026-08-27T20:05:19Z</when>
<gx:coord>25.17305 59.4521167 373.40000000000003</gx:coord>
<when>2026-08-27T20:05:20Z</when>
<gx:coord>25.1728033 59.45209 373.3</gx:coord>
<when>2026-08-27T20:05:21Z</when>
<gx:coord>25.1725583 59.4520667 373.1</gx:coord>
<when>2026-08-27T20:05:22Z</when>
<gx:coord>25.1723133 59.4520417 372.8</gx:coord>
<when>2026-08-27T20:05:23Z</when>
<gx:coord>25.1720683 59.4520183 372.40000000000003</gx:coord>
<when>2026-08-27T20:05:24Z</when>
<gx:coord>25.1718233 59.4519967 371.70000000000005</gx:coord>
<when>2026-08-27T20:05:25Z</when>
<gx:coord>25.17158 59.451975 371.20000000000005</gx:coord>
<when>2026-08-27T20:05:26Z</when>
<gx:coord>25.171335 59.4519533 370.40000000000003</gx:coord>
<when>2026-08-27T20:05:27Z</when>
<gx:coord>25.1710867 59.4519333 369.70000000000005</gx:coord>
<when>2026-08-27T20:05:28Z</when>
<gx:coord>25.170835 59.451915 369.20000000000005</gx:coord>
<when>2026-08-27T20:05:29Z</when>
<gx:coord>25.1705833 59.4518967 368.70000000000005</gx:coord>
<when>2026-08-27T20:05:30Z</when>
<gx:coord>25.1703283 59.4518783 368.1</gx:coord>
<when>2026-08-27T20:05:31Z</when>
<gx:coord>25.1700717 59.45186 368.20000000000005</gx:coord>
<when>2026-08-27T20:05:32Z</when>
<gx:coord>25.16981 59.4518417 368.3</gx:coord>
<when>2026-08-27T20:05:33Z</when>
<gx:coord>25.1695517 59.451825 368.6</gx:coord>
<when>2026-08-27T20:05:34Z</when>
<gx:coord>25.1692983 59.4518083 368.6</gx:coord>
<when>2026-08-27T20:05:35Z</when>
<gx:coord>25.1690483 59.4517917 368.1</gx:coord>
<when>2026-08-27T20:05:36Z</when>
<gx:coord>25.1688 59.4517733 367.70000000000005</gx:coord>
<when>2026-08-27T20:05:37Z</when>
<gx:coord>25.16855 59.451755 367.3</gx:coord>
<when>2026-08-27T20:05:38Z</when>
<gx:coord>25.1682983 59.451735 366.90000000000003</gx:coord>
<when>2026-08-27T20:05:39Z</when>
<gx:coord>25.1680483 59.4517183 366.6</gx:coord>
<when>2026-08-27T20:05:40Z</when>
<gx:coord>25.1678017 59.4517017 366.6</gx:coord>
<when>2026-08-27T20:05:41Z</when>
<gx:coord>25.1675517 59.4516833 366.3</gx:coord>
<when>2026-08-27T20:05:42Z</when>
<gx:coord>25.1673017 59.451665 366.20000000000005</gx:coord>
<when>2026-08-27T20:05:43Z</when>
<gx:coord>25.16705 59.4516467 366.40000000000003</gx:coord>
<when>2026-08-27T20:05:44Z</when>
<gx:coord>25.1667983 59.4516283 366.1</gx:coord>
<when>2026-08-27T20:05:45Z</when>
<gx:coord>25.1665417 59.45161 365.8</gx:coord>
<when>2026-08-27T20:05:46Z</when>
<gx:coord>25.1662817 59.45159 365.0</gx:coord>
<when>2026-08-27T20:05:47Z</when>
<gx:coord>25.1660233 59.4515667 365.40000000000003</gx:coord>
<when>2026-08-27T20:05:48Z</when>
<gx:coord>25.165765 59.4515433 365.70000000000005</gx:coord>
<when>2026-08-27T20:05:49Z</when>
<gx:coord>25.1655117 59.4515183 366.8</gx:coord>
<when>2026-08-27T20:05:50Z</when>
<gx:coord>25.1652583 59.451495 367.0</gx:coord>
<when>2026-08-27T20:05:51Z</when>
<gx:coord>25.165005 59.45147 367.20000000000005</gx:coord>
<when>2026-08-27T20:05:52Z</when>
<gx:coord>25.1647517 59.451445 367.6</gx:coord>
<when>2026-08-27T20:05:53Z</when>
<gx:coord>25.1645 59.451415 367.6</gx:coord>
<when>2026-08-27T20:05:54Z</when>
<gx:coord>25.16425 59.4513833 367.6</gx:coord>
<when>2026-08-27T20:05:55Z</when>
<gx:coord>25.1640017 59.4513467 367.5</gx:coord>
<when>2026-08-27T20:05:56Z</when>
<gx:coord>25.163755 59.4513033 367.3</gx:coord>
<when>2026-08-27T20:05:57Z</when>
<gx:coord>25.16352 59.451255 367.6</gx:coord>
<when>2026-08-27T20:05:58Z</when>
<gx:coord>25.1632883 59.4512 367.8</gx:coord>
<when>2026-08-27T20:05:59Z</when>
<gx:coord>25.1630583 59.4511383 367.1</gx:coord>
<when>2026-08-27T20:06:00Z</when>
<gx:coord>25.1628367 59.4510767 367.0</gx:coord>
<when>2026-08-27T20:06:01Z</when>
<gx:coord>25.16261 59.4510167 366.6</gx:coord>
<when>2026-08-27T20:06:02Z</when>
<gx:coord>25.1623733 59.4509633 365.70000000000005</gx:coord>
<when>2026-08-27T20:06:03Z</when>
<gx:coord>25.1621267 59.4509267 365.1</gx:coord>
<when>2026-08-27T20:06:04Z</when>
<gx:coord>25.1618717 59.450905 364.40000000000003</gx:coord>
<when>2026-08-27T20:06:05Z</when>
<gx:coord>25.1616167 59.4508933 364.40000000000003</gx:coord>
<when>2026-08-27T20:06:06Z</when>
<gx:coord>25.1613583 59.4508867 364.8</gx:coord>
<when>2026-08-27T20:06:07Z</when>
<gx:coord>25.1611033 59.450885 365.8</gx:coord>
<when>2026-08-27T20:06:08Z</when>
<gx:coord>25.1608533 59.4508817 366.70000000000005</gx:coord>
<when>2026-08-27T20:06:09Z</when>
<gx:coord>25.1606067 59.4508733 366.70000000000005</gx:coord>
<when>2026-08-27T20:06:10Z</when>
<gx:coord>25.1603633 59.45086 366.6</gx:coord>
<when>2026-08-27T20:06:11Z</when>
<gx:coord>25.1601167 59.4508467 366.1</gx:coord>
<when>2026-08-27T20:06:12Z</when>
<gx:coord>25.159865 59.4508317 365.20000000000005</gx:coord>
<when>2026-08-27T20:06:13Z</when>
<gx:coord>25.1596133 59.4508183 364.3</gx:coord>
<when>2026-08-27T20:06:14Z</when>
<gx:coord>25.15936 59.450805 363.70000000000005</gx:coord>
<when>2026-08-27T20:06:15Z</when>
<gx:coord>25.159105 59.4507933 362.6</gx:coord>
<when>2026-08-27T20:06:16Z</when>
<gx:coord>25.1588617 59.4507783 361.70000000000005</gx:coord>
<when>2026-08-27T20:06:17Z</when>
<gx:coord>25.15862 59.45076 360.20000000000005</gx:coord>
<when>2026-08-27T20:06:18Z</when>
<gx:coord>25.1583767 59.4507417 358.90000000000003</gx:coord>
<when>2026-08-27T20:06:19Z</when>
<gx:coord>25.1581283 59.4507233 357.0</gx:coord>
<when>2026-08-27T20:06:20Z</when>
<gx:coord>25.1578733 59.4507083 354.5</gx:coord>
<when>2026-08-27T20:06:21Z</when>
<gx:coord>25.157615 59.450695 352.20000000000005</gx:coord>
<when>2026-08-27T20:06:22Z</when>
<gx:coord>25.157345 59.4506833 350.6</gx:coord>
<when>2026-08-27T20:06:23Z</when>
<gx:coord>25.1570667 59.4506733 350.0</gx:coord>
<when>2026-08-27T20:06:24Z</when>
<gx:coord>25.1567883 59.450665 350.40000000000003</gx:coord>
<when>2026-08-27T20:06:25Z</when>
<gx:coord>25.15652 59.4506617 351.20000000000005</gx:coord>
<when>2026-08-27T20:06:26Z</when>
<gx:coord>25.1562683 59.4506667 352.3</gx:coord>
<when>2026-08-27T20:06:27Z</when>
<gx:coord>25.1560267 59.4506767 352.90000000000003</gx:coord>
<when>2026-08-27T20:06:28Z</when>
<gx:coord>25.155785 59.45069 353.1</gx:coord>
<when>2026-08-27T20:06:29Z</when>
<gx:coord>25.1555383 59.4507033 352.8</gx:coord>
<when>2026-08-27T20:06:30Z</when>
<gx:coord>25.1552833 59.45072 352.6</gx:coord>
<when>2026-08-27T20:06:31Z</when>
<gx:coord>25.1550267 59.45074 352.5</gx:coord>
<when>2026-08-27T20:06:32Z</when>
<gx:coord>25.1547733 59.4507617 352.6</gx:coord>
<when>2026-08-27T20:06:33Z</when>
<gx:coord>25.1545367 59.4507867 353.3</gx:coord>
<when>2026-08-27T20:06:34Z</when>
<gx:coord>25.1543117 59.4508117 353.0</gx:coord>
<when>2026-08-27T20:06:35Z</when>
<gx:coord>25.15409 59.450835 352.40000000000003</gx:coord>
<when>2026-08-27T20:06:36Z</when>
<gx:coord>25.153865 59.4508617 351.6</gx:coord>
<when>2026-08-27T20:06:37Z</when>
<gx:coord>25.1536267 59.4508917 350.6</gx:coord>
<when>2026-08-27T20:06:38Z</when>
<gx:coord>25.1533817 59.450925 350.6</gx:coord>
<when>2026-08-27T20:06:39Z</when>
<gx:coord>25.153145 59.45096 351.3</gx:coord>
<when>2026-08-27T20:06:40Z</when>
<gx:coord>25.152925 59.4509983 352.20000000000005</gx:coord>
<when>2026-08-27T20:06:41Z</when>
<gx:coord>25.15272 59.4510383 353.20000000000005</gx:coord>
<when>2026-08-27T20:06:42Z</when>
<gx:coord>25.1525167 59.4510783 353.6</gx:coord>
<when>2026-08-27T20:06:43Z</when>
<gx:coord>25.152305 59.4511233 353.70000000000005</gx:coord>
<when>2026-08-27T20:06:44Z</when>
<gx:coord>25.15209 59.4511717 354.40000000000003</gx:coord>
<when>2026-08-27T20:06:45Z</when>
<gx:coord>25.1518683 59.45122 354.70000000000005</gx:coord>
<when>2026-08-27T20:06:46Z</when>
<gx:coord>25.1516467 59.45126 355.3</gx:coord>
<when>2026-08-27T20:06:47Z</when>
<gx:coord>25.1514217 59.45128 355.40000000000003</gx:coord>
<when>2026-08-27T20:06:48Z</when>
<gx:coord>25.1512 59.4512833 355.40000000000003</gx:coord>
<when>2026-08-27T20:06:49Z</when>
<gx:coord>25.1509733 59.4512767 355.40000000000003</gx:coord>
<when>2026-08-27T20:06:50Z</when>
<gx:coord>25.15074 59.4512683 354.70000000000005</gx:coord>
<when>2026-08-27T20:06:51Z</when>
<gx:coord>25.1505033 59.45127 354.3</gx:coord>
<when>2026-08-27T20:06:52Z</when>
<gx:coord>25.1502633 59.45128 355.5</gx:coord>
<when>2026-08-27T20:06:53Z</when>
<gx:coord>25.1500267 59.45129 356.5</gx:coord>
<when>2026-08-27T20:06:54Z</when>
<gx:coord>25.1497867 59.4512917 357.20000000000005</gx:coord>
<when>2026-08-27T20:06:55Z</when>
<gx:coord>25.1495433 59.4512883 358.3</gx:coord>
<when>2026-08-27T20:06:56Z</when>
<gx:coord>25.1493 59.451285 359.0</gx:coord>
<when>2026-08-27T20:06:57Z</when>
<gx:coord>25.1490617 59.45128 357.1</gx:coord>
<when>2026-08-27T20:06:58Z</when>
<gx:coord>25.148835 59.451275 356.0</gx:coord>
<when>2026-08-27T20:06:59Z</when>
<gx:coord>25.1486067 59.4512667 355.3</gx:coord>
<when>2026-08-27T20:07:00Z</when>
<gx:coord>25.1483767 59.4512533 354.90000000000003</gx:coord>
<when>2026-08-27T20:07:01Z</when>
<gx:coord>25.1481417 59.4512367 354.5</gx:coord>
<when>2026-08-27T20:07:02Z</when>
<gx:coord>25.1479 59.45122 353.8</gx:coord>
<when>2026-08-27T20:07:03Z</when>
<gx:coord>25.1476583 59.4512067 353.3</gx:coord>
<when>2026-08-27T20:07:04Z</when>
<gx:coord>25.1474217 59.4511967 354.0</gx:coord>
<when>2026-08-27T20:07:05Z</when>
<gx:coord>25.1471917 59.4511883 354.6</gx:coord>
<when>2026-08-27T20:07:06Z</when>
<gx:coord>25.1469667 59.45118 354.70000000000005</gx:coord>
<when>2026-08-27T20:07:07Z</when>
<gx:coord>25.1467417 59.4511683 354.0</gx:coord>
<when>2026-08-27T20:07:08Z</when>
<gx:coord>25.1465133 59.4511567 352.8</gx:coord>
<when>2026-08-27T20:07:09Z</when>
<gx:coord>25.1462817 59.451145 351.5</gx:coord>
<when>2026-08-27T20:07:10Z</when>
<gx:coord>25.14605 59.4511367 350.5</gx:coord>
<when>2026-08-27T20:07:11Z</when>
<gx:coord>25.145815 59.45113 349.5</gx:coord>
<when>2026-08-27T20:07:12Z</when>
<gx:coord>25.1455817 59.45113 349.20000000000005</gx:coord>
<when>2026-08-27T20:07:13Z</when>
<gx:coord>25.145345 59.4511317 349.0</gx:coord>
<when>2026-08-27T20:07:14Z</when>
<gx:coord>25.1451067 59.451135 349.3</gx:coord>
<when>2026-08-27T20:07:15Z</when>
<gx:coord>25.14487 59.4511383 351.3</gx:coord>
<when>2026-08-27T20:07:16Z</when>
<gx:coord>25.1446317 59.4511417 353.90000000000003</gx:coord>
<when>2026-08-27T20:07:17Z</when>
<gx:coord>25.1443867 59.4511433 353.90000000000003</gx:coord>
<when>2026-08-27T20:07:18Z</when>
<gx:coord>25.1441467 59.451145 354.20000000000005</gx:coord>
<when>2026-08-27T20:07:19Z</when>
<gx:coord>25.14391 59.4511417 354.40000000000003</gx:coord>
<when>2026-08-27T20:07:20Z</when>
<gx:coord>25.1436817 59.4511317 355.20000000000005</gx:coord>
<when>2026-08-27T20:07:21Z</when>
<gx:coord>25.143455 59.4511133 355.5</gx:coord>
<when>2026-08-27T20:07:22Z</when>
<gx:coord>25.1432283 59.451095 355.40000000000003</gx:coord>
<when>2026-08-27T20:07:23Z</when>
<gx:coord>25.142995 59.4510783 355.1</gx:coord>
<when>2026-08-27T20:07:24Z</when>
<gx:coord>25.1427583 59.4510683 354.70000000000005</gx:coord>
<when>2026-08-27T20:07:25Z</when>
<gx:coord>25.1425233 59.4510583 354.3</gx:coord>
<when>2026-08-27T20:07:26Z</when>
<gx:coord>25.1422867 59.4510467 353.90000000000003</gx:coord>
<when>2026-08-27T20:07:27Z</when>
<gx:coord>25.142055 59.451035 354.40000000000003</gx:coord>
<when>2026-08-27T20:07:28Z</when>
<gx:coord>25.1418233 59.45102 354.5</gx:coord>
<when>2026-08-27T20:07:29Z</when>
<gx:coord>25.141595 59.4510117 354.40000000000003</gx:coord>
<when>2026-08-27T20:07:30Z</when>
<gx:coord>25.141365 59.451005 354.3</gx:coord>
<when>2026-08-27T20:07:31Z</when>
<gx:coord>25.141135 59.4510067 353.5</gx:coord>
<when>2026-08-27T20:07:32Z</when>
<gx:coord>25.1409033 59.4510117 353.3</gx:coord>
<when>2026-08-27T20:07:33Z</when>
<gx:coord>25.1406767 59.4510133 353.3</gx:coord>
<when>2026-08-27T20:07:34Z</when>
<gx:coord>25.1404533 59.451015 353.40000000000003</gx:coord>
<when>2026-08-27T20:07:35Z</when>
<gx:coord>25.1402317 59.451015 353.20000000000005</gx:coord>
<when>2026-08-27T20:07:36Z</when>
<gx:coord>25.140005 59.45102 353.20000000000005</gx:coord>
<when>2026-08-27T20:07:37Z</when>
<gx:coord>25.1397783 59.4510283 353.20000000000005</gx:coord>
<when>2026-08-27T20:07:38Z</when>
<gx:coord>25.1395517 59.451035 353.3</gx:coord>
<when>2026-08-27T20:07:39Z</when>
<gx:coord>25.1393183 59.4510383 353.20000000000005</gx:coord>
<when>2026-08-27T20:07:40Z</when>
<gx:coord>25.13908 59.4510383 353.1</gx:coord>
<when>2026-08-27T20:07:41Z</when>
<gx:coord>25.1388367 59.45103 352.5</gx:coord>
<when>2026-08-27T20:07:42Z</when>
<gx:coord>25.1386067 59.4510217 352.5</gx:coord>
<when>2026-08-27T20:07:43Z</when>
<gx:coord>25.138375 59.4510183 352.6</gx:coord>
<when>2026-08-27T20:07:44Z</when>
<gx:coord>25.1381417 59.45102 352.8</gx:coord>
<when>2026-08-27T20:07:45Z</when>
<gx:coord>25.13791 59.451025 353.40000000000003</gx:coord>
<when>2026-08-27T20:07:46Z</when>
<gx:coord>25.1376733 59.4510333 353.70000000000005</gx:coord>
<when>2026-08-27T20:07:47Z</when>
<gx:coord>25.13744 59.4510367 353.20000000000005</gx:coord>
<when>2026-08-27T20:07:48Z</when>
<gx:coord>25.13721 59.4510483 353.5</gx:coord>
<when>2026-08-27T20:07:49Z</when>
<gx:coord>25.1369817 59.4510633 353.3</gx:coord>
<when>2026-08-27T20:07:50Z</when>
<gx:coord>25.1367533 59.4510833 353.20000000000005</gx:coord>
<when>2026-08-27T20:07:51Z</when>
<gx:coord>25.1365283 59.4511017 352.90000000000003</gx:coord>
<when>2026-08-27T20:07:52Z</when>
<gx:coord>25.1363017 59.4511183 353.40000000000003</gx:coord>
<when>2026-08-27T20:07:53Z</when>
<gx:coord>25.13607 59.4511317 353.5</gx:coord>
<when>2026-08-27T20:07:54Z</when>
<gx:coord>25.1358383 59.451145 354.3</gx:coord>
<when>2026-08-27T20:07:55Z</when>
<gx:coord>25.1356083 59.4511633 355.20000000000005</gx:coord>
<when>2026-08-27T20:07:56Z</when>
<gx:coord>25.135375 59.451185 355.8</gx:coord>
<when>2026-08-27T20:07:57Z</when>
<gx:coord>25.1351467 59.4512083 357.0</gx:coord>
<when>2026-08-27T20:07:58Z</when>
<gx:coord>25.134925 59.4512283 357.20000000000005</gx:coord>
<when>2026-08-27T20:07:59Z</when>
<gx:coord>25.134705 59.4512467 356.8</gx:coord>
<when>2026-08-27T20:08:00Z</when>
<gx:coord>25.13448 59.4512667 356.5</gx:coord>
<when>2026-08-27T20:08:01Z</when>
<gx:coord>25.13425 59.45129 356.40000000000003</gx:coord>
<when>2026-08-27T20:08:02Z</when>
<gx:coord>25.1340217 59.4513167 356.1</gx:coord>
<when>2026-08-27T20:08:03Z</when>
<gx:coord>25.1337917 59.4513467 356.0</gx:coord>
<when>2026-08-27T20:08:04Z</when>
<gx:coord>25.1335617 59.4513767 356.20000000000005</gx:coord>
<when>2026-08-27T20:08:05Z</when>
<gx:coord>25.1333333 59.4514033 356.6</gx:coord>
<when>2026-08-27T20:08:06Z</when>
<gx:coord>25.133105 59.4514267 356.20000000000005</gx:coord>
<when>2026-08-27T20:08:07Z</when>
<gx:coord>25.1328767 59.4514517 355.90000000000003</gx:coord>
<when>2026-08-27T20:08:08Z</when>
<gx:coord>25.1326517 59.4514817 356.20000000000005</gx:coord>
<when>2026-08-27T20:08:09Z</when>
<gx:coord>25.132425 59.451515 356.3</gx:coord>
<when>2026-08-27T20:08:10Z</when>
<gx:coord>25.132195 59.45155 356.5</gx:coord>
<when>2026-08-27T20:08:11Z</when>
<gx:coord>25.1319717 59.4515883 357.20000000000005</gx:coord>
<when>2026-08-27T20:08:12Z</when>
<gx:coord>25.13175 59.451625 357.6</gx:coord>
<when>2026-08-27T20:08:13Z</when>
<gx:coord>25.13153 59.4516583 358.0</gx:coord>
<when>2026-08-27T20:08:14Z</when>
<gx:coord>25.1313133 59.4516917 358.70000000000005</gx:coord>
<when>2026-08-27T20:08:15Z</when>
<gx:coord>25.131095 59.4517233 358.90000000000003</gx:coord>
<when>2026-08-27T20:08:16Z</when>
<gx:coord>25.130875 59.451755 359.20000000000005</gx:coord>
<when>2026-08-27T20:08:17Z</when>
<gx:coord>25.1306517 59.4517833 359.1</gx:coord>
<when>2026-08-27T20:08:18Z</when>
<gx:coord>25.1304233 59.45181 359.20000000000005</gx:coord>
<when>2026-08-27T20:08:19Z</when>
<gx:coord>25.1301933 59.4518367 359.6</gx:coord>
<when>2026-08-27T20:08:20Z</when>
<gx:coord>25.1299617 59.4518583 359.90000000000003</gx:coord>
<when>2026-08-27T20:08:21Z</when>
<gx:coord>25.1297283 59.4518783 360.3</gx:coord>
<when>2026-08-27T20:08:22Z</when>
<gx:coord>25.129505 59.4518967 360.90000000000003</gx:coord>
<when>2026-08-27T20:08:23Z</when>
<gx:coord>25.1292883 59.4519183 361.8</gx:coord>
<when>2026-08-27T20:08:24Z</when>
<gx:coord>25.1290717 59.45194 361.90000000000003</gx:coord>
<when>2026-08-27T20:08:25Z</when>
<gx:coord>25.1288517 59.4519633 361.70000000000005</gx:coord>
<when>2026-08-27T20:08:26Z</when>
<gx:coord>25.128625 59.451985 361.1</gx:coord>
<when>2026-08-27T20:08:27Z</when>
<gx:coord>25.128395 59.4520067 360.1</gx:coord>
<when>2026-08-27T20:08:28Z</when>
<gx:coord>25.1281667 59.4520283 360.1</gx:coord>
<when>2026-08-27T20:08:29Z</when>
<gx:coord>25.127945 59.4520483 360.20000000000005</gx:coord>
<when>2026-08-27T20:08:30Z</when>
<gx:coord>25.1277283 59.4520667 359.90000000000003</gx:coord>
<when>2026-08-27T20:08:31Z</when>
<gx:coord>25.1275083 59.4520867 359.70000000000005</gx:coord>
<when>2026-08-27T20:08:32Z</when>
<gx:coord>25.1272833 59.4521067 359.70000000000005</gx:coord>
<when>2026-08-27T20:08:33Z</when>
<gx:coord>25.1270467 59.4521233 359.5</gx:coord>
<when>2026-08-27T20:08:34Z</when>
<gx:coord>25.1268067 59.4521367 359.8</gx:coord>
<when>2026-08-27T20:08:35Z</when>
<gx:coord>25.1265683 59.4521467 360.0</gx:coord>
<when>2026-08-27T20:08:36Z</when>
<gx:coord>25.1263383 59.4521533 360.20000000000005</gx:coord>
<when>2026-08-27T20:08:37Z</when>
<gx:coord>25.1261117 59.4521583 360.40000000000003</gx:coord>
<when>2026-08-27T20:08:38Z</when>
<gx:coord>25.1258883 59.452165 360.6</gx:coord>
<when>2026-08-27T20:08:39Z</when>
<gx:coord>25.1256617 59.4521717 360.40000000000003</gx:coord>
<when>2026-08-27T20:08:40Z</when>
<gx:coord>25.125435 59.4521817 360.3</gx:coord>
<when>2026-08-27T20:08:41Z</when>
<gx:coord>25.1252017 59.4521883 360.20000000000005</gx:coord>
<when>2026-08-27T20:08:42Z</when>
<gx:coord>25.12496 59.45219 359.90000000000003</gx:coord>
<when>2026-08-27T20:08:43Z</when>
<gx:coord>25.1247167 59.4521867 359.5</gx:coord>
<when>2026-08-27T20:08:44Z</when>
<gx:coord>25.124475 59.452185 359.40000000000003</gx:coord>
<when>2026-08-27T20:08:45Z</when>
<gx:coord>25.1242383 59.4521867 359.3</gx:coord>
<when>2026-08-27T20:08:46Z</when>
<gx:coord>25.124005 59.4521867 359.3</gx:coord>
<when>2026-08-27T20:08:47Z</when>
<gx:coord>25.1237733 59.452185 359.5</gx:coord>
<when>2026-08-27T20:08:48Z</when>
<gx:coord>25.1235367 59.4521783 359.5</gx:coord>
<when>2026-08-27T20:08:49Z</when>
<gx:coord>25.1232983 59.45217 359.0</gx:coord>
<when>2026-08-27T20:08:50Z</when>
<gx:coord>25.123065 59.4521617 358.6</gx:coord>
<when>2026-08-27T20:08:51Z</when>
<gx:coord>25.122835 59.4521567 358.40000000000003</gx:coord>
<when>2026-08-27T20:08:52Z</when>
<gx:coord>25.1226083 59.4521567 358.5</gx:coord>
<when>2026-08-27T20:08:53Z</when>
<gx:coord>25.1223833 59.4521567 358.6</gx:coord>
<when>2026-08-27T20:08:54Z</when>
<gx:coord>25.12216 59.4521533 358.90000000000003</gx:coord>
<when>2026-08-27T20:08:55Z</when>
<gx:coord>25.121935 59.4521433 359.0</gx:coord>
<when>2026-08-27T20:08:56Z</when>
<gx:coord>25.1217067 59.45213 359.20000000000005</gx:coord>
<when>2026-08-27T20:08:57Z</when>
<gx:coord>25.121475 59.4521117 358.5</gx:coord>
<when>2026-08-27T20:08:58Z</when>
<gx:coord>25.1212483 59.45209 358.6</gx:coord>
<when>2026-08-27T20:08:59Z</when>
<gx:coord>25.1210217 59.4520633 358.6</gx:coord>
<when>2026-08-27T20:09:00Z</when>
<gx:coord>25.1208 59.452035 359.3</gx:coord>
<when>2026-08-27T20:09:01Z</when>
<gx:coord>25.1205783 59.452005 359.3</gx:coord>
<when>2026-08-27T20:09:02Z</when>
<gx:coord>25.12036 59.4519733 359.20000000000005</gx:coord>
<when>2026-08-27T20:09:03Z</when>
<gx:coord>25.1201417 59.451945 359.20000000000005</gx:coord>
<when>2026-08-27T20:09:04Z</when>
<gx:coord>25.1199167 59.451915 358.90000000000003</gx:coord>
<when>2026-08-27T20:09:05Z</when>
<gx:coord>25.1196917 59.4518817 358.6</gx:coord>
<when>2026-08-27T20:09:06Z</when>
<gx:coord>25.1194667 59.4518483 358.8</gx:coord>
<when>2026-08-27T20:09:07Z</when>
<gx:coord>25.119245 59.4518117 359.1</gx:coord>
<when>2026-08-27T20:09:08Z</when>
<gx:coord>25.1190283 59.4517767 359.3</gx:coord>
<when>2026-08-27T20:09:09Z</when>
<gx:coord>25.1188167 59.4517417 359.1</gx:coord>
<when>2026-08-27T20:09:10Z</when>
<gx:coord>25.1186033 59.4517067 358.5</gx:coord>
<when>2026-08-27T20:09:11Z</when>
<gx:coord>25.1183833 59.4516733 357.6</gx:coord>
<when>2026-08-27T20:09:12Z</when>
<gx:coord>25.1181567 59.45164 357.3</gx:coord>
<when>2026-08-27T20:09:13Z</when>
<gx:coord>25.1179317 59.4516083 357.5</gx:coord>
<when>2026-08-27T20:09:14Z</when>
<gx:coord>25.1177067 59.451575 357.20000000000005</gx:coord>
<when>2026-08-27T20:09:15Z</when>
<gx:coord>25.1174817 59.4515417 356.5</gx:coord>
<when>2026-08-27T20:09:16Z</when>
<gx:coord>25.1172583 59.4515117 355.70000000000005</gx:coord>
<when>2026-08-27T20:09:17Z</when>
<gx:coord>25.1170383 59.4514833 355.40000000000003</gx:coord>
<when>2026-08-27T20:09:18Z</when>
<gx:coord>25.1168133 59.4514583 354.8</gx:coord>
<when>2026-08-27T20:09:19Z</when>
<gx:coord>25.1165867 59.4514283 354.40000000000003</gx:coord>
<when>2026-08-27T20:09:20Z</when>
<gx:coord>25.116365 59.4513883 354.70000000000005</gx:coord>
<when>2026-08-27T20:09:21Z</when>
<gx:coord>25.11615 59.451345 355.20000000000005</gx:coord>
<when>2026-08-27T20:09:22Z</when>
<gx:coord>25.1159383 59.4513017 355.6</gx:coord>
<when>2026-08-27T20:09:23Z</when>
<gx:coord>25.1157317 59.4512567 355.90000000000003</gx:coord>
<when>2026-08-27T20:09:24Z</when>
<gx:coord>25.1155217 59.45121 356.0</gx:coord>
<when>2026-08-27T20:09:25Z</when>
<gx:coord>25.115305 59.451165 356.20000000000005</gx:coord>
<when>2026-08-27T20:09:26Z</when>
<gx:coord>25.11508 59.451125 356.20000000000005</gx:coord>
<when>2026-08-27T20:09:27Z</when>
<gx:coord>25.1148533 59.4510917 356.40000000000003</gx:coord>
<when>2026-08-27T20:09:28Z</when>
<gx:coord>25.1146283 59.451065 356.70000000000005</gx:coord>
<when>2026-08-27T20:09:29Z</when>
<gx:coord>25.1144117 59.4510333 356.8</gx:coord>
<when>2026-08-27T20:09:30Z</when>
<gx:coord>25.114205 59.4509883 357.0</gx:coord>
<when>2026-08-27T20:09:31Z</when>
<gx:coord>25.114015 59.4509283 357.1</gx:coord>
<when>2026-08-27T20:09:32Z</when>
<gx:coord>25.1138367 59.4508517 357.3</gx:coord>
<when>2026-08-27T20:09:33Z</when>
<gx:coord>25.1136633 59.4507717 357.40000000000003</gx:coord>
<when>2026-08-27T20:09:34Z</when>
<gx:coord>25.1134933 59.4506983 357.90000000000003</gx:coord>
<when>2026-08-27T20:09:35Z</when>
<gx:coord>25.1133233 59.4506283 358.70000000000005</gx:coord>
<when>2026-08-27T20:09:36Z</when>
<gx:coord>25.11315 59.4505583 359.1</gx:coord>
<when>2026-08-27T20:09:37Z</when>
<gx:coord>25.11298 59.45048 359.6</gx:coord>
<when>2026-08-27T20:09:38Z</when>
<gx:coord>25.1128167 59.4503933 359.90000000000003</gx:coord>
<when>2026-08-27T20:09:39Z</when>
<gx:coord>25.1126733 59.4502983 359.8</gx:coord>
<when>2026-08-27T20:09:40Z</when>
<gx:coord>25.1125567 59.4501933 360.1</gx:coord>
<when>2026-08-27T20:09:41Z</when>
<gx:coord>25.1124683 59.450085 360.5</gx:coord>
<when>2026-08-27T20:09:42Z</when>
<gx:coord>25.1124067 59.449975 360.8</gx:coord>
<when>2026-08-27T20:09:43Z</when>
<gx:coord>25.1123667 59.4498667 361.0</gx:coord>
<when>2026-08-27T20:09:44Z</when>
<gx:coord>25.11234 59.4497583 361.20000000000005</gx:coord>
<when>2026-08-27T20:09:45Z</when>
<gx:coord>25.112325 59.4496483 361.3</gx:coord>
<when>2026-08-27T20:09:46Z</when>
<gx:coord>25.1123233 59.4495417 360.6</gx:coord>
<when>2026-08-27T20:09:47Z</when>
<gx:coord>25.1123333 59.4494317 360.6</gx:coord>
<when>2026-08-27T20:09:48Z</when>
<gx:coord>25.11236 59.4493233 360.20000000000005</gx:coord>
<when>2026-08-27T20:09:49Z</when>
<gx:coord>25.1124033 59.4492183 359.70000000000005</gx:coord>
<when>2026-08-27T20:09:50Z</when>
<gx:coord>25.1124633 59.449115 359.0</gx:coord>
<when>2026-08-27T20:09:51Z</when>
<gx:coord>25.1125283 59.449015 358.8</gx:coord>
<when>2026-08-27T20:09:52Z</when>
<gx:coord>25.1125833 59.4489117 359.1</gx:coord>
<when>2026-08-27T20:09:53Z</when>
<gx:coord>25.1126267 59.4488067 358.8</gx:coord>
<when>2026-08-27T20:09:54Z</when>
<gx:coord>25.1126483 59.4486967 358.40000000000003</gx:coord>
<when>2026-08-27T20:09:55Z</when>
<gx:coord>25.11264 59.4485833 358.20000000000005</gx:coord>
<when>2026-08-27T20:09:56Z</when>
<gx:coord>25.1125967 59.4484683 357.90000000000003</gx:coord>
<when>2026-08-27T20:09:57Z</when>
<gx:coord>25.1125167 59.4483583 358.20000000000005</gx:coord>
<when>2026-08-27T20:09:58Z</when>
<gx:coord>25.11241 59.448255 359.1</gx:coord>
<when>2026-08-27T20:09:59Z</when>
<gx:coord>25.1123 59.4481533 359.90000000000003</gx:coord>
<when>2026-08-27T20:10:00Z</when>
<gx:coord>25.1121983 59.4480517 360.20000000000005</gx:coord>
<when>2026-08-27T20:10:01Z</when>
<gx:coord>25.11213 59.4479467 360.5</gx:coord>
<when>2026-08-27T20:10:02Z</when>
<gx:coord>25.1121017 59.4478367 360.70000000000005</gx:coord>
<when>2026-08-27T20:10:03Z</when>
<gx:coord>25.1121233 59.4477317 360.3</gx:coord>
<when>2026-08-27T20:10:04Z</when>
<gx:coord>25.112195 59.4476333 359.6</gx:coord>
<when>2026-08-27T20:10:05Z</when>
<gx:coord>25.112315 59.4475483 358.6</gx:coord>
<when>2026-08-27T20:10:06Z</when>
<gx:coord>25.112485 59.44749 357.90000000000003</gx:coord>
<when>2026-08-27T20:10:07Z</when>
<gx:coord>25.1126767 59.4474567 358.0</gx:coord>
<when>2026-08-27T20:10:08Z</when>
<gx:coord>25.1128783 59.4474567 358.5</gx:coord>
<when>2026-08-27T20:10:09Z</when>
<gx:coord>25.11307 59.4474867 359.20000000000005</gx:coord>
<when>2026-08-27T20:10:10Z</when>
<gx:coord>25.113235 59.4475533 359.0</gx:coord>
<when>2026-08-27T20:10:11Z</when>
<gx:coord>25.1133483 59.4476467 358.8</gx:coord>
<when>2026-08-27T20:10:12Z</when>
<gx:coord>25.1133967 59.447755 357.90000000000003</gx:coord>
<when>2026-08-27T20:10:13Z</when>
<gx:coord>25.1133883 59.4478733 357.6</gx:coord>
<when>2026-08-27T20:10:14Z</when>
<gx:coord>25.1133133 59.4479933 360.0</gx:coord>
<when>2026-08-27T20:10:15Z</when>
<gx:coord>25.1131817 59.44809 359.40000000000003</gx:coord>
<when>2026-08-27T20:10:16Z</when>
<gx:coord>25.1130183 59.44817 360.0</gx:coord>
<when>2026-08-27T20:10:17Z</when>
<gx:coord>25.112845 59.44824 360.6</gx:coord>
<when>2026-08-27T20:10:18Z</when>
<gx:coord>25.112685 59.4483133 360.8</gx:coord>
<when>2026-08-27T20:10:19Z</when>
<gx:coord>25.1125567 59.4483983 360.70000000000005</gx:coord>
<when>2026-08-27T20:10:20Z</when>
<gx:coord>25.1124667 59.4484983 360.5</gx:coord>
<when>2026-08-27T20:10:21Z</when>
<gx:coord>25.1123833 59.4486017 359.8</gx:coord>
<when>2026-08-27T20:10:22Z</when>
<gx:coord>25.1123183 59.4487067 359.20000000000005</gx:coord>
<when>2026-08-27T20:10:23Z</when>
<gx:coord>25.1122717 59.4488117 359.0</gx:coord>
<when>2026-08-27T20:10:24Z</when>
<gx:coord>25.11224 59.4489183 358.8</gx:coord>
<when>2026-08-27T20:10:25Z</when>
<gx:coord>25.1122283 59.4490267 358.5</gx:coord>
<when>2026-08-27T20:10:26Z</when>
<gx:coord>25.1122383 59.4491317 358.70000000000005</gx:coord>
<when>2026-08-27T20:10:27Z</when>
<gx:coord>25.1122717 59.4492333 357.8</gx:coord>
<when>2026-08-27T20:10:28Z</when>
<gx:coord>25.1123117 59.44934 357.90000000000003</gx:coord>
<when>2026-08-27T20:10:29Z</when>
<gx:coord>25.11233 59.4494483 357.90000000000003</gx:coord>
<when>2026-08-27T20:10:30Z</when>
<gx:coord>25.1123183 59.4495533 357.90000000000003</gx:coord>
<when>2026-08-27T20:10:31Z</when>
<gx:coord>25.112265 59.449655 358.3</gx:coord>
<when>2026-08-27T20:10:32Z</when>
<gx:coord>25.11218 59.449755 358.8</gx:coord>
<when>2026-08-27T20:10:33Z</when>
<gx:coord>25.1120867 59.449855 359.20000000000005</gx:coord>
<when>2026-08-27T20:10:34Z</when>
<gx:coord>25.1120133 59.4499567 359.3</gx:coord>
<when>2026-08-27T20:10:35Z</when>
<gx:coord>25.1119733 59.4500633 358.90000000000003</gx:coord>
<when>2026-08-27T20:10:36Z</when>
<gx:coord>25.1119617 59.4501783 358.8</gx:coord>
<when>2026-08-27T20:10:37Z</when>
<gx:coord>25.1119633 59.4502917 359.1</gx:coord>
<when>2026-08-27T20:10:38Z</when>
<gx:coord>25.1119667 59.4504017 359.40000000000003</gx:coord>
<when>2026-08-27T20:10:39Z</when>
<gx:coord>25.1119633 59.4505067 359.8</gx:coord>
<when>2026-08-27T20:10:40Z</when>
<gx:coord>25.1119517 59.4506067 360.40000000000003</gx:coord>
<when>2026-08-27T20:10:41Z</when>
<gx:coord>25.1119467 59.4507133 359.5</gx:coord>
<when>2026-08-27T20:10:42Z</when>
<gx:coord>25.1119367 59.4508167 359.6</gx:coord>
<when>2026-08-27T20:10:43Z</when>
<gx:coord>25.11193 59.4509217 359.40000000000003</gx:coord>
<when>2026-08-27T20:10:44Z</when>
<gx:coord>25.1119267 59.4510317 359.6</gx:coord>
<when>2026-08-27T20:10:45Z</when>
<gx:coord>25.1119233 59.4511383 360.1</gx:coord>
<when>2026-08-27T20:10:46Z</when>
<gx:coord>25.1119283 59.4512417 360.70000000000005</gx:coord>
<when>2026-08-27T20:10:47Z</when>
<gx:coord>25.1119417 59.451345 361.6</gx:coord>
<when>2026-08-27T20:10:48Z</when>
<gx:coord>25.1119617 59.4514467 362.3</gx:coord>
<when>2026-08-27T20:10:49Z</when>
<gx:coord>25.1119717 59.4515483 362.8</gx:coord>
<when>2026-08-27T20:10:50Z</when>
<gx:coord>25.1119567 59.4516533 363.1</gx:coord>
<when>2026-08-27T20:10:51Z</when>
<gx:coord>25.111915 59.45176 363.6</gx:coord>
<when>2026-08-27T20:10:52Z</when>
<gx:coord>25.11186 59.4518633 364.5</gx:coord>
<when>2026-08-27T20:10:53Z</when>
<gx:coord>25.1118067 59.4519667 365.1</gx:coord>
<when>2026-08-27T20:10:54Z</when>
<gx:coord>25.1117667 59.452075 365.8</gx:coord>
<when>2026-08-27T20:10:55Z</when>
<gx:coord>25.1117317 59.4521833 365.90000000000003</gx:coord>
<when>2026-08-27T20:10:56Z</when>
<gx:coord>25.1116817 59.4522883 366.0</gx:coord>
<when>2026-08-27T20:10:57Z</when>
<gx:coord>25.1116067 59.4523917 366.6</gx:coord>
<when>2026-08-27T20:10:58Z</when>
<gx:coord>25.1115 59.4524833 367.1</gx:coord>
<when>2026-08-27T20:10:59Z</when>
<gx:coord>25.111375 59.452575 367.6</gx:coord>
<when>2026-08-27T20:11:00Z</when>
<gx:coord>25.1112467 59.4526633 368.5</gx:coord>
<when>2026-08-27T20:11:01Z</when>
<gx:coord>25.1111233 59.45275 369.20000000000005</gx:coord>
<when>2026-08-27T20:11:02Z</when>
<gx:coord>25.11101 59.4528417 369.70000000000005</gx:coord>
<when>2026-08-27T20:11:03Z</when>
<gx:coord>25.1108983 59.4529333 370.20000000000005</gx:coord>
<when>2026-08-27T20:11:04Z</when>
<gx:coord>25.11078 59.4530233 370.40000000000003</gx:coord>
<when>2026-08-27T20:11:05Z</when>
<gx:coord>25.1106483 59.45311 371.0</gx:coord>
<when>2026-08-27T20:11:06Z</when>
<gx:coord>25.1104983 59.4531867 371.3</gx:coord>
<when>2026-08-27T20:11:07Z</when>
<gx:coord>25.1103317 59.4532567 371.3</gx:coord>
<when>2026-08-27T20:11:08Z</when>
<gx:coord>25.11016 59.4533217 371.1</gx:coord>
<when>2026-08-27T20:11:09Z</when>
<gx:coord>25.1099867 59.453385 370.8</gx:coord>
<when>2026-08-27T20:11:10Z</when>
<gx:coord>25.109815 59.4534567 371.1</gx:coord>
<when>2026-08-27T20:11:11Z</when>
<gx:coord>25.10966 59.4535367 371.0</gx:coord>
<when>2026-08-27T20:11:12Z</when>
<gx:coord>25.10953 59.4536267 371.40000000000003</gx:coord>
<when>2026-08-27T20:11:13Z</when>
<gx:coord>25.1094267 59.453725 371.6</gx:coord>
<when>2026-08-27T20:11:14Z</when>
<gx:coord>25.1093483 59.453825 371.90000000000003</gx:coord>
<when>2026-08-27T20:11:15Z</when>
<gx:coord>25.109285 59.4539267 371.5</gx:coord>
<when>2026-08-27T20:11:16Z</when>
<gx:coord>25.1092233 59.4540283 371.20000000000005</gx:coord>
<when>2026-08-27T20:11:17Z</when>
<gx:coord>25.1091617 59.4541333 371.0</gx:coord>
<when>2026-08-27T20:11:18Z</when>
<gx:coord>25.1091033 59.4542367 370.6</gx:coord>
<when>2026-08-27T20:11:19Z</when>
<gx:coord>25.1090583 59.4543433 370.3</gx:coord>
<when>2026-08-27T20:11:20Z</when>
<gx:coord>25.1090283 59.4544517 370.6</gx:coord>
<when>2026-08-27T20:11:21Z</when>
<gx:coord>25.109 59.4545583 371.1</gx:coord>
<when>2026-08-27T20:11:22Z</when>
<gx:coord>25.1089733 59.4546633 372.0</gx:coord>
<when>2026-08-27T20:11:23Z</when>
<gx:coord>25.1089467 59.4547667 372.70000000000005</gx:coord>
<when>2026-08-27T20:11:24Z</when>
<gx:coord>25.1089267 59.4548667 372.40000000000003</gx:coord>
<when>2026-08-27T20:11:25Z</when>
<gx:coord>25.1089117 59.45497 372.20000000000005</gx:coord>
<when>2026-08-27T20:11:26Z</when>
<gx:coord>25.1089017 59.455075 371.70000000000005</gx:coord>
<when>2026-08-27T20:11:27Z</when>
<gx:coord>25.1088967 59.45518 371.6</gx:coord>
<when>2026-08-27T20:11:28Z</when>
<gx:coord>25.108885 59.45529 372.0</gx:coord>
<when>2026-08-27T20:11:29Z</when>
<gx:coord>25.1088683 59.4553983 372.90000000000003</gx:coord>
<when>2026-08-27T20:11:30Z</when>
<gx:coord>25.1088483 59.455505 373.6</gx:coord>
<when>2026-08-27T20:11:31Z</when>
<gx:coord>25.1088367 59.45561 374.1</gx:coord>
<when>2026-08-27T20:11:32Z</when>
<gx:coord>25.1088533 59.4557117 374.3</gx:coord>
<when>2026-08-27T20:11:33Z</when>
<gx:coord>25.10891 59.4558083 374.3</gx:coord>
<when>2026-08-27T20:11:34Z</when>
<gx:coord>25.1090167 59.455895 373.8</gx:coord>
<when>2026-08-27T20:11:35Z</when>
<gx:coord>25.1091633 59.4559733 373.8</gx:coord>
<when>2026-08-27T20:11:36Z</when>
<gx:coord>25.10934 59.45603 374.20000000000005</gx:coord>
<when>2026-08-27T20:11:37Z</when>
<gx:coord>25.109535 59.4560667 374.6</gx:coord>
<when>2026-08-27T20:11:38Z</when>
<gx:coord>25.1097367 59.456085 375.8</gx:coord>
<when>2026-08-27T20:11:39Z</when>
<gx:coord>25.109935 59.4560767 377.0</gx:coord>
<when>2026-08-27T20:11:40Z</when>
<gx:coord>25.11013 59.456055 378.40000000000003</gx:coord>
<when>2026-08-27T20:11:41Z</when>
<gx:coord>25.1103217 59.4560217 379.5</gx:coord>
<when>2026-08-27T20:11:42Z</when>
<gx:coord>25.1105167 59.4559833 380.20000000000005</gx:coord>
<when>2026-08-27T20:11:43Z</when>
<gx:coord>25.1107117 59.4559467 380.6</gx:coord>
<when>2026-08-27T20:11:44Z</when>
<gx:coord>25.1109083 59.45591 381.0</gx:coord>
<when>2026-08-27T20:11:45Z</when>
<gx:coord>25.1111067 59.4558783 381.0</gx:coord>
<when>2026-08-27T20:11:46Z</when>
<gx:coord>25.1112967 59.455845 381.6</gx:coord>
<when>2026-08-27T20:11:47Z</when>
<gx:coord>25.11148 59.4558083 382.6</gx:coord>
<when>2026-08-27T20:11:48Z</when>
<gx:coord>25.1116633 59.455775 383.40000000000003</gx:coord>
<when>2026-08-27T20:11:49Z</when>
<gx:coord>25.1118517 59.4557433 384.0</gx:coord>
<when>2026-08-27T20:11:50Z</when>
<gx:coord>25.11204 59.45571 385.0</gx:coord>
<when>2026-08-27T20:11:51Z</when>
<gx:coord>25.1122267 59.4556717 385.8</gx:coord>
<when>2026-08-27T20:11:52Z</when>
<gx:coord>25.1124033 59.4556217 386.6</gx:coord>
<when>2026-08-27T20:11:53Z</when>
<gx:coord>25.1125733 59.45556 387.70000000000005</gx:coord>
<when>2026-08-27T20:11:54Z</when>
<gx:coord>25.112735 59.455495 388.5</gx:coord>
<when>2026-08-27T20:11:55Z</when>
<gx:coord>25.1128983 59.4554333 388.90000000000003</gx:coord>
<when>2026-08-27T20:11:56Z</when>
<gx:coord>25.1130583 59.455375 389.6</gx:coord>
<when>2026-08-27T20:11:57Z</when>
<gx:coord>25.113215 59.455315 388.90000000000003</gx:coord>
<when>2026-08-27T20:11:58Z</when>
<gx:coord>25.1133733 59.455255 389.0</gx:coord>
<when>2026-08-27T20:11:59Z</when>
<gx:coord>25.113535 59.4551933 389.0</gx:coord>
<when>2026-08-27T20:12:00Z</when>
<gx:coord>25.113695 59.4551267 388.8</gx:coord>
<when>2026-08-27T20:12:01Z</when>
<gx:coord>25.1138517 59.45506 388.90000000000003</gx:coord>
<when>2026-08-27T20:12:02Z</when>
<gx:coord>25.11401 59.454995 389.5</gx:coord>
<when>2026-08-27T20:12:03Z</when>
<gx:coord>25.1141617 59.4549283 389.20000000000005</gx:coord>
<when>2026-08-27T20:12:04Z</when>
<gx:coord>25.1143117 59.45486 389.20000000000005</gx:coord>
<when>2026-08-27T20:12:05Z</when>
<gx:coord>25.1144533 59.454785 388.90000000000003</gx:coord>
<when>2026-08-27T20:12:06Z</when>
<gx:coord>25.11458 59.4547017 388.3</gx:coord>
<when>2026-08-27T20:12:07Z</when>
<gx:coord>25.1146867 59.4546067 388.0</gx:coord>
<when>2026-08-27T20:12:08Z</when>
<gx:coord>25.1147617 59.4545 387.6</gx:coord>
<when>2026-08-27T20:12:09Z</when>
<gx:coord>25.1148067 59.4543883 387.20000000000005</gx:coord>
<when>2026-08-27T20:12:10Z</when>
<gx:coord>25.1148217 59.4542767 387.0</gx:coord>
<when>2026-08-27T20:12:11Z</when>
<gx:coord>25.1148033 59.454165 386.6</gx:coord>
<when>2026-08-27T20:12:12Z</when>
<gx:coord>25.1147533 59.4540567 386.5</gx:coord>
<when>2026-08-27T20:12:13Z</when>
<gx:coord>25.114665 59.4539533 386.6</gx:coord>
<when>2026-08-27T20:12:14Z</when>
<gx:coord>25.1145433 59.4538583 386.6</gx:coord>
<when>2026-08-27T20:12:15Z</when>
<gx:coord>25.11439 59.453775 387.1</gx:coord>
<when>2026-08-27T20:12:16Z</when>
<gx:coord>25.114215 59.4536967 387.20000000000005</gx:coord>
<when>2026-08-27T20:12:17Z</when>
<gx:coord>25.1140283 59.4536267 387.6</gx:coord>
<when>2026-08-27T20:12:18Z</when>
<gx:coord>25.1138317 59.4535667 387.90000000000003</gx:coord>
<when>2026-08-27T20:12:19Z</when>
<gx:coord>25.11363 59.45352 388.20000000000005</gx:coord>
<when>2026-08-27T20:12:20Z</when>
<gx:coord>25.11342 59.4534833 388.20000000000005</gx:coord>
<when>2026-08-27T20:12:21Z</when>
<gx:coord>25.1132033 59.453455 388.1</gx:coord>
<when>2026-08-27T20:12:22Z</when>
<gx:coord>25.11298 59.4534317 387.6</gx:coord>
<when>2026-08-27T20:12:23Z</when>
<gx:coord>25.1127517 59.453415 387.20000000000005</gx:coord>
<when>2026-08-27T20:12:24Z</when>
<gx:coord>25.112525 59.4534067 386.90000000000003</gx:coord>
<when>2026-08-27T20:12:25Z</when>
<gx:coord>25.1123 59.4534067 386.3</gx:coord>
<when>2026-08-27T20:12:26Z</when>
<gx:coord>25.1120767 59.4534233 385.6</gx:coord>
<when>2026-08-27T20:12:27Z</when>
<gx:coord>25.1118567 59.4534517 384.90000000000003</gx:coord>
<when>2026-08-27T20:12:28Z</when>
<gx:coord>25.1116417 59.4534933 384.5</gx:coord>
<when>2026-08-27T20:12:29Z</when>
<gx:coord>25.1114317 59.45354 384.6</gx:coord>
<when>2026-08-27T20:12:30Z</when>
<gx:coord>25.11123 59.45359 384.90000000000003</gx:coord>
<when>2026-08-27T20:12:31Z</when>
<gx:coord>25.1110317 59.4536417 385.6</gx:coord>
<when>2026-08-27T20:12:32Z</when>
<gx:coord>25.1108367 59.453695 386.40000000000003</gx:coord>
<when>2026-08-27T20:12:33Z</when>
<gx:coord>25.1106483 59.4537517 387.0</gx:coord>
<when>2026-08-27T20:12:34Z</when>
<gx:coord>25.110465 59.4538133 387.3</gx:coord>
<when>2026-08-27T20:12:35Z</when>
<gx:coord>25.1102883 59.4538767 387.40000000000003</gx:coord>
<when>2026-08-27T20:12:36Z</when>
<gx:coord>25.1101133 59.4539467 388.0</gx:coord>
<when>2026-08-27T20:12:37Z</when>
<gx:coord>25.1099433 59.4540183 388.40000000000003</gx:coord>
<when>2026-08-27T20:12:38Z</when>
<gx:coord>25.1097833 59.4540917 388.6</gx:coord>
<when>2026-08-27T20:12:39Z</when>
<gx:coord>25.1096267 59.454165 389.0</gx:coord>
<when>2026-08-27T20:12:40Z</when>
<gx:coord>25.1094733 59.45424 389.20000000000005</gx:coord>
<when>2026-08-27T20:12:41Z</when>
<gx:coord>25.109315 59.454315 389.6</gx:coord>
<when>2026-08-27T20:12:42Z</when>
<gx:coord>25.109145 59.4543817 389.40000000000003</gx:coord>
<when>2026-08-27T20:12:43Z</when>
<gx:coord>25.10895 59.454435 389.20000000000005</gx:coord>
<when>2026-08-27T20:12:44Z</when>
<gx:coord>25.1087333 59.4544733 389.1</gx:coord>
<when>2026-08-27T20:12:45Z</when>
<gx:coord>25.1085117 59.4544983 389.8</gx:coord>
<when>2026-08-27T20:12:46Z</when>
<gx:coord>25.1082933 59.454515 390.6</gx:coord>
<when>2026-08-27T20:12:47Z</when>
<gx:coord>25.1080783 59.4545317 390.90000000000003</gx:coord>
<when>2026-08-27T20:12:48Z</when>
<gx:coord>25.1078633 59.45455 391.1</gx:coord>
<when>2026-08-27T20:12:49Z</when>
<gx:coord>25.1076517 59.4545717 391.3</gx:coord>
<when>2026-08-27T20:12:50Z</when>
<gx:coord>25.1074367 59.4545933 391.20000000000005</gx:coord>
<when>2026-08-27T20:12:51Z</when>
<gx:coord>25.107215 59.45461 391.20000000000005</gx:coord>
<when>2026-08-27T20:12:52Z</when>
<gx:coord>25.1069917 59.454625 391.0</gx:coord>
<when>2026-08-27T20:12:53Z</when>
<gx:coord>25.10677 59.4546417 390.90000000000003</gx:coord>
<when>2026-08-27T20:12:54Z</when>
<gx:coord>25.1065533 59.4546617 390.8</gx:coord>
<when>2026-08-27T20:12:55Z</when>
<gx:coord>25.1063433 59.4546867 390.6</gx:coord>
<when>2026-08-27T20:12:56Z</when>
<gx:coord>25.1061367 59.45471 389.20000000000005</gx:coord>
<when>2026-08-27T20:12:57Z</when>
<gx:coord>25.1059267 59.454745 389.1</gx:coord>
<when>2026-08-27T20:12:58Z</when>
<gx:coord>25.1057167 59.4547833 389.1</gx:coord>
<when>2026-08-27T20:12:59Z</when>
<gx:coord>25.1055117 59.4548267 388.8</gx:coord>
<when>2026-08-27T20:13:00Z</when>
<gx:coord>25.10531 59.4548733 388.70000000000005</gx:coord>
<when>2026-08-27T20:13:01Z</when>
<gx:coord>25.1051117 59.4549233 388.90000000000003</gx:coord>
<when>2026-08-27T20:13:02Z</when>
<gx:coord>25.1049233 59.4549817 389.0</gx:coord>
<when>2026-08-27T20:13:03Z</when>
<gx:coord>25.1047433 59.455045 389.5</gx:coord>
<when>2026-08-27T20:13:04Z</when>
<gx:coord>25.1045733 59.455115 390.20000000000005</gx:coord>
<when>2026-08-27T20:13:05Z</when>
<gx:coord>25.1044183 59.4551933 390.8</gx:coord>
<when>2026-08-27T20:13:06Z</when>
<gx:coord>25.1042867 59.45528 391.40000000000003</gx:coord>
<when>2026-08-27T20:13:07Z</when>
<gx:coord>25.1041767 59.4553733 391.8</gx:coord>
<when>2026-08-27T20:13:08Z</when>
<gx:coord>25.1040933 59.4554717 391.90000000000003</gx:coord>
<when>2026-08-27T20:13:09Z</when>
<gx:coord>25.104045 59.4555733 391.90000000000003</gx:coord>
<when>2026-08-27T20:13:10Z</when>
<gx:coord>25.10404 59.4556767 391.70000000000005</gx:coord>
<when>2026-08-27T20:13:11Z</when>
<gx:coord>25.10408 59.4557833 391.40000000000003</gx:coord>
<when>2026-08-27T20:13:12Z</when>
<gx:coord>25.1041633 59.4558833 391.0</gx:coord>
<when>2026-08-27T20:13:13Z</when>
<gx:coord>25.1042933 59.45597 390.5</gx:coord>
<when>2026-08-27T20:13:14Z</when>
<gx:coord>25.1044583 59.45604 390.8</gx:coord>
<when>2026-08-27T20:13:15Z</when>
<gx:coord>25.104645 59.45609 391.40000000000003</gx:coord>
<when>2026-08-27T20:13:16Z</when>
<gx:coord>25.104845 59.4561233 391.8</gx:coord>
<when>2026-08-27T20:13:17Z</when>
<gx:coord>25.1050483 59.456135 392.20000000000005</gx:coord>
<when>2026-08-27T20:13:18Z</when>
<gx:coord>25.1052517 59.4561283 393.0</gx:coord>
<when>2026-08-27T20:13:19Z</when>
<gx:coord>25.10545 59.4561 394.0</gx:coord>
<when>2026-08-27T20:13:20Z</when>
<gx:coord>25.105635 59.4560483 394.40000000000003</gx:coord>
<when>2026-08-27T20:13:21Z</when>
<gx:coord>25.1057917 59.4559767 394.70000000000005</gx:coord>
<when>2026-08-27T20:13:22Z</when>
<gx:coord>25.1059183 59.4558867 394.90000000000003</gx:coord>
<when>2026-08-27T20:13:23Z</when>
<gx:coord>25.1059983 59.4557817 395.3</gx:coord>
<when>2026-08-27T20:13:24Z</when>
<gx:coord>25.1060217 59.4556683 395.3</gx:coord>
<when>2026-08-27T20:13:25Z</when>
<gx:coord>25.1060133 59.4555533 395.1</gx:coord>
<when>2026-08-27T20:13:26Z</when>
<gx:coord>25.1059717 59.4554383 395.0</gx:coord>
<when>2026-08-27T20:13:27Z</when>
<gx:coord>25.105895 59.45533 395.40000000000003</gx:coord>
<when>2026-08-27T20:13:28Z</when>
<gx:coord>25.1057933 59.4552267 395.40000000000003</gx:coord>
<when>2026-08-27T20:13:29Z</when>
<gx:coord>25.1056817 59.4551283 395.8</gx:coord>
<when>2026-08-27T20:13:30Z</when>
<gx:coord>25.1055683 59.45503 396.0</gx:coord>
<when>2026-08-27T20:13:31Z</when>
<gx:coord>25.1054633 59.4549283 396.40000000000003</gx:coord>
<when>2026-08-27T20:13:32Z</when>
<gx:coord>25.1053667 59.454825 396.90000000000003</gx:coord>
<when>2026-08-27T20:13:33Z</when>
<gx:coord>25.1052767 59.4547167 397.20000000000005</gx:coord>
<when>2026-08-27T20:13:34Z</when>
<gx:coord>25.1051833 59.454615 397.3</gx:coord>
<when>2026-08-27T20:13:35Z</when>
<gx:coord>25.1050767 59.454515 397.0</gx:coord>
<when>2026-08-27T20:13:36Z</when>
<gx:coord>25.10495 59.45442 397.0</gx:coord>
<when>2026-08-27T20:13:37Z</when>
<gx:coord>25.10483 59.4543217 397.0</gx:coord>
<when>2026-08-27T20:13:38Z</when>
<gx:coord>25.104715 59.4542233 397.20000000000005</gx:coord>
<when>2026-08-27T20:13:39Z</when>
<gx:coord>25.104605 59.4541217 397.5</gx:coord>
<when>2026-08-27T20:13:40Z</when>
<gx:coord>25.1044967 59.4540233 397.90000000000003</gx:coord>
<when>2026-08-27T20:13:41Z</when>
<gx:coord>25.1043817 59.453925 398.3</gx:coord>
<when>2026-08-27T20:13:42Z</when>
<gx:coord>25.10425 59.4538333 398.90000000000003</gx:coord>
<when>2026-08-27T20:13:43Z</when>
<gx:coord>25.1040817 59.453755 398.8</gx:coord>
<when>2026-08-27T20:13:44Z</when>
<gx:coord>25.1038817 59.4536967 398.5</gx:coord>
<when>2026-08-27T20:13:45Z</when>
<gx:coord>25.10366 59.45366 397.6</gx:coord>
<when>2026-08-27T20:13:46Z</when>
<gx:coord>25.1034267 59.4536433 396.40000000000003</gx:coord>
<when>2026-08-27T20:13:47Z</when>
<gx:coord>25.1031933 59.4536433 395.6</gx:coord>
<when>2026-08-27T20:13:48Z</when>
<gx:coord>25.102965 59.453655 394.8</gx:coord>
<when>2026-08-27T20:13:49Z</when>
<gx:coord>25.1027467 59.45368 394.40000000000003</gx:coord>
<when>2026-08-27T20:13:50Z</when>
<gx:coord>25.1025367 59.4537117 394.0</gx:coord>
<when>2026-08-27T20:13:51Z</when>
<gx:coord>25.10233 59.4537533 393.20000000000005</gx:coord>
<when>2026-08-27T20:13:52Z</when>
<gx:coord>25.1021383 59.4538067 392.8</gx:coord>
<when>2026-08-27T20:13:53Z</when>
<gx:coord>25.101965 59.4538767 392.20000000000005</gx:coord>
<when>2026-08-27T20:13:54Z</when>
<gx:coord>25.1018117 59.4539567 392.1</gx:coord>
<when>2026-08-27T20:13:55Z</when>
<gx:coord>25.101695 59.4540467 392.40000000000003</gx:coord>
<when>2026-08-27T20:13:56Z</when>
<gx:coord>25.10161 59.4541433 392.0</gx:coord>
<when>2026-08-27T20:13:57Z</when>
<gx:coord>25.1015417 59.45424 392.0</gx:coord>
<when>2026-08-27T20:13:58Z</when>
<gx:coord>25.1014933 59.45434 391.8</gx:coord>
<when>2026-08-27T20:13:59Z</when>
<gx:coord>25.101465 59.454445 391.3</gx:coord>
<when>2026-08-27T20:14:00Z</when>
<gx:coord>25.1014633 59.4545533 390.5</gx:coord>
<when>2026-08-27T20:14:01Z</when>
<gx:coord>25.1014933 59.4546617 389.3</gx:coord>
<when>2026-08-27T20:14:02Z</when>
<gx:coord>25.1015533 59.4547667 387.6</gx:coord>
<when>2026-08-27T20:14:03Z</when>
<gx:coord>25.10165 59.4548617 385.90000000000003</gx:coord>
<when>2026-08-27T20:14:04Z</when>
<gx:coord>25.10177 59.454945 384.3</gx:coord>
<when>2026-08-27T20:14:05Z</when>
<gx:coord>25.1019117 59.4550183 383.0</gx:coord>
<when>2026-08-27T20:14:06Z</when>
<gx:coord>25.1020667 59.45508 381.5</gx:coord>
<when>2026-08-27T20:14:07Z</when>
<gx:coord>25.10224 59.4551267 379.1</gx:coord>
<when>2026-08-27T20:14:08Z</when>
<gx:coord>25.1024267 59.455165 376.70000000000005</gx:coord>
<when>2026-08-27T20:14:09Z</when>
<gx:coord>25.1026283 59.4551917 374.5</gx:coord>
<when>2026-08-27T20:14:10Z</when>
<gx:coord>25.1028333 59.455205 372.0</gx:coord>
<when>2026-08-27T20:14:11Z</when>
<gx:coord>25.103045 59.4552067 369.8</gx:coord>
<when>2026-08-27T20:14:12Z</when>
<gx:coord>25.103255 59.4552017 367.8</gx:coord>
<when>2026-08-27T20:14:13Z</when>
<gx:coord>25.103455 59.455185 365.6</gx:coord>
<when>2026-08-27T20:14:14Z</when>
<gx:coord>25.1036483 59.45516 363.20000000000005</gx:coord>
<when>2026-08-27T20:14:15Z</when>
<gx:coord>25.1038367 59.4551233 360.3</gx:coord>
<when>2026-08-27T20:14:16Z</when>
<gx:coord>25.1040317 59.4550867 357.20000000000005</gx:coord>
<when>2026-08-27T20:14:17Z</when>
<gx:coord>25.10423 59.4550583 354.5</gx:coord>
<when>2026-08-27T20:14:18Z</when>
<gx:coord>25.1044383 59.455045 352.20000000000005</gx:coord>
<when>2026-08-27T20:14:19Z</when>
<gx:coord>25.1046483 59.45504 349.90000000000003</gx:coord>
<when>2026-08-27T20:14:20Z</when>
<gx:coord>25.1048517 59.455035 347.8</gx:coord>
<when>2026-08-27T20:14:21Z</when>
<gx:coord>25.1050483 59.455025 345.8</gx:coord>
<when>2026-08-27T20:14:22Z</when>
<gx:coord>25.10524 59.4550117 343.8</gx:coord>
<when>2026-08-27T20:14:23Z</when>
<gx:coord>25.10543 59.4550017 341.40000000000003</gx:coord>
<when>2026-08-27T20:14:24Z</when>
<gx:coord>25.105625 59.4549983 338.70000000000005</gx:coord>
<when>2026-08-27T20:14:25Z</when>
<gx:coord>25.1058267 59.455 336.3</gx:coord>
<when>2026-08-27T20:14:26Z</when>
<gx:coord>25.106025 59.4550017 334.1</gx:coord>
<when>2026-08-27T20:14:27Z</when>
<gx:coord>25.1062233 59.455 332.1</gx:coord>
<when>2026-08-27T20:14:28Z</when>
<gx:coord>25.106415 59.4549917 330.40000000000003</gx:coord>
<when>2026-08-27T20:14:29Z</when>
<gx:coord>25.1066017 59.4549733 328.3</gx:coord>
<when>2026-08-27T20:14:30Z</when>
<gx:coord>25.1067817 59.454945 326.0</gx:coord>
<when>2026-08-27T20:14:31Z</when>
<gx:coord>25.1069583 59.4549083 323.5</gx:coord>
<when>2026-08-27T20:14:32Z</when>
<gx:coord>25.10713 59.4548633 320.8</gx:coord>
<when>2026-08-27T20:14:33Z</when>
<gx:coord>25.1073033 59.4548167 318.40000000000003</gx:coord>
<when>2026-08-27T20:14:34Z</when>
<gx:coord>25.107475 59.4547683 316.1</gx:coord>
<when>2026-08-27T20:14:35Z</when>
<gx:coord>25.1076533 59.4547233 313.90000000000003</gx:coord>
<when>2026-08-27T20:14:36Z</when>
<gx:coord>25.1078417 59.45468 311.70000000000005</gx:coord>
<when>2026-08-27T20:14:37Z</when>
<gx:coord>25.1080333 59.4546383 309.70000000000005</gx:coord>
<when>2026-08-27T20:14:38Z</when>
<gx:coord>25.1082233 59.4545983 307.6</gx:coord>
<when>2026-08-27T20:14:39Z</when>
<gx:coord>25.108415 59.45456 305.70000000000005</gx:coord>
<when>2026-08-27T20:14:40Z</when>
<gx:coord>25.1086 59.4545217 303.8</gx:coord>
<when>2026-08-27T20:14:41Z</when>
<gx:coord>25.1087817 59.4544817 301.90000000000003</gx:coord>
<when>2026-08-27T20:14:42Z</when>
<gx:coord>25.10897 59.4544417 300.1</gx:coord>
<when>2026-08-27T20:14:43Z</when>
<gx:coord>25.1091567 59.4544033 298.3</gx:coord>
<when>2026-08-27T20:14:44Z</when>
<gx:coord>25.10935 59.45437 296.6</gx:coord>
<when>2026-08-27T20:14:45Z</when>
<gx:coord>25.1095383 59.4543367 295.1</gx:coord>
<when>2026-08-27T20:14:46Z</when>
<gx:coord>25.1097217 59.4543033 293.40000000000003</gx:coord>
<when>2026-08-27T20:14:47Z</when>
<gx:coord>25.109905 59.45427 291.20000000000005</gx:coord>
<when>2026-08-27T20:14:48Z</when>
<gx:coord>25.11009 59.4542367 289.6</gx:coord>
<when>2026-08-27T20:14:49Z</when>
<gx:coord>25.1102733 59.4542033 288.0</gx:coord>
<when>2026-08-27T20:14:50Z</when>
<gx:coord>25.11046 59.4541717 286.5</gx:coord>
<when>2026-08-27T20:14:51Z</when>
<gx:coord>25.110645 59.4541367 284.8</gx:coord>
<when>2026-08-27T20:14:52Z</when>
<gx:coord>25.110825 59.4541017 283.1</gx:coord>
<when>2026-08-27T20:14:53Z</when>
<gx:coord>25.1110017 59.4540633 281.1</gx:coord>
<when>2026-08-27T20:14:54Z</when>
<gx:coord>25.1111683 59.4540217 279.1</gx:coord>
<when>2026-08-27T20:14:55Z</when>
<gx:coord>25.1113183 59.45397 277.1</gx:coord>
<when>2026-08-27T20:14:56Z</when>
<gx:coord>25.1114533 59.4539083 274.8</gx:coord>
<when>2026-08-27T20:14:57Z</when>
<gx:coord>25.1115783 59.4538383 272.5</gx:coord>
<when>2026-08-27T20:14:58Z</when>
<gx:coord>25.1117 59.453765 270.6</gx:coord>
<when>2026-08-27T20:14:59Z</when>
<gx:coord>25.11182 59.45369 269.1</gx:coord>
<when>2026-08-27T20:15:00Z</when>
<gx:coord>25.1119367 59.453615 267.5</gx:coord>
<when>2026-08-27T20:15:01Z</when>
<gx:coord>25.1120417 59.4535383 266.0</gx:coord>
<when>2026-08-27T20:15:02Z</when>
<gx:coord>25.1121233 59.453455 264.3</gx:coord>
<when>2026-08-27T20:15:03Z</when>
<gx:coord>25.1121783 59.4533667 263.0</gx:coord>
<when>2026-08-27T20:15:04Z</when>
<gx:coord>25.112205 59.4532717 261.5</gx:coord>
<when>2026-08-27T20:15:05Z</when>
<gx:coord>25.1121967 59.4531717 259.5</gx:coord>
<when>2026-08-27T20:15:06Z</when>
<gx:coord>25.1121617 59.4530683 257.7</gx:coord>
<when>2026-08-27T20:15:07Z</when>
<gx:coord>25.1121117 59.4529617 255.7</gx:coord>
<when>2026-08-27T20:15:08Z</when>
<gx:coord>25.112065 59.4528533 253.6</gx:coord>
<when>2026-08-27T20:15:09Z</when>
<gx:coord>25.1120383 59.4527467 251.4</gx:coord>
<when>2026-08-27T20:15:10Z</when>
<gx:coord>25.1120367 59.4526433 249.5</gx:coord>
<when>2026-08-27T20:15:11Z</when>
<gx:coord>25.1120417 59.452545 247.5</gx:coord>
<when>2026-08-27T20:15:12Z</when>
<gx:coord>25.1120417 59.4524467 245.1</gx:coord>
<when>2026-08-27T20:15:13Z</when>
<gx:coord>25.1120283 59.4523483 243.2</gx:coord>
<when>2026-08-27T20:15:14Z</when>
<gx:coord>25.1120067 59.45225 241.29999999999998</gx:coord>
<when>2026-08-27T20:15:15Z</when>
<gx:coord>25.1119883 59.4521483 239.29999999999998</gx:coord>
<when>2026-08-27T20:15:16Z</when>
<gx:coord>25.1119733 59.452045 237.7</gx:coord>
<when>2026-08-27T20:15:17Z</when>
<gx:coord>25.11195 59.4519433 236.2</gx:coord>
<when>2026-08-27T20:15:18Z</when>
<gx:coord>25.1119083 59.451845 234.29999999999998</gx:coord>
<when>2026-08-27T20:15:19Z</when>
<gx:coord>25.1118283 59.4517533 232.6</gx:coord>
<when>2026-08-27T20:15:20Z</when>
<gx:coord>25.1117 59.4516717 230.9</gx:coord>
<when>2026-08-27T20:15:21Z</when>
<gx:coord>25.1115167 59.45161 228.79999999999998</gx:coord>
<when>2026-08-27T20:15:22Z</when>
<gx:coord>25.1112933 59.4515667 226.6</gx:coord>
<when>2026-08-27T20:15:23Z</when>
<gx:coord>25.1110533 59.4515367 224.4</gx:coord>
<when>2026-08-27T20:15:24Z</when>
<gx:coord>25.110815 59.45152 222.0</gx:coord>
<when>2026-08-27T20:15:25Z</when>
<gx:coord>25.11058 59.4515167 219.9</gx:coord>
<when>2026-08-27T20:15:26Z</when>
<gx:coord>25.1103433 59.4515233 217.29999999999998</gx:coord>
<when>2026-08-27T20:15:27Z</when>
<gx:coord>25.1101033 59.451535 214.4</gx:coord>
<when>2026-08-27T20:15:28Z</when>
<gx:coord>25.1098567 59.4515467 211.7</gx:coord>
<when>2026-08-27T20:15:29Z</when>
<gx:coord>25.1096017 59.4515567 208.9</gx:coord>
<when>2026-08-27T20:15:30Z</when>
<gx:coord>25.1093417 59.4515667 206.6</gx:coord>
<when>2026-08-27T20:15:31Z</when>
<gx:coord>25.1090817 59.4515767 204.5</gx:coord>
<when>2026-08-27T20:15:32Z</when>
<gx:coord>25.1088267 59.4515933 202.6</gx:coord>
<when>2026-08-27T20:15:33Z</when>
<gx:coord>25.1085867 59.4516183 200.6</gx:coord>
<when>2026-08-27T20:15:34Z</when>
<gx:coord>25.1083533 59.45165 198.7</gx:coord>
<when>2026-08-27T20:15:35Z</when>
<gx:coord>25.1081233 59.4516867 197.0</gx:coord>
<when>2026-08-27T20:15:36Z</when>
<gx:coord>25.1078933 59.4517233 194.79999999999998</gx:coord>
<when>2026-08-27T20:15:37Z</when>
<gx:coord>25.1076633 59.4517667 192.7</gx:coord>
<when>2026-08-27T20:15:38Z</when>
<gx:coord>25.1074333 59.451815 190.5</gx:coord>
<when>2026-08-27T20:15:39Z</when>
<gx:coord>25.1072067 59.4518683 188.2</gx:coord>
<when>2026-08-27T20:15:40Z</when>
<gx:coord>25.1069883 59.4519267 186.0</gx:coord>
<when>2026-08-27T20:15:41Z</when>
<gx:coord>25.10677 59.4519883 183.9</gx:coord>
<when>2026-08-27T20:15:42Z</when>
<gx:coord>25.1065617 59.4520533 182.1</gx:coord>
<when>2026-08-27T20:15:43Z</when>
<gx:coord>25.1063583 59.45212 180.29999999999998</gx:coord>
<when>2026-08-27T20:15:44Z</when>
<gx:coord>25.10617 59.4521933 178.6</gx:coord>
<when>2026-08-27T20:15:45Z</when>
<gx:coord>25.1059967 59.45227 176.79999999999998</gx:coord>
<when>2026-08-27T20:15:46Z</when>
<gx:coord>25.1058367 59.4523533 174.6</gx:coord>
<when>2026-08-27T20:15:47Z</when>
<gx:coord>25.105685 59.4524417 172.6</gx:coord>
<when>2026-08-27T20:15:48Z</when>
<gx:coord>25.1055533 59.452535 170.6</gx:coord>
<when>2026-08-27T20:15:49Z</when>
<gx:coord>25.1054467 59.452635 169.0</gx:coord>
<when>2026-08-27T20:15:50Z</when>
<gx:coord>25.1053617 59.4527383 167.4</gx:coord>
<when>2026-08-27T20:15:51Z</when>
<gx:coord>25.1052917 59.452845 166.1</gx:coord>
<when>2026-08-27T20:15:52Z</when>
<gx:coord>25.1052433 59.4529533 164.9</gx:coord>
<when>2026-08-27T20:15:53Z</when>
<gx:coord>25.105215 59.4530633 163.6</gx:coord>
<when>2026-08-27T20:15:54Z</when>
<gx:coord>25.1052083 59.4531717 162.5</gx:coord>
<when>2026-08-27T20:15:55Z</when>
<gx:coord>25.1052383 59.4532733 161.4</gx:coord>
<when>2026-08-27T20:15:56Z</when>
<gx:coord>25.1053067 59.4533667 159.4</gx:coord>
<when>2026-08-27T20:15:57Z</when>
<gx:coord>25.1054117 59.4534517 157.9</gx:coord>
<when>2026-08-27T20:15:58Z</when>
<gx:coord>25.105535 59.45353 156.79999999999998</gx:coord>
<when>2026-08-27T20:15:59Z</when>
<gx:coord>25.1056617 59.4536017 155.6</gx:coord>
<when>2026-08-27T20:16:00Z</when>
<gx:coord>25.1057817 59.4536717 154.6</gx:coord>
<when>2026-08-27T20:16:01Z</when>
<gx:coord>25.1059117 59.45373 153.79999999999998</gx:coord>
<when>2026-08-27T20:16:02Z</when>
<gx:coord>25.1060533 59.453765 151.79999999999998</gx:coord>
<when>2026-08-27T20:16:03Z</when>
<gx:coord>25.1061983 59.4537867 150.29999999999998</gx:coord>
<when>2026-08-27T20:16:04Z</when>
<gx:coord>25.106355 59.4537467 148.0</gx:coord>
<when>2026-08-27T20:16:05Z</when>
<gx:coord>25.1064817 59.4536683 144.8</gx:coord>
<when>2026-08-27T20:16:06Z</when>
<gx:coord>25.106535 59.45356 141.7</gx:coord>
<when>2026-08-27T20:16:07Z</when>
<gx:coord>25.106545 59.45344 139.4</gx:coord>
<when>2026-08-27T20:16:08Z</when>
<gx:coord>25.1065533 59.453325 137.3</gx:coord>
<when>2026-08-27T20:16:09Z</when>
<gx:coord>25.10659 59.4532267 135.6</gx:coord>
<when>2026-08-27T20:16:10Z</when>
<gx:coord>25.1066567 59.4531483 133.2</gx:coord>
<when>2026-08-27T20:16:11Z</when>
<gx:coord>25.1067517 59.4530833 130.6</gx:coord>
<when>2026-08-27T20:16:12Z</when>
<gx:coord>25.106875 59.4530283 128.0</gx:coord>
<when>2026-08-27T20:16:13Z</when>
<gx:coord>25.10703 59.45298 125.6</gx:coord>
<when>2026-08-27T20:16:14Z</when>
<gx:coord>25.1072033 59.452935 123.5</gx:coord>
<when>2026-08-27T20:16:15Z</when>
<gx:coord>25.1073783 59.4528933 121.4</gx:coord>
<when>2026-08-27T20:16:16Z</when>
<gx:coord>25.107555 59.4528583 119.1</gx:coord>
<when>2026-08-27T20:16:17Z</when>
<gx:coord>25.1077317 59.4528267 117.1</gx:coord>
<when>2026-08-27T20:16:18Z</when>
<gx:coord>25.1079033 59.452795 115.0</gx:coord>
<when>2026-08-27T20:16:19Z</when>
<gx:coord>25.108075 59.4527633 112.80000000000001</gx:coord>
<when>2026-08-27T20:16:20Z</when>
<gx:coord>25.1082467 59.452735 110.80000000000001</gx:coord>
<when>2026-08-27T20:16:21Z</when>
<gx:coord>25.1084183 59.4527067 108.6</gx:coord>
<when>2026-08-27T20:16:22Z</when>
<gx:coord>25.108595 59.4526783 106.5</gx:coord>
<when>2026-08-27T20:16:23Z</when>
<gx:coord>25.1087683 59.452645 104.4</gx:coord>
<when>2026-08-27T20:16:24Z</when>
<gx:coord>25.108945 59.4526133 102.5</gx:coord>
<when>2026-08-27T20:16:25Z</when>
<gx:coord>25.1091133 59.45258 100.6</gx:coord>
<when>2026-08-27T20:16:26Z</when>
<gx:coord>25.1092783 59.4525483 98.6</gx:coord>
<when>2026-08-27T20:16:27Z</when>
<gx:coord>25.10944 59.4525167 96.6</gx:coord>
<when>2026-08-27T20:16:28Z</when>
<gx:coord>25.109605 59.452485 94.6</gx:coord>
<when>2026-08-27T20:16:29Z</when>
<gx:coord>25.1097733 59.4524533 92.5</gx:coord>
<when>2026-08-27T20:16:30Z</when>
<gx:coord>25.109945 59.4524217 90.69999999999999</gx:coord>
<when>2026-08-27T20:16:31Z</when>
<gx:coord>25.1101183 59.4523867 88.80000000000001</gx:coord>
<when>2026-08-27T20:16:32Z</when>
<gx:coord>25.1102933 59.45235 86.5</gx:coord>
<when>2026-08-27T20:16:33Z</when>
<gx:coord>25.1104683 59.4523117 84.5</gx:coord>
<when>2026-08-27T20:16:34Z</when>
<gx:coord>25.1106417 59.4522733 82.4</gx:coord>
<when>2026-08-27T20:16:35Z</when>
<gx:coord>25.110815 59.4522333 80.30000000000001</gx:coord>
<when>2026-08-27T20:16:36Z</when>
<gx:coord>25.1109817 59.45219 78.30000000000001</gx:coord>
<when>2026-08-27T20:16:37Z</when>
<gx:coord>25.111145 59.4521433 76.0</gx:coord>
<when>2026-08-27T20:16:38Z</when>
<gx:coord>25.1113033 59.452095 73.7</gx:coord>
<when>2026-08-27T20:16:39Z</when>
<gx:coord>25.1114633 59.45205 71.5</gx:coord>
<when>2026-08-27T20:16:40Z</when>
<gx:coord>25.1116233 59.4520033 69.2</gx:coord>
<when>2026-08-27T20:16:41Z</when>
<gx:coord>25.11178 59.4519533 67.2</gx:coord>
<when>2026-08-27T20:16:42Z</when>
<gx:coord>25.1119333 59.4518983 64.80000000000001</gx:coord>
<when>2026-08-27T20:16:43Z</when>
<gx:coord>25.1120833 59.4518417 63.0</gx:coord>
<when>2026-08-27T20:16:44Z</when>
<gx:coord>25.1122283 59.4517867 61.300000000000004</gx:coord>
<when>2026-08-27T20:16:45Z</when>
<gx:coord>25.1123483 59.4517383 59.9</gx:coord>
<when>2026-08-27T20:16:46Z</when>
<gx:coord>25.1124333 59.4517033 58.1</gx:coord>
<when>2026-08-27T20:16:47Z</when>
<gx:coord>25.11249 59.4516833 56.800000000000004</gx:coord>
<when>2026-08-27T20:16:48Z</when>
<gx:coord>25.11253 59.45167 56.0</gx:coord>
<when>2026-08-27T20:16:49Z</when>
<gx:coord>25.1125633 59.45166 55.2</gx:coord>
<when>2026-08-27T20:16:50Z</when>
<gx:coord>25.1125883 59.4516517 54.7</gx:coord>
<when>2026-08-27T20:16:51Z</when>
<gx:coord>25.1126033 59.451645 54.4</gx:coord>
<when>2026-08-27T20:16:52Z</when>
<gx:coord>25.112605 59.4516467 54.6</gx:coord>
<when>2026-08-27T20:16:52Z</when>
<gx:coord>25.112605 59.4516467 54.6</gx:coord>
<when>2026-08-27T20:16:54Z</when>
<gx:coord>25.1125233 59.45162 54.6</gx:coord>
<when>2026-08-27T20:16:55Z</when>
<gx:coord>25.1125483 59.45167 54.800000000000004</gx:coord>
<when>2026-08-27T20:16:57Z</when>
<gx:coord>25.1125517 59.45167 55.4</gx:coord>
<when>2026-08-27T20:16:58Z</when>
<gx:coord>25.112555 59.45167 55.5</gx:coord>
<when>2026-08-27T20:16:59Z</when>
<gx:coord>25.1125617 59.4516633 55.5</gx:coord>
<when>2026-08-27T20:17:00Z</when>
<gx:coord>25.112565 59.4516617 55.6</gx:coord>
<when>2026-08-27T20:17:01Z</when>
<gx:coord>25.1125667 59.45166 55.6</gx:coord>
<when>2026-08-27T20:17:02Z</when>
<gx:coord>25.11257 59.4516617 55.6</gx:coord>
<when>2026-08-27T20:17:03Z</when>
<gx:coord>25.1125733 59.4516633 55.6</gx:coord>
<when>2026-08-27T20:17:04Z</when>
<gx:coord>25.1125717 59.4516633 55.7</gx:coord>
<when>2026-08-27T20:17:05Z</when>
<gx:coord>25.1125717 59.451665 55.6</gx:coord>
<when>2026-08-27T20:17:06Z</when>
<gx:coord>25.1125717 59.451665 55.6</gx:coord>
<when>2026-08-27T20:17:07Z</when>
<gx:coord>25.1125733 59.451665 55.6</gx:coord>
<when>2026-08-27T20:17:08Z</when>
<gx:coord>25.1125733 59.451665 55.6</gx:coord>
<when>2026-08-27T20:17:09Z</when>
<gx:coord>25.1125733 59.451665 55.6</gx:coord>
</gx:Track>
</Placemark>
<Placemark>
<name>
Landing
</name>
<description>
Thu, 27 Aug 2026 20:17:10

BlackBull

Track created by PPGpS 1.59a
</description>
<TimeStamp>
<when>2026-08-27T20:17:10Z
</when>
</TimeStamp>
<Point>
<coordinates>
25.1125717,59.4516683,55.7
</coordinates>
</Point>
</Placemark>
</Document>
</kml>