<?xml version="1.0" encoding="UTF-8" standalone="no"?>
<gpx version="1.1" creator="GPX Editor 1.7.14.1740" xmlns="http://www.topografix.com/GPX/1/1" xmlns:xsi="http://www.w3.org/2001/XMLSchema-instance" xsi:schemaLocation="http://www.topografix.com/GPX/1/1 http://www.topografix.com/GPX/1/1/gpx.xsd">
<metadata>
	<link href="http://www.ppgps.info">
		<text>Track created by PPGpS 1.59a</text>
	</link>
	<time>2026-05-22T00:51:16Z</time>
	<bounds minlat="59.4415183" minlon="24.7386867" maxlat="59.5907083" maxlon="24.9038467" />
</metadata>
<trk>
	<name>PPGpS log</name>
	<trkseg>
		<trkpt lat="59.4551317" lon="24.8934617">
			<ele>50.9</ele>
			<time>2026-05-21T23:02:40Z</time>
		</trkpt>
		<trkpt lat="59.4551317" lon="24.8934617">
			<ele>50.9</ele>
			<time>2026-05-21T23:02:40Z</time>
		</trkpt>
		<trkpt lat="59.4552917" lon="24.8933617">
			<ele>41.2</ele>
			<time>2026-05-21T23:02:41Z</time>
		</trkpt>
		<trkpt lat="59.45538" lon="24.8931917">
			<ele>46.5</ele>
			<time>2026-05-21T23:02:42Z</time>
		</trkpt>
		<trkpt lat="59.4555767" lon="24.8932083">
			<ele>50.4</ele>
			<time>2026-05-21T23:02:44Z</time>
		</trkpt>
		<trkpt lat="59.4557283" lon="24.8933383">
			<ele>51.2</ele>
			<time>2026-05-21T23:02:46Z</time>
		</trkpt>
		<trkpt lat="59.4558217" lon="24.8934467">
			<ele>52.1</ele>
			<time>2026-05-21T23:02:47Z</time>
		</trkpt>
		<trkpt lat="59.455925" lon="24.89355">
			<ele>52.6</ele>
			<time>2026-05-21T23:02:48Z</time>
		</trkpt>
		<trkpt lat="59.4560217" lon="24.8936083">
			<ele>52.6</ele>
			<time>2026-05-21T23:02:49Z</time>
		</trkpt>
		<trkpt lat="59.456115" lon="24.8936383">
			<ele>52.8</ele>
			<time>2026-05-21T23:02:50Z</time>
		</trkpt>
		<trkpt lat="59.4562083" lon="24.8936467">
			<ele>53</ele>
			<time>2026-05-21T23:02:51Z</time>
		</trkpt>
		<trkpt lat="59.4562917" lon="24.8936367">
			<ele>53</ele>
			<time>2026-05-21T23:02:52Z</time>
		</trkpt>
		<trkpt lat="59.456385" lon="24.8935983">
			<ele>53.1</ele>
			<time>2026-05-21T23:02:53Z</time>
		</trkpt>
		<trkpt lat="59.4564783" lon="24.8935517">
			<ele>53.3</ele>
			<time>2026-05-21T23:02:54Z</time>
		</trkpt>
		<trkpt lat="59.4565767" lon="24.8934883">
			<ele>53.5</ele>
			<time>2026-05-21T23:02:55Z</time>
		</trkpt>
		<trkpt lat="59.4566833" lon="24.893405">
			<ele>54</ele>
			<time>2026-05-21T23:02:56Z</time>
		</trkpt>
		<trkpt lat="59.4567917" lon="24.893335">
			<ele>54.7</ele>
			<time>2026-05-21T23:02:57Z</time>
		</trkpt>
		<trkpt lat="59.4568967" lon="24.893305">
			<ele>55.5</ele>
			<time>2026-05-21T23:02:58Z</time>
		</trkpt>
		<trkpt lat="59.4569967" lon="24.89334">
			<ele>56.2</ele>
			<time>2026-05-21T23:02:59Z</time>
		</trkpt>
		<trkpt lat="59.457085" lon="24.8934417">
			<ele>56.4</ele>
			<time>2026-05-21T23:03:00Z</time>
		</trkpt>
		<trkpt lat="59.4571717" lon="24.89358">
			<ele>56.4</ele>
			<time>2026-05-21T23:03:01Z</time>
		</trkpt>
		<trkpt lat="59.45725" lon="24.8937383">
			<ele>56.3</ele>
			<time>2026-05-21T23:03:02Z</time>
		</trkpt>
		<trkpt lat="59.4573267" lon="24.8938917">
			<ele>56.1</ele>
			<time>2026-05-21T23:03:03Z</time>
		</trkpt>
		<trkpt lat="59.4574067" lon="24.8940367">
			<ele>55.8</ele>
			<time>2026-05-21T23:03:04Z</time>
		</trkpt>
		<trkpt lat="59.4574833" lon="24.8941917">
			<ele>55.8</ele>
			<time>2026-05-21T23:03:05Z</time>
		</trkpt>
		<trkpt lat="59.45756" lon="24.8943667">
			<ele>55.8</ele>
			<time>2026-05-21T23:03:06Z</time>
		</trkpt>
		<trkpt lat="59.457635" lon="24.8945567">
			<ele>55.8</ele>
			<time>2026-05-21T23:03:07Z</time>
		</trkpt>
		<trkpt lat="59.457715" lon="24.8947417">
			<ele>55.6</ele>
			<time>2026-05-21T23:03:08Z</time>
		</trkpt>
		<trkpt lat="59.4578067" lon="24.8949033">
			<ele>55.1</ele>
			<time>2026-05-21T23:03:09Z</time>
		</trkpt>
		<trkpt lat="59.457905" lon="24.8950267">
			<ele>54.7</ele>
			<time>2026-05-21T23:03:10Z</time>
		</trkpt>
		<trkpt lat="59.4580067" lon="24.89512">
			<ele>54.7</ele>
			<time>2026-05-21T23:03:11Z</time>
		</trkpt>
		<trkpt lat="59.4581133" lon="24.8951983">
			<ele>56.2</ele>
			<time>2026-05-21T23:03:12Z</time>
		</trkpt>
		<trkpt lat="59.4582183" lon="24.8952667">
			<ele>57.6</ele>
			<time>2026-05-21T23:03:13Z</time>
		</trkpt>
		<trkpt lat="59.4583217" lon="24.89533">
			<ele>59.8</ele>
			<time>2026-05-21T23:03:14Z</time>
		</trkpt>
		<trkpt lat="59.45843" lon="24.8953867">
			<ele>62.6</ele>
			<time>2026-05-21T23:03:15Z</time>
		</trkpt>
		<trkpt lat="59.4585433" lon="24.8954217">
			<ele>64.8</ele>
			<time>2026-05-21T23:03:16Z</time>
		</trkpt>
		<trkpt lat="59.45866" lon="24.8954233">
			<ele>67.3</ele>
			<time>2026-05-21T23:03:17Z</time>
		</trkpt>
		<trkpt lat="59.4587767" lon="24.8953917">
			<ele>70.9</ele>
			<time>2026-05-21T23:03:18Z</time>
		</trkpt>
		<trkpt lat="59.4588867" lon="24.895325">
			<ele>74.5</ele>
			<time>2026-05-21T23:03:19Z</time>
		</trkpt>
		<trkpt lat="59.458985" lon="24.895245">
			<ele>79</ele>
			<time>2026-05-21T23:03:20Z</time>
		</trkpt>
		<trkpt lat="59.45907" lon="24.895155">
			<ele>83.5</ele>
			<time>2026-05-21T23:03:21Z</time>
		</trkpt>
		<trkpt lat="59.4591433" lon="24.89505">
			<ele>87.7</ele>
			<time>2026-05-21T23:03:22Z</time>
		</trkpt>
		<trkpt lat="59.45921" lon="24.8949283">
			<ele>92</ele>
			<time>2026-05-21T23:03:23Z</time>
		</trkpt>
		<trkpt lat="59.459275" lon="24.8947883">
			<ele>95.8</ele>
			<time>2026-05-21T23:03:24Z</time>
		</trkpt>
		<trkpt lat="59.4593417" lon="24.8946433">
			<ele>98.9</ele>
			<time>2026-05-21T23:03:25Z</time>
		</trkpt>
		<trkpt lat="59.4594067" lon="24.8944983">
			<ele>101.3</ele>
			<time>2026-05-21T23:03:26Z</time>
		</trkpt>
		<trkpt lat="59.45947" lon="24.8943517">
			<ele>103.9</ele>
			<time>2026-05-21T23:03:27Z</time>
		</trkpt>
		<trkpt lat="59.4595367" lon="24.89421">
			<ele>105.9</ele>
			<time>2026-05-21T23:03:28Z</time>
		</trkpt>
		<trkpt lat="59.4596067" lon="24.89408">
			<ele>108.5</ele>
			<time>2026-05-21T23:03:29Z</time>
		</trkpt>
		<trkpt lat="59.4596883" lon="24.89398">
			<ele>110.9</ele>
			<time>2026-05-21T23:03:30Z</time>
		</trkpt>
		<trkpt lat="59.459785" lon="24.893915">
			<ele>112.9</ele>
			<time>2026-05-21T23:03:31Z</time>
		</trkpt>
		<trkpt lat="59.459885" lon="24.8938667">
			<ele>115</ele>
			<time>2026-05-21T23:03:32Z</time>
		</trkpt>
		<trkpt lat="59.4599867" lon="24.8938233">
			<ele>116.6</ele>
			<time>2026-05-21T23:03:33Z</time>
		</trkpt>
		<trkpt lat="59.4600883" lon="24.89377">
			<ele>118</ele>
			<time>2026-05-21T23:03:34Z</time>
		</trkpt>
		<trkpt lat="59.460185" lon="24.8937183">
			<ele>119.2</ele>
			<time>2026-05-21T23:03:35Z</time>
		</trkpt>
		<trkpt lat="59.460285" lon="24.89367">
			<ele>120</ele>
			<time>2026-05-21T23:03:36Z</time>
		</trkpt>
		<trkpt lat="59.4603817" lon="24.893635">
			<ele>121.3</ele>
			<time>2026-05-21T23:03:37Z</time>
		</trkpt>
		<trkpt lat="59.4604767" lon="24.8936">
			<ele>122.3</ele>
			<time>2026-05-21T23:03:38Z</time>
		</trkpt>
		<trkpt lat="59.4605667" lon="24.8935567">
			<ele>123.5</ele>
			<time>2026-05-21T23:03:39Z</time>
		</trkpt>
		<trkpt lat="59.46065" lon="24.89349">
			<ele>125</ele>
			<time>2026-05-21T23:03:40Z</time>
		</trkpt>
		<trkpt lat="59.460725" lon="24.893395">
			<ele>126.3</ele>
			<time>2026-05-21T23:03:41Z</time>
		</trkpt>
		<trkpt lat="59.4607917" lon="24.8932667">
			<ele>127.1</ele>
			<time>2026-05-21T23:03:42Z</time>
		</trkpt>
		<trkpt lat="59.46085" lon="24.8931317">
			<ele>128.4</ele>
			<time>2026-05-21T23:03:43Z</time>
		</trkpt>
		<trkpt lat="59.46091" lon="24.8930017">
			<ele>129.4</ele>
			<time>2026-05-21T23:03:44Z</time>
		</trkpt>
		<trkpt lat="59.4609733" lon="24.8928817">
			<ele>130</ele>
			<time>2026-05-21T23:03:45Z</time>
		</trkpt>
		<trkpt lat="59.4610433" lon="24.8927467">
			<ele>130.9</ele>
			<time>2026-05-21T23:03:46Z</time>
		</trkpt>
		<trkpt lat="59.4611183" lon="24.8925967">
			<ele>131.5</ele>
			<time>2026-05-21T23:03:47Z</time>
		</trkpt>
		<trkpt lat="59.461195" lon="24.8924467">
			<ele>133.1</ele>
			<time>2026-05-21T23:03:48Z</time>
		</trkpt>
		<trkpt lat="59.4612783" lon="24.892315">
			<ele>134.7</ele>
			<time>2026-05-21T23:03:49Z</time>
		</trkpt>
		<trkpt lat="59.46136" lon="24.8922083">
			<ele>135.5</ele>
			<time>2026-05-21T23:03:50Z</time>
		</trkpt>
		<trkpt lat="59.4614417" lon="24.89213">
			<ele>135.7</ele>
			<time>2026-05-21T23:03:51Z</time>
		</trkpt>
		<trkpt lat="59.461525" lon="24.892065">
			<ele>136.1</ele>
			<time>2026-05-21T23:03:52Z</time>
		</trkpt>
		<trkpt lat="59.46161" lon="24.8919967">
			<ele>136</ele>
			<time>2026-05-21T23:03:53Z</time>
		</trkpt>
		<trkpt lat="59.4616933" lon="24.8919133">
			<ele>136.5</ele>
			<time>2026-05-21T23:03:54Z</time>
		</trkpt>
		<trkpt lat="59.4617767" lon="24.8918217">
			<ele>136.4</ele>
			<time>2026-05-21T23:03:55Z</time>
		</trkpt>
		<trkpt lat="59.4618617" lon="24.891735">
			<ele>136.4</ele>
			<time>2026-05-21T23:03:56Z</time>
		</trkpt>
		<trkpt lat="59.4619467" lon="24.8916517">
			<ele>136.6</ele>
			<time>2026-05-21T23:03:57Z</time>
		</trkpt>
		<trkpt lat="59.4620317" lon="24.8915783">
			<ele>137.1</ele>
			<time>2026-05-21T23:03:58Z</time>
		</trkpt>
		<trkpt lat="59.462115" lon="24.8915083">
			<ele>137.2</ele>
			<time>2026-05-21T23:03:59Z</time>
		</trkpt>
		<trkpt lat="59.4621933" lon="24.891435">
			<ele>137.6</ele>
			<time>2026-05-21T23:04:00Z</time>
		</trkpt>
		<trkpt lat="59.4622717" lon="24.8913467">
			<ele>137.7</ele>
			<time>2026-05-21T23:04:01Z</time>
		</trkpt>
		<trkpt lat="59.46235" lon="24.8912533">
			<ele>137.9</ele>
			<time>2026-05-21T23:04:02Z</time>
		</trkpt>
		<trkpt lat="59.46243" lon="24.8911567">
			<ele>138</ele>
			<time>2026-05-21T23:04:03Z</time>
		</trkpt>
		<trkpt lat="59.4625083" lon="24.89105">
			<ele>138.5</ele>
			<time>2026-05-21T23:04:04Z</time>
		</trkpt>
		<trkpt lat="59.46259" lon="24.89095">
			<ele>138.8</ele>
			<time>2026-05-21T23:04:05Z</time>
		</trkpt>
		<trkpt lat="59.4626783" lon="24.8908667">
			<ele>139.1</ele>
			<time>2026-05-21T23:04:06Z</time>
		</trkpt>
		<trkpt lat="59.4627733" lon="24.8908083">
			<ele>139.5</ele>
			<time>2026-05-21T23:04:07Z</time>
		</trkpt>
		<trkpt lat="59.4628683" lon="24.89077">
			<ele>140.5</ele>
			<time>2026-05-21T23:04:08Z</time>
		</trkpt>
		<trkpt lat="59.46296" lon="24.8907233">
			<ele>141.1</ele>
			<time>2026-05-21T23:04:09Z</time>
		</trkpt>
		<trkpt lat="59.4630433" lon="24.890665">
			<ele>141.4</ele>
			<time>2026-05-21T23:04:10Z</time>
		</trkpt>
		<trkpt lat="59.463125" lon="24.8905933">
			<ele>141.7</ele>
			<time>2026-05-21T23:04:11Z</time>
		</trkpt>
		<trkpt lat="59.4632067" lon="24.8905183">
			<ele>142</ele>
			<time>2026-05-21T23:04:12Z</time>
		</trkpt>
		<trkpt lat="59.4632883" lon="24.8904367">
			<ele>142.4</ele>
			<time>2026-05-21T23:04:13Z</time>
		</trkpt>
		<trkpt lat="59.4633667" lon="24.89034">
			<ele>142.9</ele>
			<time>2026-05-21T23:04:14Z</time>
		</trkpt>
		<trkpt lat="59.4634317" lon="24.8902217">
			<ele>143.5</ele>
			<time>2026-05-21T23:04:15Z</time>
		</trkpt>
		<trkpt lat="59.4634783" lon="24.8900867">
			<ele>144.1</ele>
			<time>2026-05-21T23:04:16Z</time>
		</trkpt>
		<trkpt lat="59.4635133" lon="24.88995">
			<ele>144.3</ele>
			<time>2026-05-21T23:04:17Z</time>
		</trkpt>
		<trkpt lat="59.46354" lon="24.8898083">
			<ele>144.4</ele>
			<time>2026-05-21T23:04:18Z</time>
		</trkpt>
		<trkpt lat="59.4635683" lon="24.8896683">
			<ele>143.8</ele>
			<time>2026-05-21T23:04:19Z</time>
		</trkpt>
		<trkpt lat="59.4635967" lon="24.8895217">
			<ele>143.7</ele>
			<time>2026-05-21T23:04:20Z</time>
		</trkpt>
		<trkpt lat="59.4636283" lon="24.8893717">
			<ele>144.3</ele>
			<time>2026-05-21T23:04:21Z</time>
		</trkpt>
		<trkpt lat="59.463665" lon="24.88923">
			<ele>144.3</ele>
			<time>2026-05-21T23:04:22Z</time>
		</trkpt>
		<trkpt lat="59.4637083" lon="24.8891033">
			<ele>143.9</ele>
			<time>2026-05-21T23:04:23Z</time>
		</trkpt>
		<trkpt lat="59.4637583" lon="24.8889833">
			<ele>143.8</ele>
			<time>2026-05-21T23:04:24Z</time>
		</trkpt>
		<trkpt lat="59.4638117" lon="24.8888667">
			<ele>143.6</ele>
			<time>2026-05-21T23:04:25Z</time>
		</trkpt>
		<trkpt lat="59.4638617" lon="24.888745">
			<ele>143.4</ele>
			<time>2026-05-21T23:04:26Z</time>
		</trkpt>
		<trkpt lat="59.4639083" lon="24.8886217">
			<ele>142.9</ele>
			<time>2026-05-21T23:04:27Z</time>
		</trkpt>
		<trkpt lat="59.46396" lon="24.8884983">
			<ele>142.7</ele>
			<time>2026-05-21T23:04:28Z</time>
		</trkpt>
		<trkpt lat="59.46401" lon="24.8883733">
			<ele>142.3</ele>
			<time>2026-05-21T23:04:29Z</time>
		</trkpt>
		<trkpt lat="59.46406" lon="24.8882467">
			<ele>142</ele>
			<time>2026-05-21T23:04:30Z</time>
		</trkpt>
		<trkpt lat="59.464105" lon="24.8881133">
			<ele>142</ele>
			<time>2026-05-21T23:04:31Z</time>
		</trkpt>
		<trkpt lat="59.464145" lon="24.8879767">
			<ele>141.7</ele>
			<time>2026-05-21T23:04:32Z</time>
		</trkpt>
		<trkpt lat="59.4641833" lon="24.8878417">
			<ele>141.2</ele>
			<time>2026-05-21T23:04:33Z</time>
		</trkpt>
		<trkpt lat="59.464225" lon="24.88771">
			<ele>140.5</ele>
			<time>2026-05-21T23:04:34Z</time>
		</trkpt>
		<trkpt lat="59.46427" lon="24.8875783">
			<ele>139.8</ele>
			<time>2026-05-21T23:04:35Z</time>
		</trkpt>
		<trkpt lat="59.4643167" lon="24.887445">
			<ele>139.4</ele>
			<time>2026-05-21T23:04:36Z</time>
		</trkpt>
		<trkpt lat="59.4643717" lon="24.8873217">
			<ele>138.9</ele>
			<time>2026-05-21T23:04:37Z</time>
		</trkpt>
		<trkpt lat="59.4644383" lon="24.8872217">
			<ele>138.4</ele>
			<time>2026-05-21T23:04:38Z</time>
		</trkpt>
		<trkpt lat="59.464515" lon="24.8871467">
			<ele>137.8</ele>
			<time>2026-05-21T23:04:39Z</time>
		</trkpt>
		<trkpt lat="59.4646033" lon="24.8871">
			<ele>137.4</ele>
			<time>2026-05-21T23:04:40Z</time>
		</trkpt>
		<trkpt lat="59.4647133" lon="24.88709">
			<ele>136.7</ele>
			<time>2026-05-21T23:04:41Z</time>
		</trkpt>
		<trkpt lat="59.46482" lon="24.8870883">
			<ele>136.3</ele>
			<time>2026-05-21T23:04:42Z</time>
		</trkpt>
		<trkpt lat="59.4649183" lon="24.887085">
			<ele>135.7</ele>
			<time>2026-05-21T23:04:43Z</time>
		</trkpt>
		<trkpt lat="59.4650083" lon="24.88707">
			<ele>135.3</ele>
			<time>2026-05-21T23:04:44Z</time>
		</trkpt>
		<trkpt lat="59.4651" lon="24.8870383">
			<ele>135</ele>
			<time>2026-05-21T23:04:45Z</time>
		</trkpt>
		<trkpt lat="59.465195" lon="24.8869983">
			<ele>134.7</ele>
			<time>2026-05-21T23:04:46Z</time>
		</trkpt>
		<trkpt lat="59.4652933" lon="24.8869533">
			<ele>134.5</ele>
			<time>2026-05-21T23:04:47Z</time>
		</trkpt>
		<trkpt lat="59.4653967" lon="24.8869083">
			<ele>134</ele>
			<time>2026-05-21T23:04:48Z</time>
		</trkpt>
		<trkpt lat="59.4654967" lon="24.8868567">
			<ele>133.1</ele>
			<time>2026-05-21T23:04:49Z</time>
		</trkpt>
		<trkpt lat="59.4655867" lon="24.8867917">
			<ele>132.4</ele>
			<time>2026-05-21T23:04:50Z</time>
		</trkpt>
		<trkpt lat="59.46567" lon="24.8866967">
			<ele>131.1</ele>
			<time>2026-05-21T23:04:51Z</time>
		</trkpt>
		<trkpt lat="59.465745" lon="24.886575">
			<ele>130.2</ele>
			<time>2026-05-21T23:04:52Z</time>
		</trkpt>
		<trkpt lat="59.4658183" lon="24.886435">
			<ele>129.3</ele>
			<time>2026-05-21T23:04:53Z</time>
		</trkpt>
		<trkpt lat="59.46589" lon="24.88629">
			<ele>128.6</ele>
			<time>2026-05-21T23:04:54Z</time>
		</trkpt>
		<trkpt lat="59.4659683" lon="24.8861483">
			<ele>128.1</ele>
			<time>2026-05-21T23:04:55Z</time>
		</trkpt>
		<trkpt lat="59.4660467" lon="24.8860083">
			<ele>127.6</ele>
			<time>2026-05-21T23:04:56Z</time>
		</trkpt>
		<trkpt lat="59.4661183" lon="24.8858667">
			<ele>127.1</ele>
			<time>2026-05-21T23:04:57Z</time>
		</trkpt>
		<trkpt lat="59.4661783" lon="24.8857217">
			<ele>126.7</ele>
			<time>2026-05-21T23:04:58Z</time>
		</trkpt>
		<trkpt lat="59.4662333" lon="24.8855567">
			<ele>126.3</ele>
			<time>2026-05-21T23:04:59Z</time>
		</trkpt>
		<trkpt lat="59.4662817" lon="24.885385">
			<ele>126.1</ele>
			<time>2026-05-21T23:05:00Z</time>
		</trkpt>
		<trkpt lat="59.466325" lon="24.8852133">
			<ele>126.1</ele>
			<time>2026-05-21T23:05:01Z</time>
		</trkpt>
		<trkpt lat="59.4663683" lon="24.8850483">
			<ele>126.6</ele>
			<time>2026-05-21T23:05:02Z</time>
		</trkpt>
		<trkpt lat="59.4663983" lon="24.884885">
			<ele>126.7</ele>
			<time>2026-05-21T23:05:03Z</time>
		</trkpt>
		<trkpt lat="59.4664117" lon="24.88472">
			<ele>126.3</ele>
			<time>2026-05-21T23:05:04Z</time>
		</trkpt>
		<trkpt lat="59.4664133" lon="24.884555">
			<ele>125.6</ele>
			<time>2026-05-21T23:05:05Z</time>
		</trkpt>
		<trkpt lat="59.4664117" lon="24.88438">
			<ele>124.7</ele>
			<time>2026-05-21T23:05:06Z</time>
		</trkpt>
		<trkpt lat="59.46641" lon="24.88419">
			<ele>123.9</ele>
			<time>2026-05-21T23:05:07Z</time>
		</trkpt>
		<trkpt lat="59.466405" lon="24.8839967">
			<ele>123.5</ele>
			<time>2026-05-21T23:05:08Z</time>
		</trkpt>
		<trkpt lat="59.4664" lon="24.8838">
			<ele>123</ele>
			<time>2026-05-21T23:05:09Z</time>
		</trkpt>
		<trkpt lat="59.4663983" lon="24.8836083">
			<ele>122.1</ele>
			<time>2026-05-21T23:05:10Z</time>
		</trkpt>
		<trkpt lat="59.4664033" lon="24.8834183">
			<ele>121.3</ele>
			<time>2026-05-21T23:05:11Z</time>
		</trkpt>
		<trkpt lat="59.4664133" lon="24.8832267">
			<ele>120.5</ele>
			<time>2026-05-21T23:05:12Z</time>
		</trkpt>
		<trkpt lat="59.4664283" lon="24.883035">
			<ele>119.8</ele>
			<time>2026-05-21T23:05:13Z</time>
		</trkpt>
		<trkpt lat="59.4664467" lon="24.8828483">
			<ele>119.9</ele>
			<time>2026-05-21T23:05:14Z</time>
		</trkpt>
		<trkpt lat="59.4664717" lon="24.88267">
			<ele>119.9</ele>
			<time>2026-05-21T23:05:15Z</time>
		</trkpt>
		<trkpt lat="59.4664983" lon="24.882495">
			<ele>120.2</ele>
			<time>2026-05-21T23:05:16Z</time>
		</trkpt>
		<trkpt lat="59.46652" lon="24.8823133">
			<ele>120.4</ele>
			<time>2026-05-21T23:05:17Z</time>
		</trkpt>
		<trkpt lat="59.4665383" lon="24.8821267">
			<ele>120.8</ele>
			<time>2026-05-21T23:05:18Z</time>
		</trkpt>
		<trkpt lat="59.4665583" lon="24.8819383">
			<ele>121.2</ele>
			<time>2026-05-21T23:05:19Z</time>
		</trkpt>
		<trkpt lat="59.4665817" lon="24.8817567">
			<ele>121.9</ele>
			<time>2026-05-21T23:05:20Z</time>
		</trkpt>
		<trkpt lat="59.4666083" lon="24.8815867">
			<ele>123.1</ele>
			<time>2026-05-21T23:05:21Z</time>
		</trkpt>
		<trkpt lat="59.4666333" lon="24.881425">
			<ele>124.1</ele>
			<time>2026-05-21T23:05:22Z</time>
		</trkpt>
		<trkpt lat="59.4666533" lon="24.88127">
			<ele>124.7</ele>
			<time>2026-05-21T23:05:23Z</time>
		</trkpt>
		<trkpt lat="59.466665" lon="24.8811217">
			<ele>124.7</ele>
			<time>2026-05-21T23:05:24Z</time>
		</trkpt>
		<trkpt lat="59.4666733" lon="24.8809683">
			<ele>124.1</ele>
			<time>2026-05-21T23:05:25Z</time>
		</trkpt>
		<trkpt lat="59.4666767" lon="24.8807983">
			<ele>123.4</ele>
			<time>2026-05-21T23:05:26Z</time>
		</trkpt>
		<trkpt lat="59.46667" lon="24.88061">
			<ele>122.7</ele>
			<time>2026-05-21T23:05:27Z</time>
		</trkpt>
		<trkpt lat="59.4666317" lon="24.8804283">
			<ele>121</ele>
			<time>2026-05-21T23:05:28Z</time>
		</trkpt>
		<trkpt lat="59.4665533" lon="24.88028">
			<ele>118.4</ele>
			<time>2026-05-21T23:05:29Z</time>
		</trkpt>
		<trkpt lat="59.4664367" lon="24.8802017">
			<ele>116.1</ele>
			<time>2026-05-21T23:05:30Z</time>
		</trkpt>
		<trkpt lat="59.4663" lon="24.8802383">
			<ele>114.4</ele>
			<time>2026-05-21T23:05:31Z</time>
		</trkpt>
		<trkpt lat="59.4661733" lon="24.8803517">
			<ele>112.9</ele>
			<time>2026-05-21T23:05:32Z</time>
		</trkpt>
		<trkpt lat="59.4660617" lon="24.8805083">
			<ele>112</ele>
			<time>2026-05-21T23:05:33Z</time>
		</trkpt>
		<trkpt lat="59.46596" lon="24.88068">
			<ele>111.2</ele>
			<time>2026-05-21T23:05:34Z</time>
		</trkpt>
		<trkpt lat="59.4658667" lon="24.8808183">
			<ele>109.8</ele>
			<time>2026-05-21T23:05:35Z</time>
		</trkpt>
		<trkpt lat="59.4657717" lon="24.8809033">
			<ele>108.8</ele>
			<time>2026-05-21T23:05:36Z</time>
		</trkpt>
		<trkpt lat="59.46567" lon="24.88092">
			<ele>106.5</ele>
			<time>2026-05-21T23:05:37Z</time>
		</trkpt>
		<trkpt lat="59.4655683" lon="24.880855">
			<ele>104.1</ele>
			<time>2026-05-21T23:05:38Z</time>
		</trkpt>
		<trkpt lat="59.46548" lon="24.8807117">
			<ele>101.9</ele>
			<time>2026-05-21T23:05:39Z</time>
		</trkpt>
		<trkpt lat="59.4654233" lon="24.8805133">
			<ele>100.2</ele>
			<time>2026-05-21T23:05:40Z</time>
		</trkpt>
		<trkpt lat="59.4654133" lon="24.8802833">
			<ele>97.9</ele>
			<time>2026-05-21T23:05:41Z</time>
		</trkpt>
		<trkpt lat="59.465445" lon="24.8800633">
			<ele>96.7</ele>
			<time>2026-05-21T23:05:42Z</time>
		</trkpt>
		<trkpt lat="59.4655117" lon="24.8798867">
			<ele>97.2</ele>
			<time>2026-05-21T23:05:43Z</time>
		</trkpt>
		<trkpt lat="59.4655817" lon="24.8797383">
			<ele>97.4</ele>
			<time>2026-05-21T23:05:44Z</time>
		</trkpt>
		<trkpt lat="59.4656433" lon="24.8796017">
			<ele>97</ele>
			<time>2026-05-21T23:05:45Z</time>
		</trkpt>
		<trkpt lat="59.4657" lon="24.8794783">
			<ele>95.7</ele>
			<time>2026-05-21T23:05:46Z</time>
		</trkpt>
		<trkpt lat="59.4657617" lon="24.8793533">
			<ele>93.4</ele>
			<time>2026-05-21T23:05:47Z</time>
		</trkpt>
		<trkpt lat="59.4658283" lon="24.8792267">
			<ele>91.4</ele>
			<time>2026-05-21T23:05:48Z</time>
		</trkpt>
		<trkpt lat="59.4659" lon="24.8790917">
			<ele>89.5</ele>
			<time>2026-05-21T23:05:49Z</time>
		</trkpt>
		<trkpt lat="59.4659667" lon="24.87894">
			<ele>87.7</ele>
			<time>2026-05-21T23:05:50Z</time>
		</trkpt>
		<trkpt lat="59.466035" lon="24.87879">
			<ele>86.3</ele>
			<time>2026-05-21T23:05:51Z</time>
		</trkpt>
		<trkpt lat="59.4661117" lon="24.8786567">
			<ele>85.1</ele>
			<time>2026-05-21T23:05:52Z</time>
		</trkpt>
		<trkpt lat="59.4662033" lon="24.8785367">
			<ele>83.8</ele>
			<time>2026-05-21T23:05:53Z</time>
		</trkpt>
		<trkpt lat="59.4663" lon="24.8784133">
			<ele>82.6</ele>
			<time>2026-05-21T23:05:54Z</time>
		</trkpt>
		<trkpt lat="59.46639" lon="24.8782717">
			<ele>81.6</ele>
			<time>2026-05-21T23:05:55Z</time>
		</trkpt>
		<trkpt lat="59.4664633" lon="24.87811">
			<ele>80.3</ele>
			<time>2026-05-21T23:05:56Z</time>
		</trkpt>
		<trkpt lat="59.4665283" lon="24.8779417">
			<ele>78.7</ele>
			<time>2026-05-21T23:05:57Z</time>
		</trkpt>
		<trkpt lat="59.466585" lon="24.877775">
			<ele>77.2</ele>
			<time>2026-05-21T23:05:58Z</time>
		</trkpt>
		<trkpt lat="59.4666383" lon="24.8776033">
			<ele>75.8</ele>
			<time>2026-05-21T23:05:59Z</time>
		</trkpt>
		<trkpt lat="59.46669" lon="24.8774267">
			<ele>74.5</ele>
			<time>2026-05-21T23:06:00Z</time>
		</trkpt>
		<trkpt lat="59.4667333" lon="24.8772367">
			<ele>73.1</ele>
			<time>2026-05-21T23:06:01Z</time>
		</trkpt>
		<trkpt lat="59.4667683" lon="24.8770383">
			<ele>71.9</ele>
			<time>2026-05-21T23:06:02Z</time>
		</trkpt>
		<trkpt lat="59.4667917" lon="24.876835">
			<ele>70.8</ele>
			<time>2026-05-21T23:06:03Z</time>
		</trkpt>
		<trkpt lat="59.466805" lon="24.87664">
			<ele>69.6</ele>
			<time>2026-05-21T23:06:04Z</time>
		</trkpt>
		<trkpt lat="59.4668083" lon="24.876455">
			<ele>68.7</ele>
			<time>2026-05-21T23:06:05Z</time>
		</trkpt>
		<trkpt lat="59.4668033" lon="24.8762667">
			<ele>67.6</ele>
			<time>2026-05-21T23:06:06Z</time>
		</trkpt>
		<trkpt lat="59.466785" lon="24.8760733">
			<ele>66.6</ele>
			<time>2026-05-21T23:06:07Z</time>
		</trkpt>
		<trkpt lat="59.46675" lon="24.87588">
			<ele>65.9</ele>
			<time>2026-05-21T23:06:08Z</time>
		</trkpt>
		<trkpt lat="59.4666967" lon="24.8756917">
			<ele>65.2</ele>
			<time>2026-05-21T23:06:09Z</time>
		</trkpt>
		<trkpt lat="59.466625" lon="24.8755183">
			<ele>65.2</ele>
			<time>2026-05-21T23:06:10Z</time>
		</trkpt>
		<trkpt lat="59.4665367" lon="24.8753833">
			<ele>64.9</ele>
			<time>2026-05-21T23:06:11Z</time>
		</trkpt>
		<trkpt lat="59.46643" lon="24.875295">
			<ele>64.6</ele>
			<time>2026-05-21T23:06:12Z</time>
		</trkpt>
		<trkpt lat="59.46631" lon="24.875265">
			<ele>64</ele>
			<time>2026-05-21T23:06:13Z</time>
		</trkpt>
		<trkpt lat="59.4661833" lon="24.87527">
			<ele>63.2</ele>
			<time>2026-05-21T23:06:14Z</time>
		</trkpt>
		<trkpt lat="59.46606" lon="24.875295">
			<ele>63.1</ele>
			<time>2026-05-21T23:06:15Z</time>
		</trkpt>
		<trkpt lat="59.4659467" lon="24.8753217">
			<ele>62.9</ele>
			<time>2026-05-21T23:06:16Z</time>
		</trkpt>
		<trkpt lat="59.46584" lon="24.8753467">
			<ele>62.5</ele>
			<time>2026-05-21T23:06:17Z</time>
		</trkpt>
		<trkpt lat="59.4657383" lon="24.87536">
			<ele>61.8</ele>
			<time>2026-05-21T23:06:18Z</time>
		</trkpt>
		<trkpt lat="59.4656317" lon="24.875355">
			<ele>60.4</ele>
			<time>2026-05-21T23:06:19Z</time>
		</trkpt>
		<trkpt lat="59.46552" lon="24.875325">
			<ele>58.9</ele>
			<time>2026-05-21T23:06:20Z</time>
		</trkpt>
		<trkpt lat="59.465405" lon="24.8752633">
			<ele>57.6</ele>
			<time>2026-05-21T23:06:21Z</time>
		</trkpt>
		<trkpt lat="59.46529" lon="24.8751767">
			<ele>57.2</ele>
			<time>2026-05-21T23:06:22Z</time>
		</trkpt>
		<trkpt lat="59.4651867" lon="24.87508">
			<ele>58.3</ele>
			<time>2026-05-21T23:06:23Z</time>
		</trkpt>
		<trkpt lat="59.465095" lon="24.8749967">
			<ele>59.5</ele>
			<time>2026-05-21T23:06:24Z</time>
		</trkpt>
		<trkpt lat="59.4650033" lon="24.8749383">
			<ele>59.8</ele>
			<time>2026-05-21T23:06:25Z</time>
		</trkpt>
		<trkpt lat="59.4649033" lon="24.8749033">
			<ele>59.5</ele>
			<time>2026-05-21T23:06:26Z</time>
		</trkpt>
		<trkpt lat="59.4647917" lon="24.8748833">
			<ele>59.1</ele>
			<time>2026-05-21T23:06:27Z</time>
		</trkpt>
		<trkpt lat="59.4646733" lon="24.8748717">
			<ele>59.1</ele>
			<time>2026-05-21T23:06:28Z</time>
		</trkpt>
		<trkpt lat="59.4645567" lon="24.874855">
			<ele>59.4</ele>
			<time>2026-05-21T23:06:29Z</time>
		</trkpt>
		<trkpt lat="59.4644483" lon="24.8748267">
			<ele>60</ele>
			<time>2026-05-21T23:06:30Z</time>
		</trkpt>
		<trkpt lat="59.464345" lon="24.87478">
			<ele>60.6</ele>
			<time>2026-05-21T23:06:31Z</time>
		</trkpt>
		<trkpt lat="59.4642483" lon="24.8747133">
			<ele>60.8</ele>
			<time>2026-05-21T23:06:32Z</time>
		</trkpt>
		<trkpt lat="59.4641483" lon="24.87464">
			<ele>61.2</ele>
			<time>2026-05-21T23:06:33Z</time>
		</trkpt>
		<trkpt lat="59.464045" lon="24.87457">
			<ele>61.7</ele>
			<time>2026-05-21T23:06:34Z</time>
		</trkpt>
		<trkpt lat="59.4639383" lon="24.8745117">
			<ele>62</ele>
			<time>2026-05-21T23:06:35Z</time>
		</trkpt>
		<trkpt lat="59.46383" lon="24.874455">
			<ele>62.3</ele>
			<time>2026-05-21T23:06:36Z</time>
		</trkpt>
		<trkpt lat="59.4637283" lon="24.874385">
			<ele>62.4</ele>
			<time>2026-05-21T23:06:37Z</time>
		</trkpt>
		<trkpt lat="59.4636317" lon="24.8742917">
			<ele>62.6</ele>
			<time>2026-05-21T23:06:38Z</time>
		</trkpt>
		<trkpt lat="59.4635383" lon="24.874185">
			<ele>63.3</ele>
			<time>2026-05-21T23:06:39Z</time>
		</trkpt>
		<trkpt lat="59.463445" lon="24.87408">
			<ele>63.5</ele>
			<time>2026-05-21T23:06:40Z</time>
		</trkpt>
		<trkpt lat="59.4633483" lon="24.8739883">
			<ele>63.6</ele>
			<time>2026-05-21T23:06:41Z</time>
		</trkpt>
		<trkpt lat="59.4632517" lon="24.8739">
			<ele>63.4</ele>
			<time>2026-05-21T23:06:42Z</time>
		</trkpt>
		<trkpt lat="59.463155" lon="24.87381">
			<ele>63.3</ele>
			<time>2026-05-21T23:06:43Z</time>
		</trkpt>
		<trkpt lat="59.4630667" lon="24.8737117">
			<ele>63.2</ele>
			<time>2026-05-21T23:06:44Z</time>
		</trkpt>
		<trkpt lat="59.4629867" lon="24.8736">
			<ele>63.4</ele>
			<time>2026-05-21T23:06:45Z</time>
		</trkpt>
		<trkpt lat="59.4629067" lon="24.8734833">
			<ele>63.8</ele>
			<time>2026-05-21T23:06:46Z</time>
		</trkpt>
		<trkpt lat="59.462825" lon="24.87336">
			<ele>64.5</ele>
			<time>2026-05-21T23:06:47Z</time>
		</trkpt>
		<trkpt lat="59.462745" lon="24.873225">
			<ele>64.5</ele>
			<time>2026-05-21T23:06:48Z</time>
		</trkpt>
		<trkpt lat="59.4626633" lon="24.87308">
			<ele>64.6</ele>
			<time>2026-05-21T23:06:49Z</time>
		</trkpt>
		<trkpt lat="59.4625867" lon="24.8729267">
			<ele>64.4</ele>
			<time>2026-05-21T23:06:50Z</time>
		</trkpt>
		<trkpt lat="59.4625167" lon="24.872775">
			<ele>64.4</ele>
			<time>2026-05-21T23:06:51Z</time>
		</trkpt>
		<trkpt lat="59.46245" lon="24.8726267">
			<ele>64.4</ele>
			<time>2026-05-21T23:06:52Z</time>
		</trkpt>
		<trkpt lat="59.4623867" lon="24.8724867">
			<ele>64.5</ele>
			<time>2026-05-21T23:06:53Z</time>
		</trkpt>
		<trkpt lat="59.4623233" lon="24.8723467">
			<ele>64.5</ele>
			<time>2026-05-21T23:06:54Z</time>
		</trkpt>
		<trkpt lat="59.4622583" lon="24.8721967">
			<ele>64.8</ele>
			<time>2026-05-21T23:06:55Z</time>
		</trkpt>
		<trkpt lat="59.4621967" lon="24.8720283">
			<ele>64.7</ele>
			<time>2026-05-21T23:06:56Z</time>
		</trkpt>
		<trkpt lat="59.4621417" lon="24.87184">
			<ele>64.8</ele>
			<time>2026-05-21T23:06:57Z</time>
		</trkpt>
		<trkpt lat="59.4621" lon="24.87164">
			<ele>64.3</ele>
			<time>2026-05-21T23:06:58Z</time>
		</trkpt>
		<trkpt lat="59.4620683" lon="24.8714383">
			<ele>64.2</ele>
			<time>2026-05-21T23:06:59Z</time>
		</trkpt>
		<trkpt lat="59.462045" lon="24.8712367">
			<ele>64.3</ele>
			<time>2026-05-21T23:07:00Z</time>
		</trkpt>
		<trkpt lat="59.4620317" lon="24.87104">
			<ele>64.1</ele>
			<time>2026-05-21T23:07:01Z</time>
		</trkpt>
		<trkpt lat="59.4620233" lon="24.870845">
			<ele>63.6</ele>
			<time>2026-05-21T23:07:02Z</time>
		</trkpt>
		<trkpt lat="59.462015" lon="24.87066">
			<ele>63.2</ele>
			<time>2026-05-21T23:07:03Z</time>
		</trkpt>
		<trkpt lat="59.4620033" lon="24.8704767">
			<ele>62.5</ele>
			<time>2026-05-21T23:07:04Z</time>
		</trkpt>
		<trkpt lat="59.4619883" lon="24.8702917">
			<ele>61.4</ele>
			<time>2026-05-21T23:07:05Z</time>
		</trkpt>
		<trkpt lat="59.4619667" lon="24.8701033">
			<ele>60.8</ele>
			<time>2026-05-21T23:07:06Z</time>
		</trkpt>
		<trkpt lat="59.461935" lon="24.8699167">
			<ele>60.2</ele>
			<time>2026-05-21T23:07:07Z</time>
		</trkpt>
		<trkpt lat="59.4618917" lon="24.8697483">
			<ele>60.6</ele>
			<time>2026-05-21T23:07:08Z</time>
		</trkpt>
		<trkpt lat="59.46183" lon="24.8696133">
			<ele>61.5</ele>
			<time>2026-05-21T23:07:09Z</time>
		</trkpt>
		<trkpt lat="59.46176" lon="24.8694983">
			<ele>62</ele>
			<time>2026-05-21T23:07:10Z</time>
		</trkpt>
		<trkpt lat="59.4616817" lon="24.8693917">
			<ele>62.2</ele>
			<time>2026-05-21T23:07:11Z</time>
		</trkpt>
		<trkpt lat="59.4616067" lon="24.8692767">
			<ele>62.5</ele>
			<time>2026-05-21T23:07:12Z</time>
		</trkpt>
		<trkpt lat="59.4615367" lon="24.8691417">
			<ele>63.1</ele>
			<time>2026-05-21T23:07:13Z</time>
		</trkpt>
		<trkpt lat="59.4614683" lon="24.8689933">
			<ele>63.9</ele>
			<time>2026-05-21T23:07:14Z</time>
		</trkpt>
		<trkpt lat="59.4614" lon="24.8688417">
			<ele>64.9</ele>
			<time>2026-05-21T23:07:15Z</time>
		</trkpt>
		<trkpt lat="59.461325" lon="24.868705">
			<ele>66.1</ele>
			<time>2026-05-21T23:07:16Z</time>
		</trkpt>
		<trkpt lat="59.4612383" lon="24.8685867">
			<ele>67</ele>
			<time>2026-05-21T23:07:17Z</time>
		</trkpt>
		<trkpt lat="59.461145" lon="24.8684833">
			<ele>67.4</ele>
			<time>2026-05-21T23:07:18Z</time>
		</trkpt>
		<trkpt lat="59.461055" lon="24.8683767">
			<ele>67.5</ele>
			<time>2026-05-21T23:07:19Z</time>
		</trkpt>
		<trkpt lat="59.460975" lon="24.86825">
			<ele>67.6</ele>
			<time>2026-05-21T23:07:20Z</time>
		</trkpt>
		<trkpt lat="59.4609067" lon="24.8681017">
			<ele>67.9</ele>
			<time>2026-05-21T23:07:21Z</time>
		</trkpt>
		<trkpt lat="59.46085" lon="24.8679383">
			<ele>67.6</ele>
			<time>2026-05-21T23:07:22Z</time>
		</trkpt>
		<trkpt lat="59.4607983" lon="24.8677767">
			<ele>67.3</ele>
			<time>2026-05-21T23:07:23Z</time>
		</trkpt>
		<trkpt lat="59.4607433" lon="24.867625">
			<ele>67.4</ele>
			<time>2026-05-21T23:07:24Z</time>
		</trkpt>
		<trkpt lat="59.460685" lon="24.86748">
			<ele>67.3</ele>
			<time>2026-05-21T23:07:25Z</time>
		</trkpt>
		<trkpt lat="59.46063" lon="24.86733">
			<ele>66.6</ele>
			<time>2026-05-21T23:07:26Z</time>
		</trkpt>
		<trkpt lat="59.4605783" lon="24.867175">
			<ele>66.4</ele>
			<time>2026-05-21T23:07:27Z</time>
		</trkpt>
		<trkpt lat="59.46054" lon="24.867005">
			<ele>66.2</ele>
			<time>2026-05-21T23:07:28Z</time>
		</trkpt>
		<trkpt lat="59.4605167" lon="24.86682">
			<ele>65.8</ele>
			<time>2026-05-21T23:07:29Z</time>
		</trkpt>
		<trkpt lat="59.4605117" lon="24.8666267">
			<ele>65.5</ele>
			<time>2026-05-21T23:07:30Z</time>
		</trkpt>
		<trkpt lat="59.46052" lon="24.8664433">
			<ele>65.7</ele>
			<time>2026-05-21T23:07:31Z</time>
		</trkpt>
		<trkpt lat="59.4605333" lon="24.8662683">
			<ele>66.5</ele>
			<time>2026-05-21T23:07:32Z</time>
		</trkpt>
		<trkpt lat="59.4605433" lon="24.866095">
			<ele>66.6</ele>
			<time>2026-05-21T23:07:33Z</time>
		</trkpt>
		<trkpt lat="59.46054" lon="24.86592">
			<ele>65.9</ele>
			<time>2026-05-21T23:07:34Z</time>
		</trkpt>
		<trkpt lat="59.460475" lon="24.865755">
			<ele>64.9</ele>
			<time>2026-05-21T23:07:35Z</time>
		</trkpt>
		<trkpt lat="59.4603717" lon="24.86565">
			<ele>64.1</ele>
			<time>2026-05-21T23:07:36Z</time>
		</trkpt>
		<trkpt lat="59.4602533" lon="24.8655917">
			<ele>64.4</ele>
			<time>2026-05-21T23:07:37Z</time>
		</trkpt>
		<trkpt lat="59.460135" lon="24.8655567">
			<ele>64.8</ele>
			<time>2026-05-21T23:07:38Z</time>
		</trkpt>
		<trkpt lat="59.4600317" lon="24.86548">
			<ele>65.2</ele>
			<time>2026-05-21T23:07:39Z</time>
		</trkpt>
		<trkpt lat="59.4599667" lon="24.8653233">
			<ele>64.3</ele>
			<time>2026-05-21T23:07:40Z</time>
		</trkpt>
		<trkpt lat="59.4599417" lon="24.865115">
			<ele>63.9</ele>
			<time>2026-05-21T23:07:41Z</time>
		</trkpt>
		<trkpt lat="59.459935" lon="24.8649033">
			<ele>64.7</ele>
			<time>2026-05-21T23:07:42Z</time>
		</trkpt>
		<trkpt lat="59.4599233" lon="24.8647067">
			<ele>65.4</ele>
			<time>2026-05-21T23:07:43Z</time>
		</trkpt>
		<trkpt lat="59.4598817" lon="24.8645333">
			<ele>65.2</ele>
			<time>2026-05-21T23:07:44Z</time>
		</trkpt>
		<trkpt lat="59.4598167" lon="24.8643817">
			<ele>65.4</ele>
			<time>2026-05-21T23:07:45Z</time>
		</trkpt>
		<trkpt lat="59.4597417" lon="24.864245">
			<ele>65.7</ele>
			<time>2026-05-21T23:07:46Z</time>
		</trkpt>
		<trkpt lat="59.4596767" lon="24.8641033">
			<ele>65.2</ele>
			<time>2026-05-21T23:07:47Z</time>
		</trkpt>
		<trkpt lat="59.459625" lon="24.8639517">
			<ele>64.9</ele>
			<time>2026-05-21T23:07:48Z</time>
		</trkpt>
		<trkpt lat="59.4595667" lon="24.863805">
			<ele>65</ele>
			<time>2026-05-21T23:07:49Z</time>
		</trkpt>
		<trkpt lat="59.4594917" lon="24.8636817">
			<ele>64.7</ele>
			<time>2026-05-21T23:07:50Z</time>
		</trkpt>
		<trkpt lat="59.4593983" lon="24.8635833">
			<ele>64.5</ele>
			<time>2026-05-21T23:07:51Z</time>
		</trkpt>
		<trkpt lat="59.4593" lon="24.8634833">
			<ele>64.1</ele>
			<time>2026-05-21T23:07:52Z</time>
		</trkpt>
		<trkpt lat="59.4592117" lon="24.863355">
			<ele>64</ele>
			<time>2026-05-21T23:07:53Z</time>
		</trkpt>
		<trkpt lat="59.4591517" lon="24.8631767">
			<ele>63.6</ele>
			<time>2026-05-21T23:07:54Z</time>
		</trkpt>
		<trkpt lat="59.4591283" lon="24.8629733">
			<ele>63.2</ele>
			<time>2026-05-21T23:07:55Z</time>
		</trkpt>
		<trkpt lat="59.4591417" lon="24.862775">
			<ele>63</ele>
			<time>2026-05-21T23:07:56Z</time>
		</trkpt>
		<trkpt lat="59.4591783" lon="24.8625983">
			<ele>63.4</ele>
			<time>2026-05-21T23:07:57Z</time>
		</trkpt>
		<trkpt lat="59.45923" lon="24.8624433">
			<ele>63.8</ele>
			<time>2026-05-21T23:07:58Z</time>
		</trkpt>
		<trkpt lat="59.4592917" lon="24.8623033">
			<ele>63.4</ele>
			<time>2026-05-21T23:07:59Z</time>
		</trkpt>
		<trkpt lat="59.4593567" lon="24.8621667">
			<ele>63.4</ele>
			<time>2026-05-21T23:08:00Z</time>
		</trkpt>
		<trkpt lat="59.459415" lon="24.8620217">
			<ele>63.9</ele>
			<time>2026-05-21T23:08:01Z</time>
		</trkpt>
		<trkpt lat="59.459465" lon="24.8618667">
			<ele>63.9</ele>
			<time>2026-05-21T23:08:02Z</time>
		</trkpt>
		<trkpt lat="59.4595067" lon="24.8617017">
			<ele>63.7</ele>
			<time>2026-05-21T23:08:03Z</time>
		</trkpt>
		<trkpt lat="59.459545" lon="24.86153">
			<ele>63.7</ele>
			<time>2026-05-21T23:08:04Z</time>
		</trkpt>
		<trkpt lat="59.459575" lon="24.86136">
			<ele>63.9</ele>
			<time>2026-05-21T23:08:05Z</time>
		</trkpt>
		<trkpt lat="59.459595" lon="24.8611867">
			<ele>63.9</ele>
			<time>2026-05-21T23:08:06Z</time>
		</trkpt>
		<trkpt lat="59.4596067" lon="24.8610067">
			<ele>63.9</ele>
			<time>2026-05-21T23:08:07Z</time>
		</trkpt>
		<trkpt lat="59.4596167" lon="24.8608183">
			<ele>62.8</ele>
			<time>2026-05-21T23:08:08Z</time>
		</trkpt>
		<trkpt lat="59.459625" lon="24.860635">
			<ele>62.8</ele>
			<time>2026-05-21T23:08:09Z</time>
		</trkpt>
		<trkpt lat="59.4596317" lon="24.8604533">
			<ele>63.2</ele>
			<time>2026-05-21T23:08:10Z</time>
		</trkpt>
		<trkpt lat="59.4596383" lon="24.8602717">
			<ele>63.5</ele>
			<time>2026-05-21T23:08:11Z</time>
		</trkpt>
		<trkpt lat="59.4596433" lon="24.860085">
			<ele>64.4</ele>
			<time>2026-05-21T23:08:12Z</time>
		</trkpt>
		<trkpt lat="59.4596483" lon="24.8598983">
			<ele>65.1</ele>
			<time>2026-05-21T23:08:13Z</time>
		</trkpt>
		<trkpt lat="59.45965" lon="24.8597133">
			<ele>66.3</ele>
			<time>2026-05-21T23:08:14Z</time>
		</trkpt>
		<trkpt lat="59.4596517" lon="24.8595283">
			<ele>66.7</ele>
			<time>2026-05-21T23:08:15Z</time>
		</trkpt>
		<trkpt lat="59.4596567" lon="24.859345">
			<ele>67.5</ele>
			<time>2026-05-21T23:08:16Z</time>
		</trkpt>
		<trkpt lat="59.459665" lon="24.8591633">
			<ele>68.2</ele>
			<time>2026-05-21T23:08:17Z</time>
		</trkpt>
		<trkpt lat="59.4596783" lon="24.85898">
			<ele>69</ele>
			<time>2026-05-21T23:08:18Z</time>
		</trkpt>
		<trkpt lat="59.45969" lon="24.8587967">
			<ele>69.6</ele>
			<time>2026-05-21T23:08:19Z</time>
		</trkpt>
		<trkpt lat="59.4596967" lon="24.8586083">
			<ele>70</ele>
			<time>2026-05-21T23:08:20Z</time>
		</trkpt>
		<trkpt lat="59.4597" lon="24.85842">
			<ele>70.2</ele>
			<time>2026-05-21T23:08:21Z</time>
		</trkpt>
		<trkpt lat="59.45971" lon="24.85823">
			<ele>70.6</ele>
			<time>2026-05-21T23:08:22Z</time>
		</trkpt>
		<trkpt lat="59.4597333" lon="24.8580467">
			<ele>70.7</ele>
			<time>2026-05-21T23:08:23Z</time>
		</trkpt>
		<trkpt lat="59.45977" lon="24.8578717">
			<ele>70.7</ele>
			<time>2026-05-21T23:08:24Z</time>
		</trkpt>
		<trkpt lat="59.4598117" lon="24.8576983">
			<ele>70.8</ele>
			<time>2026-05-21T23:08:25Z</time>
		</trkpt>
		<trkpt lat="59.45985" lon="24.857515">
			<ele>70.8</ele>
			<time>2026-05-21T23:08:26Z</time>
		</trkpt>
		<trkpt lat="59.4598817" lon="24.8573217">
			<ele>70.5</ele>
			<time>2026-05-21T23:08:27Z</time>
		</trkpt>
		<trkpt lat="59.4599083" lon="24.85713">
			<ele>70.1</ele>
			<time>2026-05-21T23:08:28Z</time>
		</trkpt>
		<trkpt lat="59.4599417" lon="24.85695">
			<ele>69.7</ele>
			<time>2026-05-21T23:08:29Z</time>
		</trkpt>
		<trkpt lat="59.4599833" lon="24.85678">
			<ele>69.2</ele>
			<time>2026-05-21T23:08:30Z</time>
		</trkpt>
		<trkpt lat="59.4600367" lon="24.856615">
			<ele>69.1</ele>
			<time>2026-05-21T23:08:31Z</time>
		</trkpt>
		<trkpt lat="59.4600967" lon="24.8564483">
			<ele>69.3</ele>
			<time>2026-05-21T23:08:32Z</time>
		</trkpt>
		<trkpt lat="59.4601583" lon="24.8562733">
			<ele>69.2</ele>
			<time>2026-05-21T23:08:33Z</time>
		</trkpt>
		<trkpt lat="59.46021" lon="24.8560967">
			<ele>69.4</ele>
			<time>2026-05-21T23:08:34Z</time>
		</trkpt>
		<trkpt lat="59.4602517" lon="24.8559133">
			<ele>69</ele>
			<time>2026-05-21T23:08:35Z</time>
		</trkpt>
		<trkpt lat="59.4602867" lon="24.8557317">
			<ele>69.1</ele>
			<time>2026-05-21T23:08:36Z</time>
		</trkpt>
		<trkpt lat="59.460325" lon="24.855555">
			<ele>69.4</ele>
			<time>2026-05-21T23:08:37Z</time>
		</trkpt>
		<trkpt lat="59.4603717" lon="24.8553867">
			<ele>69.5</ele>
			<time>2026-05-21T23:08:38Z</time>
		</trkpt>
		<trkpt lat="59.4604317" lon="24.8552317">
			<ele>70.2</ele>
			<time>2026-05-21T23:08:39Z</time>
		</trkpt>
		<trkpt lat="59.4605" lon="24.8550883">
			<ele>71</ele>
			<time>2026-05-21T23:08:40Z</time>
		</trkpt>
		<trkpt lat="59.4605683" lon="24.8549433">
			<ele>71.2</ele>
			<time>2026-05-21T23:08:41Z</time>
		</trkpt>
		<trkpt lat="59.4606367" lon="24.8547883">
			<ele>71</ele>
			<time>2026-05-21T23:08:42Z</time>
		</trkpt>
		<trkpt lat="59.4606983" lon="24.8546133">
			<ele>70.6</ele>
			<time>2026-05-21T23:08:43Z</time>
		</trkpt>
		<trkpt lat="59.4607533" lon="24.854425">
			<ele>70.3</ele>
			<time>2026-05-21T23:08:44Z</time>
		</trkpt>
		<trkpt lat="59.4608033" lon="24.8542333">
			<ele>71</ele>
			<time>2026-05-21T23:08:45Z</time>
		</trkpt>
		<trkpt lat="59.4608533" lon="24.8540483">
			<ele>72</ele>
			<time>2026-05-21T23:08:46Z</time>
		</trkpt>
		<trkpt lat="59.4609033" lon="24.8538717">
			<ele>72.9</ele>
			<time>2026-05-21T23:08:47Z</time>
		</trkpt>
		<trkpt lat="59.4609517" lon="24.8536967">
			<ele>73.6</ele>
			<time>2026-05-21T23:08:48Z</time>
		</trkpt>
		<trkpt lat="59.4609983" lon="24.853525">
			<ele>74.6</ele>
			<time>2026-05-21T23:08:49Z</time>
		</trkpt>
		<trkpt lat="59.461045" lon="24.8533533">
			<ele>74.5</ele>
			<time>2026-05-21T23:08:50Z</time>
		</trkpt>
		<trkpt lat="59.46109" lon="24.8531717">
			<ele>74.3</ele>
			<time>2026-05-21T23:08:51Z</time>
		</trkpt>
		<trkpt lat="59.4611333" lon="24.8529917">
			<ele>74.4</ele>
			<time>2026-05-21T23:08:52Z</time>
		</trkpt>
		<trkpt lat="59.461175" lon="24.85281">
			<ele>74.5</ele>
			<time>2026-05-21T23:08:53Z</time>
		</trkpt>
		<trkpt lat="59.4612167" lon="24.8526317">
			<ele>74.8</ele>
			<time>2026-05-21T23:08:54Z</time>
		</trkpt>
		<trkpt lat="59.4612517" lon="24.8524533">
			<ele>75</ele>
			<time>2026-05-21T23:08:55Z</time>
		</trkpt>
		<trkpt lat="59.4612817" lon="24.8522733">
			<ele>75</ele>
			<time>2026-05-21T23:08:56Z</time>
		</trkpt>
		<trkpt lat="59.4613083" lon="24.852095">
			<ele>75.1</ele>
			<time>2026-05-21T23:08:57Z</time>
		</trkpt>
		<trkpt lat="59.461335" lon="24.8519117">
			<ele>74.8</ele>
			<time>2026-05-21T23:08:58Z</time>
		</trkpt>
		<trkpt lat="59.46136" lon="24.8517217">
			<ele>74.6</ele>
			<time>2026-05-21T23:08:59Z</time>
		</trkpt>
		<trkpt lat="59.461385" lon="24.851525">
			<ele>74.7</ele>
			<time>2026-05-21T23:09:00Z</time>
		</trkpt>
		<trkpt lat="59.4614133" lon="24.8513267">
			<ele>75.1</ele>
			<time>2026-05-21T23:09:01Z</time>
		</trkpt>
		<trkpt lat="59.4614517" lon="24.8511467">
			<ele>75.5</ele>
			<time>2026-05-21T23:09:02Z</time>
		</trkpt>
		<trkpt lat="59.4615067" lon="24.8509867">
			<ele>75.8</ele>
			<time>2026-05-21T23:09:03Z</time>
		</trkpt>
		<trkpt lat="59.461575" lon="24.8508533">
			<ele>76.2</ele>
			<time>2026-05-21T23:09:04Z</time>
		</trkpt>
		<trkpt lat="59.4616433" lon="24.8507283">
			<ele>76.8</ele>
			<time>2026-05-21T23:09:05Z</time>
		</trkpt>
		<trkpt lat="59.4617067" lon="24.8506083">
			<ele>77</ele>
			<time>2026-05-21T23:09:06Z</time>
		</trkpt>
		<trkpt lat="59.4617617" lon="24.8504817">
			<ele>77.2</ele>
			<time>2026-05-21T23:09:07Z</time>
		</trkpt>
		<trkpt lat="59.4618083" lon="24.8503367">
			<ele>77.4</ele>
			<time>2026-05-21T23:09:08Z</time>
		</trkpt>
		<trkpt lat="59.4618483" lon="24.8501767">
			<ele>77.4</ele>
			<time>2026-05-21T23:09:09Z</time>
		</trkpt>
		<trkpt lat="59.4618883" lon="24.85001">
			<ele>77.2</ele>
			<time>2026-05-21T23:09:10Z</time>
		</trkpt>
		<trkpt lat="59.461935" lon="24.84985">
			<ele>76.8</ele>
			<time>2026-05-21T23:09:11Z</time>
		</trkpt>
		<trkpt lat="59.4619883" lon="24.8496933">
			<ele>76.3</ele>
			<time>2026-05-21T23:09:12Z</time>
		</trkpt>
		<trkpt lat="59.4620383" lon="24.84954">
			<ele>76.1</ele>
			<time>2026-05-21T23:09:13Z</time>
		</trkpt>
		<trkpt lat="59.4620817" lon="24.8493733">
			<ele>76.1</ele>
			<time>2026-05-21T23:09:14Z</time>
		</trkpt>
		<trkpt lat="59.4621183" lon="24.849195">
			<ele>75.7</ele>
			<time>2026-05-21T23:09:15Z</time>
		</trkpt>
		<trkpt lat="59.46215" lon="24.849005">
			<ele>75.4</ele>
			<time>2026-05-21T23:09:16Z</time>
		</trkpt>
		<trkpt lat="59.4621767" lon="24.84881">
			<ele>75.8</ele>
			<time>2026-05-21T23:09:17Z</time>
		</trkpt>
		<trkpt lat="59.4622033" lon="24.84862">
			<ele>76.2</ele>
			<time>2026-05-21T23:09:18Z</time>
		</trkpt>
		<trkpt lat="59.4622267" lon="24.848435">
			<ele>76.4</ele>
			<time>2026-05-21T23:09:19Z</time>
		</trkpt>
		<trkpt lat="59.4622417" lon="24.8482567">
			<ele>76.7</ele>
			<time>2026-05-21T23:09:20Z</time>
		</trkpt>
		<trkpt lat="59.4622467" lon="24.84808">
			<ele>76.7</ele>
			<time>2026-05-21T23:09:21Z</time>
		</trkpt>
		<trkpt lat="59.462245" lon="24.847905">
			<ele>76.3</ele>
			<time>2026-05-21T23:09:22Z</time>
		</trkpt>
		<trkpt lat="59.4622417" lon="24.84772">
			<ele>75.9</ele>
			<time>2026-05-21T23:09:23Z</time>
		</trkpt>
		<trkpt lat="59.462235" lon="24.8475333">
			<ele>75.6</ele>
			<time>2026-05-21T23:09:24Z</time>
		</trkpt>
		<trkpt lat="59.4622217" lon="24.8473467">
			<ele>75.9</ele>
			<time>2026-05-21T23:09:25Z</time>
		</trkpt>
		<trkpt lat="59.4622033" lon="24.84716">
			<ele>75.6</ele>
			<time>2026-05-21T23:09:26Z</time>
		</trkpt>
		<trkpt lat="59.4621817" lon="24.84697">
			<ele>75.4</ele>
			<time>2026-05-21T23:09:27Z</time>
		</trkpt>
		<trkpt lat="59.46216" lon="24.846775">
			<ele>75.1</ele>
			<time>2026-05-21T23:09:28Z</time>
		</trkpt>
		<trkpt lat="59.4621433" lon="24.8465717">
			<ele>74.9</ele>
			<time>2026-05-21T23:09:29Z</time>
		</trkpt>
		<trkpt lat="59.46213" lon="24.84637">
			<ele>75.1</ele>
			<time>2026-05-21T23:09:30Z</time>
		</trkpt>
		<trkpt lat="59.462125" lon="24.8461733">
			<ele>75.2</ele>
			<time>2026-05-21T23:09:31Z</time>
		</trkpt>
		<trkpt lat="59.462135" lon="24.8459883">
			<ele>75.4</ele>
			<time>2026-05-21T23:09:32Z</time>
		</trkpt>
		<trkpt lat="59.4621583" lon="24.84581">
			<ele>74.8</ele>
			<time>2026-05-21T23:09:33Z</time>
		</trkpt>
		<trkpt lat="59.46219" lon="24.84563">
			<ele>74.6</ele>
			<time>2026-05-21T23:09:34Z</time>
		</trkpt>
		<trkpt lat="59.4622267" lon="24.8454533">
			<ele>74.4</ele>
			<time>2026-05-21T23:09:35Z</time>
		</trkpt>
		<trkpt lat="59.4622617" lon="24.845275">
			<ele>74.1</ele>
			<time>2026-05-21T23:09:36Z</time>
		</trkpt>
		<trkpt lat="59.4622917" lon="24.8450983">
			<ele>73.9</ele>
			<time>2026-05-21T23:09:37Z</time>
		</trkpt>
		<trkpt lat="59.4623133" lon="24.8449167">
			<ele>73.7</ele>
			<time>2026-05-21T23:09:38Z</time>
		</trkpt>
		<trkpt lat="59.4623283" lon="24.8447267">
			<ele>73.5</ele>
			<time>2026-05-21T23:09:39Z</time>
		</trkpt>
		<trkpt lat="59.4623433" lon="24.84453">
			<ele>73.5</ele>
			<time>2026-05-21T23:09:40Z</time>
		</trkpt>
		<trkpt lat="59.4623617" lon="24.844335">
			<ele>73.7</ele>
			<time>2026-05-21T23:09:41Z</time>
		</trkpt>
		<trkpt lat="59.4623883" lon="24.8441467">
			<ele>73.5</ele>
			<time>2026-05-21T23:09:42Z</time>
		</trkpt>
		<trkpt lat="59.4624267" lon="24.8439817">
			<ele>73.6</ele>
			<time>2026-05-21T23:09:43Z</time>
		</trkpt>
		<trkpt lat="59.4624767" lon="24.8438267">
			<ele>73.3</ele>
			<time>2026-05-21T23:09:44Z</time>
		</trkpt>
		<trkpt lat="59.4625133" lon="24.8436667">
			<ele>73.2</ele>
			<time>2026-05-21T23:09:45Z</time>
		</trkpt>
		<trkpt lat="59.4625283" lon="24.84348">
			<ele>73</ele>
			<time>2026-05-21T23:09:46Z</time>
		</trkpt>
		<trkpt lat="59.462515" lon="24.84327">
			<ele>72.4</ele>
			<time>2026-05-21T23:09:47Z</time>
		</trkpt>
		<trkpt lat="59.46247" lon="24.8430533">
			<ele>71.2</ele>
			<time>2026-05-21T23:09:48Z</time>
		</trkpt>
		<trkpt lat="59.4624167" lon="24.8428417">
			<ele>70.2</ele>
			<time>2026-05-21T23:09:49Z</time>
		</trkpt>
		<trkpt lat="59.4623683" lon="24.842645">
			<ele>70.2</ele>
			<time>2026-05-21T23:09:50Z</time>
		</trkpt>
		<trkpt lat="59.462335" lon="24.8424617">
			<ele>70.3</ele>
			<time>2026-05-21T23:09:51Z</time>
		</trkpt>
		<trkpt lat="59.4623133" lon="24.8422817">
			<ele>70</ele>
			<time>2026-05-21T23:09:52Z</time>
		</trkpt>
		<trkpt lat="59.462295" lon="24.8421017">
			<ele>70.1</ele>
			<time>2026-05-21T23:09:53Z</time>
		</trkpt>
		<trkpt lat="59.4622717" lon="24.841915">
			<ele>70.3</ele>
			<time>2026-05-21T23:09:54Z</time>
		</trkpt>
		<trkpt lat="59.4622433" lon="24.84172">
			<ele>70.4</ele>
			<time>2026-05-21T23:09:55Z</time>
		</trkpt>
		<trkpt lat="59.4622133" lon="24.841525">
			<ele>70.4</ele>
			<time>2026-05-21T23:09:56Z</time>
		</trkpt>
		<trkpt lat="59.46219" lon="24.841325">
			<ele>70.8</ele>
			<time>2026-05-21T23:09:57Z</time>
		</trkpt>
		<trkpt lat="59.46218" lon="24.8411233">
			<ele>71.6</ele>
			<time>2026-05-21T23:09:58Z</time>
		</trkpt>
		<trkpt lat="59.4621783" lon="24.84093">
			<ele>72.3</ele>
			<time>2026-05-21T23:09:59Z</time>
		</trkpt>
		<trkpt lat="59.46218" lon="24.84075">
			<ele>72.7</ele>
			<time>2026-05-21T23:10:00Z</time>
		</trkpt>
		<trkpt lat="59.4621817" lon="24.8405783">
			<ele>73</ele>
			<time>2026-05-21T23:10:01Z</time>
		</trkpt>
		<trkpt lat="59.462185" lon="24.8404017">
			<ele>72.8</ele>
			<time>2026-05-21T23:10:02Z</time>
		</trkpt>
		<trkpt lat="59.4621933" lon="24.8402167">
			<ele>72.3</ele>
			<time>2026-05-21T23:10:03Z</time>
		</trkpt>
		<trkpt lat="59.46221" lon="24.8400317">
			<ele>71.7</ele>
			<time>2026-05-21T23:10:04Z</time>
		</trkpt>
		<trkpt lat="59.462235" lon="24.8398517">
			<ele>70.4</ele>
			<time>2026-05-21T23:10:05Z</time>
		</trkpt>
		<trkpt lat="59.4622683" lon="24.8396667">
			<ele>69.1</ele>
			<time>2026-05-21T23:10:06Z</time>
		</trkpt>
		<trkpt lat="59.462305" lon="24.8394917">
			<ele>68</ele>
			<time>2026-05-21T23:10:07Z</time>
		</trkpt>
		<trkpt lat="59.4623417" lon="24.8393217">
			<ele>67</ele>
			<time>2026-05-21T23:10:08Z</time>
		</trkpt>
		<trkpt lat="59.4623783" lon="24.8391517">
			<ele>66</ele>
			<time>2026-05-21T23:10:09Z</time>
		</trkpt>
		<trkpt lat="59.46241" lon="24.8389767">
			<ele>65.3</ele>
			<time>2026-05-21T23:10:10Z</time>
		</trkpt>
		<trkpt lat="59.4624417" lon="24.8387933">
			<ele>65.4</ele>
			<time>2026-05-21T23:10:11Z</time>
		</trkpt>
		<trkpt lat="59.4624733" lon="24.838615">
			<ele>65.9</ele>
			<time>2026-05-21T23:10:12Z</time>
		</trkpt>
		<trkpt lat="59.4625033" lon="24.8384467">
			<ele>66.4</ele>
			<time>2026-05-21T23:10:13Z</time>
		</trkpt>
		<trkpt lat="59.4625367" lon="24.838275">
			<ele>65.9</ele>
			<time>2026-05-21T23:10:14Z</time>
		</trkpt>
		<trkpt lat="59.4625667" lon="24.8380967">
			<ele>65.8</ele>
			<time>2026-05-21T23:10:15Z</time>
		</trkpt>
		<trkpt lat="59.4626017" lon="24.83791">
			<ele>65.6</ele>
			<time>2026-05-21T23:10:16Z</time>
		</trkpt>
		<trkpt lat="59.4626283" lon="24.8377133">
			<ele>66.5</ele>
			<time>2026-05-21T23:10:17Z</time>
		</trkpt>
		<trkpt lat="59.4626517" lon="24.8375067">
			<ele>67.8</ele>
			<time>2026-05-21T23:10:18Z</time>
		</trkpt>
		<trkpt lat="59.4626767" lon="24.8373033">
			<ele>69.6</ele>
			<time>2026-05-21T23:10:19Z</time>
		</trkpt>
		<trkpt lat="59.462705" lon="24.8371083">
			<ele>70.8</ele>
			<time>2026-05-21T23:10:20Z</time>
		</trkpt>
		<trkpt lat="59.4627317" lon="24.83692">
			<ele>71.6</ele>
			<time>2026-05-21T23:10:21Z</time>
		</trkpt>
		<trkpt lat="59.4627533" lon="24.8367317">
			<ele>72.4</ele>
			<time>2026-05-21T23:10:22Z</time>
		</trkpt>
		<trkpt lat="59.46277" lon="24.8365333">
			<ele>73.5</ele>
			<time>2026-05-21T23:10:23Z</time>
		</trkpt>
		<trkpt lat="59.46279" lon="24.8363267">
			<ele>75</ele>
			<time>2026-05-21T23:10:24Z</time>
		</trkpt>
		<trkpt lat="59.4628117" lon="24.8361233">
			<ele>77.4</ele>
			<time>2026-05-21T23:10:25Z</time>
		</trkpt>
		<trkpt lat="59.4628367" lon="24.8359167">
			<ele>79</ele>
			<time>2026-05-21T23:10:26Z</time>
		</trkpt>
		<trkpt lat="59.4628667" lon="24.835715">
			<ele>80</ele>
			<time>2026-05-21T23:10:27Z</time>
		</trkpt>
		<trkpt lat="59.4629083" lon="24.8355483">
			<ele>80.7</ele>
			<time>2026-05-21T23:10:28Z</time>
		</trkpt>
		<trkpt lat="59.46297" lon="24.8354083">
			<ele>80.5</ele>
			<time>2026-05-21T23:10:29Z</time>
		</trkpt>
		<trkpt lat="59.46305" lon="24.8352917">
			<ele>79.9</ele>
			<time>2026-05-21T23:10:30Z</time>
		</trkpt>
		<trkpt lat="59.4631367" lon="24.8351917">
			<ele>79.3</ele>
			<time>2026-05-21T23:10:31Z</time>
		</trkpt>
		<trkpt lat="59.4632217" lon="24.8351033">
			<ele>78.9</ele>
			<time>2026-05-21T23:10:32Z</time>
		</trkpt>
		<trkpt lat="59.463305" lon="24.8350267">
			<ele>78.2</ele>
			<time>2026-05-21T23:10:33Z</time>
		</trkpt>
		<trkpt lat="59.4633917" lon="24.8349533">
			<ele>77.2</ele>
			<time>2026-05-21T23:10:34Z</time>
		</trkpt>
		<trkpt lat="59.463485" lon="24.83488">
			<ele>75.9</ele>
			<time>2026-05-21T23:10:35Z</time>
		</trkpt>
		<trkpt lat="59.46358" lon="24.8348083">
			<ele>75.1</ele>
			<time>2026-05-21T23:10:36Z</time>
		</trkpt>
		<trkpt lat="59.46367" lon="24.834725">
			<ele>74.8</ele>
			<time>2026-05-21T23:10:37Z</time>
		</trkpt>
		<trkpt lat="59.4637533" lon="24.834635">
			<ele>74.3</ele>
			<time>2026-05-21T23:10:38Z</time>
		</trkpt>
		<trkpt lat="59.4638367" lon="24.8345283">
			<ele>74</ele>
			<time>2026-05-21T23:10:39Z</time>
		</trkpt>
		<trkpt lat="59.4639133" lon="24.83442">
			<ele>74</ele>
			<time>2026-05-21T23:10:40Z</time>
		</trkpt>
		<trkpt lat="59.4639917" lon="24.834315">
			<ele>73.7</ele>
			<time>2026-05-21T23:10:41Z</time>
		</trkpt>
		<trkpt lat="59.4640717" lon="24.8342167">
			<ele>73.7</ele>
			<time>2026-05-21T23:10:42Z</time>
		</trkpt>
		<trkpt lat="59.464155" lon="24.8341167">
			<ele>73.7</ele>
			<time>2026-05-21T23:10:43Z</time>
		</trkpt>
		<trkpt lat="59.4642367" lon="24.834005">
			<ele>73.6</ele>
			<time>2026-05-21T23:10:44Z</time>
		</trkpt>
		<trkpt lat="59.4643167" lon="24.8338867">
			<ele>73.7</ele>
			<time>2026-05-21T23:10:45Z</time>
		</trkpt>
		<trkpt lat="59.4643967" lon="24.83377">
			<ele>73.5</ele>
			<time>2026-05-21T23:10:46Z</time>
		</trkpt>
		<trkpt lat="59.464475" lon="24.8336533">
			<ele>73</ele>
			<time>2026-05-21T23:10:47Z</time>
		</trkpt>
		<trkpt lat="59.4645583" lon="24.83353">
			<ele>71.9</ele>
			<time>2026-05-21T23:10:48Z</time>
		</trkpt>
		<trkpt lat="59.4646433" lon="24.8333983">
			<ele>71.3</ele>
			<time>2026-05-21T23:10:49Z</time>
		</trkpt>
		<trkpt lat="59.4647283" lon="24.833265">
			<ele>70.9</ele>
			<time>2026-05-21T23:10:50Z</time>
		</trkpt>
		<trkpt lat="59.4648067" lon="24.8331233">
			<ele>71.1</ele>
			<time>2026-05-21T23:10:51Z</time>
		</trkpt>
		<trkpt lat="59.4648767" lon="24.83298">
			<ele>71.7</ele>
			<time>2026-05-21T23:10:52Z</time>
		</trkpt>
		<trkpt lat="59.4649417" lon="24.832835">
			<ele>72.1</ele>
			<time>2026-05-21T23:10:53Z</time>
		</trkpt>
		<trkpt lat="59.465005" lon="24.83269">
			<ele>72.7</ele>
			<time>2026-05-21T23:10:54Z</time>
		</trkpt>
		<trkpt lat="59.4650683" lon="24.83255">
			<ele>73.2</ele>
			<time>2026-05-21T23:10:55Z</time>
		</trkpt>
		<trkpt lat="59.4651383" lon="24.832425">
			<ele>73.1</ele>
			<time>2026-05-21T23:10:56Z</time>
		</trkpt>
		<trkpt lat="59.4652217" lon="24.8323333">
			<ele>72.9</ele>
			<time>2026-05-21T23:10:57Z</time>
		</trkpt>
		<trkpt lat="59.46532" lon="24.8322783">
			<ele>72</ele>
			<time>2026-05-21T23:10:58Z</time>
		</trkpt>
		<trkpt lat="59.465425" lon="24.8322433">
			<ele>70.8</ele>
			<time>2026-05-21T23:10:59Z</time>
		</trkpt>
		<trkpt lat="59.4655367" lon="24.8322183">
			<ele>69.7</ele>
			<time>2026-05-21T23:11:00Z</time>
		</trkpt>
		<trkpt lat="59.4656483" lon="24.8322">
			<ele>68.6</ele>
			<time>2026-05-21T23:11:01Z</time>
		</trkpt>
		<trkpt lat="59.465755" lon="24.8321933">
			<ele>67.6</ele>
			<time>2026-05-21T23:11:02Z</time>
		</trkpt>
		<trkpt lat="59.4658567" lon="24.8322067">
			<ele>66.6</ele>
			<time>2026-05-21T23:11:03Z</time>
		</trkpt>
		<trkpt lat="59.4659583" lon="24.8322283">
			<ele>65.3</ele>
			<time>2026-05-21T23:11:04Z</time>
		</trkpt>
		<trkpt lat="59.4660617" lon="24.8322533">
			<ele>63.7</ele>
			<time>2026-05-21T23:11:05Z</time>
		</trkpt>
		<trkpt lat="59.4661667" lon="24.83226">
			<ele>62.5</ele>
			<time>2026-05-21T23:11:06Z</time>
		</trkpt>
		<trkpt lat="59.4662733" lon="24.8322383">
			<ele>61.4</ele>
			<time>2026-05-21T23:11:07Z</time>
		</trkpt>
		<trkpt lat="59.46638" lon="24.832195">
			<ele>60.7</ele>
			<time>2026-05-21T23:11:08Z</time>
		</trkpt>
		<trkpt lat="59.46648" lon="24.83213">
			<ele>59.3</ele>
			<time>2026-05-21T23:11:09Z</time>
		</trkpt>
		<trkpt lat="59.4665733" lon="24.83205">
			<ele>58.2</ele>
			<time>2026-05-21T23:11:10Z</time>
		</trkpt>
		<trkpt lat="59.466665" lon="24.8319617">
			<ele>56.6</ele>
			<time>2026-05-21T23:11:11Z</time>
		</trkpt>
		<trkpt lat="59.466755" lon="24.8318717">
			<ele>54.7</ele>
			<time>2026-05-21T23:11:12Z</time>
		</trkpt>
		<trkpt lat="59.466845" lon="24.8317683">
			<ele>53.1</ele>
			<time>2026-05-21T23:11:13Z</time>
		</trkpt>
		<trkpt lat="59.46693" lon="24.831645">
			<ele>51.3</ele>
			<time>2026-05-21T23:11:14Z</time>
		</trkpt>
		<trkpt lat="59.46701" lon="24.8315133">
			<ele>49.8</ele>
			<time>2026-05-21T23:11:15Z</time>
		</trkpt>
		<trkpt lat="59.46709" lon="24.8313833">
			<ele>48.7</ele>
			<time>2026-05-21T23:11:16Z</time>
		</trkpt>
		<trkpt lat="59.4671733" lon="24.8312633">
			<ele>47.4</ele>
			<time>2026-05-21T23:11:17Z</time>
		</trkpt>
		<trkpt lat="59.4672617" lon="24.8311517">
			<ele>46.4</ele>
			<time>2026-05-21T23:11:18Z</time>
		</trkpt>
		<trkpt lat="59.46735" lon="24.831035">
			<ele>45.6</ele>
			<time>2026-05-21T23:11:19Z</time>
		</trkpt>
		<trkpt lat="59.467435" lon="24.8309017">
			<ele>45</ele>
			<time>2026-05-21T23:11:20Z</time>
		</trkpt>
		<trkpt lat="59.46752" lon="24.830755">
			<ele>44.5</ele>
			<time>2026-05-21T23:11:21Z</time>
		</trkpt>
		<trkpt lat="59.4676" lon="24.83061">
			<ele>44.3</ele>
			<time>2026-05-21T23:11:22Z</time>
		</trkpt>
		<trkpt lat="59.4676783" lon="24.8304733">
			<ele>44</ele>
			<time>2026-05-21T23:11:23Z</time>
		</trkpt>
		<trkpt lat="59.4677617" lon="24.830355">
			<ele>43.9</ele>
			<time>2026-05-21T23:11:24Z</time>
		</trkpt>
		<trkpt lat="59.4678467" lon="24.8302383">
			<ele>43.2</ele>
			<time>2026-05-21T23:11:25Z</time>
		</trkpt>
		<trkpt lat="59.4679283" lon="24.8301183">
			<ele>43.2</ele>
			<time>2026-05-21T23:11:26Z</time>
		</trkpt>
		<trkpt lat="59.4680067" lon="24.8299867">
			<ele>42.9</ele>
			<time>2026-05-21T23:11:27Z</time>
		</trkpt>
		<trkpt lat="59.4680817" lon="24.8298583">
			<ele>42.8</ele>
			<time>2026-05-21T23:11:28Z</time>
		</trkpt>
		<trkpt lat="59.4681617" lon="24.8297333">
			<ele>42.6</ele>
			<time>2026-05-21T23:11:29Z</time>
		</trkpt>
		<trkpt lat="59.4682433" lon="24.8296133">
			<ele>42.6</ele>
			<time>2026-05-21T23:11:30Z</time>
		</trkpt>
		<trkpt lat="59.4683233" lon="24.8294933">
			<ele>42.2</ele>
			<time>2026-05-21T23:11:31Z</time>
		</trkpt>
		<trkpt lat="59.4684017" lon="24.829365">
			<ele>41.6</ele>
			<time>2026-05-21T23:11:32Z</time>
		</trkpt>
		<trkpt lat="59.4684767" lon="24.8292333">
			<ele>41.1</ele>
			<time>2026-05-21T23:11:33Z</time>
		</trkpt>
		<trkpt lat="59.4685533" lon="24.829105">
			<ele>40.6</ele>
			<time>2026-05-21T23:11:34Z</time>
		</trkpt>
		<trkpt lat="59.4686333" lon="24.828985">
			<ele>40</ele>
			<time>2026-05-21T23:11:35Z</time>
		</trkpt>
		<trkpt lat="59.4687167" lon="24.8288683">
			<ele>39.3</ele>
			<time>2026-05-21T23:11:36Z</time>
		</trkpt>
		<trkpt lat="59.4688" lon="24.828745">
			<ele>39</ele>
			<time>2026-05-21T23:11:37Z</time>
		</trkpt>
		<trkpt lat="59.46888" lon="24.828615">
			<ele>38.4</ele>
			<time>2026-05-21T23:11:38Z</time>
		</trkpt>
		<trkpt lat="59.4689617" lon="24.8284833">
			<ele>38.5</ele>
			<time>2026-05-21T23:11:39Z</time>
		</trkpt>
		<trkpt lat="59.4690417" lon="24.828355">
			<ele>38.3</ele>
			<time>2026-05-21T23:11:40Z</time>
		</trkpt>
		<trkpt lat="59.469125" lon="24.8282333">
			<ele>38.3</ele>
			<time>2026-05-21T23:11:41Z</time>
		</trkpt>
		<trkpt lat="59.469205" lon="24.82811">
			<ele>38</ele>
			<time>2026-05-21T23:11:42Z</time>
		</trkpt>
		<trkpt lat="59.4692833" lon="24.827985">
			<ele>37.7</ele>
			<time>2026-05-21T23:11:43Z</time>
		</trkpt>
		<trkpt lat="59.4693633" lon="24.8278583">
			<ele>37.3</ele>
			<time>2026-05-21T23:11:44Z</time>
		</trkpt>
		<trkpt lat="59.469445" lon="24.8277333">
			<ele>36.6</ele>
			<time>2026-05-21T23:11:45Z</time>
		</trkpt>
		<trkpt lat="59.46953" lon="24.82761">
			<ele>36.2</ele>
			<time>2026-05-21T23:11:46Z</time>
		</trkpt>
		<trkpt lat="59.4696217" lon="24.8274983">
			<ele>35.9</ele>
			<time>2026-05-21T23:11:47Z</time>
		</trkpt>
		<trkpt lat="59.46973" lon="24.827425">
			<ele>36.1</ele>
			<time>2026-05-21T23:11:48Z</time>
		</trkpt>
		<trkpt lat="59.469845" lon="24.8274083">
			<ele>36.2</ele>
			<time>2026-05-21T23:11:49Z</time>
		</trkpt>
		<trkpt lat="59.4699567" lon="24.82745">
			<ele>36.5</ele>
			<time>2026-05-21T23:11:50Z</time>
		</trkpt>
		<trkpt lat="59.4700617" lon="24.8275233">
			<ele>36.8</ele>
			<time>2026-05-21T23:11:51Z</time>
		</trkpt>
		<trkpt lat="59.47016" lon="24.8275883">
			<ele>37.2</ele>
			<time>2026-05-21T23:11:52Z</time>
		</trkpt>
		<trkpt lat="59.470255" lon="24.827605">
			<ele>37.2</ele>
			<time>2026-05-21T23:11:53Z</time>
		</trkpt>
		<trkpt lat="59.47035" lon="24.82756">
			<ele>36.7</ele>
			<time>2026-05-21T23:11:54Z</time>
		</trkpt>
		<trkpt lat="59.4704367" lon="24.8274333">
			<ele>35.9</ele>
			<time>2026-05-21T23:11:55Z</time>
		</trkpt>
		<trkpt lat="59.4705033" lon="24.82724">
			<ele>34.6</ele>
			<time>2026-05-21T23:11:56Z</time>
		</trkpt>
		<trkpt lat="59.4705417" lon="24.8270117">
			<ele>34.4</ele>
			<time>2026-05-21T23:11:57Z</time>
		</trkpt>
		<trkpt lat="59.4705383" lon="24.8267783">
			<ele>34</ele>
			<time>2026-05-21T23:11:58Z</time>
		</trkpt>
		<trkpt lat="59.4704933" lon="24.8265767">
			<ele>34.5</ele>
			<time>2026-05-21T23:11:59Z</time>
		</trkpt>
		<trkpt lat="59.470415" lon="24.8264217">
			<ele>34.5</ele>
			<time>2026-05-21T23:12:00Z</time>
		</trkpt>
		<trkpt lat="59.4703117" lon="24.8263117">
			<ele>35.1</ele>
			<time>2026-05-21T23:12:01Z</time>
		</trkpt>
		<trkpt lat="59.4702033" lon="24.8262267">
			<ele>35.8</ele>
			<time>2026-05-21T23:12:02Z</time>
		</trkpt>
		<trkpt lat="59.4700933" lon="24.826125">
			<ele>36.9</ele>
			<time>2026-05-21T23:12:03Z</time>
		</trkpt>
		<trkpt lat="59.47" lon="24.8259933">
			<ele>37.4</ele>
			<time>2026-05-21T23:12:04Z</time>
		</trkpt>
		<trkpt lat="59.4699317" lon="24.8258267">
			<ele>38.3</ele>
			<time>2026-05-21T23:12:05Z</time>
		</trkpt>
		<trkpt lat="59.4698917" lon="24.8256283">
			<ele>38.7</ele>
			<time>2026-05-21T23:12:06Z</time>
		</trkpt>
		<trkpt lat="59.46988" lon="24.8254133">
			<ele>39</ele>
			<time>2026-05-21T23:12:07Z</time>
		</trkpt>
		<trkpt lat="59.469905" lon="24.8251967">
			<ele>39.6</ele>
			<time>2026-05-21T23:12:08Z</time>
		</trkpt>
		<trkpt lat="59.4699667" lon="24.8250083">
			<ele>40.1</ele>
			<time>2026-05-21T23:12:09Z</time>
		</trkpt>
		<trkpt lat="59.47006" lon="24.8248833">
			<ele>41</ele>
			<time>2026-05-21T23:12:10Z</time>
		</trkpt>
		<trkpt lat="59.47017" lon="24.8248183">
			<ele>41.7</ele>
			<time>2026-05-21T23:12:11Z</time>
		</trkpt>
		<trkpt lat="59.4702817" lon="24.8248017">
			<ele>41.7</ele>
			<time>2026-05-21T23:12:12Z</time>
		</trkpt>
		<trkpt lat="59.4703917" lon="24.8248183">
			<ele>41.8</ele>
			<time>2026-05-21T23:12:13Z</time>
		</trkpt>
		<trkpt lat="59.4704983" lon="24.8248567">
			<ele>42.6</ele>
			<time>2026-05-21T23:12:14Z</time>
		</trkpt>
		<trkpt lat="59.4706033" lon="24.8249333">
			<ele>44.1</ele>
			<time>2026-05-21T23:12:15Z</time>
		</trkpt>
		<trkpt lat="59.470695" lon="24.8250567">
			<ele>45.3</ele>
			<time>2026-05-21T23:12:16Z</time>
		</trkpt>
		<trkpt lat="59.47076" lon="24.8252417">
			<ele>46.2</ele>
			<time>2026-05-21T23:12:17Z</time>
		</trkpt>
		<trkpt lat="59.4707833" lon="24.82548">
			<ele>47</ele>
			<time>2026-05-21T23:12:18Z</time>
		</trkpt>
		<trkpt lat="59.470765" lon="24.8257267">
			<ele>47.9</ele>
			<time>2026-05-21T23:12:19Z</time>
		</trkpt>
		<trkpt lat="59.4706917" lon="24.8259433">
			<ele>48.8</ele>
			<time>2026-05-21T23:12:20Z</time>
		</trkpt>
		<trkpt lat="59.4705717" lon="24.8261017">
			<ele>49.2</ele>
			<time>2026-05-21T23:12:21Z</time>
		</trkpt>
		<trkpt lat="59.470455" lon="24.8262467">
			<ele>50.8</ele>
			<time>2026-05-21T23:12:22Z</time>
		</trkpt>
		<trkpt lat="59.4703517" lon="24.8264017">
			<ele>52.8</ele>
			<time>2026-05-21T23:12:23Z</time>
		</trkpt>
		<trkpt lat="59.4702717" lon="24.8265567">
			<ele>53</ele>
			<time>2026-05-21T23:12:24Z</time>
		</trkpt>
		<trkpt lat="59.4702083" lon="24.8267283">
			<ele>53.5</ele>
			<time>2026-05-21T23:12:25Z</time>
		</trkpt>
		<trkpt lat="59.470145" lon="24.8269033">
			<ele>53.3</ele>
			<time>2026-05-21T23:12:26Z</time>
		</trkpt>
		<trkpt lat="59.4700783" lon="24.8270917">
			<ele>52.2</ele>
			<time>2026-05-21T23:12:27Z</time>
		</trkpt>
		<trkpt lat="59.4700217" lon="24.8273033">
			<ele>50.5</ele>
			<time>2026-05-21T23:12:28Z</time>
		</trkpt>
		<trkpt lat="59.469975" lon="24.82754">
			<ele>48.9</ele>
			<time>2026-05-21T23:12:29Z</time>
		</trkpt>
		<trkpt lat="59.46994" lon="24.8277767">
			<ele>47.6</ele>
			<time>2026-05-21T23:12:30Z</time>
		</trkpt>
		<trkpt lat="59.4698967" lon="24.8279883">
			<ele>46.4</ele>
			<time>2026-05-21T23:12:31Z</time>
		</trkpt>
		<trkpt lat="59.4698317" lon="24.8281583">
			<ele>45.8</ele>
			<time>2026-05-21T23:12:32Z</time>
		</trkpt>
		<trkpt lat="59.4697417" lon="24.8282817">
			<ele>45</ele>
			<time>2026-05-21T23:12:33Z</time>
		</trkpt>
		<trkpt lat="59.4696283" lon="24.8283233">
			<ele>43.7</ele>
			<time>2026-05-21T23:12:34Z</time>
		</trkpt>
		<trkpt lat="59.4694983" lon="24.828255">
			<ele>42.5</ele>
			<time>2026-05-21T23:12:35Z</time>
		</trkpt>
		<trkpt lat="59.4693833" lon="24.8281083">
			<ele>41.9</ele>
			<time>2026-05-21T23:12:36Z</time>
		</trkpt>
		<trkpt lat="59.469295" lon="24.827935">
			<ele>42.2</ele>
			<time>2026-05-21T23:12:37Z</time>
		</trkpt>
		<trkpt lat="59.4692233" lon="24.8277483">
			<ele>43</ele>
			<time>2026-05-21T23:12:38Z</time>
		</trkpt>
		<trkpt lat="59.46916" lon="24.8275633">
			<ele>44.7</ele>
			<time>2026-05-21T23:12:39Z</time>
		</trkpt>
		<trkpt lat="59.4690983" lon="24.8273917">
			<ele>45.9</ele>
			<time>2026-05-21T23:12:40Z</time>
		</trkpt>
		<trkpt lat="59.46903" lon="24.8272317">
			<ele>46.8</ele>
			<time>2026-05-21T23:12:41Z</time>
		</trkpt>
		<trkpt lat="59.46896" lon="24.8270767">
			<ele>46.7</ele>
			<time>2026-05-21T23:12:42Z</time>
		</trkpt>
		<trkpt lat="59.4688933" lon="24.8269133">
			<ele>46.9</ele>
			<time>2026-05-21T23:12:43Z</time>
		</trkpt>
		<trkpt lat="59.46883" lon="24.8267433">
			<ele>47.1</ele>
			<time>2026-05-21T23:12:44Z</time>
		</trkpt>
		<trkpt lat="59.4687683" lon="24.82656">
			<ele>47.8</ele>
			<time>2026-05-21T23:12:45Z</time>
		</trkpt>
		<trkpt lat="59.46871" lon="24.826375">
			<ele>47.6</ele>
			<time>2026-05-21T23:12:46Z</time>
		</trkpt>
		<trkpt lat="59.46865" lon="24.8261983">
			<ele>47.7</ele>
			<time>2026-05-21T23:12:47Z</time>
		</trkpt>
		<trkpt lat="59.4685817" lon="24.82603">
			<ele>47.9</ele>
			<time>2026-05-21T23:12:48Z</time>
		</trkpt>
		<trkpt lat="59.4685083" lon="24.8258667">
			<ele>48.2</ele>
			<time>2026-05-21T23:12:49Z</time>
		</trkpt>
		<trkpt lat="59.46843" lon="24.8257067">
			<ele>48.7</ele>
			<time>2026-05-21T23:12:50Z</time>
		</trkpt>
		<trkpt lat="59.4683483" lon="24.8255517">
			<ele>49.6</ele>
			<time>2026-05-21T23:12:51Z</time>
		</trkpt>
		<trkpt lat="59.46826" lon="24.8254167">
			<ele>50.4</ele>
			<time>2026-05-21T23:12:52Z</time>
		</trkpt>
		<trkpt lat="59.468165" lon="24.8253083">
			<ele>51.7</ele>
			<time>2026-05-21T23:12:53Z</time>
		</trkpt>
		<trkpt lat="59.46806" lon="24.825225">
			<ele>53</ele>
			<time>2026-05-21T23:12:54Z</time>
		</trkpt>
		<trkpt lat="59.4679633" lon="24.8251367">
			<ele>53.1</ele>
			<time>2026-05-21T23:12:55Z</time>
		</trkpt>
		<trkpt lat="59.46787" lon="24.8250317">
			<ele>52.9</ele>
			<time>2026-05-21T23:12:56Z</time>
		</trkpt>
		<trkpt lat="59.46778" lon="24.8249">
			<ele>52.9</ele>
			<time>2026-05-21T23:12:57Z</time>
		</trkpt>
		<trkpt lat="59.4676917" lon="24.8247617">
			<ele>53.4</ele>
			<time>2026-05-21T23:12:58Z</time>
		</trkpt>
		<trkpt lat="59.4676033" lon="24.82462">
			<ele>53.9</ele>
			<time>2026-05-21T23:12:59Z</time>
		</trkpt>
		<trkpt lat="59.4675183" lon="24.8244683">
			<ele>53.7</ele>
			<time>2026-05-21T23:13:00Z</time>
		</trkpt>
		<trkpt lat="59.4674383" lon="24.8243183">
			<ele>53.5</ele>
			<time>2026-05-21T23:13:01Z</time>
		</trkpt>
		<trkpt lat="59.4673617" lon="24.8241683">
			<ele>52.9</ele>
			<time>2026-05-21T23:13:02Z</time>
		</trkpt>
		<trkpt lat="59.4672767" lon="24.8240267">
			<ele>52.7</ele>
			<time>2026-05-21T23:13:03Z</time>
		</trkpt>
		<trkpt lat="59.4671833" lon="24.8239017">
			<ele>52.6</ele>
			<time>2026-05-21T23:13:04Z</time>
		</trkpt>
		<trkpt lat="59.4670817" lon="24.823795">
			<ele>52.6</ele>
			<time>2026-05-21T23:13:05Z</time>
		</trkpt>
		<trkpt lat="59.4669717" lon="24.823695">
			<ele>52.7</ele>
			<time>2026-05-21T23:13:06Z</time>
		</trkpt>
		<trkpt lat="59.4668667" lon="24.8235883">
			<ele>52.7</ele>
			<time>2026-05-21T23:13:07Z</time>
		</trkpt>
		<trkpt lat="59.4667667" lon="24.823465">
			<ele>52.5</ele>
			<time>2026-05-21T23:13:08Z</time>
		</trkpt>
		<trkpt lat="59.4666783" lon="24.8233217">
			<ele>52.2</ele>
			<time>2026-05-21T23:13:09Z</time>
		</trkpt>
		<trkpt lat="59.4665967" lon="24.8231683">
			<ele>51.8</ele>
			<time>2026-05-21T23:13:10Z</time>
		</trkpt>
		<trkpt lat="59.46652" lon="24.8230233">
			<ele>51.9</ele>
			<time>2026-05-21T23:13:11Z</time>
		</trkpt>
		<trkpt lat="59.4664367" lon="24.8229067">
			<ele>52.3</ele>
			<time>2026-05-21T23:13:12Z</time>
		</trkpt>
		<trkpt lat="59.4663383" lon="24.8228233">
			<ele>52.5</ele>
			<time>2026-05-21T23:13:13Z</time>
		</trkpt>
		<trkpt lat="59.4662283" lon="24.8227633">
			<ele>52.3</ele>
			<time>2026-05-21T23:13:14Z</time>
		</trkpt>
		<trkpt lat="59.46611" lon="24.822715">
			<ele>51.2</ele>
			<time>2026-05-21T23:13:15Z</time>
		</trkpt>
		<trkpt lat="59.4659917" lon="24.8226633">
			<ele>50.9</ele>
			<time>2026-05-21T23:13:16Z</time>
		</trkpt>
		<trkpt lat="59.465875" lon="24.822615">
			<ele>50.6</ele>
			<time>2026-05-21T23:13:17Z</time>
		</trkpt>
		<trkpt lat="59.46576" lon="24.8225767">
			<ele>50.5</ele>
			<time>2026-05-21T23:13:18Z</time>
		</trkpt>
		<trkpt lat="59.46565" lon="24.8225517">
			<ele>50.1</ele>
			<time>2026-05-21T23:13:19Z</time>
		</trkpt>
		<trkpt lat="59.4655383" lon="24.8225283">
			<ele>49.6</ele>
			<time>2026-05-21T23:13:20Z</time>
		</trkpt>
		<trkpt lat="59.4654267" lon="24.822505">
			<ele>48.7</ele>
			<time>2026-05-21T23:13:21Z</time>
		</trkpt>
		<trkpt lat="59.4653117" lon="24.8224817">
			<ele>47.9</ele>
			<time>2026-05-21T23:13:22Z</time>
		</trkpt>
		<trkpt lat="59.465195" lon="24.8224417">
			<ele>47.1</ele>
			<time>2026-05-21T23:13:23Z</time>
		</trkpt>
		<trkpt lat="59.4650767" lon="24.82238">
			<ele>46.3</ele>
			<time>2026-05-21T23:13:24Z</time>
		</trkpt>
		<trkpt lat="59.46497" lon="24.822275">
			<ele>45.7</ele>
			<time>2026-05-21T23:13:25Z</time>
		</trkpt>
		<trkpt lat="59.464875" lon="24.822145">
			<ele>46</ele>
			<time>2026-05-21T23:13:26Z</time>
		</trkpt>
		<trkpt lat="59.4647967" lon="24.8220017">
			<ele>46</ele>
			<time>2026-05-21T23:13:27Z</time>
		</trkpt>
		<trkpt lat="59.464715" lon="24.821865">
			<ele>46.2</ele>
			<time>2026-05-21T23:13:28Z</time>
		</trkpt>
		<trkpt lat="59.4646267" lon="24.8217367">
			<ele>46</ele>
			<time>2026-05-21T23:13:29Z</time>
		</trkpt>
		<trkpt lat="59.4645317" lon="24.82161">
			<ele>46.1</ele>
			<time>2026-05-21T23:13:30Z</time>
		</trkpt>
		<trkpt lat="59.4644367" lon="24.821475">
			<ele>45.7</ele>
			<time>2026-05-21T23:13:31Z</time>
		</trkpt>
		<trkpt lat="59.46435" lon="24.82132">
			<ele>45.1</ele>
			<time>2026-05-21T23:13:32Z</time>
		</trkpt>
		<trkpt lat="59.46427" lon="24.8211583">
			<ele>45.1</ele>
			<time>2026-05-21T23:13:33Z</time>
		</trkpt>
		<trkpt lat="59.4641883" lon="24.8210067">
			<ele>45.8</ele>
			<time>2026-05-21T23:13:34Z</time>
		</trkpt>
		<trkpt lat="59.4640983" lon="24.8208817">
			<ele>45.9</ele>
			<time>2026-05-21T23:13:35Z</time>
		</trkpt>
		<trkpt lat="59.4639933" lon="24.82081">
			<ele>45.6</ele>
			<time>2026-05-21T23:13:36Z</time>
		</trkpt>
		<trkpt lat="59.4638783" lon="24.8208">
			<ele>45.8</ele>
			<time>2026-05-21T23:13:37Z</time>
		</trkpt>
		<trkpt lat="59.4637617" lon="24.82084">
			<ele>46</ele>
			<time>2026-05-21T23:13:38Z</time>
		</trkpt>
		<trkpt lat="59.4636467" lon="24.8209033">
			<ele>46.2</ele>
			<time>2026-05-21T23:13:39Z</time>
		</trkpt>
		<trkpt lat="59.4635333" lon="24.8209517">
			<ele>46.1</ele>
			<time>2026-05-21T23:13:40Z</time>
		</trkpt>
		<trkpt lat="59.4634183" lon="24.8209567">
			<ele>45.3</ele>
			<time>2026-05-21T23:13:41Z</time>
		</trkpt>
		<trkpt lat="59.463305" lon="24.8209117">
			<ele>45.2</ele>
			<time>2026-05-21T23:13:42Z</time>
		</trkpt>
		<trkpt lat="59.4631983" lon="24.820815">
			<ele>45.1</ele>
			<time>2026-05-21T23:13:43Z</time>
		</trkpt>
		<trkpt lat="59.463105" lon="24.8206883">
			<ele>45.5</ele>
			<time>2026-05-21T23:13:44Z</time>
		</trkpt>
		<trkpt lat="59.463025" lon="24.820535">
			<ele>45.8</ele>
			<time>2026-05-21T23:13:45Z</time>
		</trkpt>
		<trkpt lat="59.462955" lon="24.8203717">
			<ele>46</ele>
			<time>2026-05-21T23:13:46Z</time>
		</trkpt>
		<trkpt lat="59.462895" lon="24.82021">
			<ele>46.4</ele>
			<time>2026-05-21T23:13:47Z</time>
		</trkpt>
		<trkpt lat="59.4628367" lon="24.8200467">
			<ele>46.3</ele>
			<time>2026-05-21T23:13:48Z</time>
		</trkpt>
		<trkpt lat="59.4627767" lon="24.8198817">
			<ele>46.2</ele>
			<time>2026-05-21T23:13:49Z</time>
		</trkpt>
		<trkpt lat="59.4627083" lon="24.8197117">
			<ele>46.1</ele>
			<time>2026-05-21T23:13:50Z</time>
		</trkpt>
		<trkpt lat="59.4626383" lon="24.819535">
			<ele>45.8</ele>
			<time>2026-05-21T23:13:51Z</time>
		</trkpt>
		<trkpt lat="59.46257" lon="24.8193567">
			<ele>45.9</ele>
			<time>2026-05-21T23:13:52Z</time>
		</trkpt>
		<trkpt lat="59.4625033" lon="24.81918">
			<ele>46</ele>
			<time>2026-05-21T23:13:53Z</time>
		</trkpt>
		<trkpt lat="59.4624333" lon="24.8190083">
			<ele>45.9</ele>
			<time>2026-05-21T23:13:54Z</time>
		</trkpt>
		<trkpt lat="59.46236" lon="24.81885">
			<ele>45.7</ele>
			<time>2026-05-21T23:13:55Z</time>
		</trkpt>
		<trkpt lat="59.4622767" lon="24.8187067">
			<ele>45.8</ele>
			<time>2026-05-21T23:13:56Z</time>
		</trkpt>
		<trkpt lat="59.4621867" lon="24.818575">
			<ele>45.9</ele>
			<time>2026-05-21T23:13:57Z</time>
		</trkpt>
		<trkpt lat="59.4621017" lon="24.8184417">
			<ele>46</ele>
			<time>2026-05-21T23:13:58Z</time>
		</trkpt>
		<trkpt lat="59.4620167" lon="24.8183">
			<ele>45.9</ele>
			<time>2026-05-21T23:13:59Z</time>
		</trkpt>
		<trkpt lat="59.4619367" lon="24.818155">
			<ele>45.9</ele>
			<time>2026-05-21T23:14:00Z</time>
		</trkpt>
		<trkpt lat="59.4618533" lon="24.8180133">
			<ele>46.3</ele>
			<time>2026-05-21T23:14:01Z</time>
		</trkpt>
		<trkpt lat="59.4617733" lon="24.81788">
			<ele>46.5</ele>
			<time>2026-05-21T23:14:02Z</time>
		</trkpt>
		<trkpt lat="59.4617067" lon="24.817745">
			<ele>46</ele>
			<time>2026-05-21T23:14:03Z</time>
		</trkpt>
		<trkpt lat="59.4616533" lon="24.8175917">
			<ele>45.2</ele>
			<time>2026-05-21T23:14:04Z</time>
		</trkpt>
		<trkpt lat="59.461605" lon="24.81741">
			<ele>43.9</ele>
			<time>2026-05-21T23:14:05Z</time>
		</trkpt>
		<trkpt lat="59.46154" lon="24.8172233">
			<ele>42.7</ele>
			<time>2026-05-21T23:14:06Z</time>
		</trkpt>
		<trkpt lat="59.461455" lon="24.81705">
			<ele>41.6</ele>
			<time>2026-05-21T23:14:07Z</time>
		</trkpt>
		<trkpt lat="59.4613667" lon="24.8168817">
			<ele>41.4</ele>
			<time>2026-05-21T23:14:08Z</time>
		</trkpt>
		<trkpt lat="59.4612917" lon="24.81671">
			<ele>41</ele>
			<time>2026-05-21T23:14:09Z</time>
		</trkpt>
		<trkpt lat="59.4612367" lon="24.8165283">
			<ele>40.1</ele>
			<time>2026-05-21T23:14:10Z</time>
		</trkpt>
		<trkpt lat="59.4611833" lon="24.8163433">
			<ele>39.3</ele>
			<time>2026-05-21T23:14:11Z</time>
		</trkpt>
		<trkpt lat="59.4611217" lon="24.8161733">
			<ele>38.4</ele>
			<time>2026-05-21T23:14:12Z</time>
		</trkpt>
		<trkpt lat="59.461045" lon="24.8160133">
			<ele>37.9</ele>
			<time>2026-05-21T23:14:13Z</time>
		</trkpt>
		<trkpt lat="59.4609533" lon="24.81587">
			<ele>37.8</ele>
			<time>2026-05-21T23:14:14Z</time>
		</trkpt>
		<trkpt lat="59.460855" lon="24.8157567">
			<ele>38.1</ele>
			<time>2026-05-21T23:14:15Z</time>
		</trkpt>
		<trkpt lat="59.4607467" lon="24.8156817">
			<ele>38.9</ele>
			<time>2026-05-21T23:14:16Z</time>
		</trkpt>
		<trkpt lat="59.460635" lon="24.815645">
			<ele>39.5</ele>
			<time>2026-05-21T23:14:17Z</time>
		</trkpt>
		<trkpt lat="59.4605233" lon="24.8156133">
			<ele>39.5</ele>
			<time>2026-05-21T23:14:18Z</time>
		</trkpt>
		<trkpt lat="59.4604117" lon="24.8155533">
			<ele>38.6</ele>
			<time>2026-05-21T23:14:19Z</time>
		</trkpt>
		<trkpt lat="59.4603017" lon="24.8154517">
			<ele>38.1</ele>
			<time>2026-05-21T23:14:20Z</time>
		</trkpt>
		<trkpt lat="59.4602" lon="24.8153217">
			<ele>37.9</ele>
			<time>2026-05-21T23:14:21Z</time>
		</trkpt>
		<trkpt lat="59.4601067" lon="24.81518">
			<ele>37.7</ele>
			<time>2026-05-21T23:14:22Z</time>
		</trkpt>
		<trkpt lat="59.46002" lon="24.81504">
			<ele>37.7</ele>
			<time>2026-05-21T23:14:23Z</time>
		</trkpt>
		<trkpt lat="59.4599383" lon="24.814905">
			<ele>37.9</ele>
			<time>2026-05-21T23:14:24Z</time>
		</trkpt>
		<trkpt lat="59.4598583" lon="24.81477">
			<ele>37.9</ele>
			<time>2026-05-21T23:14:25Z</time>
		</trkpt>
		<trkpt lat="59.4597817" lon="24.8146367">
			<ele>37.5</ele>
			<time>2026-05-21T23:14:26Z</time>
		</trkpt>
		<trkpt lat="59.4596967" lon="24.8145">
			<ele>37.1</ele>
			<time>2026-05-21T23:14:27Z</time>
		</trkpt>
		<trkpt lat="59.4596083" lon="24.8143617">
			<ele>37.2</ele>
			<time>2026-05-21T23:14:28Z</time>
		</trkpt>
		<trkpt lat="59.4595167" lon="24.814225">
			<ele>37.6</ele>
			<time>2026-05-21T23:14:29Z</time>
		</trkpt>
		<trkpt lat="59.4594267" lon="24.8140917">
			<ele>38</ele>
			<time>2026-05-21T23:14:30Z</time>
		</trkpt>
		<trkpt lat="59.4593383" lon="24.813965">
			<ele>38.4</ele>
			<time>2026-05-21T23:14:31Z</time>
		</trkpt>
		<trkpt lat="59.4592517" lon="24.813835">
			<ele>38.8</ele>
			<time>2026-05-21T23:14:32Z</time>
		</trkpt>
		<trkpt lat="59.4591683" lon="24.813695">
			<ele>39.2</ele>
			<time>2026-05-21T23:14:33Z</time>
		</trkpt>
		<trkpt lat="59.4590883" lon="24.8135433">
			<ele>39.3</ele>
			<time>2026-05-21T23:14:34Z</time>
		</trkpt>
		<trkpt lat="59.4590133" lon="24.8133833">
			<ele>39.1</ele>
			<time>2026-05-21T23:14:35Z</time>
		</trkpt>
		<trkpt lat="59.45894" lon="24.813225">
			<ele>39.3</ele>
			<time>2026-05-21T23:14:36Z</time>
		</trkpt>
		<trkpt lat="59.4588617" lon="24.8130683">
			<ele>39.5</ele>
			<time>2026-05-21T23:14:37Z</time>
		</trkpt>
		<trkpt lat="59.4587867" lon="24.81291">
			<ele>39.6</ele>
			<time>2026-05-21T23:14:38Z</time>
		</trkpt>
		<trkpt lat="59.4587167" lon="24.81275">
			<ele>39.5</ele>
			<time>2026-05-21T23:14:39Z</time>
		</trkpt>
		<trkpt lat="59.45864" lon="24.8125933">
			<ele>39.1</ele>
			<time>2026-05-21T23:14:40Z</time>
		</trkpt>
		<trkpt lat="59.4585583" lon="24.8124533">
			<ele>38.7</ele>
			<time>2026-05-21T23:14:41Z</time>
		</trkpt>
		<trkpt lat="59.4584683" lon="24.812325">
			<ele>38.4</ele>
			<time>2026-05-21T23:14:42Z</time>
		</trkpt>
		<trkpt lat="59.4583717" lon="24.812205">
			<ele>38.7</ele>
			<time>2026-05-21T23:14:43Z</time>
		</trkpt>
		<trkpt lat="59.4582767" lon="24.812085">
			<ele>38.9</ele>
			<time>2026-05-21T23:14:44Z</time>
		</trkpt>
		<trkpt lat="59.4581867" lon="24.811965">
			<ele>38.9</ele>
			<time>2026-05-21T23:14:45Z</time>
		</trkpt>
		<trkpt lat="59.4581017" lon="24.8118567">
			<ele>38.6</ele>
			<time>2026-05-21T23:14:46Z</time>
		</trkpt>
		<trkpt lat="59.45801" lon="24.8117583">
			<ele>37.9</ele>
			<time>2026-05-21T23:14:47Z</time>
		</trkpt>
		<trkpt lat="59.4579133" lon="24.8116633">
			<ele>37.3</ele>
			<time>2026-05-21T23:14:48Z</time>
		</trkpt>
		<trkpt lat="59.45781" lon="24.8115717">
			<ele>36.9</ele>
			<time>2026-05-21T23:14:49Z</time>
		</trkpt>
		<trkpt lat="59.4577017" lon="24.8114767">
			<ele>36.8</ele>
			<time>2026-05-21T23:14:50Z</time>
		</trkpt>
		<trkpt lat="59.4575983" lon="24.8113767">
			<ele>36.8</ele>
			<time>2026-05-21T23:14:51Z</time>
		</trkpt>
		<trkpt lat="59.4574983" lon="24.81128">
			<ele>37.3</ele>
			<time>2026-05-21T23:14:52Z</time>
		</trkpt>
		<trkpt lat="59.4573983" lon="24.8111917">
			<ele>37.6</ele>
			<time>2026-05-21T23:14:53Z</time>
		</trkpt>
		<trkpt lat="59.457295" lon="24.8111267">
			<ele>38.1</ele>
			<time>2026-05-21T23:14:54Z</time>
		</trkpt>
		<trkpt lat="59.4571883" lon="24.8111017">
			<ele>38.5</ele>
			<time>2026-05-21T23:14:55Z</time>
		</trkpt>
		<trkpt lat="59.45708" lon="24.811125">
			<ele>38.9</ele>
			<time>2026-05-21T23:14:56Z</time>
		</trkpt>
		<trkpt lat="59.4569733" lon="24.811185">
			<ele>39.4</ele>
			<time>2026-05-21T23:14:57Z</time>
		</trkpt>
		<trkpt lat="59.4568683" lon="24.811255">
			<ele>39.4</ele>
			<time>2026-05-21T23:14:58Z</time>
		</trkpt>
		<trkpt lat="59.45676" lon="24.811295">
			<ele>39</ele>
			<time>2026-05-21T23:14:59Z</time>
		</trkpt>
		<trkpt lat="59.4566433" lon="24.81127">
			<ele>38.8</ele>
			<time>2026-05-21T23:15:00Z</time>
		</trkpt>
		<trkpt lat="59.4565317" lon="24.8111833">
			<ele>38.5</ele>
			<time>2026-05-21T23:15:01Z</time>
		</trkpt>
		<trkpt lat="59.4564283" lon="24.8110717">
			<ele>38.8</ele>
			<time>2026-05-21T23:15:02Z</time>
		</trkpt>
		<trkpt lat="59.4563283" lon="24.81097">
			<ele>40.1</ele>
			<time>2026-05-21T23:15:03Z</time>
		</trkpt>
		<trkpt lat="59.4562283" lon="24.8109017">
			<ele>41.4</ele>
			<time>2026-05-21T23:15:04Z</time>
		</trkpt>
		<trkpt lat="59.4561267" lon="24.8108917">
			<ele>42.4</ele>
			<time>2026-05-21T23:15:05Z</time>
		</trkpt>
		<trkpt lat="59.4560267" lon="24.8109417">
			<ele>43.1</ele>
			<time>2026-05-21T23:15:06Z</time>
		</trkpt>
		<trkpt lat="59.4559233" lon="24.8110283">
			<ele>43.7</ele>
			<time>2026-05-21T23:15:07Z</time>
		</trkpt>
		<trkpt lat="59.455825" lon="24.811135">
			<ele>44</ele>
			<time>2026-05-21T23:15:08Z</time>
		</trkpt>
		<trkpt lat="59.4557317" lon="24.81125">
			<ele>44.4</ele>
			<time>2026-05-21T23:15:09Z</time>
		</trkpt>
		<trkpt lat="59.4556367" lon="24.8113683">
			<ele>44.9</ele>
			<time>2026-05-21T23:15:10Z</time>
		</trkpt>
		<trkpt lat="59.4555333" lon="24.8114733">
			<ele>45.2</ele>
			<time>2026-05-21T23:15:11Z</time>
		</trkpt>
		<trkpt lat="59.4554217" lon="24.811545">
			<ele>45.6</ele>
			<time>2026-05-21T23:15:12Z</time>
		</trkpt>
		<trkpt lat="59.455305" lon="24.8115567">
			<ele>46.1</ele>
			<time>2026-05-21T23:15:13Z</time>
		</trkpt>
		<trkpt lat="59.45519" lon="24.8114917">
			<ele>45.8</ele>
			<time>2026-05-21T23:15:14Z</time>
		</trkpt>
		<trkpt lat="59.455095" lon="24.8113433">
			<ele>45.4</ele>
			<time>2026-05-21T23:15:15Z</time>
		</trkpt>
		<trkpt lat="59.4550233" lon="24.811145">
			<ele>45.7</ele>
			<time>2026-05-21T23:15:16Z</time>
		</trkpt>
		<trkpt lat="59.45497" lon="24.810945">
			<ele>45.4</ele>
			<time>2026-05-21T23:15:17Z</time>
		</trkpt>
		<trkpt lat="59.4549133" lon="24.81077">
			<ele>45.6</ele>
			<time>2026-05-21T23:15:18Z</time>
		</trkpt>
		<trkpt lat="59.45484" lon="24.8106167">
			<ele>45.7</ele>
			<time>2026-05-21T23:15:19Z</time>
		</trkpt>
		<trkpt lat="59.4547533" lon="24.8104767">
			<ele>45.8</ele>
			<time>2026-05-21T23:15:20Z</time>
		</trkpt>
		<trkpt lat="59.454665" lon="24.8103317">
			<ele>46.1</ele>
			<time>2026-05-21T23:15:21Z</time>
		</trkpt>
		<trkpt lat="59.4545767" lon="24.81018">
			<ele>46.8</ele>
			<time>2026-05-21T23:15:22Z</time>
		</trkpt>
		<trkpt lat="59.454495" lon="24.810025">
			<ele>47.7</ele>
			<time>2026-05-21T23:15:23Z</time>
		</trkpt>
		<trkpt lat="59.45442" lon="24.809875">
			<ele>48.4</ele>
			<time>2026-05-21T23:15:24Z</time>
		</trkpt>
		<trkpt lat="59.4543433" lon="24.8097367">
			<ele>48.9</ele>
			<time>2026-05-21T23:15:25Z</time>
		</trkpt>
		<trkpt lat="59.4542683" lon="24.8096083">
			<ele>48.8</ele>
			<time>2026-05-21T23:15:26Z</time>
		</trkpt>
		<trkpt lat="59.4541867" lon="24.8094783">
			<ele>48.2</ele>
			<time>2026-05-21T23:15:27Z</time>
		</trkpt>
		<trkpt lat="59.4541033" lon="24.8093283">
			<ele>47.6</ele>
			<time>2026-05-21T23:15:28Z</time>
		</trkpt>
		<trkpt lat="59.4540333" lon="24.8091467">
			<ele>46.6</ele>
			<time>2026-05-21T23:15:29Z</time>
		</trkpt>
		<trkpt lat="59.45398" lon="24.8089383">
			<ele>46.3</ele>
			<time>2026-05-21T23:15:30Z</time>
		</trkpt>
		<trkpt lat="59.4539467" lon="24.8087183">
			<ele>46.5</ele>
			<time>2026-05-21T23:15:31Z</time>
		</trkpt>
		<trkpt lat="59.4539267" lon="24.80851">
			<ele>47.1</ele>
			<time>2026-05-21T23:15:32Z</time>
		</trkpt>
		<trkpt lat="59.4539017" lon="24.80832">
			<ele>47.2</ele>
			<time>2026-05-21T23:15:33Z</time>
		</trkpt>
		<trkpt lat="59.45387" lon="24.8081417">
			<ele>46.5</ele>
			<time>2026-05-21T23:15:34Z</time>
		</trkpt>
		<trkpt lat="59.4538267" lon="24.80796">
			<ele>45.1</ele>
			<time>2026-05-21T23:15:35Z</time>
		</trkpt>
		<trkpt lat="59.4537667" lon="24.807775">
			<ele>43.5</ele>
			<time>2026-05-21T23:15:36Z</time>
		</trkpt>
		<trkpt lat="59.4536867" lon="24.8076083">
			<ele>42.9</ele>
			<time>2026-05-21T23:15:37Z</time>
		</trkpt>
		<trkpt lat="59.45359" lon="24.80747">
			<ele>42.6</ele>
			<time>2026-05-21T23:15:38Z</time>
		</trkpt>
		<trkpt lat="59.453485" lon="24.807365">
			<ele>42.7</ele>
			<time>2026-05-21T23:15:39Z</time>
		</trkpt>
		<trkpt lat="59.4533817" lon="24.8072683">
			<ele>43.3</ele>
			<time>2026-05-21T23:15:40Z</time>
		</trkpt>
		<trkpt lat="59.4532867" lon="24.8071667">
			<ele>43.2</ele>
			<time>2026-05-21T23:15:41Z</time>
		</trkpt>
		<trkpt lat="59.4531933" lon="24.8070633">
			<ele>43</ele>
			<time>2026-05-21T23:15:42Z</time>
		</trkpt>
		<trkpt lat="59.4530967" lon="24.8069617">
			<ele>42.3</ele>
			<time>2026-05-21T23:15:43Z</time>
		</trkpt>
		<trkpt lat="59.45299" lon="24.8068717">
			<ele>42</ele>
			<time>2026-05-21T23:15:44Z</time>
		</trkpt>
		<trkpt lat="59.4528767" lon="24.8067983">
			<ele>41.9</ele>
			<time>2026-05-21T23:15:45Z</time>
		</trkpt>
		<trkpt lat="59.4527617" lon="24.8067267">
			<ele>42.1</ele>
			<time>2026-05-21T23:15:46Z</time>
		</trkpt>
		<trkpt lat="59.4526517" lon="24.8066517">
			<ele>42.8</ele>
			<time>2026-05-21T23:15:47Z</time>
		</trkpt>
		<trkpt lat="59.4525483" lon="24.80658">
			<ele>43.2</ele>
			<time>2026-05-21T23:15:48Z</time>
		</trkpt>
		<trkpt lat="59.452445" lon="24.8065133">
			<ele>43</ele>
			<time>2026-05-21T23:15:49Z</time>
		</trkpt>
		<trkpt lat="59.45234" lon="24.80645">
			<ele>42.7</ele>
			<time>2026-05-21T23:15:50Z</time>
		</trkpt>
		<trkpt lat="59.4522333" lon="24.8063883">
			<ele>42.4</ele>
			<time>2026-05-21T23:15:51Z</time>
		</trkpt>
		<trkpt lat="59.4521233" lon="24.8063217">
			<ele>42.5</ele>
			<time>2026-05-21T23:15:52Z</time>
		</trkpt>
		<trkpt lat="59.4520117" lon="24.8062467">
			<ele>42.5</ele>
			<time>2026-05-21T23:15:53Z</time>
		</trkpt>
		<trkpt lat="59.4519017" lon="24.806165">
			<ele>42.6</ele>
			<time>2026-05-21T23:15:54Z</time>
		</trkpt>
		<trkpt lat="59.4517983" lon="24.806075">
			<ele>42.8</ele>
			<time>2026-05-21T23:15:55Z</time>
		</trkpt>
		<trkpt lat="59.4516933" lon="24.8059817">
			<ele>43.2</ele>
			<time>2026-05-21T23:15:56Z</time>
		</trkpt>
		<trkpt lat="59.45159" lon="24.8058883">
			<ele>43.6</ele>
			<time>2026-05-21T23:15:57Z</time>
		</trkpt>
		<trkpt lat="59.4514883" lon="24.8057967">
			<ele>43.7</ele>
			<time>2026-05-21T23:15:58Z</time>
		</trkpt>
		<trkpt lat="59.451385" lon="24.80571">
			<ele>43.9</ele>
			<time>2026-05-21T23:15:59Z</time>
		</trkpt>
		<trkpt lat="59.451285" lon="24.8056333">
			<ele>43.6</ele>
			<time>2026-05-21T23:16:00Z</time>
		</trkpt>
		<trkpt lat="59.4511817" lon="24.8055667">
			<ele>43.1</ele>
			<time>2026-05-21T23:16:01Z</time>
		</trkpt>
		<trkpt lat="59.4510733" lon="24.8055067">
			<ele>42.5</ele>
			<time>2026-05-21T23:16:02Z</time>
		</trkpt>
		<trkpt lat="59.4509633" lon="24.8054583">
			<ele>41.5</ele>
			<time>2026-05-21T23:16:03Z</time>
		</trkpt>
		<trkpt lat="59.45085" lon="24.805415">
			<ele>40.6</ele>
			<time>2026-05-21T23:16:04Z</time>
		</trkpt>
		<trkpt lat="59.4507383" lon="24.80537">
			<ele>39.4</ele>
			<time>2026-05-21T23:16:05Z</time>
		</trkpt>
		<trkpt lat="59.4506333" lon="24.8053167">
			<ele>38.3</ele>
			<time>2026-05-21T23:16:06Z</time>
		</trkpt>
		<trkpt lat="59.4505283" lon="24.80525">
			<ele>37</ele>
			<time>2026-05-21T23:16:07Z</time>
		</trkpt>
		<trkpt lat="59.450425" lon="24.80517">
			<ele>35.9</ele>
			<time>2026-05-21T23:16:08Z</time>
		</trkpt>
		<trkpt lat="59.450325" lon="24.8050817">
			<ele>34.3</ele>
			<time>2026-05-21T23:16:09Z</time>
		</trkpt>
		<trkpt lat="59.4502283" lon="24.8049817">
			<ele>32.9</ele>
			<time>2026-05-21T23:16:10Z</time>
		</trkpt>
		<trkpt lat="59.4501317" lon="24.8048733">
			<ele>31.7</ele>
			<time>2026-05-21T23:16:11Z</time>
		</trkpt>
		<trkpt lat="59.4500383" lon="24.8047533">
			<ele>30.5</ele>
			<time>2026-05-21T23:16:12Z</time>
		</trkpt>
		<trkpt lat="59.4499467" lon="24.8046233">
			<ele>29.4</ele>
			<time>2026-05-21T23:16:13Z</time>
		</trkpt>
		<trkpt lat="59.4498567" lon="24.8044833">
			<ele>28.8</ele>
			<time>2026-05-21T23:16:14Z</time>
		</trkpt>
		<trkpt lat="59.4497617" lon="24.80434">
			<ele>29.1</ele>
			<time>2026-05-21T23:16:15Z</time>
		</trkpt>
		<trkpt lat="59.4496717" lon="24.8042">
			<ele>29.2</ele>
			<time>2026-05-21T23:16:16Z</time>
		</trkpt>
		<trkpt lat="59.44958" lon="24.8040667">
			<ele>29.3</ele>
			<time>2026-05-21T23:16:17Z</time>
		</trkpt>
		<trkpt lat="59.4494917" lon="24.80394">
			<ele>29.5</ele>
			<time>2026-05-21T23:16:18Z</time>
		</trkpt>
		<trkpt lat="59.449405" lon="24.8038033">
			<ele>29.2</ele>
			<time>2026-05-21T23:16:19Z</time>
		</trkpt>
		<trkpt lat="59.44932" lon="24.8036617">
			<ele>29.2</ele>
			<time>2026-05-21T23:16:20Z</time>
		</trkpt>
		<trkpt lat="59.4492417" lon="24.8035133">
			<ele>29.1</ele>
			<time>2026-05-21T23:16:21Z</time>
		</trkpt>
		<trkpt lat="59.4491617" lon="24.8033667">
			<ele>28.7</ele>
			<time>2026-05-21T23:16:22Z</time>
		</trkpt>
		<trkpt lat="59.4490767" lon="24.803235">
			<ele>28.6</ele>
			<time>2026-05-21T23:16:23Z</time>
		</trkpt>
		<trkpt lat="59.4489833" lon="24.8031117">
			<ele>28.4</ele>
			<time>2026-05-21T23:16:24Z</time>
		</trkpt>
		<trkpt lat="59.448885" lon="24.8029867">
			<ele>28.4</ele>
			<time>2026-05-21T23:16:25Z</time>
		</trkpt>
		<trkpt lat="59.4487883" lon="24.80285">
			<ele>28.7</ele>
			<time>2026-05-21T23:16:26Z</time>
		</trkpt>
		<trkpt lat="59.4486983" lon="24.8027083">
			<ele>29</ele>
			<time>2026-05-21T23:16:27Z</time>
		</trkpt>
		<trkpt lat="59.4486117" lon="24.80257">
			<ele>29.4</ele>
			<time>2026-05-21T23:16:28Z</time>
		</trkpt>
		<trkpt lat="59.448525" lon="24.8024383">
			<ele>29.6</ele>
			<time>2026-05-21T23:16:29Z</time>
		</trkpt>
		<trkpt lat="59.4484367" lon="24.8023083">
			<ele>29.6</ele>
			<time>2026-05-21T23:16:30Z</time>
		</trkpt>
		<trkpt lat="59.4483483" lon="24.8021817">
			<ele>29.9</ele>
			<time>2026-05-21T23:16:31Z</time>
		</trkpt>
		<trkpt lat="59.44826" lon="24.8020517">
			<ele>30</ele>
			<time>2026-05-21T23:16:32Z</time>
		</trkpt>
		<trkpt lat="59.4481717" lon="24.8019233">
			<ele>30</ele>
			<time>2026-05-21T23:16:33Z</time>
		</trkpt>
		<trkpt lat="59.4480817" lon="24.8017983">
			<ele>29.9</ele>
			<time>2026-05-21T23:16:34Z</time>
		</trkpt>
		<trkpt lat="59.4479933" lon="24.8016783">
			<ele>29.8</ele>
			<time>2026-05-21T23:16:35Z</time>
		</trkpt>
		<trkpt lat="59.4479017" lon="24.8015567">
			<ele>29.7</ele>
			<time>2026-05-21T23:16:36Z</time>
		</trkpt>
		<trkpt lat="59.447805" lon="24.8014283">
			<ele>29.6</ele>
			<time>2026-05-21T23:16:37Z</time>
		</trkpt>
		<trkpt lat="59.4477117" lon="24.8012867">
			<ele>29.1</ele>
			<time>2026-05-21T23:16:38Z</time>
		</trkpt>
		<trkpt lat="59.447625" lon="24.8011317">
			<ele>29.1</ele>
			<time>2026-05-21T23:16:39Z</time>
		</trkpt>
		<trkpt lat="59.4475467" lon="24.800975">
			<ele>29.1</ele>
			<time>2026-05-21T23:16:40Z</time>
		</trkpt>
		<trkpt lat="59.44747" lon="24.8008283">
			<ele>29</ele>
			<time>2026-05-21T23:16:41Z</time>
		</trkpt>
		<trkpt lat="59.4473867" lon="24.8007033">
			<ele>29.1</ele>
			<time>2026-05-21T23:16:42Z</time>
		</trkpt>
		<trkpt lat="59.447295" lon="24.8005917">
			<ele>29.3</ele>
			<time>2026-05-21T23:16:43Z</time>
		</trkpt>
		<trkpt lat="59.4472033" lon="24.80047">
			<ele>29.7</ele>
			<time>2026-05-21T23:16:44Z</time>
		</trkpt>
		<trkpt lat="59.4471233" lon="24.8003183">
			<ele>29.8</ele>
			<time>2026-05-21T23:16:45Z</time>
		</trkpt>
		<trkpt lat="59.4470633" lon="24.8001267">
			<ele>29.9</ele>
			<time>2026-05-21T23:16:46Z</time>
		</trkpt>
		<trkpt lat="59.447035" lon="24.7999083">
			<ele>30.3</ele>
			<time>2026-05-21T23:16:47Z</time>
		</trkpt>
		<trkpt lat="59.4470283" lon="24.799685">
			<ele>31.1</ele>
			<time>2026-05-21T23:16:48Z</time>
		</trkpt>
		<trkpt lat="59.4470167" lon="24.7994633">
			<ele>31.5</ele>
			<time>2026-05-21T23:16:49Z</time>
		</trkpt>
		<trkpt lat="59.44699" lon="24.7992533">
			<ele>31.8</ele>
			<time>2026-05-21T23:16:50Z</time>
		</trkpt>
		<trkpt lat="59.4469317" lon="24.7990783">
			<ele>31.9</ele>
			<time>2026-05-21T23:16:51Z</time>
		</trkpt>
		<trkpt lat="59.44684" lon="24.7989417">
			<ele>32.1</ele>
			<time>2026-05-21T23:16:52Z</time>
		</trkpt>
		<trkpt lat="59.4467233" lon="24.7988583">
			<ele>32.3</ele>
			<time>2026-05-21T23:16:53Z</time>
		</trkpt>
		<trkpt lat="59.446605" lon="24.7987967">
			<ele>33.1</ele>
			<time>2026-05-21T23:16:54Z</time>
		</trkpt>
		<trkpt lat="59.446495" lon="24.79873">
			<ele>33.8</ele>
			<time>2026-05-21T23:16:55Z</time>
		</trkpt>
		<trkpt lat="59.4463983" lon="24.79864">
			<ele>34.1</ele>
			<time>2026-05-21T23:16:56Z</time>
		</trkpt>
		<trkpt lat="59.4463083" lon="24.7985267">
			<ele>33.8</ele>
			<time>2026-05-21T23:16:57Z</time>
		</trkpt>
		<trkpt lat="59.446225" lon="24.7983867">
			<ele>33</ele>
			<time>2026-05-21T23:16:58Z</time>
		</trkpt>
		<trkpt lat="59.4461417" lon="24.7982267">
			<ele>32.2</ele>
			<time>2026-05-21T23:16:59Z</time>
		</trkpt>
		<trkpt lat="59.4460583" lon="24.798055">
			<ele>32.4</ele>
			<time>2026-05-21T23:17:00Z</time>
		</trkpt>
		<trkpt lat="59.4459883" lon="24.797865">
			<ele>32.4</ele>
			<time>2026-05-21T23:17:01Z</time>
		</trkpt>
		<trkpt lat="59.44593" lon="24.7976683">
			<ele>32.5</ele>
			<time>2026-05-21T23:17:02Z</time>
		</trkpt>
		<trkpt lat="59.44588" lon="24.7974733">
			<ele>32.4</ele>
			<time>2026-05-21T23:17:03Z</time>
		</trkpt>
		<trkpt lat="59.4458317" lon="24.7972767">
			<ele>32.5</ele>
			<time>2026-05-21T23:17:04Z</time>
		</trkpt>
		<trkpt lat="59.44578" lon="24.797075">
			<ele>32.6</ele>
			<time>2026-05-21T23:17:05Z</time>
		</trkpt>
		<trkpt lat="59.4457217" lon="24.7968733">
			<ele>32.6</ele>
			<time>2026-05-21T23:17:06Z</time>
		</trkpt>
		<trkpt lat="59.44566" lon="24.796675">
			<ele>33</ele>
			<time>2026-05-21T23:17:07Z</time>
		</trkpt>
		<trkpt lat="59.445595" lon="24.7964833">
			<ele>33.9</ele>
			<time>2026-05-21T23:17:08Z</time>
		</trkpt>
		<trkpt lat="59.4455267" lon="24.7963083">
			<ele>34.4</ele>
			<time>2026-05-21T23:17:09Z</time>
		</trkpt>
		<trkpt lat="59.4454583" lon="24.7961433">
			<ele>34</ele>
			<time>2026-05-21T23:17:10Z</time>
		</trkpt>
		<trkpt lat="59.4453883" lon="24.795985">
			<ele>33.2</ele>
			<time>2026-05-21T23:17:11Z</time>
		</trkpt>
		<trkpt lat="59.4453183" lon="24.7958217">
			<ele>30.9</ele>
			<time>2026-05-21T23:17:12Z</time>
		</trkpt>
		<trkpt lat="59.44524" lon="24.7956583">
			<ele>29.7</ele>
			<time>2026-05-21T23:17:13Z</time>
		</trkpt>
		<trkpt lat="59.4451467" lon="24.7954967">
			<ele>28.6</ele>
			<time>2026-05-21T23:17:14Z</time>
		</trkpt>
		<trkpt lat="59.4450433" lon="24.7953683">
			<ele>29.1</ele>
			<time>2026-05-21T23:17:15Z</time>
		</trkpt>
		<trkpt lat="59.4449317" lon="24.795275">
			<ele>30.7</ele>
			<time>2026-05-21T23:17:16Z</time>
		</trkpt>
		<trkpt lat="59.4448267" lon="24.7951917">
			<ele>31.6</ele>
			<time>2026-05-21T23:17:17Z</time>
		</trkpt>
		<trkpt lat="59.4447383" lon="24.7950917">
			<ele>32.1</ele>
			<time>2026-05-21T23:17:18Z</time>
		</trkpt>
		<trkpt lat="59.4446667" lon="24.7949433">
			<ele>31.6</ele>
			<time>2026-05-21T23:17:19Z</time>
		</trkpt>
		<trkpt lat="59.4446017" lon="24.7947567">
			<ele>31.1</ele>
			<time>2026-05-21T23:17:20Z</time>
		</trkpt>
		<trkpt lat="59.44454" lon="24.7945467">
			<ele>31.3</ele>
			<time>2026-05-21T23:17:21Z</time>
		</trkpt>
		<trkpt lat="59.4444917" lon="24.7943233">
			<ele>31.5</ele>
			<time>2026-05-21T23:17:22Z</time>
		</trkpt>
		<trkpt lat="59.4444583" lon="24.7940983">
			<ele>31.9</ele>
			<time>2026-05-21T23:17:23Z</time>
		</trkpt>
		<trkpt lat="59.4444583" lon="24.793875">
			<ele>32</ele>
			<time>2026-05-21T23:17:24Z</time>
		</trkpt>
		<trkpt lat="59.4444833" lon="24.7936567">
			<ele>32.1</ele>
			<time>2026-05-21T23:17:25Z</time>
		</trkpt>
		<trkpt lat="59.4445083" lon="24.7934367">
			<ele>32</ele>
			<time>2026-05-21T23:17:26Z</time>
		</trkpt>
		<trkpt lat="59.4445183" lon="24.793215">
			<ele>31.7</ele>
			<time>2026-05-21T23:17:27Z</time>
		</trkpt>
		<trkpt lat="59.444495" lon="24.79299">
			<ele>30.4</ele>
			<time>2026-05-21T23:17:28Z</time>
		</trkpt>
		<trkpt lat="59.4444333" lon="24.7927867">
			<ele>30.2</ele>
			<time>2026-05-21T23:17:29Z</time>
		</trkpt>
		<trkpt lat="59.4443283" lon="24.792635">
			<ele>30.1</ele>
			<time>2026-05-21T23:17:30Z</time>
		</trkpt>
		<trkpt lat="59.444215" lon="24.7925133">
			<ele>31.2</ele>
			<time>2026-05-21T23:17:31Z</time>
		</trkpt>
		<trkpt lat="59.444115" lon="24.7923833">
			<ele>32.3</ele>
			<time>2026-05-21T23:17:32Z</time>
		</trkpt>
		<trkpt lat="59.444045" lon="24.7922133">
			<ele>32.5</ele>
			<time>2026-05-21T23:17:33Z</time>
		</trkpt>
		<trkpt lat="59.4440067" lon="24.7920033">
			<ele>32.1</ele>
			<time>2026-05-21T23:17:34Z</time>
		</trkpt>
		<trkpt lat="59.44398" lon="24.7917733">
			<ele>32.8</ele>
			<time>2026-05-21T23:17:35Z</time>
		</trkpt>
		<trkpt lat="59.4439533" lon="24.7915417">
			<ele>33.8</ele>
			<time>2026-05-21T23:17:36Z</time>
		</trkpt>
		<trkpt lat="59.4439133" lon="24.79133">
			<ele>34</ele>
			<time>2026-05-21T23:17:37Z</time>
		</trkpt>
		<trkpt lat="59.4438583" lon="24.7911367">
			<ele>33.8</ele>
			<time>2026-05-21T23:17:38Z</time>
		</trkpt>
		<trkpt lat="59.443795" lon="24.79095">
			<ele>33.6</ele>
			<time>2026-05-21T23:17:39Z</time>
		</trkpt>
		<trkpt lat="59.4437333" lon="24.7907567">
			<ele>33.7</ele>
			<time>2026-05-21T23:17:40Z</time>
		</trkpt>
		<trkpt lat="59.4436833" lon="24.7905417">
			<ele>33.4</ele>
			<time>2026-05-21T23:17:41Z</time>
		</trkpt>
		<trkpt lat="59.4436533" lon="24.79032">
			<ele>33.6</ele>
			<time>2026-05-21T23:17:42Z</time>
		</trkpt>
		<trkpt lat="59.443635" lon="24.7900967">
			<ele>34.3</ele>
			<time>2026-05-21T23:17:43Z</time>
		</trkpt>
		<trkpt lat="59.443625" lon="24.7898783">
			<ele>35.2</ele>
			<time>2026-05-21T23:17:44Z</time>
		</trkpt>
		<trkpt lat="59.443615" lon="24.7896717">
			<ele>35.7</ele>
			<time>2026-05-21T23:17:45Z</time>
		</trkpt>
		<trkpt lat="59.4436" lon="24.7894733">
			<ele>36.2</ele>
			<time>2026-05-21T23:17:46Z</time>
		</trkpt>
		<trkpt lat="59.4435967" lon="24.7892717">
			<ele>36.1</ele>
			<time>2026-05-21T23:17:47Z</time>
		</trkpt>
		<trkpt lat="59.443605" lon="24.7890567">
			<ele>36</ele>
			<time>2026-05-21T23:17:48Z</time>
		</trkpt>
		<trkpt lat="59.44362" lon="24.7888267">
			<ele>36.2</ele>
			<time>2026-05-21T23:17:49Z</time>
		</trkpt>
		<trkpt lat="59.443635" lon="24.7886">
			<ele>36.5</ele>
			<time>2026-05-21T23:17:50Z</time>
		</trkpt>
		<trkpt lat="59.4436467" lon="24.78838">
			<ele>36.7</ele>
			<time>2026-05-21T23:17:51Z</time>
		</trkpt>
		<trkpt lat="59.4436533" lon="24.7881617">
			<ele>36.6</ele>
			<time>2026-05-21T23:17:52Z</time>
		</trkpt>
		<trkpt lat="59.4436633" lon="24.7879433">
			<ele>36.2</ele>
			<time>2026-05-21T23:17:53Z</time>
		</trkpt>
		<trkpt lat="59.4436817" lon="24.78772">
			<ele>35.4</ele>
			<time>2026-05-21T23:17:54Z</time>
		</trkpt>
		<trkpt lat="59.4437017" lon="24.7875">
			<ele>34.9</ele>
			<time>2026-05-21T23:17:55Z</time>
		</trkpt>
		<trkpt lat="59.4437167" lon="24.7872733">
			<ele>34.7</ele>
			<time>2026-05-21T23:17:56Z</time>
		</trkpt>
		<trkpt lat="59.443725" lon="24.7870483">
			<ele>34.9</ele>
			<time>2026-05-21T23:17:57Z</time>
		</trkpt>
		<trkpt lat="59.44373" lon="24.7868233">
			<ele>34.9</ele>
			<time>2026-05-21T23:17:58Z</time>
		</trkpt>
		<trkpt lat="59.4437417" lon="24.7866083">
			<ele>34.7</ele>
			<time>2026-05-21T23:17:59Z</time>
		</trkpt>
		<trkpt lat="59.4437583" lon="24.7863967">
			<ele>34.2</ele>
			<time>2026-05-21T23:18:00Z</time>
		</trkpt>
		<trkpt lat="59.44378" lon="24.7861883">
			<ele>33.2</ele>
			<time>2026-05-21T23:18:01Z</time>
		</trkpt>
		<trkpt lat="59.4438" lon="24.7859717">
			<ele>32.7</ele>
			<time>2026-05-21T23:18:02Z</time>
		</trkpt>
		<trkpt lat="59.443815" lon="24.7857433">
			<ele>32.2</ele>
			<time>2026-05-21T23:18:03Z</time>
		</trkpt>
		<trkpt lat="59.443825" lon="24.7855083">
			<ele>32.4</ele>
			<time>2026-05-21T23:18:04Z</time>
		</trkpt>
		<trkpt lat="59.4438333" lon="24.785275">
			<ele>32.6</ele>
			<time>2026-05-21T23:18:05Z</time>
		</trkpt>
		<trkpt lat="59.44383" lon="24.785055">
			<ele>32.8</ele>
			<time>2026-05-21T23:18:06Z</time>
		</trkpt>
		<trkpt lat="59.4438167" lon="24.7848417">
			<ele>32.7</ele>
			<time>2026-05-21T23:18:07Z</time>
		</trkpt>
		<trkpt lat="59.4438033" lon="24.78463">
			<ele>32.6</ele>
			<time>2026-05-21T23:18:08Z</time>
		</trkpt>
		<trkpt lat="59.44381" lon="24.7844117">
			<ele>32</ele>
			<time>2026-05-21T23:18:09Z</time>
		</trkpt>
		<trkpt lat="59.4438433" lon="24.7841833">
			<ele>31.4</ele>
			<time>2026-05-21T23:18:10Z</time>
		</trkpt>
		<trkpt lat="59.443875" lon="24.78395">
			<ele>31.9</ele>
			<time>2026-05-21T23:18:11Z</time>
		</trkpt>
		<trkpt lat="59.4438917" lon="24.7837183">
			<ele>32.7</ele>
			<time>2026-05-21T23:18:12Z</time>
		</trkpt>
		<trkpt lat="59.4438983" lon="24.7835033">
			<ele>33.6</ele>
			<time>2026-05-21T23:18:13Z</time>
		</trkpt>
		<trkpt lat="59.4439067" lon="24.7833067">
			<ele>34</ele>
			<time>2026-05-21T23:18:14Z</time>
		</trkpt>
		<trkpt lat="59.4439333" lon="24.7831117">
			<ele>33.8</ele>
			<time>2026-05-21T23:18:15Z</time>
		</trkpt>
		<trkpt lat="59.4439767" lon="24.7829067">
			<ele>33.6</ele>
			<time>2026-05-21T23:18:16Z</time>
		</trkpt>
		<trkpt lat="59.444025" lon="24.7826817">
			<ele>33.5</ele>
			<time>2026-05-21T23:18:17Z</time>
		</trkpt>
		<trkpt lat="59.4440683" lon="24.78244">
			<ele>33.7</ele>
			<time>2026-05-21T23:18:18Z</time>
		</trkpt>
		<trkpt lat="59.4441117" lon="24.7822083">
			<ele>35.3</ele>
			<time>2026-05-21T23:18:19Z</time>
		</trkpt>
		<trkpt lat="59.4441633" lon="24.7820033">
			<ele>37.1</ele>
			<time>2026-05-21T23:18:20Z</time>
		</trkpt>
		<trkpt lat="59.4442417" lon="24.781845">
			<ele>38</ele>
			<time>2026-05-21T23:18:21Z</time>
		</trkpt>
		<trkpt lat="59.444345" lon="24.781745">
			<ele>38.2</ele>
			<time>2026-05-21T23:18:22Z</time>
		</trkpt>
		<trkpt lat="59.4444633" lon="24.7817333">
			<ele>38.1</ele>
			<time>2026-05-21T23:18:23Z</time>
		</trkpt>
		<trkpt lat="59.44458" lon="24.7818433">
			<ele>38.9</ele>
			<time>2026-05-21T23:18:24Z</time>
		</trkpt>
		<trkpt lat="59.4446717" lon="24.7820367">
			<ele>40.7</ele>
			<time>2026-05-21T23:18:25Z</time>
		</trkpt>
		<trkpt lat="59.4447117" lon="24.7822767">
			<ele>42</ele>
			<time>2026-05-21T23:18:26Z</time>
		</trkpt>
		<trkpt lat="59.4447033" lon="24.7825117">
			<ele>42.1</ele>
			<time>2026-05-21T23:18:27Z</time>
		</trkpt>
		<trkpt lat="59.4446483" lon="24.7827067">
			<ele>42.7</ele>
			<time>2026-05-21T23:18:28Z</time>
		</trkpt>
		<trkpt lat="59.444565" lon="24.7828617">
			<ele>43.2</ele>
			<time>2026-05-21T23:18:29Z</time>
		</trkpt>
		<trkpt lat="59.44448" lon="24.7829967">
			<ele>42.7</ele>
			<time>2026-05-21T23:18:30Z</time>
		</trkpt>
		<trkpt lat="59.444405" lon="24.7831583">
			<ele>42.5</ele>
			<time>2026-05-21T23:18:31Z</time>
		</trkpt>
		<trkpt lat="59.4443483" lon="24.7833417">
			<ele>41.7</ele>
			<time>2026-05-21T23:18:32Z</time>
		</trkpt>
		<trkpt lat="59.44431" lon="24.7835533">
			<ele>41.4</ele>
			<time>2026-05-21T23:18:33Z</time>
		</trkpt>
		<trkpt lat="59.4442833" lon="24.7837683">
			<ele>41.3</ele>
			<time>2026-05-21T23:18:34Z</time>
		</trkpt>
		<trkpt lat="59.4442533" lon="24.7839917">
			<ele>41.7</ele>
			<time>2026-05-21T23:18:35Z</time>
		</trkpt>
		<trkpt lat="59.44422" lon="24.7841967">
			<ele>42</ele>
			<time>2026-05-21T23:18:36Z</time>
		</trkpt>
		<trkpt lat="59.4441817" lon="24.78439">
			<ele>41.7</ele>
			<time>2026-05-21T23:18:37Z</time>
		</trkpt>
		<trkpt lat="59.4441467" lon="24.78459">
			<ele>41.2</ele>
			<time>2026-05-21T23:18:38Z</time>
		</trkpt>
		<trkpt lat="59.4441167" lon="24.7847983">
			<ele>40.2</ele>
			<time>2026-05-21T23:18:39Z</time>
		</trkpt>
		<trkpt lat="59.444095" lon="24.785015">
			<ele>38.9</ele>
			<time>2026-05-21T23:18:40Z</time>
		</trkpt>
		<trkpt lat="59.444075" lon="24.78524">
			<ele>37.9</ele>
			<time>2026-05-21T23:18:41Z</time>
		</trkpt>
		<trkpt lat="59.444055" lon="24.785465">
			<ele>37</ele>
			<time>2026-05-21T23:18:42Z</time>
		</trkpt>
		<trkpt lat="59.4440417" lon="24.7856867">
			<ele>36</ele>
			<time>2026-05-21T23:18:43Z</time>
		</trkpt>
		<trkpt lat="59.444035" lon="24.7859067">
			<ele>35.3</ele>
			<time>2026-05-21T23:18:44Z</time>
		</trkpt>
		<trkpt lat="59.4440367" lon="24.7861217">
			<ele>34.6</ele>
			<time>2026-05-21T23:18:45Z</time>
		</trkpt>
		<trkpt lat="59.444045" lon="24.7863333">
			<ele>34</ele>
			<time>2026-05-21T23:18:46Z</time>
		</trkpt>
		<trkpt lat="59.4440567" lon="24.786545">
			<ele>33.4</ele>
			<time>2026-05-21T23:18:47Z</time>
		</trkpt>
		<trkpt lat="59.444065" lon="24.7867517">
			<ele>32.8</ele>
			<time>2026-05-21T23:18:48Z</time>
		</trkpt>
		<trkpt lat="59.4440717" lon="24.7869583">
			<ele>32.2</ele>
			<time>2026-05-21T23:18:49Z</time>
		</trkpt>
		<trkpt lat="59.4440733" lon="24.7871683">
			<ele>31.8</ele>
			<time>2026-05-21T23:18:50Z</time>
		</trkpt>
		<trkpt lat="59.4440683" lon="24.7873767">
			<ele>32.1</ele>
			<time>2026-05-21T23:18:51Z</time>
		</trkpt>
		<trkpt lat="59.444045" lon="24.7875767">
			<ele>32.8</ele>
			<time>2026-05-21T23:18:52Z</time>
		</trkpt>
		<trkpt lat="59.4440033" lon="24.7877667">
			<ele>33.8</ele>
			<time>2026-05-21T23:18:53Z</time>
		</trkpt>
		<trkpt lat="59.4439467" lon="24.787935">
			<ele>34.1</ele>
			<time>2026-05-21T23:18:54Z</time>
		</trkpt>
		<trkpt lat="59.4438883" lon="24.7880883">
			<ele>33.8</ele>
			<time>2026-05-21T23:18:55Z</time>
		</trkpt>
		<trkpt lat="59.4438333" lon="24.788245">
			<ele>33.3</ele>
			<time>2026-05-21T23:18:56Z</time>
		</trkpt>
		<trkpt lat="59.4437833" lon="24.7884167">
			<ele>32.4</ele>
			<time>2026-05-21T23:18:57Z</time>
		</trkpt>
		<trkpt lat="59.44374" lon="24.78861">
			<ele>30.9</ele>
			<time>2026-05-21T23:18:58Z</time>
		</trkpt>
		<trkpt lat="59.443705" lon="24.7888117">
			<ele>29.6</ele>
			<time>2026-05-21T23:18:59Z</time>
		</trkpt>
		<trkpt lat="59.4436717" lon="24.7890233">
			<ele>29.1</ele>
			<time>2026-05-21T23:19:00Z</time>
		</trkpt>
		<trkpt lat="59.4436417" lon="24.7892333">
			<ele>28.8</ele>
			<time>2026-05-21T23:19:01Z</time>
		</trkpt>
		<trkpt lat="59.4436167" lon="24.78944">
			<ele>28.3</ele>
			<time>2026-05-21T23:19:02Z</time>
		</trkpt>
		<trkpt lat="59.4435967" lon="24.789645">
			<ele>27.8</ele>
			<time>2026-05-21T23:19:03Z</time>
		</trkpt>
		<trkpt lat="59.443585" lon="24.7898533">
			<ele>27</ele>
			<time>2026-05-21T23:19:04Z</time>
		</trkpt>
		<trkpt lat="59.443585" lon="24.7900717">
			<ele>26.8</ele>
			<time>2026-05-21T23:19:05Z</time>
		</trkpt>
		<trkpt lat="59.4436067" lon="24.7902883">
			<ele>26.5</ele>
			<time>2026-05-21T23:19:06Z</time>
		</trkpt>
		<trkpt lat="59.4436483" lon="24.7904883">
			<ele>26.4</ele>
			<time>2026-05-21T23:19:07Z</time>
		</trkpt>
		<trkpt lat="59.443705" lon="24.7906717">
			<ele>26.9</ele>
			<time>2026-05-21T23:19:08Z</time>
		</trkpt>
		<trkpt lat="59.44377" lon="24.7908367">
			<ele>27.9</ele>
			<time>2026-05-21T23:19:09Z</time>
		</trkpt>
		<trkpt lat="59.4438283" lon="24.7910017">
			<ele>28.7</ele>
			<time>2026-05-21T23:19:10Z</time>
		</trkpt>
		<trkpt lat="59.4438717" lon="24.7911867">
			<ele>30</ele>
			<time>2026-05-21T23:19:11Z</time>
		</trkpt>
		<trkpt lat="59.4439017" lon="24.7913833">
			<ele>31.1</ele>
			<time>2026-05-21T23:19:12Z</time>
		</trkpt>
		<trkpt lat="59.4439033" lon="24.791595">
			<ele>31.4</ele>
			<time>2026-05-21T23:19:13Z</time>
		</trkpt>
		<trkpt lat="59.4438867" lon="24.7918083">
			<ele>32</ele>
			<time>2026-05-21T23:19:14Z</time>
		</trkpt>
		<trkpt lat="59.4438533" lon="24.792015">
			<ele>33.2</ele>
			<time>2026-05-21T23:19:15Z</time>
		</trkpt>
		<trkpt lat="59.4438067" lon="24.79221">
			<ele>34.6</ele>
			<time>2026-05-21T23:19:16Z</time>
		</trkpt>
		<trkpt lat="59.4437483" lon="24.792385">
			<ele>36.3</ele>
			<time>2026-05-21T23:19:17Z</time>
		</trkpt>
		<trkpt lat="59.4436783" lon="24.7925433">
			<ele>37.7</ele>
			<time>2026-05-21T23:19:18Z</time>
		</trkpt>
		<trkpt lat="59.4436" lon="24.7926817">
			<ele>39.3</ele>
			<time>2026-05-21T23:19:19Z</time>
		</trkpt>
		<trkpt lat="59.44351" lon="24.7928017">
			<ele>40.9</ele>
			<time>2026-05-21T23:19:20Z</time>
		</trkpt>
		<trkpt lat="59.4434067" lon="24.7929017">
			<ele>41.8</ele>
			<time>2026-05-21T23:19:21Z</time>
		</trkpt>
		<trkpt lat="59.4433" lon="24.7930017">
			<ele>43.2</ele>
			<time>2026-05-21T23:19:22Z</time>
		</trkpt>
		<trkpt lat="59.4432033" lon="24.7931083">
			<ele>44.3</ele>
			<time>2026-05-21T23:19:23Z</time>
		</trkpt>
		<trkpt lat="59.4431233" lon="24.7932317">
			<ele>44.9</ele>
			<time>2026-05-21T23:19:24Z</time>
		</trkpt>
		<trkpt lat="59.4430667" lon="24.7933917">
			<ele>45.1</ele>
			<time>2026-05-21T23:19:25Z</time>
		</trkpt>
		<trkpt lat="59.443045" lon="24.7936033">
			<ele>44.3</ele>
			<time>2026-05-21T23:19:26Z</time>
		</trkpt>
		<trkpt lat="59.4430683" lon="24.793835">
			<ele>43.8</ele>
			<time>2026-05-21T23:19:27Z</time>
		</trkpt>
		<trkpt lat="59.443145" lon="24.7940467">
			<ele>43.1</ele>
			<time>2026-05-21T23:19:28Z</time>
		</trkpt>
		<trkpt lat="59.443255" lon="24.794185">
			<ele>43.1</ele>
			<time>2026-05-21T23:19:29Z</time>
		</trkpt>
		<trkpt lat="59.4433717" lon="24.794225">
			<ele>43.4</ele>
			<time>2026-05-21T23:19:30Z</time>
		</trkpt>
		<trkpt lat="59.4434817" lon="24.7941383">
			<ele>43.2</ele>
			<time>2026-05-21T23:19:31Z</time>
		</trkpt>
		<trkpt lat="59.4435617" lon="24.7939433">
			<ele>43.6</ele>
			<time>2026-05-21T23:19:32Z</time>
		</trkpt>
		<trkpt lat="59.4436033" lon="24.79371">
			<ele>43.7</ele>
			<time>2026-05-21T23:19:33Z</time>
		</trkpt>
		<trkpt lat="59.443625" lon="24.793475">
			<ele>44.7</ele>
			<time>2026-05-21T23:19:34Z</time>
		</trkpt>
		<trkpt lat="59.443645" lon="24.7932617">
			<ele>45.7</ele>
			<time>2026-05-21T23:19:35Z</time>
		</trkpt>
		<trkpt lat="59.4436733" lon="24.793065">
			<ele>46</ele>
			<time>2026-05-21T23:19:36Z</time>
		</trkpt>
		<trkpt lat="59.4436967" lon="24.7928667">
			<ele>46</ele>
			<time>2026-05-21T23:19:37Z</time>
		</trkpt>
		<trkpt lat="59.4437183" lon="24.7926583">
			<ele>45.9</ele>
			<time>2026-05-21T23:19:38Z</time>
		</trkpt>
		<trkpt lat="59.4437433" lon="24.7924433">
			<ele>46</ele>
			<time>2026-05-21T23:19:39Z</time>
		</trkpt>
		<trkpt lat="59.4437867" lon="24.79224">
			<ele>46.2</ele>
			<time>2026-05-21T23:19:40Z</time>
		</trkpt>
		<trkpt lat="59.4438583" lon="24.7920667">
			<ele>46.2</ele>
			<time>2026-05-21T23:19:41Z</time>
		</trkpt>
		<trkpt lat="59.4439617" lon="24.791955">
			<ele>45.9</ele>
			<time>2026-05-21T23:19:42Z</time>
		</trkpt>
		<trkpt lat="59.4440883" lon="24.7919167">
			<ele>44.6</ele>
			<time>2026-05-21T23:19:43Z</time>
		</trkpt>
		<trkpt lat="59.4442133" lon="24.79195">
			<ele>43.3</ele>
			<time>2026-05-21T23:19:44Z</time>
		</trkpt>
		<trkpt lat="59.444315" lon="24.7920517">
			<ele>42.3</ele>
			<time>2026-05-21T23:19:45Z</time>
		</trkpt>
		<trkpt lat="59.4443867" lon="24.792215">
			<ele>40.8</ele>
			<time>2026-05-21T23:19:46Z</time>
		</trkpt>
		<trkpt lat="59.4444383" lon="24.7924183">
			<ele>39.2</ele>
			<time>2026-05-21T23:19:47Z</time>
		</trkpt>
		<trkpt lat="59.44448" lon="24.7926333">
			<ele>38.2</ele>
			<time>2026-05-21T23:19:48Z</time>
		</trkpt>
		<trkpt lat="59.4445133" lon="24.7928467">
			<ele>37.2</ele>
			<time>2026-05-21T23:19:49Z</time>
		</trkpt>
		<trkpt lat="59.44455" lon="24.7930517">
			<ele>35.9</ele>
			<time>2026-05-21T23:19:50Z</time>
		</trkpt>
		<trkpt lat="59.4445867" lon="24.7932483">
			<ele>34.9</ele>
			<time>2026-05-21T23:19:51Z</time>
		</trkpt>
		<trkpt lat="59.444625" lon="24.793445">
			<ele>33.8</ele>
			<time>2026-05-21T23:19:52Z</time>
		</trkpt>
		<trkpt lat="59.4446667" lon="24.79364">
			<ele>32.7</ele>
			<time>2026-05-21T23:19:53Z</time>
		</trkpt>
		<trkpt lat="59.4447133" lon="24.7938317">
			<ele>31.1</ele>
			<time>2026-05-21T23:19:54Z</time>
		</trkpt>
		<trkpt lat="59.444765" lon="24.7940283">
			<ele>29.4</ele>
			<time>2026-05-21T23:19:55Z</time>
		</trkpt>
		<trkpt lat="59.44482" lon="24.794225">
			<ele>27.9</ele>
			<time>2026-05-21T23:19:56Z</time>
		</trkpt>
		<trkpt lat="59.4448817" lon="24.7944133">
			<ele>27.4</ele>
			<time>2026-05-21T23:19:57Z</time>
		</trkpt>
		<trkpt lat="59.4449467" lon="24.794595">
			<ele>27</ele>
			<time>2026-05-21T23:19:58Z</time>
		</trkpt>
		<trkpt lat="59.4450133" lon="24.7947667">
			<ele>27.2</ele>
			<time>2026-05-21T23:19:59Z</time>
		</trkpt>
		<trkpt lat="59.4450783" lon="24.7949333">
			<ele>27.6</ele>
			<time>2026-05-21T23:20:00Z</time>
		</trkpt>
		<trkpt lat="59.445135" lon="24.7950983">
			<ele>27.8</ele>
			<time>2026-05-21T23:20:01Z</time>
		</trkpt>
		<trkpt lat="59.445185" lon="24.7952583">
			<ele>28.2</ele>
			<time>2026-05-21T23:20:02Z</time>
		</trkpt>
		<trkpt lat="59.4452417" lon="24.7954117">
			<ele>28.5</ele>
			<time>2026-05-21T23:20:03Z</time>
		</trkpt>
		<trkpt lat="59.44531" lon="24.7955533">
			<ele>28.2</ele>
			<time>2026-05-21T23:20:04Z</time>
		</trkpt>
		<trkpt lat="59.4454033" lon="24.7956583">
			<ele>28.2</ele>
			<time>2026-05-21T23:20:05Z</time>
		</trkpt>
		<trkpt lat="59.4455067" lon="24.7956933">
			<ele>27.9</ele>
			<time>2026-05-21T23:20:06Z</time>
		</trkpt>
		<trkpt lat="59.4456183" lon="24.7956483">
			<ele>28</ele>
			<time>2026-05-21T23:20:07Z</time>
		</trkpt>
		<trkpt lat="59.4457183" lon="24.7954867">
			<ele>28.4</ele>
			<time>2026-05-21T23:20:08Z</time>
		</trkpt>
		<trkpt lat="59.4457733" lon="24.7952517">
			<ele>28.6</ele>
			<time>2026-05-21T23:20:09Z</time>
		</trkpt>
		<trkpt lat="59.44579" lon="24.7949983">
			<ele>29.4</ele>
			<time>2026-05-21T23:20:10Z</time>
		</trkpt>
		<trkpt lat="59.44576" lon="24.794775">
			<ele>30.6</ele>
			<time>2026-05-21T23:20:11Z</time>
		</trkpt>
		<trkpt lat="59.445695" lon="24.7945733">
			<ele>31.5</ele>
			<time>2026-05-21T23:20:12Z</time>
		</trkpt>
		<trkpt lat="59.445615" lon="24.7944033">
			<ele>32.4</ele>
			<time>2026-05-21T23:20:13Z</time>
		</trkpt>
		<trkpt lat="59.44553" lon="24.794235">
			<ele>33.6</ele>
			<time>2026-05-21T23:20:14Z</time>
		</trkpt>
		<trkpt lat="59.4454567" lon="24.7940633">
			<ele>34.8</ele>
			<time>2026-05-21T23:20:15Z</time>
		</trkpt>
		<trkpt lat="59.44539" lon="24.793885">
			<ele>36</ele>
			<time>2026-05-21T23:20:16Z</time>
		</trkpt>
		<trkpt lat="59.4453267" lon="24.7937017">
			<ele>37.3</ele>
			<time>2026-05-21T23:20:17Z</time>
		</trkpt>
		<trkpt lat="59.4452583" lon="24.7935167">
			<ele>38.6</ele>
			<time>2026-05-21T23:20:18Z</time>
		</trkpt>
		<trkpt lat="59.445185" lon="24.7933417">
			<ele>40.1</ele>
			<time>2026-05-21T23:20:19Z</time>
		</trkpt>
		<trkpt lat="59.4451033" lon="24.7932033">
			<ele>41.1</ele>
			<time>2026-05-21T23:20:20Z</time>
		</trkpt>
		<trkpt lat="59.4450017" lon="24.7931267">
			<ele>41.9</ele>
			<time>2026-05-21T23:20:21Z</time>
		</trkpt>
		<trkpt lat="59.44489" lon="24.79312">
			<ele>42.2</ele>
			<time>2026-05-21T23:20:22Z</time>
		</trkpt>
		<trkpt lat="59.4447717" lon="24.7931917">
			<ele>42.2</ele>
			<time>2026-05-21T23:20:23Z</time>
		</trkpt>
		<trkpt lat="59.4446567" lon="24.79329">
			<ele>42.2</ele>
			<time>2026-05-21T23:20:24Z</time>
		</trkpt>
		<trkpt lat="59.4445417" lon="24.7933767">
			<ele>42.4</ele>
			<time>2026-05-21T23:20:25Z</time>
		</trkpt>
		<trkpt lat="59.4444317" lon="24.7934083">
			<ele>43.1</ele>
			<time>2026-05-21T23:20:26Z</time>
		</trkpt>
		<trkpt lat="59.444325" lon="24.7933717">
			<ele>44.2</ele>
			<time>2026-05-21T23:20:27Z</time>
		</trkpt>
		<trkpt lat="59.44423" lon="24.7932867">
			<ele>45.3</ele>
			<time>2026-05-21T23:20:28Z</time>
		</trkpt>
		<trkpt lat="59.4441433" lon="24.793175">
			<ele>45.6</ele>
			<time>2026-05-21T23:20:29Z</time>
		</trkpt>
		<trkpt lat="59.4440633" lon="24.793035">
			<ele>45.9</ele>
			<time>2026-05-21T23:20:30Z</time>
		</trkpt>
		<trkpt lat="59.4440067" lon="24.79285">
			<ele>45.4</ele>
			<time>2026-05-21T23:20:31Z</time>
		</trkpt>
		<trkpt lat="59.4439717" lon="24.7926333">
			<ele>45.4</ele>
			<time>2026-05-21T23:20:32Z</time>
		</trkpt>
		<trkpt lat="59.44396" lon="24.7924083">
			<ele>45</ele>
			<time>2026-05-21T23:20:33Z</time>
		</trkpt>
		<trkpt lat="59.4439667" lon="24.7921833">
			<ele>45.7</ele>
			<time>2026-05-21T23:20:34Z</time>
		</trkpt>
		<trkpt lat="59.444" lon="24.7919733">
			<ele>45.5</ele>
			<time>2026-05-21T23:20:35Z</time>
		</trkpt>
		<trkpt lat="59.44406" lon="24.7917833">
			<ele>45</ele>
			<time>2026-05-21T23:20:36Z</time>
		</trkpt>
		<trkpt lat="59.444145" lon="24.7916333">
			<ele>44.6</ele>
			<time>2026-05-21T23:20:37Z</time>
		</trkpt>
		<trkpt lat="59.444245" lon="24.791535">
			<ele>44.5</ele>
			<time>2026-05-21T23:20:38Z</time>
		</trkpt>
		<trkpt lat="59.4443583" lon="24.7914983">
			<ele>44.4</ele>
			<time>2026-05-21T23:20:39Z</time>
		</trkpt>
		<trkpt lat="59.444475" lon="24.791495">
			<ele>44.3</ele>
			<time>2026-05-21T23:20:40Z</time>
		</trkpt>
		<trkpt lat="59.44458" lon="24.7915617">
			<ele>44.4</ele>
			<time>2026-05-21T23:20:41Z</time>
		</trkpt>
		<trkpt lat="59.4446767" lon="24.791685">
			<ele>44.4</ele>
			<time>2026-05-21T23:20:42Z</time>
		</trkpt>
		<trkpt lat="59.4447433" lon="24.791855">
			<ele>44.3</ele>
			<time>2026-05-21T23:20:43Z</time>
		</trkpt>
		<trkpt lat="59.4447517" lon="24.7920967">
			<ele>43.9</ele>
			<time>2026-05-21T23:20:44Z</time>
		</trkpt>
		<trkpt lat="59.4447167" lon="24.7923583">
			<ele>43.6</ele>
			<time>2026-05-21T23:20:45Z</time>
		</trkpt>
		<trkpt lat="59.44464" lon="24.7926217">
			<ele>43</ele>
			<time>2026-05-21T23:20:46Z</time>
		</trkpt>
		<trkpt lat="59.444575" lon="24.792845">
			<ele>43</ele>
			<time>2026-05-21T23:20:47Z</time>
		</trkpt>
		<trkpt lat="59.44452" lon="24.7930433">
			<ele>43.2</ele>
			<time>2026-05-21T23:20:48Z</time>
		</trkpt>
		<trkpt lat="59.444475" lon="24.793235">
			<ele>42.7</ele>
			<time>2026-05-21T23:20:49Z</time>
		</trkpt>
		<trkpt lat="59.4444467" lon="24.7934383">
			<ele>42</ele>
			<time>2026-05-21T23:20:50Z</time>
		</trkpt>
		<trkpt lat="59.4444333" lon="24.7936633">
			<ele>40.8</ele>
			<time>2026-05-21T23:20:51Z</time>
		</trkpt>
		<trkpt lat="59.4444383" lon="24.7939033">
			<ele>39.2</ele>
			<time>2026-05-21T23:20:52Z</time>
		</trkpt>
		<trkpt lat="59.44446" lon="24.7941383">
			<ele>37.8</ele>
			<time>2026-05-21T23:20:53Z</time>
		</trkpt>
		<trkpt lat="59.444495" lon="24.7943567">
			<ele>36.4</ele>
			<time>2026-05-21T23:20:54Z</time>
		</trkpt>
		<trkpt lat="59.44454" lon="24.7945517">
			<ele>35.2</ele>
			<time>2026-05-21T23:20:55Z</time>
		</trkpt>
		<trkpt lat="59.444595" lon="24.794725">
			<ele>33.9</ele>
			<time>2026-05-21T23:20:56Z</time>
		</trkpt>
		<trkpt lat="59.4446567" lon="24.7948867">
			<ele>32</ele>
			<time>2026-05-21T23:20:57Z</time>
		</trkpt>
		<trkpt lat="59.444725" lon="24.7950517">
			<ele>30</ele>
			<time>2026-05-21T23:20:58Z</time>
		</trkpt>
		<trkpt lat="59.4447983" lon="24.7952217">
			<ele>28.2</ele>
			<time>2026-05-21T23:20:59Z</time>
		</trkpt>
		<trkpt lat="59.44487" lon="24.7953983">
			<ele>27</ele>
			<time>2026-05-21T23:21:00Z</time>
		</trkpt>
		<trkpt lat="59.4449367" lon="24.7955667">
			<ele>26.3</ele>
			<time>2026-05-21T23:21:01Z</time>
		</trkpt>
		<trkpt lat="59.445" lon="24.7957283">
			<ele>25.9</ele>
			<time>2026-05-21T23:21:02Z</time>
		</trkpt>
		<trkpt lat="59.4450583" lon="24.7958917">
			<ele>25.7</ele>
			<time>2026-05-21T23:21:03Z</time>
		</trkpt>
		<trkpt lat="59.4451133" lon="24.7960517">
			<ele>25.7</ele>
			<time>2026-05-21T23:21:04Z</time>
		</trkpt>
		<trkpt lat="59.4451683" lon="24.7962183">
			<ele>25.3</ele>
			<time>2026-05-21T23:21:05Z</time>
		</trkpt>
		<trkpt lat="59.4452233" lon="24.7963917">
			<ele>25.4</ele>
			<time>2026-05-21T23:21:06Z</time>
		</trkpt>
		<trkpt lat="59.44528" lon="24.7965733">
			<ele>25.5</ele>
			<time>2026-05-21T23:21:07Z</time>
		</trkpt>
		<trkpt lat="59.44534" lon="24.796745">
			<ele>25.5</ele>
			<time>2026-05-21T23:21:08Z</time>
		</trkpt>
		<trkpt lat="59.4454083" lon="24.7969117">
			<ele>25.5</ele>
			<time>2026-05-21T23:21:09Z</time>
		</trkpt>
		<trkpt lat="59.4454817" lon="24.7970633">
			<ele>25.3</ele>
			<time>2026-05-21T23:21:10Z</time>
		</trkpt>
		<trkpt lat="59.44556" lon="24.797185">
			<ele>25</ele>
			<time>2026-05-21T23:21:11Z</time>
		</trkpt>
		<trkpt lat="59.4456517" lon="24.7972467">
			<ele>24.6</ele>
			<time>2026-05-21T23:21:12Z</time>
		</trkpt>
		<trkpt lat="59.4457617" lon="24.797245">
			<ele>24.5</ele>
			<time>2026-05-21T23:21:13Z</time>
		</trkpt>
		<trkpt lat="59.4458817" lon="24.7972083">
			<ele>25.1</ele>
			<time>2026-05-21T23:21:14Z</time>
		</trkpt>
		<trkpt lat="59.445995" lon="24.7971883">
			<ele>25.3</ele>
			<time>2026-05-21T23:21:15Z</time>
		</trkpt>
		<trkpt lat="59.446105" lon="24.7972233">
			<ele>26.8</ele>
			<time>2026-05-21T23:21:16Z</time>
		</trkpt>
		<trkpt lat="59.4462017" lon="24.7973283">
			<ele>28.1</ele>
			<time>2026-05-21T23:21:17Z</time>
		</trkpt>
		<trkpt lat="59.4462733" lon="24.7974983">
			<ele>28.7</ele>
			<time>2026-05-21T23:21:18Z</time>
		</trkpt>
		<trkpt lat="59.446325" lon="24.7977133">
			<ele>29.6</ele>
			<time>2026-05-21T23:21:19Z</time>
		</trkpt>
		<trkpt lat="59.44636" lon="24.7979367">
			<ele>30.7</ele>
			<time>2026-05-21T23:21:20Z</time>
		</trkpt>
		<trkpt lat="59.44639" lon="24.7981467">
			<ele>31.8</ele>
			<time>2026-05-21T23:21:21Z</time>
		</trkpt>
		<trkpt lat="59.446425" lon="24.7983267">
			<ele>32.8</ele>
			<time>2026-05-21T23:21:22Z</time>
		</trkpt>
		<trkpt lat="59.446465" lon="24.798475">
			<ele>33.2</ele>
			<time>2026-05-21T23:21:23Z</time>
		</trkpt>
		<trkpt lat="59.4465067" lon="24.7986233">
			<ele>33.6</ele>
			<time>2026-05-21T23:21:24Z</time>
		</trkpt>
		<trkpt lat="59.44655" lon="24.79881">
			<ele>33.1</ele>
			<time>2026-05-21T23:21:25Z</time>
		</trkpt>
		<trkpt lat="59.4465967" lon="24.7990267">
			<ele>32.4</ele>
			<time>2026-05-21T23:21:26Z</time>
		</trkpt>
		<trkpt lat="59.446655" lon="24.7992467">
			<ele>31.7</ele>
			<time>2026-05-21T23:21:27Z</time>
		</trkpt>
		<trkpt lat="59.4467383" lon="24.7994167">
			<ele>31.7</ele>
			<time>2026-05-21T23:21:28Z</time>
		</trkpt>
		<trkpt lat="59.4468483" lon="24.7995067">
			<ele>31.1</ele>
			<time>2026-05-21T23:21:29Z</time>
		</trkpt>
		<trkpt lat="59.4469633" lon="24.7995383">
			<ele>32.1</ele>
			<time>2026-05-21T23:21:30Z</time>
		</trkpt>
		<trkpt lat="59.4470733" lon="24.7995767">
			<ele>32.1</ele>
			<time>2026-05-21T23:21:31Z</time>
		</trkpt>
		<trkpt lat="59.4471717" lon="24.7996533">
			<ele>32</ele>
			<time>2026-05-21T23:21:32Z</time>
		</trkpt>
		<trkpt lat="59.4472517" lon="24.7997867">
			<ele>31.4</ele>
			<time>2026-05-21T23:21:33Z</time>
		</trkpt>
		<trkpt lat="59.447295" lon="24.8000083">
			<ele>30.8</ele>
			<time>2026-05-21T23:21:34Z</time>
		</trkpt>
		<trkpt lat="59.4473133" lon="24.80026">
			<ele>30.8</ele>
			<time>2026-05-21T23:21:35Z</time>
		</trkpt>
		<trkpt lat="59.4473383" lon="24.8004917">
			<ele>30.2</ele>
			<time>2026-05-21T23:21:36Z</time>
		</trkpt>
		<trkpt lat="59.44739" lon="24.80067">
			<ele>30.1</ele>
			<time>2026-05-21T23:21:37Z</time>
		</trkpt>
		<trkpt lat="59.44747" lon="24.8007967">
			<ele>29.4</ele>
			<time>2026-05-21T23:21:38Z</time>
		</trkpt>
		<trkpt lat="59.4475717" lon="24.80088">
			<ele>28.4</ele>
			<time>2026-05-21T23:21:39Z</time>
		</trkpt>
		<trkpt lat="59.4476783" lon="24.80095">
			<ele>28</ele>
			<time>2026-05-21T23:21:40Z</time>
		</trkpt>
		<trkpt lat="59.4477767" lon="24.80106">
			<ele>27.4</ele>
			<time>2026-05-21T23:21:41Z</time>
		</trkpt>
		<trkpt lat="59.44785" lon="24.8012483">
			<ele>26.4</ele>
			<time>2026-05-21T23:21:42Z</time>
		</trkpt>
		<trkpt lat="59.4479017" lon="24.8014717">
			<ele>25.8</ele>
			<time>2026-05-21T23:21:43Z</time>
		</trkpt>
		<trkpt lat="59.4479567" lon="24.801675">
			<ele>24.8</ele>
			<time>2026-05-21T23:21:44Z</time>
		</trkpt>
		<trkpt lat="59.4480367" lon="24.801825">
			<ele>23.5</ele>
			<time>2026-05-21T23:21:45Z</time>
		</trkpt>
		<trkpt lat="59.4481467" lon="24.80188">
			<ele>22.3</ele>
			<time>2026-05-21T23:21:46Z</time>
		</trkpt>
		<trkpt lat="59.4482683" lon="24.8018867">
			<ele>23</ele>
			<time>2026-05-21T23:21:47Z</time>
		</trkpt>
		<trkpt lat="59.4483867" lon="24.8018983">
			<ele>23.9</ele>
			<time>2026-05-21T23:21:48Z</time>
		</trkpt>
		<trkpt lat="59.44849" lon="24.8019617">
			<ele>23.8</ele>
			<time>2026-05-21T23:21:49Z</time>
		</trkpt>
		<trkpt lat="59.448575" lon="24.802105">
			<ele>24.1</ele>
			<time>2026-05-21T23:21:50Z</time>
		</trkpt>
		<trkpt lat="59.4486217" lon="24.8023267">
			<ele>24.3</ele>
			<time>2026-05-21T23:21:51Z</time>
		</trkpt>
		<trkpt lat="59.44866" lon="24.802555">
			<ele>24.4</ele>
			<time>2026-05-21T23:21:52Z</time>
		</trkpt>
		<trkpt lat="59.448725" lon="24.80275">
			<ele>24.5</ele>
			<time>2026-05-21T23:21:53Z</time>
		</trkpt>
		<trkpt lat="59.4488183" lon="24.8028667">
			<ele>24.3</ele>
			<time>2026-05-21T23:21:54Z</time>
		</trkpt>
		<trkpt lat="59.4489283" lon="24.80292">
			<ele>24.8</ele>
			<time>2026-05-21T23:21:55Z</time>
		</trkpt>
		<trkpt lat="59.4490467" lon="24.802945">
			<ele>25.5</ele>
			<time>2026-05-21T23:21:56Z</time>
		</trkpt>
		<trkpt lat="59.4491533" lon="24.80301">
			<ele>26.4</ele>
			<time>2026-05-21T23:21:57Z</time>
		</trkpt>
		<trkpt lat="59.4492383" lon="24.8031417">
			<ele>25.9</ele>
			<time>2026-05-21T23:21:58Z</time>
		</trkpt>
		<trkpt lat="59.4493" lon="24.8033433">
			<ele>25.6</ele>
			<time>2026-05-21T23:21:59Z</time>
		</trkpt>
		<trkpt lat="59.4493383" lon="24.803575">
			<ele>25.5</ele>
			<time>2026-05-21T23:22:00Z</time>
		</trkpt>
		<trkpt lat="59.4493833" lon="24.8037883">
			<ele>25.6</ele>
			<time>2026-05-21T23:22:01Z</time>
		</trkpt>
		<trkpt lat="59.4494617" lon="24.8039467">
			<ele>25.5</ele>
			<time>2026-05-21T23:22:02Z</time>
		</trkpt>
		<trkpt lat="59.4495633" lon="24.804035">
			<ele>25.1</ele>
			<time>2026-05-21T23:22:03Z</time>
		</trkpt>
		<trkpt lat="59.44968" lon="24.8040767">
			<ele>25.4</ele>
			<time>2026-05-21T23:22:04Z</time>
		</trkpt>
		<trkpt lat="59.4497967" lon="24.8041233">
			<ele>25.2</ele>
			<time>2026-05-21T23:22:05Z</time>
		</trkpt>
		<trkpt lat="59.4498983" lon="24.804215">
			<ele>26.2</ele>
			<time>2026-05-21T23:22:06Z</time>
		</trkpt>
		<trkpt lat="59.4499717" lon="24.8043583">
			<ele>26.1</ele>
			<time>2026-05-21T23:22:07Z</time>
		</trkpt>
		<trkpt lat="59.4500333" lon="24.804525">
			<ele>26.3</ele>
			<time>2026-05-21T23:22:08Z</time>
		</trkpt>
		<trkpt lat="59.4500917" lon="24.80469">
			<ele>26.9</ele>
			<time>2026-05-21T23:22:09Z</time>
		</trkpt>
		<trkpt lat="59.4501567" lon="24.8048367">
			<ele>26.9</ele>
			<time>2026-05-21T23:22:10Z</time>
		</trkpt>
		<trkpt lat="59.45023" lon="24.8049667">
			<ele>26.3</ele>
			<time>2026-05-21T23:22:11Z</time>
		</trkpt>
		<trkpt lat="59.450315" lon="24.8050867">
			<ele>26</ele>
			<time>2026-05-21T23:22:12Z</time>
		</trkpt>
		<trkpt lat="59.4504117" lon="24.8051983">
			<ele>25.4</ele>
			<time>2026-05-21T23:22:13Z</time>
		</trkpt>
		<trkpt lat="59.4505117" lon="24.80531">
			<ele>25.3</ele>
			<time>2026-05-21T23:22:14Z</time>
		</trkpt>
		<trkpt lat="59.4506083" lon="24.8054217">
			<ele>25.1</ele>
			<time>2026-05-21T23:22:15Z</time>
		</trkpt>
		<trkpt lat="59.4507" lon="24.8055317">
			<ele>25.5</ele>
			<time>2026-05-21T23:22:16Z</time>
		</trkpt>
		<trkpt lat="59.4507883" lon="24.8056267">
			<ele>25.4</ele>
			<time>2026-05-21T23:22:17Z</time>
		</trkpt>
		<trkpt lat="59.4508767" lon="24.805705">
			<ele>24.8</ele>
			<time>2026-05-21T23:22:18Z</time>
		</trkpt>
		<trkpt lat="59.4509733" lon="24.8057717">
			<ele>24.3</ele>
			<time>2026-05-21T23:22:19Z</time>
		</trkpt>
		<trkpt lat="59.4510767" lon="24.80583">
			<ele>24.2</ele>
			<time>2026-05-21T23:22:20Z</time>
		</trkpt>
		<trkpt lat="59.4511817" lon="24.805895">
			<ele>23.8</ele>
			<time>2026-05-21T23:22:21Z</time>
		</trkpt>
		<trkpt lat="59.451285" lon="24.8059717">
			<ele>24</ele>
			<time>2026-05-21T23:22:22Z</time>
		</trkpt>
		<trkpt lat="59.4513833" lon="24.8060633">
			<ele>24.7</ele>
			<time>2026-05-21T23:22:23Z</time>
		</trkpt>
		<trkpt lat="59.4514833" lon="24.8061567">
			<ele>25.2</ele>
			<time>2026-05-21T23:22:24Z</time>
		</trkpt>
		<trkpt lat="59.4515833" lon="24.8062467">
			<ele>25.4</ele>
			<time>2026-05-21T23:22:25Z</time>
		</trkpt>
		<trkpt lat="59.45168" lon="24.8063233">
			<ele>25.5</ele>
			<time>2026-05-21T23:22:26Z</time>
		</trkpt>
		<trkpt lat="59.45178" lon="24.8063867">
			<ele>25.5</ele>
			<time>2026-05-21T23:22:27Z</time>
		</trkpt>
		<trkpt lat="59.4518783" lon="24.80645">
			<ele>26.1</ele>
			<time>2026-05-21T23:22:28Z</time>
		</trkpt>
		<trkpt lat="59.451975" lon="24.80652">
			<ele>26.8</ele>
			<time>2026-05-21T23:22:29Z</time>
		</trkpt>
		<trkpt lat="59.4520717" lon="24.80659">
			<ele>27.1</ele>
			<time>2026-05-21T23:22:30Z</time>
		</trkpt>
		<trkpt lat="59.45217" lon="24.80666">
			<ele>27.8</ele>
			<time>2026-05-21T23:22:31Z</time>
		</trkpt>
		<trkpt lat="59.4522683" lon="24.806715">
			<ele>28.5</ele>
			<time>2026-05-21T23:22:32Z</time>
		</trkpt>
		<trkpt lat="59.4523717" lon="24.80676">
			<ele>28.8</ele>
			<time>2026-05-21T23:22:33Z</time>
		</trkpt>
		<trkpt lat="59.4524783" lon="24.806805">
			<ele>29</ele>
			<time>2026-05-21T23:22:34Z</time>
		</trkpt>
		<trkpt lat="59.452585" lon="24.80686">
			<ele>28.4</ele>
			<time>2026-05-21T23:22:35Z</time>
		</trkpt>
		<trkpt lat="59.45269" lon="24.80693">
			<ele>28.4</ele>
			<time>2026-05-21T23:22:36Z</time>
		</trkpt>
		<trkpt lat="59.4527917" lon="24.8070067">
			<ele>27.9</ele>
			<time>2026-05-21T23:22:37Z</time>
		</trkpt>
		<trkpt lat="59.45289" lon="24.80708">
			<ele>26.6</ele>
			<time>2026-05-21T23:22:38Z</time>
		</trkpt>
		<trkpt lat="59.4529867" lon="24.8071483">
			<ele>26</ele>
			<time>2026-05-21T23:22:39Z</time>
		</trkpt>
		<trkpt lat="59.4530817" lon="24.8072117">
			<ele>24.9</ele>
			<time>2026-05-21T23:22:40Z</time>
		</trkpt>
		<trkpt lat="59.4531767" lon="24.8072717">
			<ele>24.5</ele>
			<time>2026-05-21T23:22:41Z</time>
		</trkpt>
		<trkpt lat="59.453275" lon="24.8073333">
			<ele>24.4</ele>
			<time>2026-05-21T23:22:42Z</time>
		</trkpt>
		<trkpt lat="59.4533817" lon="24.8074">
			<ele>24.3</ele>
			<time>2026-05-21T23:22:43Z</time>
		</trkpt>
		<trkpt lat="59.45349" lon="24.8074783">
			<ele>25.3</ele>
			<time>2026-05-21T23:22:44Z</time>
		</trkpt>
		<trkpt lat="59.4535883" lon="24.80758">
			<ele>26.7</ele>
			<time>2026-05-21T23:22:45Z</time>
		</trkpt>
		<trkpt lat="59.4536733" lon="24.8077117">
			<ele>28.4</ele>
			<time>2026-05-21T23:22:46Z</time>
		</trkpt>
		<trkpt lat="59.4537417" lon="24.8078617">
			<ele>30.5</ele>
			<time>2026-05-21T23:22:47Z</time>
		</trkpt>
		<trkpt lat="59.453795" lon="24.8080283">
			<ele>32.4</ele>
			<time>2026-05-21T23:22:48Z</time>
		</trkpt>
		<trkpt lat="59.453825" lon="24.8082133">
			<ele>34.6</ele>
			<time>2026-05-21T23:22:49Z</time>
		</trkpt>
		<trkpt lat="59.4538383" lon="24.8084067">
			<ele>35.7</ele>
			<time>2026-05-21T23:22:50Z</time>
		</trkpt>
		<trkpt lat="59.4538433" lon="24.808605">
			<ele>36.7</ele>
			<time>2026-05-21T23:22:51Z</time>
		</trkpt>
		<trkpt lat="59.45385" lon="24.808805">
			<ele>37.1</ele>
			<time>2026-05-21T23:22:52Z</time>
		</trkpt>
		<trkpt lat="59.45387" lon="24.8090083">
			<ele>37.6</ele>
			<time>2026-05-21T23:22:53Z</time>
		</trkpt>
		<trkpt lat="59.4539067" lon="24.8092183">
			<ele>37.2</ele>
			<time>2026-05-21T23:22:54Z</time>
		</trkpt>
		<trkpt lat="59.453965" lon="24.8094267">
			<ele>36.4</ele>
			<time>2026-05-21T23:22:55Z</time>
		</trkpt>
		<trkpt lat="59.45404" lon="24.8096117">
			<ele>36</ele>
			<time>2026-05-21T23:22:56Z</time>
		</trkpt>
		<trkpt lat="59.4541183" lon="24.8097817">
			<ele>35.3</ele>
			<time>2026-05-21T23:22:57Z</time>
		</trkpt>
		<trkpt lat="59.4541933" lon="24.8099367">
			<ele>34.9</ele>
			<time>2026-05-21T23:22:58Z</time>
		</trkpt>
		<trkpt lat="59.4542667" lon="24.8100933">
			<ele>34.3</ele>
			<time>2026-05-21T23:22:59Z</time>
		</trkpt>
		<trkpt lat="59.45434" lon="24.810255">
			<ele>33.3</ele>
			<time>2026-05-21T23:23:00Z</time>
		</trkpt>
		<trkpt lat="59.45441" lon="24.81042">
			<ele>32.9</ele>
			<time>2026-05-21T23:23:01Z</time>
		</trkpt>
		<trkpt lat="59.4544833" lon="24.8105833">
			<ele>32.3</ele>
			<time>2026-05-21T23:23:02Z</time>
		</trkpt>
		<trkpt lat="59.4545567" lon="24.8107433">
			<ele>32</ele>
			<time>2026-05-21T23:23:03Z</time>
		</trkpt>
		<trkpt lat="59.4546267" lon="24.8109">
			<ele>31.8</ele>
			<time>2026-05-21T23:23:04Z</time>
		</trkpt>
		<trkpt lat="59.4546883" lon="24.8110567">
			<ele>31.6</ele>
			<time>2026-05-21T23:23:05Z</time>
		</trkpt>
		<trkpt lat="59.4547533" lon="24.8112117">
			<ele>31.3</ele>
			<time>2026-05-21T23:23:06Z</time>
		</trkpt>
		<trkpt lat="59.4548233" lon="24.8113633">
			<ele>31.2</ele>
			<time>2026-05-21T23:23:07Z</time>
		</trkpt>
		<trkpt lat="59.4549017" lon="24.8115133">
			<ele>31.3</ele>
			<time>2026-05-21T23:23:08Z</time>
		</trkpt>
		<trkpt lat="59.454985" lon="24.8116617">
			<ele>31.6</ele>
			<time>2026-05-21T23:23:09Z</time>
		</trkpt>
		<trkpt lat="59.45507" lon="24.8117983">
			<ele>32.5</ele>
			<time>2026-05-21T23:23:10Z</time>
		</trkpt>
		<trkpt lat="59.4551583" lon="24.811915">
			<ele>33.8</ele>
			<time>2026-05-21T23:23:11Z</time>
		</trkpt>
		<trkpt lat="59.45525" lon="24.812005">
			<ele>35.5</ele>
			<time>2026-05-21T23:23:12Z</time>
		</trkpt>
		<trkpt lat="59.4553417" lon="24.8120633">
			<ele>37.2</ele>
			<time>2026-05-21T23:23:13Z</time>
		</trkpt>
		<trkpt lat="59.4554383" lon="24.812095">
			<ele>39.1</ele>
			<time>2026-05-21T23:23:14Z</time>
		</trkpt>
		<trkpt lat="59.455535" lon="24.8120817">
			<ele>40.3</ele>
			<time>2026-05-21T23:23:15Z</time>
		</trkpt>
		<trkpt lat="59.4556283" lon="24.8120183">
			<ele>40.5</ele>
			<time>2026-05-21T23:23:16Z</time>
		</trkpt>
		<trkpt lat="59.4557167" lon="24.811905">
			<ele>41</ele>
			<time>2026-05-21T23:23:17Z</time>
		</trkpt>
		<trkpt lat="59.4558" lon="24.81175">
			<ele>42.5</ele>
			<time>2026-05-21T23:23:18Z</time>
		</trkpt>
		<trkpt lat="59.4558733" lon="24.81157">
			<ele>44.5</ele>
			<time>2026-05-21T23:23:19Z</time>
		</trkpt>
		<trkpt lat="59.4559383" lon="24.811385">
			<ele>46</ele>
			<time>2026-05-21T23:23:20Z</time>
		</trkpt>
		<trkpt lat="59.4559983" lon="24.8112117">
			<ele>47.4</ele>
			<time>2026-05-21T23:23:21Z</time>
		</trkpt>
		<trkpt lat="59.4560617" lon="24.8110683">
			<ele>48.7</ele>
			<time>2026-05-21T23:23:22Z</time>
		</trkpt>
		<trkpt lat="59.4561317" lon="24.8109633">
			<ele>49.4</ele>
			<time>2026-05-21T23:23:23Z</time>
		</trkpt>
		<trkpt lat="59.456245" lon="24.81095">
			<ele>49.3</ele>
			<time>2026-05-21T23:23:24Z</time>
		</trkpt>
		<trkpt lat="59.4563617" lon="24.8110017">
			<ele>48.5</ele>
			<time>2026-05-21T23:23:25Z</time>
		</trkpt>
		<trkpt lat="59.4564833" lon="24.8111033">
			<ele>48.2</ele>
			<time>2026-05-21T23:23:26Z</time>
		</trkpt>
		<trkpt lat="59.4565967" lon="24.811215">
			<ele>49.2</ele>
			<time>2026-05-21T23:23:27Z</time>
		</trkpt>
		<trkpt lat="59.4566933" lon="24.8113067">
			<ele>50.5</ele>
			<time>2026-05-21T23:23:28Z</time>
		</trkpt>
		<trkpt lat="59.4567767" lon="24.8113783">
			<ele>51.7</ele>
			<time>2026-05-21T23:23:29Z</time>
		</trkpt>
		<trkpt lat="59.4568567" lon="24.8114367">
			<ele>52</ele>
			<time>2026-05-21T23:23:30Z</time>
		</trkpt>
		<trkpt lat="59.4569417" lon="24.8114917">
			<ele>51.6</ele>
			<time>2026-05-21T23:23:31Z</time>
		</trkpt>
		<trkpt lat="59.4570433" lon="24.81156">
			<ele>50.8</ele>
			<time>2026-05-21T23:23:32Z</time>
		</trkpt>
		<trkpt lat="59.4571533" lon="24.8116417">
			<ele>50.2</ele>
			<time>2026-05-21T23:23:33Z</time>
		</trkpt>
		<trkpt lat="59.4572633" lon="24.811735">
			<ele>50</ele>
			<time>2026-05-21T23:23:34Z</time>
		</trkpt>
		<trkpt lat="59.45736" lon="24.81184">
			<ele>50.5</ele>
			<time>2026-05-21T23:23:35Z</time>
		</trkpt>
		<trkpt lat="59.45745" lon="24.811945">
			<ele>51.2</ele>
			<time>2026-05-21T23:23:36Z</time>
		</trkpt>
		<trkpt lat="59.4575333" lon="24.812045">
			<ele>51.8</ele>
			<time>2026-05-21T23:23:37Z</time>
		</trkpt>
		<trkpt lat="59.4576183" lon="24.8121383">
			<ele>52</ele>
			<time>2026-05-21T23:23:38Z</time>
		</trkpt>
		<trkpt lat="59.4577083" lon="24.8122383">
			<ele>52.2</ele>
			<time>2026-05-21T23:23:39Z</time>
		</trkpt>
		<trkpt lat="59.4577983" lon="24.8123517">
			<ele>52.1</ele>
			<time>2026-05-21T23:23:40Z</time>
		</trkpt>
		<trkpt lat="59.4578833" lon="24.81248">
			<ele>51.9</ele>
			<time>2026-05-21T23:23:41Z</time>
		</trkpt>
		<trkpt lat="59.4579683" lon="24.8126167">
			<ele>51.9</ele>
			<time>2026-05-21T23:23:42Z</time>
		</trkpt>
		<trkpt lat="59.4580517" lon="24.8127483">
			<ele>52.2</ele>
			<time>2026-05-21T23:23:43Z</time>
		</trkpt>
		<trkpt lat="59.4581333" lon="24.8128783">
			<ele>52.2</ele>
			<time>2026-05-21T23:23:44Z</time>
		</trkpt>
		<trkpt lat="59.4582183" lon="24.8130017">
			<ele>52</ele>
			<time>2026-05-21T23:23:45Z</time>
		</trkpt>
		<trkpt lat="59.4583017" lon="24.8131333">
			<ele>52</ele>
			<time>2026-05-21T23:23:46Z</time>
		</trkpt>
		<trkpt lat="59.458385" lon="24.81327">
			<ele>51.7</ele>
			<time>2026-05-21T23:23:47Z</time>
		</trkpt>
		<trkpt lat="59.4584683" lon="24.8134117">
			<ele>51.5</ele>
			<time>2026-05-21T23:23:48Z</time>
		</trkpt>
		<trkpt lat="59.4585483" lon="24.813555">
			<ele>51.5</ele>
			<time>2026-05-21T23:23:49Z</time>
		</trkpt>
		<trkpt lat="59.45863" lon="24.8136867">
			<ele>51.6</ele>
			<time>2026-05-21T23:23:50Z</time>
		</trkpt>
		<trkpt lat="59.45871" lon="24.8138033">
			<ele>51.3</ele>
			<time>2026-05-21T23:23:51Z</time>
		</trkpt>
		<trkpt lat="59.458795" lon="24.813915">
			<ele>51</ele>
			<time>2026-05-21T23:23:52Z</time>
		</trkpt>
		<trkpt lat="59.4588833" lon="24.81402">
			<ele>50.7</ele>
			<time>2026-05-21T23:23:53Z</time>
		</trkpt>
		<trkpt lat="59.4589783" lon="24.8141133">
			<ele>50.4</ele>
			<time>2026-05-21T23:23:54Z</time>
		</trkpt>
		<trkpt lat="59.459075" lon="24.814175">
			<ele>49.9</ele>
			<time>2026-05-21T23:23:55Z</time>
		</trkpt>
		<trkpt lat="59.4591783" lon="24.8142017">
			<ele>49.4</ele>
			<time>2026-05-21T23:23:56Z</time>
		</trkpt>
		<trkpt lat="59.459285" lon="24.8142">
			<ele>49</ele>
			<time>2026-05-21T23:23:57Z</time>
		</trkpt>
		<trkpt lat="59.459395" lon="24.8141867">
			<ele>48.7</ele>
			<time>2026-05-21T23:23:58Z</time>
		</trkpt>
		<trkpt lat="59.4595033" lon="24.8141917">
			<ele>48.3</ele>
			<time>2026-05-21T23:23:59Z</time>
		</trkpt>
		<trkpt lat="59.459605" lon="24.8142517">
			<ele>47</ele>
			<time>2026-05-21T23:24:00Z</time>
		</trkpt>
		<trkpt lat="59.4596983" lon="24.814375">
			<ele>45.9</ele>
			<time>2026-05-21T23:24:01Z</time>
		</trkpt>
		<trkpt lat="59.4597733" lon="24.8145467">
			<ele>45</ele>
			<time>2026-05-21T23:24:02Z</time>
		</trkpt>
		<trkpt lat="59.4598417" lon="24.8147283">
			<ele>44</ele>
			<time>2026-05-21T23:24:03Z</time>
		</trkpt>
		<trkpt lat="59.45991" lon="24.8148983">
			<ele>43.4</ele>
			<time>2026-05-21T23:24:04Z</time>
		</trkpt>
		<trkpt lat="59.4599817" lon="24.8150483">
			<ele>42.9</ele>
			<time>2026-05-21T23:24:05Z</time>
		</trkpt>
		<trkpt lat="59.4600567" lon="24.8151867">
			<ele>42.3</ele>
			<time>2026-05-21T23:24:06Z</time>
		</trkpt>
		<trkpt lat="59.460135" lon="24.8153267">
			<ele>41.8</ele>
			<time>2026-05-21T23:24:07Z</time>
		</trkpt>
		<trkpt lat="59.4602083" lon="24.81548">
			<ele>41</ele>
			<time>2026-05-21T23:24:08Z</time>
		</trkpt>
		<trkpt lat="59.4602867" lon="24.815645">
			<ele>40.1</ele>
			<time>2026-05-21T23:24:09Z</time>
		</trkpt>
		<trkpt lat="59.4603633" lon="24.8158017">
			<ele>39.3</ele>
			<time>2026-05-21T23:24:10Z</time>
		</trkpt>
		<trkpt lat="59.4604417" lon="24.8159483">
			<ele>38.2</ele>
			<time>2026-05-21T23:24:11Z</time>
		</trkpt>
		<trkpt lat="59.4605217" lon="24.81608">
			<ele>37.5</ele>
			<time>2026-05-21T23:24:12Z</time>
		</trkpt>
		<trkpt lat="59.4606067" lon="24.8161883">
			<ele>37.2</ele>
			<time>2026-05-21T23:24:13Z</time>
		</trkpt>
		<trkpt lat="59.4607033" lon="24.816265">
			<ele>37.1</ele>
			<time>2026-05-21T23:24:14Z</time>
		</trkpt>
		<trkpt lat="59.460805" lon="24.8163033">
			<ele>37.2</ele>
			<time>2026-05-21T23:24:15Z</time>
		</trkpt>
		<trkpt lat="59.4609117" lon="24.816295">
			<ele>37.4</ele>
			<time>2026-05-21T23:24:16Z</time>
		</trkpt>
		<trkpt lat="59.461015" lon="24.816245">
			<ele>37.7</ele>
			<time>2026-05-21T23:24:17Z</time>
		</trkpt>
		<trkpt lat="59.4611117" lon="24.816165">
			<ele>37.7</ele>
			<time>2026-05-21T23:24:18Z</time>
		</trkpt>
		<trkpt lat="59.461205" lon="24.816075">
			<ele>37.3</ele>
			<time>2026-05-21T23:24:19Z</time>
		</trkpt>
		<trkpt lat="59.4613" lon="24.8159983">
			<ele>36.2</ele>
			<time>2026-05-21T23:24:20Z</time>
		</trkpt>
		<trkpt lat="59.4614" lon="24.8159433">
			<ele>35.6</ele>
			<time>2026-05-21T23:24:21Z</time>
		</trkpt>
		<trkpt lat="59.461505" lon="24.81592">
			<ele>35.3</ele>
			<time>2026-05-21T23:24:22Z</time>
		</trkpt>
		<trkpt lat="59.4616117" lon="24.8159433">
			<ele>34.7</ele>
			<time>2026-05-21T23:24:23Z</time>
		</trkpt>
		<trkpt lat="59.4617067" lon="24.8160317">
			<ele>33.3</ele>
			<time>2026-05-21T23:24:24Z</time>
		</trkpt>
		<trkpt lat="59.46179" lon="24.8161767">
			<ele>32.9</ele>
			<time>2026-05-21T23:24:25Z</time>
		</trkpt>
		<trkpt lat="59.46185" lon="24.8163583">
			<ele>32.3</ele>
			<time>2026-05-21T23:24:26Z</time>
		</trkpt>
		<trkpt lat="59.461895" lon="24.8165533">
			<ele>32.5</ele>
			<time>2026-05-21T23:24:27Z</time>
		</trkpt>
		<trkpt lat="59.46194" lon="24.8167383">
			<ele>32.6</ele>
			<time>2026-05-21T23:24:28Z</time>
		</trkpt>
		<trkpt lat="59.4619933" lon="24.8169067">
			<ele>33</ele>
			<time>2026-05-21T23:24:29Z</time>
		</trkpt>
		<trkpt lat="59.462055" lon="24.8170567">
			<ele>32.9</ele>
			<time>2026-05-21T23:24:30Z</time>
		</trkpt>
		<trkpt lat="59.4621267" lon="24.8172">
			<ele>32.4</ele>
			<time>2026-05-21T23:24:31Z</time>
		</trkpt>
		<trkpt lat="59.4622067" lon="24.8173317">
			<ele>32.3</ele>
			<time>2026-05-21T23:24:32Z</time>
		</trkpt>
		<trkpt lat="59.4622917" lon="24.8174483">
			<ele>32.4</ele>
			<time>2026-05-21T23:24:33Z</time>
		</trkpt>
		<trkpt lat="59.46238" lon="24.8175567">
			<ele>32.5</ele>
			<time>2026-05-21T23:24:34Z</time>
		</trkpt>
		<trkpt lat="59.4624667" lon="24.8176783">
			<ele>32.4</ele>
			<time>2026-05-21T23:24:35Z</time>
		</trkpt>
		<trkpt lat="59.4625467" lon="24.8178183">
			<ele>31.9</ele>
			<time>2026-05-21T23:24:36Z</time>
		</trkpt>
		<trkpt lat="59.4626267" lon="24.8179683">
			<ele>31.5</ele>
			<time>2026-05-21T23:24:37Z</time>
		</trkpt>
		<trkpt lat="59.4627017" lon="24.81812">
			<ele>31.8</ele>
			<time>2026-05-21T23:24:38Z</time>
		</trkpt>
		<trkpt lat="59.4627817" lon="24.818265">
			<ele>32.2</ele>
			<time>2026-05-21T23:24:39Z</time>
		</trkpt>
		<trkpt lat="59.4628617" lon="24.8183933">
			<ele>33.2</ele>
			<time>2026-05-21T23:24:40Z</time>
		</trkpt>
		<trkpt lat="59.4629417" lon="24.8184967">
			<ele>34.2</ele>
			<time>2026-05-21T23:24:41Z</time>
		</trkpt>
		<trkpt lat="59.4630217" lon="24.8185867">
			<ele>34.7</ele>
			<time>2026-05-21T23:24:42Z</time>
		</trkpt>
		<trkpt lat="59.463105" lon="24.818675">
			<ele>34.6</ele>
			<time>2026-05-21T23:24:43Z</time>
		</trkpt>
		<trkpt lat="59.4631917" lon="24.81878">
			<ele>34.1</ele>
			<time>2026-05-21T23:24:44Z</time>
		</trkpt>
		<trkpt lat="59.46327" lon="24.818925">
			<ele>33.3</ele>
			<time>2026-05-21T23:24:45Z</time>
		</trkpt>
		<trkpt lat="59.4633367" lon="24.8191117">
			<ele>33.2</ele>
			<time>2026-05-21T23:24:46Z</time>
		</trkpt>
		<trkpt lat="59.4633867" lon="24.8193217">
			<ele>33.5</ele>
			<time>2026-05-21T23:24:47Z</time>
		</trkpt>
		<trkpt lat="59.4634283" lon="24.8195333">
			<ele>34.6</ele>
			<time>2026-05-21T23:24:48Z</time>
		</trkpt>
		<trkpt lat="59.463465" lon="24.8197233">
			<ele>35.9</ele>
			<time>2026-05-21T23:24:49Z</time>
		</trkpt>
		<trkpt lat="59.4635183" lon="24.81988">
			<ele>36.7</ele>
			<time>2026-05-21T23:24:50Z</time>
		</trkpt>
		<trkpt lat="59.4635917" lon="24.8200117">
			<ele>36.9</ele>
			<time>2026-05-21T23:24:51Z</time>
		</trkpt>
		<trkpt lat="59.463685" lon="24.8201083">
			<ele>37.2</ele>
			<time>2026-05-21T23:24:52Z</time>
		</trkpt>
		<trkpt lat="59.4637967" lon="24.8201667">
			<ele>36.9</ele>
			<time>2026-05-21T23:24:53Z</time>
		</trkpt>
		<trkpt lat="59.46392" lon="24.8201933">
			<ele>37.4</ele>
			<time>2026-05-21T23:24:54Z</time>
		</trkpt>
		<trkpt lat="59.4640367" lon="24.820195">
			<ele>38.3</ele>
			<time>2026-05-21T23:24:55Z</time>
		</trkpt>
		<trkpt lat="59.4641483" lon="24.8201867">
			<ele>39.8</ele>
			<time>2026-05-21T23:24:56Z</time>
		</trkpt>
		<trkpt lat="59.4642533" lon="24.820185">
			<ele>40.7</ele>
			<time>2026-05-21T23:24:57Z</time>
		</trkpt>
		<trkpt lat="59.46435" lon="24.820205">
			<ele>41.2</ele>
			<time>2026-05-21T23:24:58Z</time>
		</trkpt>
		<trkpt lat="59.4644483" lon="24.8202417">
			<ele>42</ele>
			<time>2026-05-21T23:24:59Z</time>
		</trkpt>
		<trkpt lat="59.46455" lon="24.82029">
			<ele>41.5</ele>
			<time>2026-05-21T23:25:00Z</time>
		</trkpt>
		<trkpt lat="59.464655" lon="24.8203317">
			<ele>40.7</ele>
			<time>2026-05-21T23:25:01Z</time>
		</trkpt>
		<trkpt lat="59.4647583" lon="24.82037">
			<ele>39.6</ele>
			<time>2026-05-21T23:25:02Z</time>
		</trkpt>
		<trkpt lat="59.4648567" lon="24.8204067">
			<ele>39.1</ele>
			<time>2026-05-21T23:25:03Z</time>
		</trkpt>
		<trkpt lat="59.4649517" lon="24.8204433">
			<ele>38.3</ele>
			<time>2026-05-21T23:25:04Z</time>
		</trkpt>
		<trkpt lat="59.4650483" lon="24.8204867">
			<ele>37.4</ele>
			<time>2026-05-21T23:25:05Z</time>
		</trkpt>
		<trkpt lat="59.4651417" lon="24.8205383">
			<ele>35.6</ele>
			<time>2026-05-21T23:25:06Z</time>
		</trkpt>
		<trkpt lat="59.465245" lon="24.8205967">
			<ele>34.1</ele>
			<time>2026-05-21T23:25:07Z</time>
		</trkpt>
		<trkpt lat="59.4653533" lon="24.8206567">
			<ele>33.9</ele>
			<time>2026-05-21T23:25:08Z</time>
		</trkpt>
		<trkpt lat="59.4654567" lon="24.8207217">
			<ele>33.9</ele>
			<time>2026-05-21T23:25:09Z</time>
		</trkpt>
		<trkpt lat="59.465555" lon="24.820795">
			<ele>34.7</ele>
			<time>2026-05-21T23:25:10Z</time>
		</trkpt>
		<trkpt lat="59.46565" lon="24.8208817">
			<ele>35.1</ele>
			<time>2026-05-21T23:25:11Z</time>
		</trkpt>
		<trkpt lat="59.4657383" lon="24.8209917">
			<ele>35.8</ele>
			<time>2026-05-21T23:25:12Z</time>
		</trkpt>
		<trkpt lat="59.465815" lon="24.8211367">
			<ele>36.5</ele>
			<time>2026-05-21T23:25:13Z</time>
		</trkpt>
		<trkpt lat="59.465875" lon="24.8213233">
			<ele>37.2</ele>
			<time>2026-05-21T23:25:14Z</time>
		</trkpt>
		<trkpt lat="59.4659" lon="24.8215517">
			<ele>37.2</ele>
			<time>2026-05-21T23:25:15Z</time>
		</trkpt>
		<trkpt lat="59.4659017" lon="24.8217967">
			<ele>37.6</ele>
			<time>2026-05-21T23:25:16Z</time>
		</trkpt>
		<trkpt lat="59.4658983" lon="24.822035">
			<ele>38.4</ele>
			<time>2026-05-21T23:25:17Z</time>
		</trkpt>
		<trkpt lat="59.4659133" lon="24.822245">
			<ele>39.9</ele>
			<time>2026-05-21T23:25:18Z</time>
		</trkpt>
		<trkpt lat="59.465955" lon="24.82242">
			<ele>39.9</ele>
			<time>2026-05-21T23:25:19Z</time>
		</trkpt>
		<trkpt lat="59.466035" lon="24.8225417">
			<ele>39.7</ele>
			<time>2026-05-21T23:25:20Z</time>
		</trkpt>
		<trkpt lat="59.4661417" lon="24.822605">
			<ele>39.8</ele>
			<time>2026-05-21T23:25:21Z</time>
		</trkpt>
		<trkpt lat="59.46626" lon="24.8225967">
			<ele>40.4</ele>
			<time>2026-05-21T23:25:22Z</time>
		</trkpt>
		<trkpt lat="59.4663633" lon="24.82251">
			<ele>40.7</ele>
			<time>2026-05-21T23:25:23Z</time>
		</trkpt>
		<trkpt lat="59.4664317" lon="24.8223567">
			<ele>39.6</ele>
			<time>2026-05-21T23:25:24Z</time>
		</trkpt>
		<trkpt lat="59.46646" lon="24.8221533">
			<ele>38.4</ele>
			<time>2026-05-21T23:25:25Z</time>
		</trkpt>
		<trkpt lat="59.4664517" lon="24.82193">
			<ele>38.8</ele>
			<time>2026-05-21T23:25:26Z</time>
		</trkpt>
		<trkpt lat="59.4664083" lon="24.8217167">
			<ele>39.6</ele>
			<time>2026-05-21T23:25:27Z</time>
		</trkpt>
		<trkpt lat="59.4663383" lon="24.8215267">
			<ele>40</ele>
			<time>2026-05-21T23:25:28Z</time>
		</trkpt>
		<trkpt lat="59.4662483" lon="24.821375">
			<ele>40.4</ele>
			<time>2026-05-21T23:25:29Z</time>
		</trkpt>
		<trkpt lat="59.4661467" lon="24.8212767">
			<ele>40.7</ele>
			<time>2026-05-21T23:25:30Z</time>
		</trkpt>
		<trkpt lat="59.46603" lon="24.82124">
			<ele>40.8</ele>
			<time>2026-05-21T23:25:31Z</time>
		</trkpt>
		<trkpt lat="59.4659083" lon="24.82127">
			<ele>40.6</ele>
			<time>2026-05-21T23:25:32Z</time>
		</trkpt>
		<trkpt lat="59.46579" lon="24.8213683">
			<ele>40.4</ele>
			<time>2026-05-21T23:25:33Z</time>
		</trkpt>
		<trkpt lat="59.4656817" lon="24.8215133">
			<ele>40.5</ele>
			<time>2026-05-21T23:25:34Z</time>
		</trkpt>
		<trkpt lat="59.4655867" lon="24.8216683">
			<ele>41.3</ele>
			<time>2026-05-21T23:25:35Z</time>
		</trkpt>
		<trkpt lat="59.465495" lon="24.8218117">
			<ele>42.2</ele>
			<time>2026-05-21T23:25:36Z</time>
		</trkpt>
		<trkpt lat="59.4653967" lon="24.8219283">
			<ele>43</ele>
			<time>2026-05-21T23:25:37Z</time>
		</trkpt>
		<trkpt lat="59.4652933" lon="24.8220133">
			<ele>43</ele>
			<time>2026-05-21T23:25:38Z</time>
		</trkpt>
		<trkpt lat="59.465185" lon="24.8220933">
			<ele>42.5</ele>
			<time>2026-05-21T23:25:39Z</time>
		</trkpt>
		<trkpt lat="59.4650733" lon="24.8221717">
			<ele>42.5</ele>
			<time>2026-05-21T23:25:40Z</time>
		</trkpt>
		<trkpt lat="59.4649583" lon="24.8222417">
			<ele>42.6</ele>
			<time>2026-05-21T23:25:41Z</time>
		</trkpt>
		<trkpt lat="59.4648367" lon="24.822295">
			<ele>43.1</ele>
			<time>2026-05-21T23:25:42Z</time>
		</trkpt>
		<trkpt lat="59.464715" lon="24.822285">
			<ele>43.1</ele>
			<time>2026-05-21T23:25:43Z</time>
		</trkpt>
		<trkpt lat="59.4646067" lon="24.8222017">
			<ele>42.9</ele>
			<time>2026-05-21T23:25:44Z</time>
		</trkpt>
		<trkpt lat="59.464525" lon="24.8220317">
			<ele>42.5</ele>
			<time>2026-05-21T23:25:45Z</time>
		</trkpt>
		<trkpt lat="59.46448" lon="24.8218083">
			<ele>41.5</ele>
			<time>2026-05-21T23:25:46Z</time>
		</trkpt>
		<trkpt lat="59.4644833" lon="24.82157">
			<ele>40.7</ele>
			<time>2026-05-21T23:25:47Z</time>
		</trkpt>
		<trkpt lat="59.4645383" lon="24.8213633">
			<ele>40.6</ele>
			<time>2026-05-21T23:25:48Z</time>
		</trkpt>
		<trkpt lat="59.4646317" lon="24.8212233">
			<ele>40.3</ele>
			<time>2026-05-21T23:25:49Z</time>
		</trkpt>
		<trkpt lat="59.46474" lon="24.8211667">
			<ele>40.5</ele>
			<time>2026-05-21T23:25:50Z</time>
		</trkpt>
		<trkpt lat="59.4648517" lon="24.8212017">
			<ele>41</ele>
			<time>2026-05-21T23:25:51Z</time>
		</trkpt>
		<trkpt lat="59.464945" lon="24.8213">
			<ele>41.9</ele>
			<time>2026-05-21T23:25:52Z</time>
		</trkpt>
		<trkpt lat="59.4650317" lon="24.8214217">
			<ele>43.6</ele>
			<time>2026-05-21T23:25:53Z</time>
		</trkpt>
		<trkpt lat="59.4651083" lon="24.82155">
			<ele>45.1</ele>
			<time>2026-05-21T23:25:54Z</time>
		</trkpt>
		<trkpt lat="59.465185" lon="24.8216617">
			<ele>46.2</ele>
			<time>2026-05-21T23:25:55Z</time>
		</trkpt>
		<trkpt lat="59.4652667" lon="24.821755">
			<ele>47.9</ele>
			<time>2026-05-21T23:25:56Z</time>
		</trkpt>
		<trkpt lat="59.465355" lon="24.8218517">
			<ele>48.6</ele>
			<time>2026-05-21T23:25:57Z</time>
		</trkpt>
		<trkpt lat="59.46545" lon="24.8219517">
			<ele>49.4</ele>
			<time>2026-05-21T23:25:58Z</time>
		</trkpt>
		<trkpt lat="59.4655467" lon="24.822055">
			<ele>50.3</ele>
			<time>2026-05-21T23:25:59Z</time>
		</trkpt>
		<trkpt lat="59.465645" lon="24.82216">
			<ele>51.8</ele>
			<time>2026-05-21T23:26:00Z</time>
		</trkpt>
		<trkpt lat="59.4657383" lon="24.8222683">
			<ele>52.7</ele>
			<time>2026-05-21T23:26:01Z</time>
		</trkpt>
		<trkpt lat="59.4658267" lon="24.8223767">
			<ele>53.3</ele>
			<time>2026-05-21T23:26:02Z</time>
		</trkpt>
		<trkpt lat="59.465915" lon="24.822485">
			<ele>54.1</ele>
			<time>2026-05-21T23:26:03Z</time>
		</trkpt>
		<trkpt lat="59.4660083" lon="24.8225783">
			<ele>54.4</ele>
			<time>2026-05-21T23:26:04Z</time>
		</trkpt>
		<trkpt lat="59.46611" lon="24.82266">
			<ele>54.6</ele>
			<time>2026-05-21T23:26:05Z</time>
		</trkpt>
		<trkpt lat="59.4662167" lon="24.8227283">
			<ele>54.5</ele>
			<time>2026-05-21T23:26:06Z</time>
		</trkpt>
		<trkpt lat="59.4663217" lon="24.8227933">
			<ele>55</ele>
			<time>2026-05-21T23:26:07Z</time>
		</trkpt>
		<trkpt lat="59.4664233" lon="24.82286">
			<ele>55.4</ele>
			<time>2026-05-21T23:26:08Z</time>
		</trkpt>
		<trkpt lat="59.4665233" lon="24.8229233">
			<ele>55.9</ele>
			<time>2026-05-21T23:26:09Z</time>
		</trkpt>
		<trkpt lat="59.46662" lon="24.8229833">
			<ele>56.1</ele>
			<time>2026-05-21T23:26:10Z</time>
		</trkpt>
		<trkpt lat="59.4667217" lon="24.8230433">
			<ele>56.6</ele>
			<time>2026-05-21T23:26:11Z</time>
		</trkpt>
		<trkpt lat="59.4668217" lon="24.8231067">
			<ele>56.6</ele>
			<time>2026-05-21T23:26:12Z</time>
		</trkpt>
		<trkpt lat="59.4669217" lon="24.8231733">
			<ele>56.2</ele>
			<time>2026-05-21T23:26:13Z</time>
		</trkpt>
		<trkpt lat="59.4670167" lon="24.8232383">
			<ele>55.9</ele>
			<time>2026-05-21T23:26:14Z</time>
		</trkpt>
		<trkpt lat="59.4671167" lon="24.8232983">
			<ele>55.8</ele>
			<time>2026-05-21T23:26:15Z</time>
		</trkpt>
		<trkpt lat="59.46722" lon="24.8233567">
			<ele>56.1</ele>
			<time>2026-05-21T23:26:16Z</time>
		</trkpt>
		<trkpt lat="59.4673167" lon="24.8234367">
			<ele>56.4</ele>
			<time>2026-05-21T23:26:17Z</time>
		</trkpt>
		<trkpt lat="59.4674033" lon="24.82356">
			<ele>55.8</ele>
			<time>2026-05-21T23:26:18Z</time>
		</trkpt>
		<trkpt lat="59.4674733" lon="24.8237333">
			<ele>55.6</ele>
			<time>2026-05-21T23:26:19Z</time>
		</trkpt>
		<trkpt lat="59.4675133" lon="24.8239617">
			<ele>55.7</ele>
			<time>2026-05-21T23:26:20Z</time>
		</trkpt>
		<trkpt lat="59.4675133" lon="24.8242267">
			<ele>54.6</ele>
			<time>2026-05-21T23:26:21Z</time>
		</trkpt>
		<trkpt lat="59.4675033" lon="24.824485">
			<ele>55.2</ele>
			<time>2026-05-21T23:26:22Z</time>
		</trkpt>
		<trkpt lat="59.46751" lon="24.8247317">
			<ele>56.1</ele>
			<time>2026-05-21T23:26:23Z</time>
		</trkpt>
		<trkpt lat="59.46754" lon="24.824955">
			<ele>56.1</ele>
			<time>2026-05-21T23:26:24Z</time>
		</trkpt>
		<trkpt lat="59.467585" lon="24.8251717">
			<ele>55.5</ele>
			<time>2026-05-21T23:26:25Z</time>
		</trkpt>
		<trkpt lat="59.467635" lon="24.8253867">
			<ele>54.9</ele>
			<time>2026-05-21T23:26:26Z</time>
		</trkpt>
		<trkpt lat="59.4676867" lon="24.8256067">
			<ele>54.6</ele>
			<time>2026-05-21T23:26:27Z</time>
		</trkpt>
		<trkpt lat="59.467735" lon="24.825825">
			<ele>54.3</ele>
			<time>2026-05-21T23:26:28Z</time>
		</trkpt>
		<trkpt lat="59.4677883" lon="24.8260317">
			<ele>53.9</ele>
			<time>2026-05-21T23:26:29Z</time>
		</trkpt>
		<trkpt lat="59.4678533" lon="24.8262233">
			<ele>54.1</ele>
			<time>2026-05-21T23:26:30Z</time>
		</trkpt>
		<trkpt lat="59.4679283" lon="24.826395">
			<ele>54.3</ele>
			<time>2026-05-21T23:26:31Z</time>
		</trkpt>
		<trkpt lat="59.4680117" lon="24.8265633">
			<ele>54.4</ele>
			<time>2026-05-21T23:26:32Z</time>
		</trkpt>
		<trkpt lat="59.4680967" lon="24.8267267">
			<ele>54.9</ele>
			<time>2026-05-21T23:26:33Z</time>
		</trkpt>
		<trkpt lat="59.4681783" lon="24.8268783">
			<ele>56.1</ele>
			<time>2026-05-21T23:26:34Z</time>
		</trkpt>
		<trkpt lat="59.4682617" lon="24.8270067">
			<ele>57.2</ele>
			<time>2026-05-21T23:26:35Z</time>
		</trkpt>
		<trkpt lat="59.4683467" lon="24.8271067">
			<ele>56.6</ele>
			<time>2026-05-21T23:26:36Z</time>
		</trkpt>
		<trkpt lat="59.4684433" lon="24.8271767">
			<ele>56.5</ele>
			<time>2026-05-21T23:26:37Z</time>
		</trkpt>
		<trkpt lat="59.46855" lon="24.827215">
			<ele>56.2</ele>
			<time>2026-05-21T23:26:38Z</time>
		</trkpt>
		<trkpt lat="59.46866" lon="24.8272067">
			<ele>55.5</ele>
			<time>2026-05-21T23:26:39Z</time>
		</trkpt>
		<trkpt lat="59.4687667" lon="24.8271467">
			<ele>54.4</ele>
			<time>2026-05-21T23:26:40Z</time>
		</trkpt>
		<trkpt lat="59.4688667" lon="24.827055">
			<ele>53.2</ele>
			<time>2026-05-21T23:26:41Z</time>
		</trkpt>
		<trkpt lat="59.46896" lon="24.826945">
			<ele>52.5</ele>
			<time>2026-05-21T23:26:42Z</time>
		</trkpt>
		<trkpt lat="59.4690383" lon="24.8268267">
			<ele>51</ele>
			<time>2026-05-21T23:26:43Z</time>
		</trkpt>
		<trkpt lat="59.469115" lon="24.8267083">
			<ele>50.6</ele>
			<time>2026-05-21T23:26:44Z</time>
		</trkpt>
		<trkpt lat="59.4691917" lon="24.8265883">
			<ele>50.9</ele>
			<time>2026-05-21T23:26:45Z</time>
		</trkpt>
		<trkpt lat="59.469275" lon="24.826475">
			<ele>50.4</ele>
			<time>2026-05-21T23:26:46Z</time>
		</trkpt>
		<trkpt lat="59.4693683" lon="24.8263817">
			<ele>50.1</ele>
			<time>2026-05-21T23:26:47Z</time>
		</trkpt>
		<trkpt lat="59.4694733" lon="24.8263367">
			<ele>49.7</ele>
			<time>2026-05-21T23:26:48Z</time>
		</trkpt>
		<trkpt lat="59.4695817" lon="24.826355">
			<ele>49.1</ele>
			<time>2026-05-21T23:26:49Z</time>
		</trkpt>
		<trkpt lat="59.4696833" lon="24.8264433">
			<ele>47.9</ele>
			<time>2026-05-21T23:26:50Z</time>
		</trkpt>
		<trkpt lat="59.46977" lon="24.82659">
			<ele>46.4</ele>
			<time>2026-05-21T23:26:51Z</time>
		</trkpt>
		<trkpt lat="59.4698383" lon="24.82677">
			<ele>44.6</ele>
			<time>2026-05-21T23:26:52Z</time>
		</trkpt>
		<trkpt lat="59.4698917" lon="24.8269633">
			<ele>43.4</ele>
			<time>2026-05-21T23:26:53Z</time>
		</trkpt>
		<trkpt lat="59.46994" lon="24.82716">
			<ele>41.9</ele>
			<time>2026-05-21T23:26:54Z</time>
		</trkpt>
		<trkpt lat="59.469995" lon="24.8273467">
			<ele>40.2</ele>
			<time>2026-05-21T23:26:55Z</time>
		</trkpt>
		<trkpt lat="59.470065" lon="24.8275233">
			<ele>39.3</ele>
			<time>2026-05-21T23:26:56Z</time>
		</trkpt>
		<trkpt lat="59.47014" lon="24.8276917">
			<ele>37.5</ele>
			<time>2026-05-21T23:26:57Z</time>
		</trkpt>
		<trkpt lat="59.47021" lon="24.8278583">
			<ele>35.5</ele>
			<time>2026-05-21T23:26:58Z</time>
		</trkpt>
		<trkpt lat="59.4702683" lon="24.82804">
			<ele>33.4</ele>
			<time>2026-05-21T23:26:59Z</time>
		</trkpt>
		<trkpt lat="59.4703183" lon="24.828235">
			<ele>31.5</ele>
			<time>2026-05-21T23:27:00Z</time>
		</trkpt>
		<trkpt lat="59.470375" lon="24.8284283">
			<ele>30</ele>
			<time>2026-05-21T23:27:01Z</time>
		</trkpt>
		<trkpt lat="59.4704467" lon="24.8285933">
			<ele>28.6</ele>
			<time>2026-05-21T23:27:02Z</time>
		</trkpt>
		<trkpt lat="59.47053" lon="24.8287333">
			<ele>27.7</ele>
			<time>2026-05-21T23:27:03Z</time>
		</trkpt>
		<trkpt lat="59.4706183" lon="24.828855">
			<ele>27.1</ele>
			<time>2026-05-21T23:27:04Z</time>
		</trkpt>
		<trkpt lat="59.47071" lon="24.8289633">
			<ele>26.9</ele>
			<time>2026-05-21T23:27:05Z</time>
		</trkpt>
		<trkpt lat="59.4708033" lon="24.82906">
			<ele>26.9</ele>
			<time>2026-05-21T23:27:06Z</time>
		</trkpt>
		<trkpt lat="59.4709017" lon="24.829145">
			<ele>26.9</ele>
			<time>2026-05-21T23:27:07Z</time>
		</trkpt>
		<trkpt lat="59.4709983" lon="24.829225">
			<ele>26.9</ele>
			<time>2026-05-21T23:27:08Z</time>
		</trkpt>
		<trkpt lat="59.4710983" lon="24.8293067">
			<ele>26.6</ele>
			<time>2026-05-21T23:27:09Z</time>
		</trkpt>
		<trkpt lat="59.4711983" lon="24.8293917">
			<ele>26.2</ele>
			<time>2026-05-21T23:27:10Z</time>
		</trkpt>
		<trkpt lat="59.471305" lon="24.8294683">
			<ele>26.3</ele>
			<time>2026-05-21T23:27:11Z</time>
		</trkpt>
		<trkpt lat="59.4714217" lon="24.8295267">
			<ele>26.1</ele>
			<time>2026-05-21T23:27:12Z</time>
		</trkpt>
		<trkpt lat="59.471535" lon="24.8295683">
			<ele>26.3</ele>
			<time>2026-05-21T23:27:13Z</time>
		</trkpt>
		<trkpt lat="59.47164" lon="24.8296183">
			<ele>26.1</ele>
			<time>2026-05-21T23:27:14Z</time>
		</trkpt>
		<trkpt lat="59.4717383" lon="24.829685">
			<ele>26.6</ele>
			<time>2026-05-21T23:27:15Z</time>
		</trkpt>
		<trkpt lat="59.471835" lon="24.82977">
			<ele>26.5</ele>
			<time>2026-05-21T23:27:16Z</time>
		</trkpt>
		<trkpt lat="59.4719317" lon="24.8298767">
			<ele>26.3</ele>
			<time>2026-05-21T23:27:17Z</time>
		</trkpt>
		<trkpt lat="59.4720267" lon="24.8300033">
			<ele>26.6</ele>
			<time>2026-05-21T23:27:18Z</time>
		</trkpt>
		<trkpt lat="59.47212" lon="24.83014">
			<ele>27.7</ele>
			<time>2026-05-21T23:27:19Z</time>
		</trkpt>
		<trkpt lat="59.4722117" lon="24.83027">
			<ele>28</ele>
			<time>2026-05-21T23:27:20Z</time>
		</trkpt>
		<trkpt lat="59.4723017" lon="24.8303817">
			<ele>27.9</ele>
			<time>2026-05-21T23:27:21Z</time>
		</trkpt>
		<trkpt lat="59.472395" lon="24.830475">
			<ele>28.4</ele>
			<time>2026-05-21T23:27:22Z</time>
		</trkpt>
		<trkpt lat="59.4724917" lon="24.8305617">
			<ele>29</ele>
			<time>2026-05-21T23:27:23Z</time>
		</trkpt>
		<trkpt lat="59.47259" lon="24.830645">
			<ele>29.3</ele>
			<time>2026-05-21T23:27:24Z</time>
		</trkpt>
		<trkpt lat="59.4726867" lon="24.8307417">
			<ele>29.3</ele>
			<time>2026-05-21T23:27:25Z</time>
		</trkpt>
		<trkpt lat="59.4727817" lon="24.8308433">
			<ele>29.3</ele>
			<time>2026-05-21T23:27:26Z</time>
		</trkpt>
		<trkpt lat="59.4728767" lon="24.8309467">
			<ele>28.9</ele>
			<time>2026-05-21T23:27:27Z</time>
		</trkpt>
		<trkpt lat="59.4729717" lon="24.8310433">
			<ele>28.3</ele>
			<time>2026-05-21T23:27:28Z</time>
		</trkpt>
		<trkpt lat="59.47307" lon="24.8311367">
			<ele>27.8</ele>
			<time>2026-05-21T23:27:29Z</time>
		</trkpt>
		<trkpt lat="59.47317" lon="24.8312267">
			<ele>27.7</ele>
			<time>2026-05-21T23:27:30Z</time>
		</trkpt>
		<trkpt lat="59.47327" lon="24.83131">
			<ele>27.3</ele>
			<time>2026-05-21T23:27:31Z</time>
		</trkpt>
		<trkpt lat="59.473375" lon="24.8313833">
			<ele>27.4</ele>
			<time>2026-05-21T23:27:32Z</time>
		</trkpt>
		<trkpt lat="59.4734767" lon="24.8314583">
			<ele>27.2</ele>
			<time>2026-05-21T23:27:33Z</time>
		</trkpt>
		<trkpt lat="59.4735783" lon="24.8315317">
			<ele>26.7</ele>
			<time>2026-05-21T23:27:34Z</time>
		</trkpt>
		<trkpt lat="59.4736783" lon="24.8316167">
			<ele>26.4</ele>
			<time>2026-05-21T23:27:35Z</time>
		</trkpt>
		<trkpt lat="59.4737817" lon="24.8317083">
			<ele>26.2</ele>
			<time>2026-05-21T23:27:36Z</time>
		</trkpt>
		<trkpt lat="59.4738833" lon="24.8318033">
			<ele>26.5</ele>
			<time>2026-05-21T23:27:37Z</time>
		</trkpt>
		<trkpt lat="59.47398" lon="24.8318933">
			<ele>26.5</ele>
			<time>2026-05-21T23:27:38Z</time>
		</trkpt>
		<trkpt lat="59.474075" lon="24.83198">
			<ele>26.9</ele>
			<time>2026-05-21T23:27:39Z</time>
		</trkpt>
		<trkpt lat="59.47417" lon="24.8320667">
			<ele>26.7</ele>
			<time>2026-05-21T23:27:40Z</time>
		</trkpt>
		<trkpt lat="59.47427" lon="24.8321517">
			<ele>26.5</ele>
			<time>2026-05-21T23:27:41Z</time>
		</trkpt>
		<trkpt lat="59.4743683" lon="24.8322483">
			<ele>25.8</ele>
			<time>2026-05-21T23:27:42Z</time>
		</trkpt>
		<trkpt lat="59.474465" lon="24.8323517">
			<ele>25.4</ele>
			<time>2026-05-21T23:27:43Z</time>
		</trkpt>
		<trkpt lat="59.4745633" lon="24.8324567">
			<ele>25.6</ele>
			<time>2026-05-21T23:27:44Z</time>
		</trkpt>
		<trkpt lat="59.4746633" lon="24.8325583">
			<ele>25.4</ele>
			<time>2026-05-21T23:27:45Z</time>
		</trkpt>
		<trkpt lat="59.4747617" lon="24.8326567">
			<ele>25.1</ele>
			<time>2026-05-21T23:27:46Z</time>
		</trkpt>
		<trkpt lat="59.47486" lon="24.8327533">
			<ele>26</ele>
			<time>2026-05-21T23:27:47Z</time>
		</trkpt>
		<trkpt lat="59.4749617" lon="24.8328467">
			<ele>27.1</ele>
			<time>2026-05-21T23:27:48Z</time>
		</trkpt>
		<trkpt lat="59.4750633" lon="24.8329333">
			<ele>28.2</ele>
			<time>2026-05-21T23:27:49Z</time>
		</trkpt>
		<trkpt lat="59.4751667" lon="24.8330067">
			<ele>29.1</ele>
			<time>2026-05-21T23:27:50Z</time>
		</trkpt>
		<trkpt lat="59.4752717" lon="24.8330717">
			<ele>29.1</ele>
			<time>2026-05-21T23:27:51Z</time>
		</trkpt>
		<trkpt lat="59.475375" lon="24.8331433">
			<ele>29.9</ele>
			<time>2026-05-21T23:27:52Z</time>
		</trkpt>
		<trkpt lat="59.4754783" lon="24.833215">
			<ele>30.5</ele>
			<time>2026-05-21T23:27:53Z</time>
		</trkpt>
		<trkpt lat="59.4755833" lon="24.83329">
			<ele>31.1</ele>
			<time>2026-05-21T23:27:54Z</time>
		</trkpt>
		<trkpt lat="59.47569" lon="24.8333633">
			<ele>31.1</ele>
			<time>2026-05-21T23:27:55Z</time>
		</trkpt>
		<trkpt lat="59.4757967" lon="24.8334317">
			<ele>31.5</ele>
			<time>2026-05-21T23:27:56Z</time>
		</trkpt>
		<trkpt lat="59.4759033" lon="24.8335017">
			<ele>31.5</ele>
			<time>2026-05-21T23:27:57Z</time>
		</trkpt>
		<trkpt lat="59.476005" lon="24.833575">
			<ele>31.7</ele>
			<time>2026-05-21T23:27:58Z</time>
		</trkpt>
		<trkpt lat="59.4761033" lon="24.833655">
			<ele>31.8</ele>
			<time>2026-05-21T23:27:59Z</time>
		</trkpt>
		<trkpt lat="59.4761967" lon="24.8337383">
			<ele>31.6</ele>
			<time>2026-05-21T23:28:00Z</time>
		</trkpt>
		<trkpt lat="59.4762933" lon="24.833825">
			<ele>31.2</ele>
			<time>2026-05-21T23:28:01Z</time>
		</trkpt>
		<trkpt lat="59.4763933" lon="24.8339083">
			<ele>30.9</ele>
			<time>2026-05-21T23:28:02Z</time>
		</trkpt>
		<trkpt lat="59.4765" lon="24.8339833">
			<ele>30.6</ele>
			<time>2026-05-21T23:28:03Z</time>
		</trkpt>
		<trkpt lat="59.47661" lon="24.8340417">
			<ele>30.6</ele>
			<time>2026-05-21T23:28:04Z</time>
		</trkpt>
		<trkpt lat="59.4767183" lon="24.83409">
			<ele>30.2</ele>
			<time>2026-05-21T23:28:05Z</time>
		</trkpt>
		<trkpt lat="59.476825" lon="24.8341467">
			<ele>30.7</ele>
			<time>2026-05-21T23:28:06Z</time>
		</trkpt>
		<trkpt lat="59.4769267" lon="24.8342167">
			<ele>31</ele>
			<time>2026-05-21T23:28:07Z</time>
		</trkpt>
		<trkpt lat="59.477025" lon="24.8342933">
			<ele>30.9</ele>
			<time>2026-05-21T23:28:08Z</time>
		</trkpt>
		<trkpt lat="59.4771283" lon="24.834365">
			<ele>30.3</ele>
			<time>2026-05-21T23:28:09Z</time>
		</trkpt>
		<trkpt lat="59.4772333" lon="24.8344367">
			<ele>30.1</ele>
			<time>2026-05-21T23:28:10Z</time>
		</trkpt>
		<trkpt lat="59.4773433" lon="24.8345117">
			<ele>29.8</ele>
			<time>2026-05-21T23:28:11Z</time>
		</trkpt>
		<trkpt lat="59.4774517" lon="24.8345983">
			<ele>29.4</ele>
			<time>2026-05-21T23:28:12Z</time>
		</trkpt>
		<trkpt lat="59.4775583" lon="24.8346917">
			<ele>29.4</ele>
			<time>2026-05-21T23:28:13Z</time>
		</trkpt>
		<trkpt lat="59.4776633" lon="24.8347783">
			<ele>29</ele>
			<time>2026-05-21T23:28:14Z</time>
		</trkpt>
		<trkpt lat="59.4777717" lon="24.8348533">
			<ele>28.8</ele>
			<time>2026-05-21T23:28:15Z</time>
		</trkpt>
		<trkpt lat="59.4778817" lon="24.8349067">
			<ele>28.7</ele>
			<time>2026-05-21T23:28:16Z</time>
		</trkpt>
		<trkpt lat="59.4779917" lon="24.83495">
			<ele>28.6</ele>
			<time>2026-05-21T23:28:17Z</time>
		</trkpt>
		<trkpt lat="59.4781" lon="24.8349933">
			<ele>28.9</ele>
			<time>2026-05-21T23:28:18Z</time>
		</trkpt>
		<trkpt lat="59.4782067" lon="24.83504">
			<ele>29.4</ele>
			<time>2026-05-21T23:28:19Z</time>
		</trkpt>
		<trkpt lat="59.4783133" lon="24.8350883">
			<ele>29.4</ele>
			<time>2026-05-21T23:28:20Z</time>
		</trkpt>
		<trkpt lat="59.4784183" lon="24.83514">
			<ele>29.2</ele>
			<time>2026-05-21T23:28:21Z</time>
		</trkpt>
		<trkpt lat="59.4785217" lon="24.8351967">
			<ele>29.2</ele>
			<time>2026-05-21T23:28:22Z</time>
		</trkpt>
		<trkpt lat="59.4786283" lon="24.83526">
			<ele>29.2</ele>
			<time>2026-05-21T23:28:23Z</time>
		</trkpt>
		<trkpt lat="59.4787367" lon="24.8353267">
			<ele>29.2</ele>
			<time>2026-05-21T23:28:24Z</time>
		</trkpt>
		<trkpt lat="59.47885" lon="24.835395">
			<ele>29.2</ele>
			<time>2026-05-21T23:28:25Z</time>
		</trkpt>
		<trkpt lat="59.4789633" lon="24.835455">
			<ele>29.4</ele>
			<time>2026-05-21T23:28:26Z</time>
		</trkpt>
		<trkpt lat="59.4790767" lon="24.835505">
			<ele>29.1</ele>
			<time>2026-05-21T23:28:27Z</time>
		</trkpt>
		<trkpt lat="59.4791917" lon="24.8355433">
			<ele>29.3</ele>
			<time>2026-05-21T23:28:28Z</time>
		</trkpt>
		<trkpt lat="59.4793017" lon="24.8355717">
			<ele>29.5</ele>
			<time>2026-05-21T23:28:29Z</time>
		</trkpt>
		<trkpt lat="59.4794083" lon="24.8356067">
			<ele>29.5</ele>
			<time>2026-05-21T23:28:30Z</time>
		</trkpt>
		<trkpt lat="59.4795167" lon="24.8356583">
			<ele>29.6</ele>
			<time>2026-05-21T23:28:31Z</time>
		</trkpt>
		<trkpt lat="59.4796217" lon="24.8357267">
			<ele>29.3</ele>
			<time>2026-05-21T23:28:32Z</time>
		</trkpt>
		<trkpt lat="59.4797333" lon="24.8358017">
			<ele>29.2</ele>
			<time>2026-05-21T23:28:33Z</time>
		</trkpt>
		<trkpt lat="59.4798483" lon="24.8358633">
			<ele>29.7</ele>
			<time>2026-05-21T23:28:34Z</time>
		</trkpt>
		<trkpt lat="59.4799667" lon="24.8359083">
			<ele>30</ele>
			<time>2026-05-21T23:28:35Z</time>
		</trkpt>
		<trkpt lat="59.4800817" lon="24.835935">
			<ele>30.9</ele>
			<time>2026-05-21T23:28:36Z</time>
		</trkpt>
		<trkpt lat="59.4801933" lon="24.83595">
			<ele>31</ele>
			<time>2026-05-21T23:28:37Z</time>
		</trkpt>
		<trkpt lat="59.480305" lon="24.8359633">
			<ele>31.4</ele>
			<time>2026-05-21T23:28:38Z</time>
		</trkpt>
		<trkpt lat="59.480415" lon="24.8359683">
			<ele>31.3</ele>
			<time>2026-05-21T23:28:39Z</time>
		</trkpt>
		<trkpt lat="59.4805283" lon="24.8359617">
			<ele>30.9</ele>
			<time>2026-05-21T23:28:40Z</time>
		</trkpt>
		<trkpt lat="59.4806467" lon="24.8359383">
			<ele>30.6</ele>
			<time>2026-05-21T23:28:41Z</time>
		</trkpt>
		<trkpt lat="59.48076" lon="24.835905">
			<ele>30.3</ele>
			<time>2026-05-21T23:28:42Z</time>
		</trkpt>
		<trkpt lat="59.48087" lon="24.8358717">
			<ele>30.1</ele>
			<time>2026-05-21T23:28:43Z</time>
		</trkpt>
		<trkpt lat="59.480975" lon="24.8358583">
			<ele>30.3</ele>
			<time>2026-05-21T23:28:44Z</time>
		</trkpt>
		<trkpt lat="59.48108" lon="24.8358917">
			<ele>30.3</ele>
			<time>2026-05-21T23:28:45Z</time>
		</trkpt>
		<trkpt lat="59.4811767" lon="24.83599">
			<ele>29.4</ele>
			<time>2026-05-21T23:28:46Z</time>
		</trkpt>
		<trkpt lat="59.4812667" lon="24.8361517">
			<ele>29</ele>
			<time>2026-05-21T23:28:47Z</time>
		</trkpt>
		<trkpt lat="59.48135" lon="24.8363367">
			<ele>29.2</ele>
			<time>2026-05-21T23:28:48Z</time>
		</trkpt>
		<trkpt lat="59.4814367" lon="24.8365">
			<ele>30.6</ele>
			<time>2026-05-21T23:28:49Z</time>
		</trkpt>
		<trkpt lat="59.48153" lon="24.836615">
			<ele>31.8</ele>
			<time>2026-05-21T23:28:50Z</time>
		</trkpt>
		<trkpt lat="59.4816317" lon="24.836685">
			<ele>31.7</ele>
			<time>2026-05-21T23:28:51Z</time>
		</trkpt>
		<trkpt lat="59.4817383" lon="24.8367333">
			<ele>32.1</ele>
			<time>2026-05-21T23:28:52Z</time>
		</trkpt>
		<trkpt lat="59.4818467" lon="24.8367833">
			<ele>32.5</ele>
			<time>2026-05-21T23:28:53Z</time>
		</trkpt>
		<trkpt lat="59.48196" lon="24.836835">
			<ele>33.1</ele>
			<time>2026-05-21T23:28:54Z</time>
		</trkpt>
		<trkpt lat="59.4820733" lon="24.8368867">
			<ele>33</ele>
			<time>2026-05-21T23:28:55Z</time>
		</trkpt>
		<trkpt lat="59.48219" lon="24.8369233">
			<ele>32.7</ele>
			<time>2026-05-21T23:28:56Z</time>
		</trkpt>
		<trkpt lat="59.4822983" lon="24.8369567">
			<ele>33</ele>
			<time>2026-05-21T23:28:57Z</time>
		</trkpt>
		<trkpt lat="59.4824083" lon="24.8369983">
			<ele>32.9</ele>
			<time>2026-05-21T23:28:58Z</time>
		</trkpt>
		<trkpt lat="59.4825133" lon="24.8370583">
			<ele>32.7</ele>
			<time>2026-05-21T23:28:59Z</time>
		</trkpt>
		<trkpt lat="59.4826183" lon="24.837135">
			<ele>31.7</ele>
			<time>2026-05-21T23:29:00Z</time>
		</trkpt>
		<trkpt lat="59.4827217" lon="24.8372133">
			<ele>30.8</ele>
			<time>2026-05-21T23:29:01Z</time>
		</trkpt>
		<trkpt lat="59.4828267" lon="24.8372767">
			<ele>30.4</ele>
			<time>2026-05-21T23:29:02Z</time>
		</trkpt>
		<trkpt lat="59.4829333" lon="24.8373183">
			<ele>29.9</ele>
			<time>2026-05-21T23:29:03Z</time>
		</trkpt>
		<trkpt lat="59.483045" lon="24.8373533">
			<ele>29.2</ele>
			<time>2026-05-21T23:29:04Z</time>
		</trkpt>
		<trkpt lat="59.4831617" lon="24.83739">
			<ele>29.1</ele>
			<time>2026-05-21T23:29:05Z</time>
		</trkpt>
		<trkpt lat="59.4832767" lon="24.8374283">
			<ele>28.7</ele>
			<time>2026-05-21T23:29:06Z</time>
		</trkpt>
		<trkpt lat="59.4833867" lon="24.8374617">
			<ele>28.7</ele>
			<time>2026-05-21T23:29:07Z</time>
		</trkpt>
		<trkpt lat="59.4834967" lon="24.837485">
			<ele>29</ele>
			<time>2026-05-21T23:29:08Z</time>
		</trkpt>
		<trkpt lat="59.4836067" lon="24.8375">
			<ele>29.3</ele>
			<time>2026-05-21T23:29:09Z</time>
		</trkpt>
		<trkpt lat="59.483715" lon="24.83751">
			<ele>29.6</ele>
			<time>2026-05-21T23:29:10Z</time>
		</trkpt>
		<trkpt lat="59.483825" lon="24.8375183">
			<ele>30</ele>
			<time>2026-05-21T23:29:11Z</time>
		</trkpt>
		<trkpt lat="59.483935" lon="24.8375267">
			<ele>30.3</ele>
			<time>2026-05-21T23:29:12Z</time>
		</trkpt>
		<trkpt lat="59.4840433" lon="24.8375333">
			<ele>30.8</ele>
			<time>2026-05-21T23:29:13Z</time>
		</trkpt>
		<trkpt lat="59.4841517" lon="24.83754">
			<ele>31.9</ele>
			<time>2026-05-21T23:29:14Z</time>
		</trkpt>
		<trkpt lat="59.4842583" lon="24.8375317">
			<ele>33.5</ele>
			<time>2026-05-21T23:29:15Z</time>
		</trkpt>
		<trkpt lat="59.48436" lon="24.837505">
			<ele>35.2</ele>
			<time>2026-05-21T23:29:16Z</time>
		</trkpt>
		<trkpt lat="59.4844617" lon="24.837455">
			<ele>36.2</ele>
			<time>2026-05-21T23:29:17Z</time>
		</trkpt>
		<trkpt lat="59.484555" lon="24.8373733">
			<ele>36.8</ele>
			<time>2026-05-21T23:29:18Z</time>
		</trkpt>
		<trkpt lat="59.4846483" lon="24.8372567">
			<ele>36.9</ele>
			<time>2026-05-21T23:29:19Z</time>
		</trkpt>
		<trkpt lat="59.48474" lon="24.837125">
			<ele>37.3</ele>
			<time>2026-05-21T23:29:20Z</time>
		</trkpt>
		<trkpt lat="59.484835" lon="24.837005">
			<ele>37.6</ele>
			<time>2026-05-21T23:29:21Z</time>
		</trkpt>
		<trkpt lat="59.4849367" lon="24.83693">
			<ele>38.2</ele>
			<time>2026-05-21T23:29:22Z</time>
		</trkpt>
		<trkpt lat="59.4850467" lon="24.836925">
			<ele>38.3</ele>
			<time>2026-05-21T23:29:23Z</time>
		</trkpt>
		<trkpt lat="59.4851517" lon="24.83699">
			<ele>37.4</ele>
			<time>2026-05-21T23:29:24Z</time>
		</trkpt>
		<trkpt lat="59.4852483" lon="24.837115">
			<ele>36.6</ele>
			<time>2026-05-21T23:29:25Z</time>
		</trkpt>
		<trkpt lat="59.4853417" lon="24.83725">
			<ele>36.9</ele>
			<time>2026-05-21T23:29:26Z</time>
		</trkpt>
		<trkpt lat="59.4854383" lon="24.8373567">
			<ele>37.7</ele>
			<time>2026-05-21T23:29:27Z</time>
		</trkpt>
		<trkpt lat="59.4855383" lon="24.8374133">
			<ele>37.8</ele>
			<time>2026-05-21T23:29:28Z</time>
		</trkpt>
		<trkpt lat="59.48564" lon="24.8373867">
			<ele>37.5</ele>
			<time>2026-05-21T23:29:29Z</time>
		</trkpt>
		<trkpt lat="59.48574" lon="24.8372783">
			<ele>37.1</ele>
			<time>2026-05-21T23:29:30Z</time>
		</trkpt>
		<trkpt lat="59.4858167" lon="24.8371083">
			<ele>37.8</ele>
			<time>2026-05-21T23:29:31Z</time>
		</trkpt>
		<trkpt lat="59.48585" lon="24.8368967">
			<ele>37.9</ele>
			<time>2026-05-21T23:29:32Z</time>
		</trkpt>
		<trkpt lat="59.4858367" lon="24.8366817">
			<ele>38</ele>
			<time>2026-05-21T23:29:33Z</time>
		</trkpt>
		<trkpt lat="59.485775" lon="24.83649">
			<ele>37.8</ele>
			<time>2026-05-21T23:29:34Z</time>
		</trkpt>
		<trkpt lat="59.48568" lon="24.83636">
			<ele>37.5</ele>
			<time>2026-05-21T23:29:35Z</time>
		</trkpt>
		<trkpt lat="59.4855667" lon="24.8362933">
			<ele>37.6</ele>
			<time>2026-05-21T23:29:36Z</time>
		</trkpt>
		<trkpt lat="59.4854517" lon="24.8362883">
			<ele>37.5</ele>
			<time>2026-05-21T23:29:37Z</time>
		</trkpt>
		<trkpt lat="59.4853367" lon="24.8363333">
			<ele>37.1</ele>
			<time>2026-05-21T23:29:38Z</time>
		</trkpt>
		<trkpt lat="59.48523" lon="24.8364117">
			<ele>37.6</ele>
			<time>2026-05-21T23:29:39Z</time>
		</trkpt>
		<trkpt lat="59.485135" lon="24.8365117">
			<ele>37.8</ele>
			<time>2026-05-21T23:29:40Z</time>
		</trkpt>
		<trkpt lat="59.4850483" lon="24.8366233">
			<ele>37.8</ele>
			<time>2026-05-21T23:29:41Z</time>
		</trkpt>
		<trkpt lat="59.48496" lon="24.8367333">
			<ele>37.6</ele>
			<time>2026-05-21T23:29:42Z</time>
		</trkpt>
		<trkpt lat="59.4848683" lon="24.836835">
			<ele>37.2</ele>
			<time>2026-05-21T23:29:43Z</time>
		</trkpt>
		<trkpt lat="59.48477" lon="24.836935">
			<ele>37.1</ele>
			<time>2026-05-21T23:29:44Z</time>
		</trkpt>
		<trkpt lat="59.48467" lon="24.83703">
			<ele>36.9</ele>
			<time>2026-05-21T23:29:45Z</time>
		</trkpt>
		<trkpt lat="59.4845683" lon="24.8371167">
			<ele>36.6</ele>
			<time>2026-05-21T23:29:46Z</time>
		</trkpt>
		<trkpt lat="59.484465" lon="24.8371933">
			<ele>36.1</ele>
			<time>2026-05-21T23:29:47Z</time>
		</trkpt>
		<trkpt lat="59.4843617" lon="24.8372567">
			<ele>35.6</ele>
			<time>2026-05-21T23:29:48Z</time>
		</trkpt>
		<trkpt lat="59.4842583" lon="24.8373133">
			<ele>34.9</ele>
			<time>2026-05-21T23:29:49Z</time>
		</trkpt>
		<trkpt lat="59.4841517" lon="24.837375">
			<ele>34.3</ele>
			<time>2026-05-21T23:29:50Z</time>
		</trkpt>
		<trkpt lat="59.4840433" lon="24.837445">
			<ele>33.7</ele>
			<time>2026-05-21T23:29:51Z</time>
		</trkpt>
		<trkpt lat="59.4839333" lon="24.8375117">
			<ele>33.9</ele>
			<time>2026-05-21T23:29:52Z</time>
		</trkpt>
		<trkpt lat="59.4838217" lon="24.8375667">
			<ele>34.4</ele>
			<time>2026-05-21T23:29:53Z</time>
		</trkpt>
		<trkpt lat="59.4837133" lon="24.8376133">
			<ele>35.1</ele>
			<time>2026-05-21T23:29:54Z</time>
		</trkpt>
		<trkpt lat="59.4836083" lon="24.8376483">
			<ele>35.6</ele>
			<time>2026-05-21T23:29:55Z</time>
		</trkpt>
		<trkpt lat="59.4835033" lon="24.8376717">
			<ele>36</ele>
			<time>2026-05-21T23:29:56Z</time>
		</trkpt>
		<trkpt lat="59.4833983" lon="24.8376817">
			<ele>36</ele>
			<time>2026-05-21T23:29:57Z</time>
		</trkpt>
		<trkpt lat="59.4832933" lon="24.8376783">
			<ele>36.8</ele>
			<time>2026-05-21T23:29:58Z</time>
		</trkpt>
		<trkpt lat="59.4831833" lon="24.8376667">
			<ele>37.2</ele>
			<time>2026-05-21T23:29:59Z</time>
		</trkpt>
		<trkpt lat="59.4830733" lon="24.837655">
			<ele>37.6</ele>
			<time>2026-05-21T23:30:00Z</time>
		</trkpt>
		<trkpt lat="59.4829667" lon="24.8376567">
			<ele>38.2</ele>
			<time>2026-05-21T23:30:01Z</time>
		</trkpt>
		<trkpt lat="59.4828617" lon="24.8376683">
			<ele>38.6</ele>
			<time>2026-05-21T23:30:02Z</time>
		</trkpt>
		<trkpt lat="59.4827567" lon="24.837685">
			<ele>39</ele>
			<time>2026-05-21T23:30:03Z</time>
		</trkpt>
		<trkpt lat="59.482655" lon="24.8376933">
			<ele>39.3</ele>
			<time>2026-05-21T23:30:04Z</time>
		</trkpt>
		<trkpt lat="59.4825517" lon="24.8376933">
			<ele>39.9</ele>
			<time>2026-05-21T23:30:05Z</time>
		</trkpt>
		<trkpt lat="59.48245" lon="24.83769">
			<ele>40.8</ele>
			<time>2026-05-21T23:30:06Z</time>
		</trkpt>
		<trkpt lat="59.4823467" lon="24.8376883">
			<ele>42.2</ele>
			<time>2026-05-21T23:30:07Z</time>
		</trkpt>
		<trkpt lat="59.482245" lon="24.837685">
			<ele>43.3</ele>
			<time>2026-05-21T23:30:08Z</time>
		</trkpt>
		<trkpt lat="59.48214" lon="24.837675">
			<ele>44</ele>
			<time>2026-05-21T23:30:09Z</time>
		</trkpt>
		<trkpt lat="59.4820383" lon="24.8376517">
			<ele>45.1</ele>
			<time>2026-05-21T23:30:10Z</time>
		</trkpt>
		<trkpt lat="59.4819383" lon="24.8376167">
			<ele>46.1</ele>
			<time>2026-05-21T23:30:11Z</time>
		</trkpt>
		<trkpt lat="59.48184" lon="24.8375717">
			<ele>46.8</ele>
			<time>2026-05-21T23:30:12Z</time>
		</trkpt>
		<trkpt lat="59.48175" lon="24.8375017">
			<ele>46.3</ele>
			<time>2026-05-21T23:30:13Z</time>
		</trkpt>
		<trkpt lat="59.481675" lon="24.8373933">
			<ele>45.9</ele>
			<time>2026-05-21T23:30:14Z</time>
		</trkpt>
		<trkpt lat="59.4816233" lon="24.8372267">
			<ele>44.8</ele>
			<time>2026-05-21T23:30:15Z</time>
		</trkpt>
		<trkpt lat="59.4816033" lon="24.8370183">
			<ele>43.3</ele>
			<time>2026-05-21T23:30:16Z</time>
		</trkpt>
		<trkpt lat="59.481635" lon="24.8368033">
			<ele>42.1</ele>
			<time>2026-05-21T23:30:17Z</time>
		</trkpt>
		<trkpt lat="59.4817333" lon="24.8366267">
			<ele>40.6</ele>
			<time>2026-05-21T23:30:18Z</time>
		</trkpt>
		<trkpt lat="59.4818333" lon="24.8365133">
			<ele>39.6</ele>
			<time>2026-05-21T23:30:19Z</time>
		</trkpt>
		<trkpt lat="59.4819883" lon="24.8365717">
			<ele>38.3</ele>
			<time>2026-05-21T23:30:20Z</time>
		</trkpt>
		<trkpt lat="59.4821333" lon="24.8367383">
			<ele>38.7</ele>
			<time>2026-05-21T23:30:21Z</time>
		</trkpt>
		<trkpt lat="59.4822617" lon="24.8368617">
			<ele>38.6</ele>
			<time>2026-05-21T23:30:22Z</time>
		</trkpt>
		<trkpt lat="59.4823833" lon="24.8369283">
			<ele>37.2</ele>
			<time>2026-05-21T23:30:23Z</time>
		</trkpt>
		<trkpt lat="59.4825033" lon="24.83696">
			<ele>35.3</ele>
			<time>2026-05-21T23:30:24Z</time>
		</trkpt>
		<trkpt lat="59.4826283" lon="24.83699">
			<ele>34</ele>
			<time>2026-05-21T23:30:25Z</time>
		</trkpt>
		<trkpt lat="59.4827567" lon="24.8370383">
			<ele>33</ele>
			<time>2026-05-21T23:30:26Z</time>
		</trkpt>
		<trkpt lat="59.48288" lon="24.837095">
			<ele>32.6</ele>
			<time>2026-05-21T23:30:27Z</time>
		</trkpt>
		<trkpt lat="59.483" lon="24.837135">
			<ele>32</ele>
			<time>2026-05-21T23:30:28Z</time>
		</trkpt>
		<trkpt lat="59.4831167" lon="24.8371467">
			<ele>32</ele>
			<time>2026-05-21T23:30:29Z</time>
		</trkpt>
		<trkpt lat="59.483235" lon="24.8371517">
			<ele>32.8</ele>
			<time>2026-05-21T23:30:30Z</time>
		</trkpt>
		<trkpt lat="59.4833517" lon="24.83717">
			<ele>33.2</ele>
			<time>2026-05-21T23:30:31Z</time>
		</trkpt>
		<trkpt lat="59.483465" lon="24.8372083">
			<ele>33.8</ele>
			<time>2026-05-21T23:30:32Z</time>
		</trkpt>
		<trkpt lat="59.4835767" lon="24.837255">
			<ele>34.5</ele>
			<time>2026-05-21T23:30:33Z</time>
		</trkpt>
		<trkpt lat="59.4836883" lon="24.8372917">
			<ele>34.8</ele>
			<time>2026-05-21T23:30:34Z</time>
		</trkpt>
		<trkpt lat="59.4837983" lon="24.837315">
			<ele>34.7</ele>
			<time>2026-05-21T23:30:35Z</time>
		</trkpt>
		<trkpt lat="59.48391" lon="24.8373333">
			<ele>34.9</ele>
			<time>2026-05-21T23:30:36Z</time>
		</trkpt>
		<trkpt lat="59.484025" lon="24.837355">
			<ele>35.5</ele>
			<time>2026-05-21T23:30:37Z</time>
		</trkpt>
		<trkpt lat="59.4841383" lon="24.8373783">
			<ele>36.1</ele>
			<time>2026-05-21T23:30:38Z</time>
		</trkpt>
		<trkpt lat="59.4842517" lon="24.8374083">
			<ele>36.4</ele>
			<time>2026-05-21T23:30:39Z</time>
		</trkpt>
		<trkpt lat="59.48436" lon="24.837435">
			<ele>37.2</ele>
			<time>2026-05-21T23:30:40Z</time>
		</trkpt>
		<trkpt lat="59.4844717" lon="24.8374533">
			<ele>37.8</ele>
			<time>2026-05-21T23:30:41Z</time>
		</trkpt>
		<trkpt lat="59.4845817" lon="24.837465">
			<ele>38.3</ele>
			<time>2026-05-21T23:30:42Z</time>
		</trkpt>
		<trkpt lat="59.4846983" lon="24.8374717">
			<ele>39</ele>
			<time>2026-05-21T23:30:43Z</time>
		</trkpt>
		<trkpt lat="59.484815" lon="24.8374817">
			<ele>38.8</ele>
			<time>2026-05-21T23:30:44Z</time>
		</trkpt>
		<trkpt lat="59.4849333" lon="24.8374933">
			<ele>39.9</ele>
			<time>2026-05-21T23:30:45Z</time>
		</trkpt>
		<trkpt lat="59.4850467" lon="24.8375033">
			<ele>40.6</ele>
			<time>2026-05-21T23:30:46Z</time>
		</trkpt>
		<trkpt lat="59.485155" lon="24.837515">
			<ele>41.4</ele>
			<time>2026-05-21T23:30:47Z</time>
		</trkpt>
		<trkpt lat="59.4852617" lon="24.83753">
			<ele>42.1</ele>
			<time>2026-05-21T23:30:48Z</time>
		</trkpt>
		<trkpt lat="59.48537" lon="24.8375433">
			<ele>42.4</ele>
			<time>2026-05-21T23:30:49Z</time>
		</trkpt>
		<trkpt lat="59.4854817" lon="24.83755">
			<ele>43.1</ele>
			<time>2026-05-21T23:30:50Z</time>
		</trkpt>
		<trkpt lat="59.485595" lon="24.8375483">
			<ele>43.8</ele>
			<time>2026-05-21T23:30:51Z</time>
		</trkpt>
		<trkpt lat="59.4857117" lon="24.8375433">
			<ele>44.6</ele>
			<time>2026-05-21T23:30:52Z</time>
		</trkpt>
		<trkpt lat="59.4858267" lon="24.8375367">
			<ele>45.5</ele>
			<time>2026-05-21T23:30:53Z</time>
		</trkpt>
		<trkpt lat="59.48594" lon="24.8375283">
			<ele>46.4</ele>
			<time>2026-05-21T23:30:54Z</time>
		</trkpt>
		<trkpt lat="59.4860483" lon="24.8375167">
			<ele>47.1</ele>
			<time>2026-05-21T23:30:55Z</time>
		</trkpt>
		<trkpt lat="59.4861517" lon="24.8375033">
			<ele>47.5</ele>
			<time>2026-05-21T23:30:56Z</time>
		</trkpt>
		<trkpt lat="59.4862567" lon="24.8374883">
			<ele>48.4</ele>
			<time>2026-05-21T23:30:57Z</time>
		</trkpt>
		<trkpt lat="59.4863633" lon="24.8374683">
			<ele>48.8</ele>
			<time>2026-05-21T23:30:58Z</time>
		</trkpt>
		<trkpt lat="59.4864733" lon="24.837445">
			<ele>49.7</ele>
			<time>2026-05-21T23:30:59Z</time>
		</trkpt>
		<trkpt lat="59.4865833" lon="24.8374117">
			<ele>50.7</ele>
			<time>2026-05-21T23:31:00Z</time>
		</trkpt>
		<trkpt lat="59.48669" lon="24.83737">
			<ele>52.4</ele>
			<time>2026-05-21T23:31:01Z</time>
		</trkpt>
		<trkpt lat="59.486795" lon="24.8373217">
			<ele>53</ele>
			<time>2026-05-21T23:31:02Z</time>
		</trkpt>
		<trkpt lat="59.486895" lon="24.83727">
			<ele>53.5</ele>
			<time>2026-05-21T23:31:03Z</time>
		</trkpt>
		<trkpt lat="59.486995" lon="24.837215">
			<ele>54.2</ele>
			<time>2026-05-21T23:31:04Z</time>
		</trkpt>
		<trkpt lat="59.487095" lon="24.837165">
			<ele>54.8</ele>
			<time>2026-05-21T23:31:05Z</time>
		</trkpt>
		<trkpt lat="59.4871967" lon="24.8371133">
			<ele>55.2</ele>
			<time>2026-05-21T23:31:06Z</time>
		</trkpt>
		<trkpt lat="59.4873" lon="24.8370633">
			<ele>54.7</ele>
			<time>2026-05-21T23:31:07Z</time>
		</trkpt>
		<trkpt lat="59.487405" lon="24.8370133">
			<ele>55.4</ele>
			<time>2026-05-21T23:31:08Z</time>
		</trkpt>
		<trkpt lat="59.4875117" lon="24.836955">
			<ele>56.7</ele>
			<time>2026-05-21T23:31:09Z</time>
		</trkpt>
		<trkpt lat="59.487615" lon="24.836885">
			<ele>57.2</ele>
			<time>2026-05-21T23:31:10Z</time>
		</trkpt>
		<trkpt lat="59.4877167" lon="24.8368033">
			<ele>58.2</ele>
			<time>2026-05-21T23:31:11Z</time>
		</trkpt>
		<trkpt lat="59.4878133" lon="24.836715">
			<ele>58.2</ele>
			<time>2026-05-21T23:31:12Z</time>
		</trkpt>
		<trkpt lat="59.4879083" lon="24.83663">
			<ele>58.2</ele>
			<time>2026-05-21T23:31:13Z</time>
		</trkpt>
		<trkpt lat="59.488005" lon="24.8365433">
			<ele>58.4</ele>
			<time>2026-05-21T23:31:14Z</time>
		</trkpt>
		<trkpt lat="59.4881017" lon="24.8364483">
			<ele>58.2</ele>
			<time>2026-05-21T23:31:15Z</time>
		</trkpt>
		<trkpt lat="59.4881917" lon="24.8363417">
			<ele>57.5</ele>
			<time>2026-05-21T23:31:16Z</time>
		</trkpt>
		<trkpt lat="59.4882783" lon="24.8362267">
			<ele>58.1</ele>
			<time>2026-05-21T23:31:17Z</time>
		</trkpt>
		<trkpt lat="59.48836" lon="24.8361033">
			<ele>59.1</ele>
			<time>2026-05-21T23:31:18Z</time>
		</trkpt>
		<trkpt lat="59.4884383" lon="24.8359733">
			<ele>60.1</ele>
			<time>2026-05-21T23:31:19Z</time>
		</trkpt>
		<trkpt lat="59.4885133" lon="24.8358433">
			<ele>60.8</ele>
			<time>2026-05-21T23:31:20Z</time>
		</trkpt>
		<trkpt lat="59.4885883" lon="24.8357083">
			<ele>61.7</ele>
			<time>2026-05-21T23:31:21Z</time>
		</trkpt>
		<trkpt lat="59.4886633" lon="24.83557">
			<ele>62.3</ele>
			<time>2026-05-21T23:31:22Z</time>
		</trkpt>
		<trkpt lat="59.4887367" lon="24.8354317">
			<ele>62.7</ele>
			<time>2026-05-21T23:31:23Z</time>
		</trkpt>
		<trkpt lat="59.48881" lon="24.83529">
			<ele>63.5</ele>
			<time>2026-05-21T23:31:24Z</time>
		</trkpt>
		<trkpt lat="59.4888833" lon="24.835145">
			<ele>64</ele>
			<time>2026-05-21T23:31:25Z</time>
		</trkpt>
		<trkpt lat="59.48895" lon="24.8349983">
			<ele>64.5</ele>
			<time>2026-05-21T23:31:26Z</time>
		</trkpt>
		<trkpt lat="59.4890183" lon="24.834855">
			<ele>65.2</ele>
			<time>2026-05-21T23:31:27Z</time>
		</trkpt>
		<trkpt lat="59.4890883" lon="24.8347133">
			<ele>65.8</ele>
			<time>2026-05-21T23:31:28Z</time>
		</trkpt>
		<trkpt lat="59.4891583" lon="24.83458">
			<ele>66.6</ele>
			<time>2026-05-21T23:31:29Z</time>
		</trkpt>
		<trkpt lat="59.48923" lon="24.8344517">
			<ele>67.8</ele>
			<time>2026-05-21T23:31:30Z</time>
		</trkpt>
		<trkpt lat="59.4893" lon="24.8343183">
			<ele>68.5</ele>
			<time>2026-05-21T23:31:31Z</time>
		</trkpt>
		<trkpt lat="59.4893667" lon="24.8341783">
			<ele>69.2</ele>
			<time>2026-05-21T23:31:32Z</time>
		</trkpt>
		<trkpt lat="59.48943" lon="24.8340333">
			<ele>69.8</ele>
			<time>2026-05-21T23:31:33Z</time>
		</trkpt>
		<trkpt lat="59.489495" lon="24.8338817">
			<ele>70.8</ele>
			<time>2026-05-21T23:31:34Z</time>
		</trkpt>
		<trkpt lat="59.4895583" lon="24.8337283">
			<ele>72.2</ele>
			<time>2026-05-21T23:31:35Z</time>
		</trkpt>
		<trkpt lat="59.4896167" lon="24.8335783">
			<ele>73.3</ele>
			<time>2026-05-21T23:31:36Z</time>
		</trkpt>
		<trkpt lat="59.48967" lon="24.83343">
			<ele>74.1</ele>
			<time>2026-05-21T23:31:37Z</time>
		</trkpt>
		<trkpt lat="59.4897233" lon="24.8332833">
			<ele>74.8</ele>
			<time>2026-05-21T23:31:38Z</time>
		</trkpt>
		<trkpt lat="59.4897783" lon="24.8331433">
			<ele>75.5</ele>
			<time>2026-05-21T23:31:39Z</time>
		</trkpt>
		<trkpt lat="59.4898383" lon="24.8330067">
			<ele>76.1</ele>
			<time>2026-05-21T23:31:40Z</time>
		</trkpt>
		<trkpt lat="59.489905" lon="24.8328717">
			<ele>76.7</ele>
			<time>2026-05-21T23:31:41Z</time>
		</trkpt>
		<trkpt lat="59.489975" lon="24.8327467">
			<ele>77.3</ele>
			<time>2026-05-21T23:31:42Z</time>
		</trkpt>
		<trkpt lat="59.49005" lon="24.83263">
			<ele>78</ele>
			<time>2026-05-21T23:31:43Z</time>
		</trkpt>
		<trkpt lat="59.4901217" lon="24.8325133">
			<ele>78.6</ele>
			<time>2026-05-21T23:31:44Z</time>
		</trkpt>
		<trkpt lat="59.4901933" lon="24.8323917">
			<ele>79.6</ele>
			<time>2026-05-21T23:31:45Z</time>
		</trkpt>
		<trkpt lat="59.4902567" lon="24.8322633">
			<ele>80.3</ele>
			<time>2026-05-21T23:31:46Z</time>
		</trkpt>
		<trkpt lat="59.4903167" lon="24.8321283">
			<ele>81.3</ele>
			<time>2026-05-21T23:31:47Z</time>
		</trkpt>
		<trkpt lat="59.4903733" lon="24.8319917">
			<ele>82.1</ele>
			<time>2026-05-21T23:31:48Z</time>
		</trkpt>
		<trkpt lat="59.4904283" lon="24.8318567">
			<ele>83.1</ele>
			<time>2026-05-21T23:31:49Z</time>
		</trkpt>
		<trkpt lat="59.4904867" lon="24.831725">
			<ele>84</ele>
			<time>2026-05-21T23:31:50Z</time>
		</trkpt>
		<trkpt lat="59.4905467" lon="24.8315917">
			<ele>84.7</ele>
			<time>2026-05-21T23:31:51Z</time>
		</trkpt>
		<trkpt lat="59.49061" lon="24.8314567">
			<ele>85.4</ele>
			<time>2026-05-21T23:31:52Z</time>
		</trkpt>
		<trkpt lat="59.4906717" lon="24.8313267">
			<ele>85.8</ele>
			<time>2026-05-21T23:31:53Z</time>
		</trkpt>
		<trkpt lat="59.490735" lon="24.8312">
			<ele>86.5</ele>
			<time>2026-05-21T23:31:54Z</time>
		</trkpt>
		<trkpt lat="59.4908017" lon="24.83108">
			<ele>87.2</ele>
			<time>2026-05-21T23:31:55Z</time>
		</trkpt>
		<trkpt lat="59.49087" lon="24.830965">
			<ele>87.9</ele>
			<time>2026-05-21T23:31:56Z</time>
		</trkpt>
		<trkpt lat="59.49094" lon="24.8308567">
			<ele>88.6</ele>
			<time>2026-05-21T23:31:57Z</time>
		</trkpt>
		<trkpt lat="59.4910083" lon="24.8307517">
			<ele>89.1</ele>
			<time>2026-05-21T23:31:58Z</time>
		</trkpt>
		<trkpt lat="59.4910783" lon="24.8306417">
			<ele>89.4</ele>
			<time>2026-05-21T23:31:59Z</time>
		</trkpt>
		<trkpt lat="59.49115" lon="24.8305267">
			<ele>90</ele>
			<time>2026-05-21T23:32:00Z</time>
		</trkpt>
		<trkpt lat="59.4912217" lon="24.8304167">
			<ele>90.3</ele>
			<time>2026-05-21T23:32:01Z</time>
		</trkpt>
		<trkpt lat="59.4912933" lon="24.8303133">
			<ele>90.4</ele>
			<time>2026-05-21T23:32:02Z</time>
		</trkpt>
		<trkpt lat="59.4913733" lon="24.8302217">
			<ele>90.8</ele>
			<time>2026-05-21T23:32:03Z</time>
		</trkpt>
		<trkpt lat="59.4914567" lon="24.8301367">
			<ele>91</ele>
			<time>2026-05-21T23:32:04Z</time>
		</trkpt>
		<trkpt lat="59.49154" lon="24.8300417">
			<ele>91.5</ele>
			<time>2026-05-21T23:32:05Z</time>
		</trkpt>
		<trkpt lat="59.4916167" lon="24.82993">
			<ele>91.8</ele>
			<time>2026-05-21T23:32:06Z</time>
		</trkpt>
		<trkpt lat="59.4916867" lon="24.82981">
			<ele>92.3</ele>
			<time>2026-05-21T23:32:07Z</time>
		</trkpt>
		<trkpt lat="59.49175" lon="24.8296933">
			<ele>92.7</ele>
			<time>2026-05-21T23:32:08Z</time>
		</trkpt>
		<trkpt lat="59.4918133" lon="24.82958">
			<ele>92.9</ele>
			<time>2026-05-21T23:32:09Z</time>
		</trkpt>
		<trkpt lat="59.4918767" lon="24.829465">
			<ele>93.1</ele>
			<time>2026-05-21T23:32:10Z</time>
		</trkpt>
		<trkpt lat="59.4919417" lon="24.8293483">
			<ele>92.8</ele>
			<time>2026-05-21T23:32:11Z</time>
		</trkpt>
		<trkpt lat="59.492005" lon="24.8292233">
			<ele>92.3</ele>
			<time>2026-05-21T23:32:12Z</time>
		</trkpt>
		<trkpt lat="59.4920667" lon="24.8290933">
			<ele>92</ele>
			<time>2026-05-21T23:32:13Z</time>
		</trkpt>
		<trkpt lat="59.4921283" lon="24.8289567">
			<ele>92.2</ele>
			<time>2026-05-21T23:32:14Z</time>
		</trkpt>
		<trkpt lat="59.492185" lon="24.8288183">
			<ele>91.9</ele>
			<time>2026-05-21T23:32:15Z</time>
		</trkpt>
		<trkpt lat="59.49224" lon="24.8286833">
			<ele>91.9</ele>
			<time>2026-05-21T23:32:16Z</time>
		</trkpt>
		<trkpt lat="59.4922983" lon="24.8285517">
			<ele>92</ele>
			<time>2026-05-21T23:32:17Z</time>
		</trkpt>
		<trkpt lat="59.4923633" lon="24.8284283">
			<ele>92.4</ele>
			<time>2026-05-21T23:32:18Z</time>
		</trkpt>
		<trkpt lat="59.4924383" lon="24.8283233">
			<ele>92.5</ele>
			<time>2026-05-21T23:32:19Z</time>
		</trkpt>
		<trkpt lat="59.4925167" lon="24.82823">
			<ele>92.6</ele>
			<time>2026-05-21T23:32:20Z</time>
		</trkpt>
		<trkpt lat="59.4926" lon="24.8281433">
			<ele>93.1</ele>
			<time>2026-05-21T23:32:21Z</time>
		</trkpt>
		<trkpt lat="59.4926833" lon="24.828055">
			<ele>93.7</ele>
			<time>2026-05-21T23:32:22Z</time>
		</trkpt>
		<trkpt lat="59.4927633" lon="24.8279583">
			<ele>94.4</ele>
			<time>2026-05-21T23:32:23Z</time>
		</trkpt>
		<trkpt lat="59.4928417" lon="24.82785">
			<ele>94.8</ele>
			<time>2026-05-21T23:32:24Z</time>
		</trkpt>
		<trkpt lat="59.4929167" lon="24.8277317">
			<ele>95.2</ele>
			<time>2026-05-21T23:32:25Z</time>
		</trkpt>
		<trkpt lat="59.4929933" lon="24.8276117">
			<ele>95.7</ele>
			<time>2026-05-21T23:32:26Z</time>
		</trkpt>
		<trkpt lat="59.4930683" lon="24.8274933">
			<ele>96</ele>
			<time>2026-05-21T23:32:27Z</time>
		</trkpt>
		<trkpt lat="59.49314" lon="24.827375">
			<ele>96.6</ele>
			<time>2026-05-21T23:32:28Z</time>
		</trkpt>
		<trkpt lat="59.4932117" lon="24.8272517">
			<ele>97.3</ele>
			<time>2026-05-21T23:32:29Z</time>
		</trkpt>
		<trkpt lat="59.4932833" lon="24.8271283">
			<ele>98.1</ele>
			<time>2026-05-21T23:32:30Z</time>
		</trkpt>
		<trkpt lat="59.4933517" lon="24.8270033">
			<ele>98.5</ele>
			<time>2026-05-21T23:32:31Z</time>
		</trkpt>
		<trkpt lat="59.4934183" lon="24.8268817">
			<ele>99</ele>
			<time>2026-05-21T23:32:32Z</time>
		</trkpt>
		<trkpt lat="59.4934833" lon="24.8267533">
			<ele>99.4</ele>
			<time>2026-05-21T23:32:33Z</time>
		</trkpt>
		<trkpt lat="59.4935483" lon="24.8266217">
			<ele>99.9</ele>
			<time>2026-05-21T23:32:34Z</time>
		</trkpt>
		<trkpt lat="59.4936083" lon="24.826485">
			<ele>100.2</ele>
			<time>2026-05-21T23:32:35Z</time>
		</trkpt>
		<trkpt lat="59.4936667" lon="24.8263517">
			<ele>100.6</ele>
			<time>2026-05-21T23:32:36Z</time>
		</trkpt>
		<trkpt lat="59.4937267" lon="24.8262233">
			<ele>101.4</ele>
			<time>2026-05-21T23:32:37Z</time>
		</trkpt>
		<trkpt lat="59.493785" lon="24.8261">
			<ele>101.8</ele>
			<time>2026-05-21T23:32:38Z</time>
		</trkpt>
		<trkpt lat="59.4938483" lon="24.8259883">
			<ele>102.2</ele>
			<time>2026-05-21T23:32:39Z</time>
		</trkpt>
		<trkpt lat="59.49392" lon="24.825885">
			<ele>102.4</ele>
			<time>2026-05-21T23:32:40Z</time>
		</trkpt>
		<trkpt lat="59.494" lon="24.82578">
			<ele>102.9</ele>
			<time>2026-05-21T23:32:41Z</time>
		</trkpt>
		<trkpt lat="59.494085" lon="24.8256867">
			<ele>103.4</ele>
			<time>2026-05-21T23:32:42Z</time>
		</trkpt>
		<trkpt lat="59.4941717" lon="24.8255917">
			<ele>103.8</ele>
			<time>2026-05-21T23:32:43Z</time>
		</trkpt>
		<trkpt lat="59.494255" lon="24.8254967">
			<ele>104.2</ele>
			<time>2026-05-21T23:32:44Z</time>
		</trkpt>
		<trkpt lat="59.49434" lon="24.8254033">
			<ele>104.6</ele>
			<time>2026-05-21T23:32:45Z</time>
		</trkpt>
		<trkpt lat="59.49442" lon="24.8253117">
			<ele>104.7</ele>
			<time>2026-05-21T23:32:46Z</time>
		</trkpt>
		<trkpt lat="59.4945" lon="24.8252167">
			<ele>105.1</ele>
			<time>2026-05-21T23:32:47Z</time>
		</trkpt>
		<trkpt lat="59.4945767" lon="24.8251167">
			<ele>105.5</ele>
			<time>2026-05-21T23:32:48Z</time>
		</trkpt>
		<trkpt lat="59.49465" lon="24.8250083">
			<ele>105.8</ele>
			<time>2026-05-21T23:32:49Z</time>
		</trkpt>
		<trkpt lat="59.4947233" lon="24.8248883">
			<ele>105.8</ele>
			<time>2026-05-21T23:32:50Z</time>
		</trkpt>
		<trkpt lat="59.4947933" lon="24.8247633">
			<ele>105.8</ele>
			<time>2026-05-21T23:32:51Z</time>
		</trkpt>
		<trkpt lat="59.494865" lon="24.8246433">
			<ele>105.2</ele>
			<time>2026-05-21T23:32:52Z</time>
		</trkpt>
		<trkpt lat="59.4949367" lon="24.8245233">
			<ele>105.1</ele>
			<time>2026-05-21T23:32:53Z</time>
		</trkpt>
		<trkpt lat="59.4950133" lon="24.82441">
			<ele>105.7</ele>
			<time>2026-05-21T23:32:54Z</time>
		</trkpt>
		<trkpt lat="59.4950883" lon="24.8242967">
			<ele>105.8</ele>
			<time>2026-05-21T23:32:55Z</time>
		</trkpt>
		<trkpt lat="59.4951617" lon="24.8241817">
			<ele>106</ele>
			<time>2026-05-21T23:32:56Z</time>
		</trkpt>
		<trkpt lat="59.4952367" lon="24.82407">
			<ele>106.1</ele>
			<time>2026-05-21T23:32:57Z</time>
		</trkpt>
		<trkpt lat="59.495315" lon="24.823965">
			<ele>106.7</ele>
			<time>2026-05-21T23:32:58Z</time>
		</trkpt>
		<trkpt lat="59.4953933" lon="24.8238633">
			<ele>107.1</ele>
			<time>2026-05-21T23:32:59Z</time>
		</trkpt>
		<trkpt lat="59.4954733" lon="24.8237517">
			<ele>106.9</ele>
			<time>2026-05-21T23:33:00Z</time>
		</trkpt>
		<trkpt lat="59.4955467" lon="24.8236367">
			<ele>106.6</ele>
			<time>2026-05-21T23:33:01Z</time>
		</trkpt>
		<trkpt lat="59.4956133" lon="24.8235183">
			<ele>106.3</ele>
			<time>2026-05-21T23:33:02Z</time>
		</trkpt>
		<trkpt lat="59.495685" lon="24.8234017">
			<ele>106.1</ele>
			<time>2026-05-21T23:33:03Z</time>
		</trkpt>
		<trkpt lat="59.4957583" lon="24.8232883">
			<ele>106.1</ele>
			<time>2026-05-21T23:33:04Z</time>
		</trkpt>
		<trkpt lat="59.495835" lon="24.8231817">
			<ele>106.7</ele>
			<time>2026-05-21T23:33:05Z</time>
		</trkpt>
		<trkpt lat="59.49591" lon="24.8230767">
			<ele>107</ele>
			<time>2026-05-21T23:33:06Z</time>
		</trkpt>
		<trkpt lat="59.4959867" lon="24.8229767">
			<ele>107.3</ele>
			<time>2026-05-21T23:33:07Z</time>
		</trkpt>
		<trkpt lat="59.49606" lon="24.82288">
			<ele>107</ele>
			<time>2026-05-21T23:33:08Z</time>
		</trkpt>
		<trkpt lat="59.4961367" lon="24.822785">
			<ele>106.7</ele>
			<time>2026-05-21T23:33:09Z</time>
		</trkpt>
		<trkpt lat="59.4962183" lon="24.8226883">
			<ele>106.3</ele>
			<time>2026-05-21T23:33:10Z</time>
		</trkpt>
		<trkpt lat="59.4962983" lon="24.8225867">
			<ele>105.9</ele>
			<time>2026-05-21T23:33:11Z</time>
		</trkpt>
		<trkpt lat="59.4963783" lon="24.8224817">
			<ele>105.7</ele>
			<time>2026-05-21T23:33:12Z</time>
		</trkpt>
		<trkpt lat="59.4964533" lon="24.8223733">
			<ele>105.7</ele>
			<time>2026-05-21T23:33:13Z</time>
		</trkpt>
		<trkpt lat="59.4965267" lon="24.822265">
			<ele>105.5</ele>
			<time>2026-05-21T23:33:14Z</time>
		</trkpt>
		<trkpt lat="59.4965983" lon="24.8221517">
			<ele>105</ele>
			<time>2026-05-21T23:33:15Z</time>
		</trkpt>
		<trkpt lat="59.4966667" lon="24.82204">
			<ele>104.3</ele>
			<time>2026-05-21T23:33:16Z</time>
		</trkpt>
		<trkpt lat="59.4967367" lon="24.821925">
			<ele>103.9</ele>
			<time>2026-05-21T23:33:17Z</time>
		</trkpt>
		<trkpt lat="59.49681" lon="24.8218083">
			<ele>103.5</ele>
			<time>2026-05-21T23:33:18Z</time>
		</trkpt>
		<trkpt lat="59.4968817" lon="24.8216933">
			<ele>103.1</ele>
			<time>2026-05-21T23:33:19Z</time>
		</trkpt>
		<trkpt lat="59.4969583" lon="24.8215817">
			<ele>103.2</ele>
			<time>2026-05-21T23:33:20Z</time>
		</trkpt>
		<trkpt lat="59.4970333" lon="24.8214683">
			<ele>103.6</ele>
			<time>2026-05-21T23:33:21Z</time>
		</trkpt>
		<trkpt lat="59.4971083" lon="24.8213567">
			<ele>103.6</ele>
			<time>2026-05-21T23:33:22Z</time>
		</trkpt>
		<trkpt lat="59.497185" lon="24.8212417">
			<ele>103.5</ele>
			<time>2026-05-21T23:33:23Z</time>
		</trkpt>
		<trkpt lat="59.4972583" lon="24.8211267">
			<ele>102.6</ele>
			<time>2026-05-21T23:33:24Z</time>
		</trkpt>
		<trkpt lat="59.49734" lon="24.82101">
			<ele>103</ele>
			<time>2026-05-21T23:33:25Z</time>
		</trkpt>
		<trkpt lat="59.4974233" lon="24.8208917">
			<ele>103.9</ele>
			<time>2026-05-21T23:33:26Z</time>
		</trkpt>
		<trkpt lat="59.497505" lon="24.8207767">
			<ele>104.9</ele>
			<time>2026-05-21T23:33:27Z</time>
		</trkpt>
		<trkpt lat="59.4975767" lon="24.8206617">
			<ele>104.9</ele>
			<time>2026-05-21T23:33:28Z</time>
		</trkpt>
		<trkpt lat="59.4976533" lon="24.82055">
			<ele>105.6</ele>
			<time>2026-05-21T23:33:29Z</time>
		</trkpt>
		<trkpt lat="59.4977283" lon="24.8204433">
			<ele>106</ele>
			<time>2026-05-21T23:33:30Z</time>
		</trkpt>
		<trkpt lat="59.4977933" lon="24.8203367">
			<ele>105.9</ele>
			<time>2026-05-21T23:33:31Z</time>
		</trkpt>
		<trkpt lat="59.4978617" lon="24.8202217">
			<ele>105.8</ele>
			<time>2026-05-21T23:33:32Z</time>
		</trkpt>
		<trkpt lat="59.4979283" lon="24.8200983">
			<ele>105.3</ele>
			<time>2026-05-21T23:33:33Z</time>
		</trkpt>
		<trkpt lat="59.497995" lon="24.8199733">
			<ele>104.9</ele>
			<time>2026-05-21T23:33:34Z</time>
		</trkpt>
		<trkpt lat="59.4980617" lon="24.81985">
			<ele>104.3</ele>
			<time>2026-05-21T23:33:35Z</time>
		</trkpt>
		<trkpt lat="59.4981283" lon="24.81973">
			<ele>103.9</ele>
			<time>2026-05-21T23:33:36Z</time>
		</trkpt>
		<trkpt lat="59.4981967" lon="24.81961">
			<ele>103.6</ele>
			<time>2026-05-21T23:33:37Z</time>
		</trkpt>
		<trkpt lat="59.4982633" lon="24.8194917">
			<ele>103</ele>
			<time>2026-05-21T23:33:38Z</time>
		</trkpt>
		<trkpt lat="59.4983317" lon="24.819375">
			<ele>102.6</ele>
			<time>2026-05-21T23:33:39Z</time>
		</trkpt>
		<trkpt lat="59.4984033" lon="24.81926">
			<ele>102.2</ele>
			<time>2026-05-21T23:33:40Z</time>
		</trkpt>
		<trkpt lat="59.4984767" lon="24.8191483">
			<ele>101.8</ele>
			<time>2026-05-21T23:33:41Z</time>
		</trkpt>
		<trkpt lat="59.49855" lon="24.8190317">
			<ele>101.2</ele>
			<time>2026-05-21T23:33:42Z</time>
		</trkpt>
		<trkpt lat="59.49862" lon="24.8189083">
			<ele>100.4</ele>
			<time>2026-05-21T23:33:43Z</time>
		</trkpt>
		<trkpt lat="59.498685" lon="24.8187783">
			<ele>99.5</ele>
			<time>2026-05-21T23:33:44Z</time>
		</trkpt>
		<trkpt lat="59.4987517" lon="24.818645">
			<ele>98.9</ele>
			<time>2026-05-21T23:33:45Z</time>
		</trkpt>
		<trkpt lat="59.4988167" lon="24.8185083">
			<ele>98.3</ele>
			<time>2026-05-21T23:33:46Z</time>
		</trkpt>
		<trkpt lat="59.4988783" lon="24.81837">
			<ele>97.6</ele>
			<time>2026-05-21T23:33:47Z</time>
		</trkpt>
		<trkpt lat="59.4989383" lon="24.8182317">
			<ele>96.9</ele>
			<time>2026-05-21T23:33:48Z</time>
		</trkpt>
		<trkpt lat="59.4989983" lon="24.818095">
			<ele>95.9</ele>
			<time>2026-05-21T23:33:49Z</time>
		</trkpt>
		<trkpt lat="59.4990567" lon="24.8179583">
			<ele>94.8</ele>
			<time>2026-05-21T23:33:50Z</time>
		</trkpt>
		<trkpt lat="59.4991133" lon="24.8178183">
			<ele>93.9</ele>
			<time>2026-05-21T23:33:51Z</time>
		</trkpt>
		<trkpt lat="59.4991667" lon="24.8176717">
			<ele>93</ele>
			<time>2026-05-21T23:33:52Z</time>
		</trkpt>
		<trkpt lat="59.499215" lon="24.8175183">
			<ele>92.2</ele>
			<time>2026-05-21T23:33:53Z</time>
		</trkpt>
		<trkpt lat="59.4992633" lon="24.81736">
			<ele>91.5</ele>
			<time>2026-05-21T23:33:54Z</time>
		</trkpt>
		<trkpt lat="59.49931" lon="24.8172">
			<ele>91.1</ele>
			<time>2026-05-21T23:33:55Z</time>
		</trkpt>
		<trkpt lat="59.4993517" lon="24.81704">
			<ele>91.4</ele>
			<time>2026-05-21T23:33:56Z</time>
		</trkpt>
		<trkpt lat="59.49939" lon="24.81688">
			<ele>90.8</ele>
			<time>2026-05-21T23:33:57Z</time>
		</trkpt>
		<trkpt lat="59.499425" lon="24.8167133">
			<ele>90.6</ele>
			<time>2026-05-21T23:33:58Z</time>
		</trkpt>
		<trkpt lat="59.4994583" lon="24.8165433">
			<ele>90.2</ele>
			<time>2026-05-21T23:33:59Z</time>
		</trkpt>
		<trkpt lat="59.499485" lon="24.8163683">
			<ele>89.6</ele>
			<time>2026-05-21T23:34:00Z</time>
		</trkpt>
		<trkpt lat="59.4995083" lon="24.816185">
			<ele>88.7</ele>
			<time>2026-05-21T23:34:01Z</time>
		</trkpt>
		<trkpt lat="59.4995283" lon="24.8160033">
			<ele>87.8</ele>
			<time>2026-05-21T23:34:02Z</time>
		</trkpt>
		<trkpt lat="59.4995417" lon="24.815825">
			<ele>86.7</ele>
			<time>2026-05-21T23:34:03Z</time>
		</trkpt>
		<trkpt lat="59.4995533" lon="24.8156483">
			<ele>85.3</ele>
			<time>2026-05-21T23:34:04Z</time>
		</trkpt>
		<trkpt lat="59.4995633" lon="24.8154667">
			<ele>84.3</ele>
			<time>2026-05-21T23:34:05Z</time>
		</trkpt>
		<trkpt lat="59.49957" lon="24.8152867">
			<ele>83.4</ele>
			<time>2026-05-21T23:34:06Z</time>
		</trkpt>
		<trkpt lat="59.4995717" lon="24.8151033">
			<ele>82.5</ele>
			<time>2026-05-21T23:34:07Z</time>
		</trkpt>
		<trkpt lat="59.4995733" lon="24.81492">
			<ele>81.7</ele>
			<time>2026-05-21T23:34:08Z</time>
		</trkpt>
		<trkpt lat="59.4995733" lon="24.814735">
			<ele>81.1</ele>
			<time>2026-05-21T23:34:09Z</time>
		</trkpt>
		<trkpt lat="59.4995717" lon="24.8145567">
			<ele>80.3</ele>
			<time>2026-05-21T23:34:10Z</time>
		</trkpt>
		<trkpt lat="59.49957" lon="24.8143767">
			<ele>79.9</ele>
			<time>2026-05-21T23:34:11Z</time>
		</trkpt>
		<trkpt lat="59.4995633" lon="24.8142">
			<ele>79.6</ele>
			<time>2026-05-21T23:34:12Z</time>
		</trkpt>
		<trkpt lat="59.4995567" lon="24.8140217">
			<ele>79.4</ele>
			<time>2026-05-21T23:34:13Z</time>
		</trkpt>
		<trkpt lat="59.49955" lon="24.8138417">
			<ele>79.2</ele>
			<time>2026-05-21T23:34:14Z</time>
		</trkpt>
		<trkpt lat="59.4995433" lon="24.8136617">
			<ele>78.9</ele>
			<time>2026-05-21T23:34:15Z</time>
		</trkpt>
		<trkpt lat="59.4995367" lon="24.81348">
			<ele>78.4</ele>
			<time>2026-05-21T23:34:16Z</time>
		</trkpt>
		<trkpt lat="59.4995367" lon="24.8133017">
			<ele>78</ele>
			<time>2026-05-21T23:34:17Z</time>
		</trkpt>
		<trkpt lat="59.4995483" lon="24.81312">
			<ele>77.7</ele>
			<time>2026-05-21T23:34:18Z</time>
		</trkpt>
		<trkpt lat="59.49958" lon="24.81295">
			<ele>77.1</ele>
			<time>2026-05-21T23:34:19Z</time>
		</trkpt>
		<trkpt lat="59.4996467" lon="24.8128133">
			<ele>76.4</ele>
			<time>2026-05-21T23:34:20Z</time>
		</trkpt>
		<trkpt lat="59.4997383" lon="24.8127167">
			<ele>75.4</ele>
			<time>2026-05-21T23:34:21Z</time>
		</trkpt>
		<trkpt lat="59.499845" lon="24.8126683">
			<ele>74.8</ele>
			<time>2026-05-21T23:34:22Z</time>
		</trkpt>
		<trkpt lat="59.4999583" lon="24.81267">
			<ele>74.2</ele>
			<time>2026-05-21T23:34:23Z</time>
		</trkpt>
		<trkpt lat="59.5000717" lon="24.8127217">
			<ele>74.2</ele>
			<time>2026-05-21T23:34:24Z</time>
		</trkpt>
		<trkpt lat="59.5001767" lon="24.8128">
			<ele>74.1</ele>
			<time>2026-05-21T23:34:25Z</time>
		</trkpt>
		<trkpt lat="59.5002817" lon="24.81286">
			<ele>73.7</ele>
			<time>2026-05-21T23:34:26Z</time>
		</trkpt>
		<trkpt lat="59.5003883" lon="24.8128717">
			<ele>73.2</ele>
			<time>2026-05-21T23:34:27Z</time>
		</trkpt>
		<trkpt lat="59.5004917" lon="24.8128133">
			<ele>72.3</ele>
			<time>2026-05-21T23:34:28Z</time>
		</trkpt>
		<trkpt lat="59.5005817" lon="24.8126933">
			<ele>71.4</ele>
			<time>2026-05-21T23:34:29Z</time>
		</trkpt>
		<trkpt lat="59.5006467" lon="24.812535">
			<ele>71.2</ele>
			<time>2026-05-21T23:34:30Z</time>
		</trkpt>
		<trkpt lat="59.5006817" lon="24.812355">
			<ele>71.8</ele>
			<time>2026-05-21T23:34:31Z</time>
		</trkpt>
		<trkpt lat="59.5006817" lon="24.8121733">
			<ele>71.8</ele>
			<time>2026-05-21T23:34:32Z</time>
		</trkpt>
		<trkpt lat="59.500645" lon="24.8120033">
			<ele>71.9</ele>
			<time>2026-05-21T23:34:33Z</time>
		</trkpt>
		<trkpt lat="59.5005717" lon="24.8118633">
			<ele>70.9</ele>
			<time>2026-05-21T23:34:34Z</time>
		</trkpt>
		<trkpt lat="59.500475" lon="24.81177">
			<ele>69.6</ele>
			<time>2026-05-21T23:34:35Z</time>
		</trkpt>
		<trkpt lat="59.5003583" lon="24.81173">
			<ele>68.2</ele>
			<time>2026-05-21T23:34:36Z</time>
		</trkpt>
		<trkpt lat="59.500235" lon="24.8117567">
			<ele>66.2</ele>
			<time>2026-05-21T23:34:37Z</time>
		</trkpt>
		<trkpt lat="59.50011" lon="24.8118483">
			<ele>63.7</ele>
			<time>2026-05-21T23:34:38Z</time>
		</trkpt>
		<trkpt lat="59.5000067" lon="24.8120083">
			<ele>61.5</ele>
			<time>2026-05-21T23:34:39Z</time>
		</trkpt>
		<trkpt lat="59.4999333" lon="24.81223">
			<ele>60</ele>
			<time>2026-05-21T23:34:40Z</time>
		</trkpt>
		<trkpt lat="59.4998967" lon="24.8124933">
			<ele>57.9</ele>
			<time>2026-05-21T23:34:41Z</time>
		</trkpt>
		<trkpt lat="59.4999" lon="24.8127667">
			<ele>56.7</ele>
			<time>2026-05-21T23:34:42Z</time>
		</trkpt>
		<trkpt lat="59.49993" lon="24.81303">
			<ele>56.1</ele>
			<time>2026-05-21T23:34:43Z</time>
		</trkpt>
		<trkpt lat="59.4999783" lon="24.813275">
			<ele>55.5</ele>
			<time>2026-05-21T23:34:44Z</time>
		</trkpt>
		<trkpt lat="59.5000467" lon="24.8134917">
			<ele>54.4</ele>
			<time>2026-05-21T23:34:45Z</time>
		</trkpt>
		<trkpt lat="59.50014" lon="24.8136733">
			<ele>53.5</ele>
			<time>2026-05-21T23:34:46Z</time>
		</trkpt>
		<trkpt lat="59.5002467" lon="24.8138083">
			<ele>53.3</ele>
			<time>2026-05-21T23:34:47Z</time>
		</trkpt>
		<trkpt lat="59.5003633" lon="24.813905">
			<ele>54.2</ele>
			<time>2026-05-21T23:34:48Z</time>
		</trkpt>
		<trkpt lat="59.5004783" lon="24.813975">
			<ele>55.9</ele>
			<time>2026-05-21T23:34:49Z</time>
		</trkpt>
		<trkpt lat="59.50059" lon="24.8140267">
			<ele>58.4</ele>
			<time>2026-05-21T23:34:50Z</time>
		</trkpt>
		<trkpt lat="59.500695" lon="24.814065">
			<ele>60</ele>
			<time>2026-05-21T23:34:51Z</time>
		</trkpt>
		<trkpt lat="59.5008" lon="24.814085">
			<ele>60.9</ele>
			<time>2026-05-21T23:34:52Z</time>
		</trkpt>
		<trkpt lat="59.5009067" lon="24.8140917">
			<ele>61.3</ele>
			<time>2026-05-21T23:34:53Z</time>
		</trkpt>
		<trkpt lat="59.5010217" lon="24.8140683">
			<ele>62.1</ele>
			<time>2026-05-21T23:34:54Z</time>
		</trkpt>
		<trkpt lat="59.501135" lon="24.81402">
			<ele>63.5</ele>
			<time>2026-05-21T23:34:55Z</time>
		</trkpt>
		<trkpt lat="59.50124" lon="24.8139483">
			<ele>64.8</ele>
			<time>2026-05-21T23:34:56Z</time>
		</trkpt>
		<trkpt lat="59.5013267" lon="24.8138483">
			<ele>65.9</ele>
			<time>2026-05-21T23:34:57Z</time>
		</trkpt>
		<trkpt lat="59.5014117" lon="24.8137333">
			<ele>67</ele>
			<time>2026-05-21T23:34:58Z</time>
		</trkpt>
		<trkpt lat="59.5014867" lon="24.8136117">
			<ele>67.5</ele>
			<time>2026-05-21T23:34:59Z</time>
		</trkpt>
		<trkpt lat="59.5015483" lon="24.8134833">
			<ele>67.4</ele>
			<time>2026-05-21T23:35:00Z</time>
		</trkpt>
		<trkpt lat="59.50162" lon="24.8133533">
			<ele>67.6</ele>
			<time>2026-05-21T23:35:01Z</time>
		</trkpt>
		<trkpt lat="59.501685" lon="24.8132167">
			<ele>67.3</ele>
			<time>2026-05-21T23:35:02Z</time>
		</trkpt>
		<trkpt lat="59.501745" lon="24.8130683">
			<ele>66.7</ele>
			<time>2026-05-21T23:35:03Z</time>
		</trkpt>
		<trkpt lat="59.5018" lon="24.812915">
			<ele>66.3</ele>
			<time>2026-05-21T23:35:04Z</time>
		</trkpt>
		<trkpt lat="59.5018533" lon="24.81276">
			<ele>66.2</ele>
			<time>2026-05-21T23:35:05Z</time>
		</trkpt>
		<trkpt lat="59.5019067" lon="24.81261">
			<ele>66</ele>
			<time>2026-05-21T23:35:06Z</time>
		</trkpt>
		<trkpt lat="59.5019633" lon="24.8124583">
			<ele>65.7</ele>
			<time>2026-05-21T23:35:07Z</time>
		</trkpt>
		<trkpt lat="59.5020233" lon="24.8123133">
			<ele>65.4</ele>
			<time>2026-05-21T23:35:08Z</time>
		</trkpt>
		<trkpt lat="59.5020867" lon="24.8121667">
			<ele>65.6</ele>
			<time>2026-05-21T23:35:09Z</time>
		</trkpt>
		<trkpt lat="59.5021433" lon="24.812015">
			<ele>65.6</ele>
			<time>2026-05-21T23:35:10Z</time>
		</trkpt>
		<trkpt lat="59.5021967" lon="24.8118583">
			<ele>65.8</ele>
			<time>2026-05-21T23:35:11Z</time>
		</trkpt>
		<trkpt lat="59.5022467" lon="24.8116983">
			<ele>66.2</ele>
			<time>2026-05-21T23:35:12Z</time>
		</trkpt>
		<trkpt lat="59.502295" lon="24.8115383">
			<ele>66.4</ele>
			<time>2026-05-21T23:35:13Z</time>
		</trkpt>
		<trkpt lat="59.5023467" lon="24.8113817">
			<ele>66.4</ele>
			<time>2026-05-21T23:35:14Z</time>
		</trkpt>
		<trkpt lat="59.5023967" lon="24.81122">
			<ele>66.5</ele>
			<time>2026-05-21T23:35:15Z</time>
		</trkpt>
		<trkpt lat="59.502445" lon="24.8110517">
			<ele>66.8</ele>
			<time>2026-05-21T23:35:16Z</time>
		</trkpt>
		<trkpt lat="59.5024883" lon="24.8108833">
			<ele>66.9</ele>
			<time>2026-05-21T23:35:17Z</time>
		</trkpt>
		<trkpt lat="59.502525" lon="24.810715">
			<ele>67.2</ele>
			<time>2026-05-21T23:35:18Z</time>
		</trkpt>
		<trkpt lat="59.5025467" lon="24.8105367">
			<ele>67.3</ele>
			<time>2026-05-21T23:35:19Z</time>
		</trkpt>
		<trkpt lat="59.5025583" lon="24.8103517">
			<ele>67.3</ele>
			<time>2026-05-21T23:35:20Z</time>
		</trkpt>
		<trkpt lat="59.502565" lon="24.8101533">
			<ele>67.6</ele>
			<time>2026-05-21T23:35:21Z</time>
		</trkpt>
		<trkpt lat="59.502565" lon="24.809945">
			<ele>67.9</ele>
			<time>2026-05-21T23:35:22Z</time>
		</trkpt>
		<trkpt lat="59.5025683" lon="24.8097367">
			<ele>68.5</ele>
			<time>2026-05-21T23:35:23Z</time>
		</trkpt>
		<trkpt lat="59.5025767" lon="24.80953">
			<ele>69.5</ele>
			<time>2026-05-21T23:35:24Z</time>
		</trkpt>
		<trkpt lat="59.5025967" lon="24.8093433">
			<ele>70.3</ele>
			<time>2026-05-21T23:35:25Z</time>
		</trkpt>
		<trkpt lat="59.5026433" lon="24.8091883">
			<ele>70.7</ele>
			<time>2026-05-21T23:35:26Z</time>
		</trkpt>
		<trkpt lat="59.5027167" lon="24.8090767">
			<ele>71</ele>
			<time>2026-05-21T23:35:27Z</time>
		</trkpt>
		<trkpt lat="59.5028133" lon="24.809">
			<ele>71</ele>
			<time>2026-05-21T23:35:28Z</time>
		</trkpt>
		<trkpt lat="59.502915" lon="24.80895">
			<ele>70.8</ele>
			<time>2026-05-21T23:35:29Z</time>
		</trkpt>
		<trkpt lat="59.50302" lon="24.8089183">
			<ele>71.1</ele>
			<time>2026-05-21T23:35:30Z</time>
		</trkpt>
		<trkpt lat="59.5031217" lon="24.8088833">
			<ele>71.3</ele>
			<time>2026-05-21T23:35:31Z</time>
		</trkpt>
		<trkpt lat="59.5032217" lon="24.808835">
			<ele>72</ele>
			<time>2026-05-21T23:35:32Z</time>
		</trkpt>
		<trkpt lat="59.5033167" lon="24.8087883">
			<ele>72.4</ele>
			<time>2026-05-21T23:35:33Z</time>
		</trkpt>
		<trkpt lat="59.503415" lon="24.8087533">
			<ele>72.1</ele>
			<time>2026-05-21T23:35:34Z</time>
		</trkpt>
		<trkpt lat="59.5035167" lon="24.8087283">
			<ele>71.8</ele>
			<time>2026-05-21T23:35:35Z</time>
		</trkpt>
		<trkpt lat="59.503625" lon="24.80871">
			<ele>72</ele>
			<time>2026-05-21T23:35:36Z</time>
		</trkpt>
		<trkpt lat="59.5037333" lon="24.808705">
			<ele>72</ele>
			<time>2026-05-21T23:35:37Z</time>
		</trkpt>
		<trkpt lat="59.50384" lon="24.80872">
			<ele>71.9</ele>
			<time>2026-05-21T23:35:38Z</time>
		</trkpt>
		<trkpt lat="59.5039467" lon="24.8087583">
			<ele>71.4</ele>
			<time>2026-05-21T23:35:39Z</time>
		</trkpt>
		<trkpt lat="59.5040517" lon="24.8088167">
			<ele>70.1</ele>
			<time>2026-05-21T23:35:40Z</time>
		</trkpt>
		<trkpt lat="59.5041617" lon="24.8088633">
			<ele>69.7</ele>
			<time>2026-05-21T23:35:41Z</time>
		</trkpt>
		<trkpt lat="59.504275" lon="24.8088933">
			<ele>69.7</ele>
			<time>2026-05-21T23:35:42Z</time>
		</trkpt>
		<trkpt lat="59.504385" lon="24.8089">
			<ele>70.1</ele>
			<time>2026-05-21T23:35:43Z</time>
		</trkpt>
		<trkpt lat="59.5044917" lon="24.8088867">
			<ele>70.2</ele>
			<time>2026-05-21T23:35:44Z</time>
		</trkpt>
		<trkpt lat="59.5045967" lon="24.8088633">
			<ele>70</ele>
			<time>2026-05-21T23:35:45Z</time>
		</trkpt>
		<trkpt lat="59.5047067" lon="24.808835">
			<ele>70.2</ele>
			<time>2026-05-21T23:35:46Z</time>
		</trkpt>
		<trkpt lat="59.5048183" lon="24.8088117">
			<ele>70.2</ele>
			<time>2026-05-21T23:35:47Z</time>
		</trkpt>
		<trkpt lat="59.5049283" lon="24.8088017">
			<ele>69.9</ele>
			<time>2026-05-21T23:35:48Z</time>
		</trkpt>
		<trkpt lat="59.5050367" lon="24.808815">
			<ele>68.9</ele>
			<time>2026-05-21T23:35:49Z</time>
		</trkpt>
		<trkpt lat="59.5051417" lon="24.8088383">
			<ele>68.1</ele>
			<time>2026-05-21T23:35:50Z</time>
		</trkpt>
		<trkpt lat="59.5052483" lon="24.80888">
			<ele>67.8</ele>
			<time>2026-05-21T23:35:51Z</time>
		</trkpt>
		<trkpt lat="59.5053533" lon="24.8089417">
			<ele>67.3</ele>
			<time>2026-05-21T23:35:52Z</time>
		</trkpt>
		<trkpt lat="59.5054567" lon="24.809025">
			<ele>66</ele>
			<time>2026-05-21T23:35:53Z</time>
		</trkpt>
		<trkpt lat="59.5055567" lon="24.80913">
			<ele>64.2</ele>
			<time>2026-05-21T23:35:54Z</time>
		</trkpt>
		<trkpt lat="59.5056567" lon="24.8092533">
			<ele>62.9</ele>
			<time>2026-05-21T23:35:55Z</time>
		</trkpt>
		<trkpt lat="59.5057517" lon="24.8093933">
			<ele>61.9</ele>
			<time>2026-05-21T23:35:56Z</time>
		</trkpt>
		<trkpt lat="59.5058417" lon="24.8095567">
			<ele>61.2</ele>
			<time>2026-05-21T23:35:57Z</time>
		</trkpt>
		<trkpt lat="59.505925" lon="24.8097367">
			<ele>60.7</ele>
			<time>2026-05-21T23:35:58Z</time>
		</trkpt>
		<trkpt lat="59.5060117" lon="24.8099167">
			<ele>60.4</ele>
			<time>2026-05-21T23:35:59Z</time>
		</trkpt>
		<trkpt lat="59.5060983" lon="24.8100917">
			<ele>60.5</ele>
			<time>2026-05-21T23:36:00Z</time>
		</trkpt>
		<trkpt lat="59.5061867" lon="24.8102567">
			<ele>61</ele>
			<time>2026-05-21T23:36:01Z</time>
		</trkpt>
		<trkpt lat="59.5062733" lon="24.8104133">
			<ele>60.5</ele>
			<time>2026-05-21T23:36:02Z</time>
		</trkpt>
		<trkpt lat="59.5063617" lon="24.8105667">
			<ele>60.7</ele>
			<time>2026-05-21T23:36:03Z</time>
		</trkpt>
		<trkpt lat="59.50645" lon="24.8107217">
			<ele>61.1</ele>
			<time>2026-05-21T23:36:04Z</time>
		</trkpt>
		<trkpt lat="59.5065383" lon="24.8108783">
			<ele>61.2</ele>
			<time>2026-05-21T23:36:05Z</time>
		</trkpt>
		<trkpt lat="59.50663" lon="24.8110317">
			<ele>60.9</ele>
			<time>2026-05-21T23:36:06Z</time>
		</trkpt>
		<trkpt lat="59.5067217" lon="24.8111833">
			<ele>60.7</ele>
			<time>2026-05-21T23:36:07Z</time>
		</trkpt>
		<trkpt lat="59.5068167" lon="24.811335">
			<ele>60.1</ele>
			<time>2026-05-21T23:36:08Z</time>
		</trkpt>
		<trkpt lat="59.5069117" lon="24.8114867">
			<ele>59.5</ele>
			<time>2026-05-21T23:36:09Z</time>
		</trkpt>
		<trkpt lat="59.5070017" lon="24.81164">
			<ele>59</ele>
			<time>2026-05-21T23:36:10Z</time>
		</trkpt>
		<trkpt lat="59.50709" lon="24.81179">
			<ele>58.3</ele>
			<time>2026-05-21T23:36:11Z</time>
		</trkpt>
		<trkpt lat="59.5071767" lon="24.8119333">
			<ele>57.3</ele>
			<time>2026-05-21T23:36:12Z</time>
		</trkpt>
		<trkpt lat="59.50727" lon="24.81207">
			<ele>56.7</ele>
			<time>2026-05-21T23:36:13Z</time>
		</trkpt>
		<trkpt lat="59.5073683" lon="24.8122">
			<ele>56</ele>
			<time>2026-05-21T23:36:14Z</time>
		</trkpt>
		<trkpt lat="59.507465" lon="24.81233">
			<ele>54.6</ele>
			<time>2026-05-21T23:36:15Z</time>
		</trkpt>
		<trkpt lat="59.5075633" lon="24.81246">
			<ele>52.9</ele>
			<time>2026-05-21T23:36:16Z</time>
		</trkpt>
		<trkpt lat="59.507665" lon="24.8125883">
			<ele>52.1</ele>
			<time>2026-05-21T23:36:17Z</time>
		</trkpt>
		<trkpt lat="59.5077717" lon="24.8127033">
			<ele>52</ele>
			<time>2026-05-21T23:36:18Z</time>
		</trkpt>
		<trkpt lat="59.5078767" lon="24.812805">
			<ele>52.1</ele>
			<time>2026-05-21T23:36:19Z</time>
		</trkpt>
		<trkpt lat="59.5079833" lon="24.812895">
			<ele>51.7</ele>
			<time>2026-05-21T23:36:20Z</time>
		</trkpt>
		<trkpt lat="59.50809" lon="24.81298">
			<ele>50.9</ele>
			<time>2026-05-21T23:36:21Z</time>
		</trkpt>
		<trkpt lat="59.5081967" lon="24.8130583">
			<ele>49.8</ele>
			<time>2026-05-21T23:36:22Z</time>
		</trkpt>
		<trkpt lat="59.5083067" lon="24.81313">
			<ele>48.2</ele>
			<time>2026-05-21T23:36:23Z</time>
		</trkpt>
		<trkpt lat="59.5084283" lon="24.8131833">
			<ele>48.3</ele>
			<time>2026-05-21T23:36:24Z</time>
		</trkpt>
		<trkpt lat="59.508555" lon="24.8132233">
			<ele>48.5</ele>
			<time>2026-05-21T23:36:25Z</time>
		</trkpt>
		<trkpt lat="59.5086783" lon="24.8132583">
			<ele>49.2</ele>
			<time>2026-05-21T23:36:26Z</time>
		</trkpt>
		<trkpt lat="59.5087933" lon="24.8132883">
			<ele>49.1</ele>
			<time>2026-05-21T23:36:27Z</time>
		</trkpt>
		<trkpt lat="59.50891" lon="24.8133217">
			<ele>49.4</ele>
			<time>2026-05-21T23:36:28Z</time>
		</trkpt>
		<trkpt lat="59.509025" lon="24.81335">
			<ele>49.4</ele>
			<time>2026-05-21T23:36:29Z</time>
		</trkpt>
		<trkpt lat="59.5091433" lon="24.81337">
			<ele>49.5</ele>
			<time>2026-05-21T23:36:30Z</time>
		</trkpt>
		<trkpt lat="59.5092617" lon="24.8133817">
			<ele>49.3</ele>
			<time>2026-05-21T23:36:31Z</time>
		</trkpt>
		<trkpt lat="59.5093783" lon="24.8133817">
			<ele>49</ele>
			<time>2026-05-21T23:36:32Z</time>
		</trkpt>
		<trkpt lat="59.509495" lon="24.8133683">
			<ele>49</ele>
			<time>2026-05-21T23:36:33Z</time>
		</trkpt>
		<trkpt lat="59.5096133" lon="24.8133417">
			<ele>48.9</ele>
			<time>2026-05-21T23:36:34Z</time>
		</trkpt>
		<trkpt lat="59.5097283" lon="24.8133083">
			<ele>48.6</ele>
			<time>2026-05-21T23:36:35Z</time>
		</trkpt>
		<trkpt lat="59.5098383" lon="24.8132683">
			<ele>47.9</ele>
			<time>2026-05-21T23:36:36Z</time>
		</trkpt>
		<trkpt lat="59.5099483" lon="24.813225">
			<ele>47.7</ele>
			<time>2026-05-21T23:36:37Z</time>
		</trkpt>
		<trkpt lat="59.5100567" lon="24.813175">
			<ele>47.3</ele>
			<time>2026-05-21T23:36:38Z</time>
		</trkpt>
		<trkpt lat="59.5101717" lon="24.813115">
			<ele>46.8</ele>
			<time>2026-05-21T23:36:39Z</time>
		</trkpt>
		<trkpt lat="59.5102883" lon="24.8130533">
			<ele>46.2</ele>
			<time>2026-05-21T23:36:40Z</time>
		</trkpt>
		<trkpt lat="59.5104083" lon="24.8130067">
			<ele>45.5</ele>
			<time>2026-05-21T23:36:41Z</time>
		</trkpt>
		<trkpt lat="59.5105283" lon="24.8130017">
			<ele>44.9</ele>
			<time>2026-05-21T23:36:42Z</time>
		</trkpt>
		<trkpt lat="59.510645" lon="24.8130317">
			<ele>45.2</ele>
			<time>2026-05-21T23:36:43Z</time>
		</trkpt>
		<trkpt lat="59.5107517" lon="24.8130933">
			<ele>44.9</ele>
			<time>2026-05-21T23:36:44Z</time>
		</trkpt>
		<trkpt lat="59.5108567" lon="24.8131833">
			<ele>44.3</ele>
			<time>2026-05-21T23:36:45Z</time>
		</trkpt>
		<trkpt lat="59.51096" lon="24.8132867">
			<ele>43.6</ele>
			<time>2026-05-21T23:36:46Z</time>
		</trkpt>
		<trkpt lat="59.511065" lon="24.81338">
			<ele>42.7</ele>
			<time>2026-05-21T23:36:47Z</time>
		</trkpt>
		<trkpt lat="59.511175" lon="24.8134467">
			<ele>40.8</ele>
			<time>2026-05-21T23:36:48Z</time>
		</trkpt>
		<trkpt lat="59.5112917" lon="24.8134883">
			<ele>40</ele>
			<time>2026-05-21T23:36:49Z</time>
		</trkpt>
		<trkpt lat="59.5114033" lon="24.8135267">
			<ele>39.8</ele>
			<time>2026-05-21T23:36:50Z</time>
		</trkpt>
		<trkpt lat="59.511515" lon="24.8135733">
			<ele>39.5</ele>
			<time>2026-05-21T23:36:51Z</time>
		</trkpt>
		<trkpt lat="59.51163" lon="24.8136167">
			<ele>39.1</ele>
			<time>2026-05-21T23:36:52Z</time>
		</trkpt>
		<trkpt lat="59.5117483" lon="24.813645">
			<ele>39.1</ele>
			<time>2026-05-21T23:36:53Z</time>
		</trkpt>
		<trkpt lat="59.51187" lon="24.8136517">
			<ele>39.3</ele>
			<time>2026-05-21T23:36:54Z</time>
		</trkpt>
		<trkpt lat="59.5119883" lon="24.8136517">
			<ele>40.6</ele>
			<time>2026-05-21T23:36:55Z</time>
		</trkpt>
		<trkpt lat="59.512095" lon="24.81365">
			<ele>41.2</ele>
			<time>2026-05-21T23:36:56Z</time>
		</trkpt>
		<trkpt lat="59.5122" lon="24.8136567">
			<ele>41.2</ele>
			<time>2026-05-21T23:36:57Z</time>
		</trkpt>
		<trkpt lat="59.512305" lon="24.8136633">
			<ele>40.8</ele>
			<time>2026-05-21T23:36:58Z</time>
		</trkpt>
		<trkpt lat="59.5124117" lon="24.8136683">
			<ele>39.7</ele>
			<time>2026-05-21T23:36:59Z</time>
		</trkpt>
		<trkpt lat="59.5125233" lon="24.81366">
			<ele>39.3</ele>
			<time>2026-05-21T23:37:00Z</time>
		</trkpt>
		<trkpt lat="59.5126433" lon="24.8136333">
			<ele>38.8</ele>
			<time>2026-05-21T23:37:01Z</time>
		</trkpt>
		<trkpt lat="59.5127633" lon="24.8135967">
			<ele>39.3</ele>
			<time>2026-05-21T23:37:02Z</time>
		</trkpt>
		<trkpt lat="59.5128817" lon="24.8135533">
			<ele>39.6</ele>
			<time>2026-05-21T23:37:03Z</time>
		</trkpt>
		<trkpt lat="59.5129933" lon="24.81351">
			<ele>39.7</ele>
			<time>2026-05-21T23:37:04Z</time>
		</trkpt>
		<trkpt lat="59.5131" lon="24.8134633">
			<ele>39.7</ele>
			<time>2026-05-21T23:37:05Z</time>
		</trkpt>
		<trkpt lat="59.5132067" lon="24.813415">
			<ele>39.2</ele>
			<time>2026-05-21T23:37:06Z</time>
		</trkpt>
		<trkpt lat="59.5133133" lon="24.8133633">
			<ele>38.9</ele>
			<time>2026-05-21T23:37:07Z</time>
		</trkpt>
		<trkpt lat="59.513425" lon="24.8133117">
			<ele>38</ele>
			<time>2026-05-21T23:37:08Z</time>
		</trkpt>
		<trkpt lat="59.51354" lon="24.8132617">
			<ele>38</ele>
			<time>2026-05-21T23:37:09Z</time>
		</trkpt>
		<trkpt lat="59.5136567" lon="24.81321">
			<ele>38.2</ele>
			<time>2026-05-21T23:37:10Z</time>
		</trkpt>
		<trkpt lat="59.5137733" lon="24.81315">
			<ele>38.8</ele>
			<time>2026-05-21T23:37:11Z</time>
		</trkpt>
		<trkpt lat="59.513885" lon="24.8130817">
			<ele>39.8</ele>
			<time>2026-05-21T23:37:12Z</time>
		</trkpt>
		<trkpt lat="59.5139933" lon="24.8130117">
			<ele>40.3</ele>
			<time>2026-05-21T23:37:13Z</time>
		</trkpt>
		<trkpt lat="59.5141067" lon="24.8129483">
			<ele>40.9</ele>
			<time>2026-05-21T23:37:14Z</time>
		</trkpt>
		<trkpt lat="59.5142217" lon="24.8128933">
			<ele>41.3</ele>
			<time>2026-05-21T23:37:15Z</time>
		</trkpt>
		<trkpt lat="59.5143317" lon="24.8128367">
			<ele>41</ele>
			<time>2026-05-21T23:37:16Z</time>
		</trkpt>
		<trkpt lat="59.5144417" lon="24.8127667">
			<ele>41.5</ele>
			<time>2026-05-21T23:37:17Z</time>
		</trkpt>
		<trkpt lat="59.51455" lon="24.8126767">
			<ele>41.9</ele>
			<time>2026-05-21T23:37:18Z</time>
		</trkpt>
		<trkpt lat="59.5146533" lon="24.8125833">
			<ele>42.6</ele>
			<time>2026-05-21T23:37:19Z</time>
		</trkpt>
		<trkpt lat="59.5147567" lon="24.8124967">
			<ele>43</ele>
			<time>2026-05-21T23:37:20Z</time>
		</trkpt>
		<trkpt lat="59.5148617" lon="24.81242">
			<ele>42.7</ele>
			<time>2026-05-21T23:37:21Z</time>
		</trkpt>
		<trkpt lat="59.514965" lon="24.812355">
			<ele>42.1</ele>
			<time>2026-05-21T23:37:22Z</time>
		</trkpt>
		<trkpt lat="59.5150733" lon="24.8123">
			<ele>41.9</ele>
			<time>2026-05-21T23:37:23Z</time>
		</trkpt>
		<trkpt lat="59.515185" lon="24.812235">
			<ele>41.9</ele>
			<time>2026-05-21T23:37:24Z</time>
		</trkpt>
		<trkpt lat="59.5152933" lon="24.812165">
			<ele>41.6</ele>
			<time>2026-05-21T23:37:25Z</time>
		</trkpt>
		<trkpt lat="59.5153983" lon="24.8120767">
			<ele>41.8</ele>
			<time>2026-05-21T23:37:26Z</time>
		</trkpt>
		<trkpt lat="59.5155" lon="24.811975">
			<ele>41.9</ele>
			<time>2026-05-21T23:37:27Z</time>
		</trkpt>
		<trkpt lat="59.5156017" lon="24.8118667">
			<ele>41.8</ele>
			<time>2026-05-21T23:37:28Z</time>
		</trkpt>
		<trkpt lat="59.515705" lon="24.8117583">
			<ele>41.9</ele>
			<time>2026-05-21T23:37:29Z</time>
		</trkpt>
		<trkpt lat="59.5158067" lon="24.811655">
			<ele>42.3</ele>
			<time>2026-05-21T23:37:30Z</time>
		</trkpt>
		<trkpt lat="59.5159117" lon="24.8115517">
			<ele>42.6</ele>
			<time>2026-05-21T23:37:31Z</time>
		</trkpt>
		<trkpt lat="59.5160167" lon="24.8114483">
			<ele>43</ele>
			<time>2026-05-21T23:37:32Z</time>
		</trkpt>
		<trkpt lat="59.51612" lon="24.81134">
			<ele>43.3</ele>
			<time>2026-05-21T23:37:33Z</time>
		</trkpt>
		<trkpt lat="59.5162233" lon="24.8112317">
			<ele>43.9</ele>
			<time>2026-05-21T23:37:34Z</time>
		</trkpt>
		<trkpt lat="59.5163233" lon="24.8111233">
			<ele>44.3</ele>
			<time>2026-05-21T23:37:35Z</time>
		</trkpt>
		<trkpt lat="59.5164217" lon="24.8110233">
			<ele>44.6</ele>
			<time>2026-05-21T23:37:36Z</time>
		</trkpt>
		<trkpt lat="59.5165183" lon="24.8109267">
			<ele>44.4</ele>
			<time>2026-05-21T23:37:37Z</time>
		</trkpt>
		<trkpt lat="59.5166167" lon="24.81083">
			<ele>44.1</ele>
			<time>2026-05-21T23:37:38Z</time>
		</trkpt>
		<trkpt lat="59.5167183" lon="24.810735">
			<ele>44.2</ele>
			<time>2026-05-21T23:37:39Z</time>
		</trkpt>
		<trkpt lat="59.5168183" lon="24.8106383">
			<ele>44.5</ele>
			<time>2026-05-21T23:37:40Z</time>
		</trkpt>
		<trkpt lat="59.51692" lon="24.81054">
			<ele>44.4</ele>
			<time>2026-05-21T23:37:41Z</time>
		</trkpt>
		<trkpt lat="59.51702" lon="24.8104417">
			<ele>44.2</ele>
			<time>2026-05-21T23:37:42Z</time>
		</trkpt>
		<trkpt lat="59.5171167" lon="24.8103383">
			<ele>44</ele>
			<time>2026-05-21T23:37:43Z</time>
		</trkpt>
		<trkpt lat="59.5172167" lon="24.8102333">
			<ele>44.2</ele>
			<time>2026-05-21T23:37:44Z</time>
		</trkpt>
		<trkpt lat="59.5173183" lon="24.810125">
			<ele>44.1</ele>
			<time>2026-05-21T23:37:45Z</time>
		</trkpt>
		<trkpt lat="59.5174183" lon="24.8100183">
			<ele>44.2</ele>
			<time>2026-05-21T23:37:46Z</time>
		</trkpt>
		<trkpt lat="59.5175183" lon="24.8099183">
			<ele>44.1</ele>
			<time>2026-05-21T23:37:47Z</time>
		</trkpt>
		<trkpt lat="59.517615" lon="24.80982">
			<ele>44.5</ele>
			<time>2026-05-21T23:37:48Z</time>
		</trkpt>
		<trkpt lat="59.5177117" lon="24.80973">
			<ele>44.8</ele>
			<time>2026-05-21T23:37:49Z</time>
		</trkpt>
		<trkpt lat="59.5178083" lon="24.809645">
			<ele>44.4</ele>
			<time>2026-05-21T23:37:50Z</time>
		</trkpt>
		<trkpt lat="59.51791" lon="24.809575">
			<ele>43.6</ele>
			<time>2026-05-21T23:37:51Z</time>
		</trkpt>
		<trkpt lat="59.5180167" lon="24.8095217">
			<ele>42.5</ele>
			<time>2026-05-21T23:37:52Z</time>
		</trkpt>
		<trkpt lat="59.51813" lon="24.8094683">
			<ele>41.3</ele>
			<time>2026-05-21T23:37:53Z</time>
		</trkpt>
		<trkpt lat="59.518245" lon="24.8093933">
			<ele>41.2</ele>
			<time>2026-05-21T23:37:54Z</time>
		</trkpt>
		<trkpt lat="59.51835" lon="24.8092917">
			<ele>41.2</ele>
			<time>2026-05-21T23:37:55Z</time>
		</trkpt>
		<trkpt lat="59.5184383" lon="24.8091633">
			<ele>41.5</ele>
			<time>2026-05-21T23:37:56Z</time>
		</trkpt>
		<trkpt lat="59.5185183" lon="24.8090183">
			<ele>42</ele>
			<time>2026-05-21T23:37:57Z</time>
		</trkpt>
		<trkpt lat="59.51858" lon="24.8088767">
			<ele>41.2</ele>
			<time>2026-05-21T23:37:58Z</time>
		</trkpt>
		<trkpt lat="59.5186433" lon="24.8087367">
			<ele>40.5</ele>
			<time>2026-05-21T23:37:59Z</time>
		</trkpt>
		<trkpt lat="59.5187167" lon="24.8085867">
			<ele>40.3</ele>
			<time>2026-05-21T23:38:00Z</time>
		</trkpt>
		<trkpt lat="59.51879" lon="24.808435">
			<ele>40.6</ele>
			<time>2026-05-21T23:38:01Z</time>
		</trkpt>
		<trkpt lat="59.5188533" lon="24.808285">
			<ele>40.1</ele>
			<time>2026-05-21T23:38:02Z</time>
		</trkpt>
		<trkpt lat="59.5189283" lon="24.8081283">
			<ele>40.2</ele>
			<time>2026-05-21T23:38:03Z</time>
		</trkpt>
		<trkpt lat="59.5190083" lon="24.807975">
			<ele>40.3</ele>
			<time>2026-05-21T23:38:04Z</time>
		</trkpt>
		<trkpt lat="59.5190883" lon="24.807825">
			<ele>40.7</ele>
			<time>2026-05-21T23:38:05Z</time>
		</trkpt>
		<trkpt lat="59.519165" lon="24.8076733">
			<ele>40.9</ele>
			<time>2026-05-21T23:38:06Z</time>
		</trkpt>
		<trkpt lat="59.519235" lon="24.807515">
			<ele>41.4</ele>
			<time>2026-05-21T23:38:07Z</time>
		</trkpt>
		<trkpt lat="59.519295" lon="24.8073467">
			<ele>42.2</ele>
			<time>2026-05-21T23:38:08Z</time>
		</trkpt>
		<trkpt lat="59.51934" lon="24.8071633">
			<ele>43.1</ele>
			<time>2026-05-21T23:38:09Z</time>
		</trkpt>
		<trkpt lat="59.5193667" lon="24.8069667">
			<ele>43.6</ele>
			<time>2026-05-21T23:38:10Z</time>
		</trkpt>
		<trkpt lat="59.519375" lon="24.8067633">
			<ele>44.3</ele>
			<time>2026-05-21T23:38:11Z</time>
		</trkpt>
		<trkpt lat="59.519375" lon="24.806555">
			<ele>45.2</ele>
			<time>2026-05-21T23:38:12Z</time>
		</trkpt>
		<trkpt lat="59.5193683" lon="24.80635">
			<ele>46.1</ele>
			<time>2026-05-21T23:38:13Z</time>
		</trkpt>
		<trkpt lat="59.5193617" lon="24.80615">
			<ele>47.4</ele>
			<time>2026-05-21T23:38:14Z</time>
		</trkpt>
		<trkpt lat="59.5193567" lon="24.8059517">
			<ele>47.9</ele>
			<time>2026-05-21T23:38:15Z</time>
		</trkpt>
		<trkpt lat="59.5193533" lon="24.8057517">
			<ele>48.4</ele>
			<time>2026-05-21T23:38:16Z</time>
		</trkpt>
		<trkpt lat="59.5193483" lon="24.8055567">
			<ele>48.8</ele>
			<time>2026-05-21T23:38:17Z</time>
		</trkpt>
		<trkpt lat="59.5193433" lon="24.8053567">
			<ele>49.2</ele>
			<time>2026-05-21T23:38:18Z</time>
		</trkpt>
		<trkpt lat="59.5193283" lon="24.8051567">
			<ele>48.9</ele>
			<time>2026-05-21T23:38:19Z</time>
		</trkpt>
		<trkpt lat="59.5193083" lon="24.804955">
			<ele>49.3</ele>
			<time>2026-05-21T23:38:20Z</time>
		</trkpt>
		<trkpt lat="59.519275" lon="24.8047583">
			<ele>49.4</ele>
			<time>2026-05-21T23:38:21Z</time>
		</trkpt>
		<trkpt lat="59.5192317" lon="24.8045733">
			<ele>49.6</ele>
			<time>2026-05-21T23:38:22Z</time>
		</trkpt>
		<trkpt lat="59.5191833" lon="24.8044">
			<ele>50</ele>
			<time>2026-05-21T23:38:23Z</time>
		</trkpt>
		<trkpt lat="59.5191317" lon="24.8042283">
			<ele>49.9</ele>
			<time>2026-05-21T23:38:24Z</time>
		</trkpt>
		<trkpt lat="59.51908" lon="24.8040533">
			<ele>49.7</ele>
			<time>2026-05-21T23:38:25Z</time>
		</trkpt>
		<trkpt lat="59.519035" lon="24.80388">
			<ele>49.3</ele>
			<time>2026-05-21T23:38:26Z</time>
		</trkpt>
		<trkpt lat="59.5189967" lon="24.8037033">
			<ele>49.3</ele>
			<time>2026-05-21T23:38:27Z</time>
		</trkpt>
		<trkpt lat="59.5189633" lon="24.8035217">
			<ele>49.6</ele>
			<time>2026-05-21T23:38:28Z</time>
		</trkpt>
		<trkpt lat="59.5189367" lon="24.8033283">
			<ele>49.7</ele>
			<time>2026-05-21T23:38:29Z</time>
		</trkpt>
		<trkpt lat="59.5189167" lon="24.8031267">
			<ele>49.9</ele>
			<time>2026-05-21T23:38:30Z</time>
		</trkpt>
		<trkpt lat="59.5189033" lon="24.802925">
			<ele>50.2</ele>
			<time>2026-05-21T23:38:31Z</time>
		</trkpt>
		<trkpt lat="59.5188983" lon="24.8027217">
			<ele>50.6</ele>
			<time>2026-05-21T23:38:32Z</time>
		</trkpt>
		<trkpt lat="59.5188983" lon="24.8025217">
			<ele>50.8</ele>
			<time>2026-05-21T23:38:33Z</time>
		</trkpt>
		<trkpt lat="59.5189067" lon="24.802325">
			<ele>51</ele>
			<time>2026-05-21T23:38:34Z</time>
		</trkpt>
		<trkpt lat="59.5189233" lon="24.8021283">
			<ele>51.3</ele>
			<time>2026-05-21T23:38:35Z</time>
		</trkpt>
		<trkpt lat="59.51895" lon="24.8019333">
			<ele>51.6</ele>
			<time>2026-05-21T23:38:36Z</time>
		</trkpt>
		<trkpt lat="59.518985" lon="24.8017417">
			<ele>52.1</ele>
			<time>2026-05-21T23:38:37Z</time>
		</trkpt>
		<trkpt lat="59.5190233" lon="24.8015533">
			<ele>52.7</ele>
			<time>2026-05-21T23:38:38Z</time>
		</trkpt>
		<trkpt lat="59.5190633" lon="24.8013683">
			<ele>53.4</ele>
			<time>2026-05-21T23:38:39Z</time>
		</trkpt>
		<trkpt lat="59.5191033" lon="24.8011867">
			<ele>54</ele>
			<time>2026-05-21T23:38:40Z</time>
		</trkpt>
		<trkpt lat="59.5191433" lon="24.8010067">
			<ele>54.7</ele>
			<time>2026-05-21T23:38:41Z</time>
		</trkpt>
		<trkpt lat="59.5191867" lon="24.8008283">
			<ele>55.2</ele>
			<time>2026-05-21T23:38:42Z</time>
		</trkpt>
		<trkpt lat="59.51923" lon="24.8006517">
			<ele>55.5</ele>
			<time>2026-05-21T23:38:43Z</time>
		</trkpt>
		<trkpt lat="59.5192783" lon="24.800475">
			<ele>55.8</ele>
			<time>2026-05-21T23:38:44Z</time>
		</trkpt>
		<trkpt lat="59.519335" lon="24.800305">
			<ele>55.9</ele>
			<time>2026-05-21T23:38:45Z</time>
		</trkpt>
		<trkpt lat="59.5193983" lon="24.8001467">
			<ele>55.8</ele>
			<time>2026-05-21T23:38:46Z</time>
		</trkpt>
		<trkpt lat="59.51946" lon="24.7999867">
			<ele>55.3</ele>
			<time>2026-05-21T23:38:47Z</time>
		</trkpt>
		<trkpt lat="59.519515" lon="24.79982">
			<ele>55.4</ele>
			<time>2026-05-21T23:38:48Z</time>
		</trkpt>
		<trkpt lat="59.5195467" lon="24.799635">
			<ele>55.6</ele>
			<time>2026-05-21T23:38:49Z</time>
		</trkpt>
		<trkpt lat="59.5195433" lon="24.799445">
			<ele>55.7</ele>
			<time>2026-05-21T23:38:50Z</time>
		</trkpt>
		<trkpt lat="59.5194983" lon="24.79926">
			<ele>55.7</ele>
			<time>2026-05-21T23:38:51Z</time>
		</trkpt>
		<trkpt lat="59.51942" lon="24.7991067">
			<ele>55.3</ele>
			<time>2026-05-21T23:38:52Z</time>
		</trkpt>
		<trkpt lat="59.5193217" lon="24.7989917">
			<ele>54.5</ele>
			<time>2026-05-21T23:38:53Z</time>
		</trkpt>
		<trkpt lat="59.5192283" lon="24.798885">
			<ele>54.4</ele>
			<time>2026-05-21T23:38:54Z</time>
		</trkpt>
		<trkpt lat="59.5191617" lon="24.79876">
			<ele>53.6</ele>
			<time>2026-05-21T23:38:55Z</time>
		</trkpt>
		<trkpt lat="59.5191283" lon="24.7985917">
			<ele>52</ele>
			<time>2026-05-21T23:38:56Z</time>
		</trkpt>
		<trkpt lat="59.5191367" lon="24.7983833">
			<ele>49.9</ele>
			<time>2026-05-21T23:38:57Z</time>
		</trkpt>
		<trkpt lat="59.51919" lon="24.79817">
			<ele>48.6</ele>
			<time>2026-05-21T23:38:58Z</time>
		</trkpt>
		<trkpt lat="59.5192817" lon="24.7979933">
			<ele>47.2</ele>
			<time>2026-05-21T23:38:59Z</time>
		</trkpt>
		<trkpt lat="59.519395" lon="24.7978917">
			<ele>45.7</ele>
			<time>2026-05-21T23:39:00Z</time>
		</trkpt>
		<trkpt lat="59.5195183" lon="24.79786">
			<ele>45.6</ele>
			<time>2026-05-21T23:39:01Z</time>
		</trkpt>
		<trkpt lat="59.51964" lon="24.7978733">
			<ele>46.9</ele>
			<time>2026-05-21T23:39:02Z</time>
		</trkpt>
		<trkpt lat="59.519755" lon="24.79789">
			<ele>48</ele>
			<time>2026-05-21T23:39:03Z</time>
		</trkpt>
		<trkpt lat="59.519865" lon="24.7978867">
			<ele>48.6</ele>
			<time>2026-05-21T23:39:04Z</time>
		</trkpt>
		<trkpt lat="59.5199783" lon="24.7978833">
			<ele>49.5</ele>
			<time>2026-05-21T23:39:05Z</time>
		</trkpt>
		<trkpt lat="59.5200983" lon="24.7978917">
			<ele>49.8</ele>
			<time>2026-05-21T23:39:06Z</time>
		</trkpt>
		<trkpt lat="59.5202167" lon="24.7979117">
			<ele>50.5</ele>
			<time>2026-05-21T23:39:07Z</time>
		</trkpt>
		<trkpt lat="59.5203367" lon="24.79793">
			<ele>51.1</ele>
			<time>2026-05-21T23:39:08Z</time>
		</trkpt>
		<trkpt lat="59.5204533" lon="24.7979283">
			<ele>51.8</ele>
			<time>2026-05-21T23:39:09Z</time>
		</trkpt>
		<trkpt lat="59.5205683" lon="24.797915">
			<ele>52.9</ele>
			<time>2026-05-21T23:39:10Z</time>
		</trkpt>
		<trkpt lat="59.5206833" lon="24.7979017">
			<ele>53.5</ele>
			<time>2026-05-21T23:39:11Z</time>
		</trkpt>
		<trkpt lat="59.5208" lon="24.797905">
			<ele>53.8</ele>
			<time>2026-05-21T23:39:12Z</time>
		</trkpt>
		<trkpt lat="59.5209183" lon="24.7979267">
			<ele>54.1</ele>
			<time>2026-05-21T23:39:13Z</time>
		</trkpt>
		<trkpt lat="59.521035" lon="24.797965">
			<ele>54</ele>
			<time>2026-05-21T23:39:14Z</time>
		</trkpt>
		<trkpt lat="59.5211517" lon="24.7980017">
			<ele>53.6</ele>
			<time>2026-05-21T23:39:15Z</time>
		</trkpt>
		<trkpt lat="59.5212683" lon="24.79802">
			<ele>53.1</ele>
			<time>2026-05-21T23:39:16Z</time>
		</trkpt>
		<trkpt lat="59.5213867" lon="24.798015">
			<ele>52.9</ele>
			<time>2026-05-21T23:39:17Z</time>
		</trkpt>
		<trkpt lat="59.5215067" lon="24.7979917">
			<ele>52.6</ele>
			<time>2026-05-21T23:39:18Z</time>
		</trkpt>
		<trkpt lat="59.5216283" lon="24.797965">
			<ele>52.9</ele>
			<time>2026-05-21T23:39:19Z</time>
		</trkpt>
		<trkpt lat="59.5217433" lon="24.7979367">
			<ele>51.8</ele>
			<time>2026-05-21T23:39:20Z</time>
		</trkpt>
		<trkpt lat="59.5218633" lon="24.7979083">
			<ele>52.2</ele>
			<time>2026-05-21T23:39:21Z</time>
		</trkpt>
		<trkpt lat="59.52198" lon="24.797875">
			<ele>52.5</ele>
			<time>2026-05-21T23:39:22Z</time>
		</trkpt>
		<trkpt lat="59.5220967" lon="24.79784">
			<ele>53.2</ele>
			<time>2026-05-21T23:39:23Z</time>
		</trkpt>
		<trkpt lat="59.5222083" lon="24.7978">
			<ele>53.6</ele>
			<time>2026-05-21T23:39:24Z</time>
		</trkpt>
		<trkpt lat="59.5223183" lon="24.79776">
			<ele>53.3</ele>
			<time>2026-05-21T23:39:25Z</time>
		</trkpt>
		<trkpt lat="59.5224283" lon="24.7977117">
			<ele>52.6</ele>
			<time>2026-05-21T23:39:26Z</time>
		</trkpt>
		<trkpt lat="59.5225417" lon="24.7976583">
			<ele>52</ele>
			<time>2026-05-21T23:39:27Z</time>
		</trkpt>
		<trkpt lat="59.5226517" lon="24.797605">
			<ele>51.9</ele>
			<time>2026-05-21T23:39:28Z</time>
		</trkpt>
		<trkpt lat="59.52276" lon="24.7975567">
			<ele>50.6</ele>
			<time>2026-05-21T23:39:29Z</time>
		</trkpt>
		<trkpt lat="59.52287" lon="24.797515">
			<ele>50.1</ele>
			<time>2026-05-21T23:39:30Z</time>
		</trkpt>
		<trkpt lat="59.5229817" lon="24.797475">
			<ele>49.9</ele>
			<time>2026-05-21T23:39:31Z</time>
		</trkpt>
		<trkpt lat="59.52309" lon="24.7974433">
			<ele>49.4</ele>
			<time>2026-05-21T23:39:32Z</time>
		</trkpt>
		<trkpt lat="59.5231983" lon="24.797415">
			<ele>48.7</ele>
			<time>2026-05-21T23:39:33Z</time>
		</trkpt>
		<trkpt lat="59.5233067" lon="24.7974017">
			<ele>47.9</ele>
			<time>2026-05-21T23:39:34Z</time>
		</trkpt>
		<trkpt lat="59.52342" lon="24.7974033">
			<ele>47.7</ele>
			<time>2026-05-21T23:39:35Z</time>
		</trkpt>
		<trkpt lat="59.5235333" lon="24.7974217">
			<ele>47</ele>
			<time>2026-05-21T23:39:36Z</time>
		</trkpt>
		<trkpt lat="59.5236517" lon="24.79744">
			<ele>46.5</ele>
			<time>2026-05-21T23:39:37Z</time>
		</trkpt>
		<trkpt lat="59.52377" lon="24.79744">
			<ele>45.7</ele>
			<time>2026-05-21T23:39:38Z</time>
		</trkpt>
		<trkpt lat="59.5238917" lon="24.79741">
			<ele>45</ele>
			<time>2026-05-21T23:39:39Z</time>
		</trkpt>
		<trkpt lat="59.52401" lon="24.7973583">
			<ele>44.4</ele>
			<time>2026-05-21T23:39:40Z</time>
		</trkpt>
		<trkpt lat="59.52413" lon="24.7973033">
			<ele>44.7</ele>
			<time>2026-05-21T23:39:41Z</time>
		</trkpt>
		<trkpt lat="59.5242417" lon="24.797245">
			<ele>44.5</ele>
			<time>2026-05-21T23:39:42Z</time>
		</trkpt>
		<trkpt lat="59.5243533" lon="24.7971833">
			<ele>44.4</ele>
			<time>2026-05-21T23:39:43Z</time>
		</trkpt>
		<trkpt lat="59.5244633" lon="24.7971117">
			<ele>43.9</ele>
			<time>2026-05-21T23:39:44Z</time>
		</trkpt>
		<trkpt lat="59.5245717" lon="24.7970217">
			<ele>43.4</ele>
			<time>2026-05-21T23:39:45Z</time>
		</trkpt>
		<trkpt lat="59.52468" lon="24.7969217">
			<ele>43.4</ele>
			<time>2026-05-21T23:39:46Z</time>
		</trkpt>
		<trkpt lat="59.5247833" lon="24.7968233">
			<ele>43.3</ele>
			<time>2026-05-21T23:39:47Z</time>
		</trkpt>
		<trkpt lat="59.524885" lon="24.796725">
			<ele>42.6</ele>
			<time>2026-05-21T23:39:48Z</time>
		</trkpt>
		<trkpt lat="59.5249883" lon="24.7966317">
			<ele>42.6</ele>
			<time>2026-05-21T23:39:49Z</time>
		</trkpt>
		<trkpt lat="59.5250917" lon="24.7965383">
			<ele>42.6</ele>
			<time>2026-05-21T23:39:50Z</time>
		</trkpt>
		<trkpt lat="59.5251917" lon="24.7964367">
			<ele>42.7</ele>
			<time>2026-05-21T23:39:51Z</time>
		</trkpt>
		<trkpt lat="59.5252917" lon="24.7963317">
			<ele>43.1</ele>
			<time>2026-05-21T23:39:52Z</time>
		</trkpt>
		<trkpt lat="59.5253917" lon="24.7962217">
			<ele>43.4</ele>
			<time>2026-05-21T23:39:53Z</time>
		</trkpt>
		<trkpt lat="59.5254917" lon="24.7961183">
			<ele>43.4</ele>
			<time>2026-05-21T23:39:54Z</time>
		</trkpt>
		<trkpt lat="59.5255933" lon="24.7960267">
			<ele>43.1</ele>
			<time>2026-05-21T23:39:55Z</time>
		</trkpt>
		<trkpt lat="59.5257" lon="24.7959567">
			<ele>42.8</ele>
			<time>2026-05-21T23:39:56Z</time>
		</trkpt>
		<trkpt lat="59.5258133" lon="24.79591">
			<ele>42.5</ele>
			<time>2026-05-21T23:39:57Z</time>
		</trkpt>
		<trkpt lat="59.5259267" lon="24.795885">
			<ele>42.1</ele>
			<time>2026-05-21T23:39:58Z</time>
		</trkpt>
		<trkpt lat="59.5260417" lon="24.795875">
			<ele>42.1</ele>
			<time>2026-05-21T23:39:59Z</time>
		</trkpt>
		<trkpt lat="59.5261583" lon="24.7958767">
			<ele>41.9</ele>
			<time>2026-05-21T23:40:00Z</time>
		</trkpt>
		<trkpt lat="59.526275" lon="24.795885">
			<ele>41.9</ele>
			<time>2026-05-21T23:40:01Z</time>
		</trkpt>
		<trkpt lat="59.5263933" lon="24.7958933">
			<ele>41.7</ele>
			<time>2026-05-21T23:40:02Z</time>
		</trkpt>
		<trkpt lat="59.526515" lon="24.7959033">
			<ele>43</ele>
			<time>2026-05-21T23:40:03Z</time>
		</trkpt>
		<trkpt lat="59.5266333" lon="24.7959083">
			<ele>43.3</ele>
			<time>2026-05-21T23:40:04Z</time>
		</trkpt>
		<trkpt lat="59.5267517" lon="24.795905">
			<ele>43.1</ele>
			<time>2026-05-21T23:40:05Z</time>
		</trkpt>
		<trkpt lat="59.5268733" lon="24.7958917">
			<ele>43.7</ele>
			<time>2026-05-21T23:40:06Z</time>
		</trkpt>
		<trkpt lat="59.5269933" lon="24.7958683">
			<ele>44.4</ele>
			<time>2026-05-21T23:40:07Z</time>
		</trkpt>
		<trkpt lat="59.527115" lon="24.7958383">
			<ele>44.6</ele>
			<time>2026-05-21T23:40:08Z</time>
		</trkpt>
		<trkpt lat="59.527235" lon="24.7958">
			<ele>45</ele>
			<time>2026-05-21T23:40:09Z</time>
		</trkpt>
		<trkpt lat="59.5273433" lon="24.795755">
			<ele>44.1</ele>
			<time>2026-05-21T23:40:10Z</time>
		</trkpt>
		<trkpt lat="59.5274517" lon="24.7957017">
			<ele>45.2</ele>
			<time>2026-05-21T23:40:11Z</time>
		</trkpt>
		<trkpt lat="59.5275517" lon="24.7956417">
			<ele>45.5</ele>
			<time>2026-05-21T23:40:12Z</time>
		</trkpt>
		<trkpt lat="59.5276567" lon="24.7955717">
			<ele>46.3</ele>
			<time>2026-05-21T23:40:13Z</time>
		</trkpt>
		<trkpt lat="59.5277583" lon="24.7954917">
			<ele>46.9</ele>
			<time>2026-05-21T23:40:14Z</time>
		</trkpt>
		<trkpt lat="59.52786" lon="24.7954083">
			<ele>46.9</ele>
			<time>2026-05-21T23:40:15Z</time>
		</trkpt>
		<trkpt lat="59.5279667" lon="24.79533">
			<ele>47</ele>
			<time>2026-05-21T23:40:16Z</time>
		</trkpt>
		<trkpt lat="59.5280783" lon="24.795265">
			<ele>47.3</ele>
			<time>2026-05-21T23:40:17Z</time>
		</trkpt>
		<trkpt lat="59.52819" lon="24.795225">
			<ele>46.3</ele>
			<time>2026-05-21T23:40:18Z</time>
		</trkpt>
		<trkpt lat="59.5283" lon="24.7951867">
			<ele>46.2</ele>
			<time>2026-05-21T23:40:19Z</time>
		</trkpt>
		<trkpt lat="59.5284067" lon="24.7951333">
			<ele>46.3</ele>
			<time>2026-05-21T23:40:20Z</time>
		</trkpt>
		<trkpt lat="59.5285133" lon="24.79506">
			<ele>46</ele>
			<time>2026-05-21T23:40:21Z</time>
		</trkpt>
		<trkpt lat="59.5286233" lon="24.794985">
			<ele>46</ele>
			<time>2026-05-21T23:40:22Z</time>
		</trkpt>
		<trkpt lat="59.5287417" lon="24.7949083">
			<ele>46.4</ele>
			<time>2026-05-21T23:40:23Z</time>
		</trkpt>
		<trkpt lat="59.5288583" lon="24.7948467">
			<ele>46.2</ele>
			<time>2026-05-21T23:40:24Z</time>
		</trkpt>
		<trkpt lat="59.5289783" lon="24.79479">
			<ele>46.8</ele>
			<time>2026-05-21T23:40:25Z</time>
		</trkpt>
		<trkpt lat="59.5290917" lon="24.79473">
			<ele>47.3</ele>
			<time>2026-05-21T23:40:26Z</time>
		</trkpt>
		<trkpt lat="59.5291983" lon="24.7946617">
			<ele>47.7</ele>
			<time>2026-05-21T23:40:27Z</time>
		</trkpt>
		<trkpt lat="59.5293033" lon="24.794585">
			<ele>47.5</ele>
			<time>2026-05-21T23:40:28Z</time>
		</trkpt>
		<trkpt lat="59.5294117" lon="24.7945183">
			<ele>47.5</ele>
			<time>2026-05-21T23:40:29Z</time>
		</trkpt>
		<trkpt lat="59.5295233" lon="24.7944633">
			<ele>47.2</ele>
			<time>2026-05-21T23:40:30Z</time>
		</trkpt>
		<trkpt lat="59.5296367" lon="24.7944133">
			<ele>46.3</ele>
			<time>2026-05-21T23:40:31Z</time>
		</trkpt>
		<trkpt lat="59.52975" lon="24.7943583">
			<ele>45.6</ele>
			<time>2026-05-21T23:40:32Z</time>
		</trkpt>
		<trkpt lat="59.5298617" lon="24.7943">
			<ele>45.8</ele>
			<time>2026-05-21T23:40:33Z</time>
		</trkpt>
		<trkpt lat="59.5299733" lon="24.7942333">
			<ele>45.9</ele>
			<time>2026-05-21T23:40:34Z</time>
		</trkpt>
		<trkpt lat="59.530085" lon="24.7941867">
			<ele>45.9</ele>
			<time>2026-05-21T23:40:35Z</time>
		</trkpt>
		<trkpt lat="59.530205" lon="24.79418">
			<ele>45.9</ele>
			<time>2026-05-21T23:40:36Z</time>
		</trkpt>
		<trkpt lat="59.530325" lon="24.794195">
			<ele>45.8</ele>
			<time>2026-05-21T23:40:37Z</time>
		</trkpt>
		<trkpt lat="59.53045" lon="24.794215">
			<ele>47.4</ele>
			<time>2026-05-21T23:40:38Z</time>
		</trkpt>
		<trkpt lat="59.5305717" lon="24.794235">
			<ele>49.2</ele>
			<time>2026-05-21T23:40:39Z</time>
		</trkpt>
		<trkpt lat="59.5306833" lon="24.7942367">
			<ele>50.1</ele>
			<time>2026-05-21T23:40:40Z</time>
		</trkpt>
		<trkpt lat="59.5307983" lon="24.7942083">
			<ele>50.6</ele>
			<time>2026-05-21T23:40:41Z</time>
		</trkpt>
		<trkpt lat="59.5309133" lon="24.7941733">
			<ele>50.8</ele>
			<time>2026-05-21T23:40:42Z</time>
		</trkpt>
		<trkpt lat="59.5310317" lon="24.7941467">
			<ele>50.5</ele>
			<time>2026-05-21T23:40:43Z</time>
		</trkpt>
		<trkpt lat="59.5311533" lon="24.7941233">
			<ele>50.6</ele>
			<time>2026-05-21T23:40:44Z</time>
		</trkpt>
		<trkpt lat="59.5312733" lon="24.7940933">
			<ele>51.2</ele>
			<time>2026-05-21T23:40:45Z</time>
		</trkpt>
		<trkpt lat="59.5313883" lon="24.7940483">
			<ele>51.9</ele>
			<time>2026-05-21T23:40:46Z</time>
		</trkpt>
		<trkpt lat="59.5315" lon="24.7939883">
			<ele>52.2</ele>
			<time>2026-05-21T23:40:47Z</time>
		</trkpt>
		<trkpt lat="59.53161" lon="24.79392">
			<ele>52.7</ele>
			<time>2026-05-21T23:40:48Z</time>
		</trkpt>
		<trkpt lat="59.531715" lon="24.7938667">
			<ele>52.1</ele>
			<time>2026-05-21T23:40:49Z</time>
		</trkpt>
		<trkpt lat="59.5318217" lon="24.7938283">
			<ele>50.3</ele>
			<time>2026-05-21T23:40:50Z</time>
		</trkpt>
		<trkpt lat="59.531935" lon="24.793795">
			<ele>49.2</ele>
			<time>2026-05-21T23:40:51Z</time>
		</trkpt>
		<trkpt lat="59.5320517" lon="24.7937583">
			<ele>49</ele>
			<time>2026-05-21T23:40:52Z</time>
		</trkpt>
		<trkpt lat="59.5321733" lon="24.793715">
			<ele>49.4</ele>
			<time>2026-05-21T23:40:53Z</time>
		</trkpt>
		<trkpt lat="59.5322917" lon="24.7936633">
			<ele>49.6</ele>
			<time>2026-05-21T23:40:54Z</time>
		</trkpt>
		<trkpt lat="59.532405" lon="24.7936067">
			<ele>49.6</ele>
			<time>2026-05-21T23:40:55Z</time>
		</trkpt>
		<trkpt lat="59.5325167" lon="24.79354">
			<ele>49.8</ele>
			<time>2026-05-21T23:40:56Z</time>
		</trkpt>
		<trkpt lat="59.5326267" lon="24.7934667">
			<ele>49.5</ele>
			<time>2026-05-21T23:40:57Z</time>
		</trkpt>
		<trkpt lat="59.532735" lon="24.7933883">
			<ele>49.6</ele>
			<time>2026-05-21T23:40:58Z</time>
		</trkpt>
		<trkpt lat="59.532845" lon="24.7933117">
			<ele>49.7</ele>
			<time>2026-05-21T23:40:59Z</time>
		</trkpt>
		<trkpt lat="59.532955" lon="24.7932383">
			<ele>50.2</ele>
			<time>2026-05-21T23:41:00Z</time>
		</trkpt>
		<trkpt lat="59.5330617" lon="24.7931683">
			<ele>50.7</ele>
			<time>2026-05-21T23:41:01Z</time>
		</trkpt>
		<trkpt lat="59.5331683" lon="24.7930983">
			<ele>51.1</ele>
			<time>2026-05-21T23:41:02Z</time>
		</trkpt>
		<trkpt lat="59.5332733" lon="24.7930233">
			<ele>51.5</ele>
			<time>2026-05-21T23:41:03Z</time>
		</trkpt>
		<trkpt lat="59.5333817" lon="24.79294">
			<ele>52</ele>
			<time>2026-05-21T23:41:04Z</time>
		</trkpt>
		<trkpt lat="59.53349" lon="24.79285">
			<ele>52.5</ele>
			<time>2026-05-21T23:41:05Z</time>
		</trkpt>
		<trkpt lat="59.533595" lon="24.7927617">
			<ele>52.4</ele>
			<time>2026-05-21T23:41:06Z</time>
		</trkpt>
		<trkpt lat="59.5337067" lon="24.7926733">
			<ele>52.7</ele>
			<time>2026-05-21T23:41:07Z</time>
		</trkpt>
		<trkpt lat="59.5338217" lon="24.79259">
			<ele>52.7</ele>
			<time>2026-05-21T23:41:08Z</time>
		</trkpt>
		<trkpt lat="59.5339383" lon="24.7925167">
			<ele>53.1</ele>
			<time>2026-05-21T23:41:09Z</time>
		</trkpt>
		<trkpt lat="59.53405" lon="24.792445">
			<ele>53.5</ele>
			<time>2026-05-21T23:41:10Z</time>
		</trkpt>
		<trkpt lat="59.5341633" lon="24.7923717">
			<ele>53.6</ele>
			<time>2026-05-21T23:41:11Z</time>
		</trkpt>
		<trkpt lat="59.5342783" lon="24.7923033">
			<ele>53.9</ele>
			<time>2026-05-21T23:41:12Z</time>
		</trkpt>
		<trkpt lat="59.5343967" lon="24.7922367">
			<ele>54.5</ele>
			<time>2026-05-21T23:41:13Z</time>
		</trkpt>
		<trkpt lat="59.53452" lon="24.7921783">
			<ele>55.7</ele>
			<time>2026-05-21T23:41:14Z</time>
		</trkpt>
		<trkpt lat="59.5346433" lon="24.792135">
			<ele>57</ele>
			<time>2026-05-21T23:41:15Z</time>
		</trkpt>
		<trkpt lat="59.53477" lon="24.7920983">
			<ele>58.8</ele>
			<time>2026-05-21T23:41:16Z</time>
		</trkpt>
		<trkpt lat="59.534895" lon="24.79207">
			<ele>60.6</ele>
			<time>2026-05-21T23:41:17Z</time>
		</trkpt>
		<trkpt lat="59.5350267" lon="24.7920417">
			<ele>63.9</ele>
			<time>2026-05-21T23:41:18Z</time>
		</trkpt>
		<trkpt lat="59.5351483" lon="24.792025">
			<ele>65.2</ele>
			<time>2026-05-21T23:41:19Z</time>
		</trkpt>
		<trkpt lat="59.5352667" lon="24.7920183">
			<ele>66.2</ele>
			<time>2026-05-21T23:41:20Z</time>
		</trkpt>
		<trkpt lat="59.5353867" lon="24.7920183">
			<ele>67.2</ele>
			<time>2026-05-21T23:41:21Z</time>
		</trkpt>
		<trkpt lat="59.53551" lon="24.79203">
			<ele>68.2</ele>
			<time>2026-05-21T23:41:22Z</time>
		</trkpt>
		<trkpt lat="59.5356333" lon="24.792045">
			<ele>68.9</ele>
			<time>2026-05-21T23:41:23Z</time>
		</trkpt>
		<trkpt lat="59.5357567" lon="24.7920667">
			<ele>69.7</ele>
			<time>2026-05-21T23:41:24Z</time>
		</trkpt>
		<trkpt lat="59.5358817" lon="24.79209">
			<ele>70.8</ele>
			<time>2026-05-21T23:41:25Z</time>
		</trkpt>
		<trkpt lat="59.536005" lon="24.7921167">
			<ele>71.8</ele>
			<time>2026-05-21T23:41:26Z</time>
		</trkpt>
		<trkpt lat="59.5361233" lon="24.792145">
			<ele>72.2</ele>
			<time>2026-05-21T23:41:27Z</time>
		</trkpt>
		<trkpt lat="59.5362383" lon="24.792175">
			<ele>72.5</ele>
			<time>2026-05-21T23:41:28Z</time>
		</trkpt>
		<trkpt lat="59.5363533" lon="24.7921967">
			<ele>72.9</ele>
			<time>2026-05-21T23:41:29Z</time>
		</trkpt>
		<trkpt lat="59.5364733" lon="24.7922083">
			<ele>73.2</ele>
			<time>2026-05-21T23:41:30Z</time>
		</trkpt>
		<trkpt lat="59.5366017" lon="24.7922133">
			<ele>73.3</ele>
			<time>2026-05-21T23:41:31Z</time>
		</trkpt>
		<trkpt lat="59.5367383" lon="24.7922167">
			<ele>73.2</ele>
			<time>2026-05-21T23:41:32Z</time>
		</trkpt>
		<trkpt lat="59.5368867" lon="24.7922233">
			<ele>75.7</ele>
			<time>2026-05-21T23:41:33Z</time>
		</trkpt>
		<trkpt lat="59.5370233" lon="24.7922267">
			<ele>78.2</ele>
			<time>2026-05-21T23:41:34Z</time>
		</trkpt>
		<trkpt lat="59.5371433" lon="24.7922267">
			<ele>79.1</ele>
			<time>2026-05-21T23:41:35Z</time>
		</trkpt>
		<trkpt lat="59.5372617" lon="24.79222">
			<ele>79.9</ele>
			<time>2026-05-21T23:41:36Z</time>
		</trkpt>
		<trkpt lat="59.537385" lon="24.7922067">
			<ele>80.1</ele>
			<time>2026-05-21T23:41:37Z</time>
		</trkpt>
		<trkpt lat="59.5375117" lon="24.7921883">
			<ele>80.5</ele>
			<time>2026-05-21T23:41:38Z</time>
		</trkpt>
		<trkpt lat="59.537645" lon="24.7921667">
			<ele>81.3</ele>
			<time>2026-05-21T23:41:39Z</time>
		</trkpt>
		<trkpt lat="59.537775" lon="24.7921367">
			<ele>81.9</ele>
			<time>2026-05-21T23:41:40Z</time>
		</trkpt>
		<trkpt lat="59.5378983" lon="24.792105">
			<ele>83.3</ele>
			<time>2026-05-21T23:41:41Z</time>
		</trkpt>
		<trkpt lat="59.5380167" lon="24.7920733">
			<ele>85.7</ele>
			<time>2026-05-21T23:41:42Z</time>
		</trkpt>
		<trkpt lat="59.5381317" lon="24.7920383">
			<ele>86.8</ele>
			<time>2026-05-21T23:41:43Z</time>
		</trkpt>
		<trkpt lat="59.538245" lon="24.7919983">
			<ele>86.2</ele>
			<time>2026-05-21T23:41:44Z</time>
		</trkpt>
		<trkpt lat="59.5383617" lon="24.7919517">
			<ele>86.8</ele>
			<time>2026-05-21T23:41:45Z</time>
		</trkpt>
		<trkpt lat="59.5384733" lon="24.7918967">
			<ele>85.5</ele>
			<time>2026-05-21T23:41:46Z</time>
		</trkpt>
		<trkpt lat="59.5385867" lon="24.7918367">
			<ele>84.5</ele>
			<time>2026-05-21T23:41:47Z</time>
		</trkpt>
		<trkpt lat="59.5387017" lon="24.7917783">
			<ele>85.4</ele>
			<time>2026-05-21T23:41:48Z</time>
		</trkpt>
		<trkpt lat="59.5388083" lon="24.7917133">
			<ele>84.8</ele>
			<time>2026-05-21T23:41:49Z</time>
		</trkpt>
		<trkpt lat="59.5389167" lon="24.79165">
			<ele>85.1</ele>
			<time>2026-05-21T23:41:50Z</time>
		</trkpt>
		<trkpt lat="59.539025" lon="24.7915817">
			<ele>85.6</ele>
			<time>2026-05-21T23:41:51Z</time>
		</trkpt>
		<trkpt lat="59.5391317" lon="24.7915067">
			<ele>85.1</ele>
			<time>2026-05-21T23:41:52Z</time>
		</trkpt>
		<trkpt lat="59.5392417" lon="24.79142">
			<ele>85</ele>
			<time>2026-05-21T23:41:53Z</time>
		</trkpt>
		<trkpt lat="59.5393433" lon="24.7913283">
			<ele>83.3</ele>
			<time>2026-05-21T23:41:54Z</time>
		</trkpt>
		<trkpt lat="59.5394483" lon="24.7912267">
			<ele>82.8</ele>
			<time>2026-05-21T23:41:55Z</time>
		</trkpt>
		<trkpt lat="59.5395633" lon="24.7911267">
			<ele>83.2</ele>
			<time>2026-05-21T23:41:56Z</time>
		</trkpt>
		<trkpt lat="59.5396717" lon="24.7910283">
			<ele>83.7</ele>
			<time>2026-05-21T23:41:57Z</time>
		</trkpt>
		<trkpt lat="59.53978" lon="24.7909217">
			<ele>84.7</ele>
			<time>2026-05-21T23:41:58Z</time>
		</trkpt>
		<trkpt lat="59.5398833" lon="24.79082">
			<ele>85.5</ele>
			<time>2026-05-21T23:41:59Z</time>
		</trkpt>
		<trkpt lat="59.5399817" lon="24.7907183">
			<ele>86.3</ele>
			<time>2026-05-21T23:42:00Z</time>
		</trkpt>
		<trkpt lat="59.54008" lon="24.7906083">
			<ele>86.8</ele>
			<time>2026-05-21T23:42:01Z</time>
		</trkpt>
		<trkpt lat="59.540175" lon="24.7904883">
			<ele>87.1</ele>
			<time>2026-05-21T23:42:02Z</time>
		</trkpt>
		<trkpt lat="59.54027" lon="24.79036">
			<ele>87.1</ele>
			<time>2026-05-21T23:42:03Z</time>
		</trkpt>
		<trkpt lat="59.5403567" lon="24.7902267">
			<ele>86.4</ele>
			<time>2026-05-21T23:42:04Z</time>
		</trkpt>
		<trkpt lat="59.540425" lon="24.7901017">
			<ele>85.2</ele>
			<time>2026-05-21T23:42:05Z</time>
		</trkpt>
		<trkpt lat="59.540505" lon="24.789975">
			<ele>84.7</ele>
			<time>2026-05-21T23:42:06Z</time>
		</trkpt>
		<trkpt lat="59.5405883" lon="24.7898417">
			<ele>84.8</ele>
			<time>2026-05-21T23:42:07Z</time>
		</trkpt>
		<trkpt lat="59.5406683" lon="24.7897033">
			<ele>84.6</ele>
			<time>2026-05-21T23:42:08Z</time>
		</trkpt>
		<trkpt lat="59.5407433" lon="24.7895583">
			<ele>84.3</ele>
			<time>2026-05-21T23:42:09Z</time>
		</trkpt>
		<trkpt lat="59.5408217" lon="24.7894217">
			<ele>84</ele>
			<time>2026-05-21T23:42:10Z</time>
		</trkpt>
		<trkpt lat="59.54091" lon="24.7893033">
			<ele>83.8</ele>
			<time>2026-05-21T23:42:11Z</time>
		</trkpt>
		<trkpt lat="59.5410117" lon="24.7892233">
			<ele>84</ele>
			<time>2026-05-21T23:42:12Z</time>
		</trkpt>
		<trkpt lat="59.5411267" lon="24.7892083">
			<ele>83.5</ele>
			<time>2026-05-21T23:42:13Z</time>
		</trkpt>
		<trkpt lat="59.5412517" lon="24.7892533">
			<ele>82.5</ele>
			<time>2026-05-21T23:42:14Z</time>
		</trkpt>
		<trkpt lat="59.5413783" lon="24.78935">
			<ele>80.9</ele>
			<time>2026-05-21T23:42:15Z</time>
		</trkpt>
		<trkpt lat="59.5414917" lon="24.789485">
			<ele>78.9</ele>
			<time>2026-05-21T23:42:16Z</time>
		</trkpt>
		<trkpt lat="59.5415933" lon="24.789655">
			<ele>78.3</ele>
			<time>2026-05-21T23:42:17Z</time>
		</trkpt>
		<trkpt lat="59.5416933" lon="24.7898467">
			<ele>78</ele>
			<time>2026-05-21T23:42:18Z</time>
		</trkpt>
		<trkpt lat="59.541795" lon="24.7900333">
			<ele>77</ele>
			<time>2026-05-21T23:42:19Z</time>
		</trkpt>
		<trkpt lat="59.5419" lon="24.7902">
			<ele>75.7</ele>
			<time>2026-05-21T23:42:20Z</time>
		</trkpt>
		<trkpt lat="59.54201" lon="24.7903683">
			<ele>75.3</ele>
			<time>2026-05-21T23:42:21Z</time>
		</trkpt>
		<trkpt lat="59.5421167" lon="24.7905383">
			<ele>74.3</ele>
			<time>2026-05-21T23:42:22Z</time>
		</trkpt>
		<trkpt lat="59.5422183" lon="24.7907133">
			<ele>72.1</ele>
			<time>2026-05-21T23:42:23Z</time>
		</trkpt>
		<trkpt lat="59.5423217" lon="24.7908833">
			<ele>70.6</ele>
			<time>2026-05-21T23:42:24Z</time>
		</trkpt>
		<trkpt lat="59.5424283" lon="24.7910417">
			<ele>69.1</ele>
			<time>2026-05-21T23:42:25Z</time>
		</trkpt>
		<trkpt lat="59.5425383" lon="24.79119">
			<ele>67.1</ele>
			<time>2026-05-21T23:42:26Z</time>
		</trkpt>
		<trkpt lat="59.5426533" lon="24.7913267">
			<ele>66.9</ele>
			<time>2026-05-21T23:42:27Z</time>
		</trkpt>
		<trkpt lat="59.5427683" lon="24.7914633">
			<ele>66.9</ele>
			<time>2026-05-21T23:42:28Z</time>
		</trkpt>
		<trkpt lat="59.5428833" lon="24.7916">
			<ele>66.8</ele>
			<time>2026-05-21T23:42:29Z</time>
		</trkpt>
		<trkpt lat="59.5429983" lon="24.79173">
			<ele>66.9</ele>
			<time>2026-05-21T23:42:30Z</time>
		</trkpt>
		<trkpt lat="59.5431167" lon="24.7918483">
			<ele>66.5</ele>
			<time>2026-05-21T23:42:31Z</time>
		</trkpt>
		<trkpt lat="59.5432383" lon="24.7919533">
			<ele>66.7</ele>
			<time>2026-05-21T23:42:32Z</time>
		</trkpt>
		<trkpt lat="59.54336" lon="24.792055">
			<ele>65.9</ele>
			<time>2026-05-21T23:42:33Z</time>
		</trkpt>
		<trkpt lat="59.54348" lon="24.7921533">
			<ele>63</ele>
			<time>2026-05-21T23:42:34Z</time>
		</trkpt>
		<trkpt lat="59.5436033" lon="24.7922417">
			<ele>62.9</ele>
			<time>2026-05-21T23:42:35Z</time>
		</trkpt>
		<trkpt lat="59.5437283" lon="24.79232">
			<ele>62.6</ele>
			<time>2026-05-21T23:42:36Z</time>
		</trkpt>
		<trkpt lat="59.5438533" lon="24.7923883">
			<ele>62.4</ele>
			<time>2026-05-21T23:42:37Z</time>
		</trkpt>
		<trkpt lat="59.543975" lon="24.7924483">
			<ele>59.4</ele>
			<time>2026-05-21T23:42:38Z</time>
		</trkpt>
		<trkpt lat="59.5441017" lon="24.79249">
			<ele>59.6</ele>
			<time>2026-05-21T23:42:39Z</time>
		</trkpt>
		<trkpt lat="59.5442283" lon="24.7925233">
			<ele>59.5</ele>
			<time>2026-05-21T23:42:40Z</time>
		</trkpt>
		<trkpt lat="59.5443567" lon="24.792545">
			<ele>59.1</ele>
			<time>2026-05-21T23:42:41Z</time>
		</trkpt>
		<trkpt lat="59.5444833" lon="24.792555">
			<ele>58.6</ele>
			<time>2026-05-21T23:42:42Z</time>
		</trkpt>
		<trkpt lat="59.5446133" lon="24.792555">
			<ele>58.2</ele>
			<time>2026-05-21T23:42:43Z</time>
		</trkpt>
		<trkpt lat="59.5447433" lon="24.7925483">
			<ele>57.7</ele>
			<time>2026-05-21T23:42:44Z</time>
		</trkpt>
		<trkpt lat="59.5448717" lon="24.7925383">
			<ele>57</ele>
			<time>2026-05-21T23:42:45Z</time>
		</trkpt>
		<trkpt lat="59.5450017" lon="24.7925267">
			<ele>56</ele>
			<time>2026-05-21T23:42:46Z</time>
		</trkpt>
		<trkpt lat="59.5451417" lon="24.7925067">
			<ele>58.2</ele>
			<time>2026-05-21T23:42:47Z</time>
		</trkpt>
		<trkpt lat="59.5452817" lon="24.7924767">
			<ele>59.8</ele>
			<time>2026-05-21T23:42:48Z</time>
		</trkpt>
		<trkpt lat="59.5454167" lon="24.7924383">
			<ele>60.2</ele>
			<time>2026-05-21T23:42:49Z</time>
		</trkpt>
		<trkpt lat="59.5455533" lon="24.792395">
			<ele>61.3</ele>
			<time>2026-05-21T23:42:50Z</time>
		</trkpt>
		<trkpt lat="59.5456833" lon="24.7923533">
			<ele>62.3</ele>
			<time>2026-05-21T23:42:51Z</time>
		</trkpt>
		<trkpt lat="59.5458" lon="24.7923167">
			<ele>63.4</ele>
			<time>2026-05-21T23:42:52Z</time>
		</trkpt>
		<trkpt lat="59.5459133" lon="24.7922783">
			<ele>64.3</ele>
			<time>2026-05-21T23:42:53Z</time>
		</trkpt>
		<trkpt lat="59.5460267" lon="24.7922367">
			<ele>62.9</ele>
			<time>2026-05-21T23:42:54Z</time>
		</trkpt>
		<trkpt lat="59.5461467" lon="24.7921933">
			<ele>63</ele>
			<time>2026-05-21T23:42:55Z</time>
		</trkpt>
		<trkpt lat="59.5462733" lon="24.7921417">
			<ele>63.4</ele>
			<time>2026-05-21T23:42:56Z</time>
		</trkpt>
		<trkpt lat="59.5464" lon="24.792085">
			<ele>64</ele>
			<time>2026-05-21T23:42:57Z</time>
		</trkpt>
		<trkpt lat="59.5465233" lon="24.79203">
			<ele>65.4</ele>
			<time>2026-05-21T23:42:58Z</time>
		</trkpt>
		<trkpt lat="59.5466433" lon="24.791975">
			<ele>67</ele>
			<time>2026-05-21T23:42:59Z</time>
		</trkpt>
		<trkpt lat="59.546755" lon="24.79192">
			<ele>68.7</ele>
			<time>2026-05-21T23:43:00Z</time>
		</trkpt>
		<trkpt lat="59.5468567" lon="24.7918817">
			<ele>69.4</ele>
			<time>2026-05-21T23:43:01Z</time>
		</trkpt>
		<trkpt lat="59.5469733" lon="24.7918483">
			<ele>70.8</ele>
			<time>2026-05-21T23:43:02Z</time>
		</trkpt>
		<trkpt lat="59.547085" lon="24.791825">
			<ele>71.5</ele>
			<time>2026-05-21T23:43:03Z</time>
		</trkpt>
		<trkpt lat="59.5472017" lon="24.7918083">
			<ele>72.3</ele>
			<time>2026-05-21T23:43:04Z</time>
		</trkpt>
		<trkpt lat="59.5473167" lon="24.7917983">
			<ele>72.7</ele>
			<time>2026-05-21T23:43:05Z</time>
		</trkpt>
		<trkpt lat="59.5474317" lon="24.7917983">
			<ele>72.1</ele>
			<time>2026-05-21T23:43:06Z</time>
		</trkpt>
		<trkpt lat="59.5475517" lon="24.7918083">
			<ele>71.1</ele>
			<time>2026-05-21T23:43:07Z</time>
		</trkpt>
		<trkpt lat="59.54767" lon="24.7918233">
			<ele>69.6</ele>
			<time>2026-05-21T23:43:08Z</time>
		</trkpt>
		<trkpt lat="59.5477933" lon="24.7918433">
			<ele>68.8</ele>
			<time>2026-05-21T23:43:09Z</time>
		</trkpt>
		<trkpt lat="59.5479183" lon="24.791865">
			<ele>68</ele>
			<time>2026-05-21T23:43:10Z</time>
		</trkpt>
		<trkpt lat="59.5480467" lon="24.7918983">
			<ele>67.2</ele>
			<time>2026-05-21T23:43:11Z</time>
		</trkpt>
		<trkpt lat="59.548175" lon="24.7919633">
			<ele>66.6</ele>
			<time>2026-05-21T23:43:12Z</time>
		</trkpt>
		<trkpt lat="59.548305" lon="24.7920717">
			<ele>66.3</ele>
			<time>2026-05-21T23:43:13Z</time>
		</trkpt>
		<trkpt lat="59.54843" lon="24.7922067">
			<ele>65.5</ele>
			<time>2026-05-21T23:43:14Z</time>
		</trkpt>
		<trkpt lat="59.5485483" lon="24.79236">
			<ele>64.5</ele>
			<time>2026-05-21T23:43:15Z</time>
		</trkpt>
		<trkpt lat="59.54866" lon="24.792515">
			<ele>62.6</ele>
			<time>2026-05-21T23:43:16Z</time>
		</trkpt>
		<trkpt lat="59.5487717" lon="24.79267">
			<ele>61.4</ele>
			<time>2026-05-21T23:43:17Z</time>
		</trkpt>
		<trkpt lat="59.5488767" lon="24.792835">
			<ele>60.2</ele>
			<time>2026-05-21T23:43:18Z</time>
		</trkpt>
		<trkpt lat="59.5489783" lon="24.7930033">
			<ele>59.9</ele>
			<time>2026-05-21T23:43:19Z</time>
		</trkpt>
		<trkpt lat="59.5490767" lon="24.7931833">
			<ele>59.8</ele>
			<time>2026-05-21T23:43:20Z</time>
		</trkpt>
		<trkpt lat="59.549175" lon="24.793365">
			<ele>59.8</ele>
			<time>2026-05-21T23:43:21Z</time>
		</trkpt>
		<trkpt lat="59.5492783" lon="24.7935383">
			<ele>59.4</ele>
			<time>2026-05-21T23:43:22Z</time>
		</trkpt>
		<trkpt lat="59.5493917" lon="24.7936917">
			<ele>59.1</ele>
			<time>2026-05-21T23:43:23Z</time>
		</trkpt>
		<trkpt lat="59.5495117" lon="24.7938217">
			<ele>59.2</ele>
			<time>2026-05-21T23:43:24Z</time>
		</trkpt>
		<trkpt lat="59.5496267" lon="24.7939317">
			<ele>60</ele>
			<time>2026-05-21T23:43:25Z</time>
		</trkpt>
		<trkpt lat="59.54974" lon="24.7940267">
			<ele>60.5</ele>
			<time>2026-05-21T23:43:26Z</time>
		</trkpt>
		<trkpt lat="59.5498517" lon="24.794115">
			<ele>61.6</ele>
			<time>2026-05-21T23:43:27Z</time>
		</trkpt>
		<trkpt lat="59.5499683" lon="24.7941933">
			<ele>62.7</ele>
			<time>2026-05-21T23:43:28Z</time>
		</trkpt>
		<trkpt lat="59.5500883" lon="24.7942383">
			<ele>63.6</ele>
			<time>2026-05-21T23:43:29Z</time>
		</trkpt>
		<trkpt lat="59.5502083" lon="24.7942183">
			<ele>63.3</ele>
			<time>2026-05-21T23:43:30Z</time>
		</trkpt>
		<trkpt lat="59.5503217" lon="24.79412">
			<ele>62.9</ele>
			<time>2026-05-21T23:43:31Z</time>
		</trkpt>
		<trkpt lat="59.5504117" lon="24.79397">
			<ele>63.2</ele>
			<time>2026-05-21T23:43:32Z</time>
		</trkpt>
		<trkpt lat="59.55049" lon="24.7938033">
			<ele>63.5</ele>
			<time>2026-05-21T23:43:33Z</time>
		</trkpt>
		<trkpt lat="59.5505567" lon="24.79365">
			<ele>64.1</ele>
			<time>2026-05-21T23:43:34Z</time>
		</trkpt>
		<trkpt lat="59.5506167" lon="24.7935083">
			<ele>64.8</ele>
			<time>2026-05-21T23:43:35Z</time>
		</trkpt>
		<trkpt lat="59.5506717" lon="24.793365">
			<ele>65</ele>
			<time>2026-05-21T23:43:36Z</time>
		</trkpt>
		<trkpt lat="59.5507183" lon="24.7932117">
			<ele>64.5</ele>
			<time>2026-05-21T23:43:37Z</time>
		</trkpt>
		<trkpt lat="59.5507567" lon="24.7930383">
			<ele>65.1</ele>
			<time>2026-05-21T23:43:38Z</time>
		</trkpt>
		<trkpt lat="59.5507817" lon="24.7928417">
			<ele>65.1</ele>
			<time>2026-05-21T23:43:39Z</time>
		</trkpt>
		<trkpt lat="59.55079" lon="24.7926433">
			<ele>65.4</ele>
			<time>2026-05-21T23:43:40Z</time>
		</trkpt>
		<trkpt lat="59.550785" lon="24.792455">
			<ele>66.1</ele>
			<time>2026-05-21T23:43:41Z</time>
		</trkpt>
		<trkpt lat="59.5507683" lon="24.792285">
			<ele>66.9</ele>
			<time>2026-05-21T23:43:42Z</time>
		</trkpt>
		<trkpt lat="59.5507517" lon="24.79213">
			<ele>66.9</ele>
			<time>2026-05-21T23:43:43Z</time>
		</trkpt>
		<trkpt lat="59.5507383" lon="24.7919733">
			<ele>67.1</ele>
			<time>2026-05-21T23:43:44Z</time>
		</trkpt>
		<trkpt lat="59.5507217" lon="24.7918117">
			<ele>66.5</ele>
			<time>2026-05-21T23:43:45Z</time>
		</trkpt>
		<trkpt lat="59.5507033" lon="24.7916417">
			<ele>66.4</ele>
			<time>2026-05-21T23:43:46Z</time>
		</trkpt>
		<trkpt lat="59.5506833" lon="24.79147">
			<ele>66</ele>
			<time>2026-05-21T23:43:47Z</time>
		</trkpt>
		<trkpt lat="59.55066" lon="24.7913">
			<ele>65.9</ele>
			<time>2026-05-21T23:43:48Z</time>
		</trkpt>
		<trkpt lat="59.550635" lon="24.791135">
			<ele>65.6</ele>
			<time>2026-05-21T23:43:49Z</time>
		</trkpt>
		<trkpt lat="59.5506117" lon="24.7909783">
			<ele>65.2</ele>
			<time>2026-05-21T23:43:50Z</time>
		</trkpt>
		<trkpt lat="59.5505867" lon="24.7908233">
			<ele>64.4</ele>
			<time>2026-05-21T23:43:51Z</time>
		</trkpt>
		<trkpt lat="59.5505583" lon="24.7906717">
			<ele>63.5</ele>
			<time>2026-05-21T23:43:52Z</time>
		</trkpt>
		<trkpt lat="59.5505283" lon="24.7905167">
			<ele>62.5</ele>
			<time>2026-05-21T23:43:53Z</time>
		</trkpt>
		<trkpt lat="59.5504967" lon="24.7903633">
			<ele>61.2</ele>
			<time>2026-05-21T23:43:54Z</time>
		</trkpt>
		<trkpt lat="59.550465" lon="24.7902067">
			<ele>59.8</ele>
			<time>2026-05-21T23:43:55Z</time>
		</trkpt>
		<trkpt lat="59.5504333" lon="24.79005">
			<ele>58.7</ele>
			<time>2026-05-21T23:43:56Z</time>
		</trkpt>
		<trkpt lat="59.5504" lon="24.7898933">
			<ele>57.5</ele>
			<time>2026-05-21T23:43:57Z</time>
		</trkpt>
		<trkpt lat="59.550365" lon="24.78974">
			<ele>56.2</ele>
			<time>2026-05-21T23:43:58Z</time>
		</trkpt>
		<trkpt lat="59.5503283" lon="24.7895867">
			<ele>55.2</ele>
			<time>2026-05-21T23:43:59Z</time>
		</trkpt>
		<trkpt lat="59.55029" lon="24.78943">
			<ele>54.5</ele>
			<time>2026-05-21T23:44:00Z</time>
		</trkpt>
		<trkpt lat="59.5502533" lon="24.7892667">
			<ele>53.7</ele>
			<time>2026-05-21T23:44:01Z</time>
		</trkpt>
		<trkpt lat="59.5502233" lon="24.7890933">
			<ele>52.8</ele>
			<time>2026-05-21T23:44:02Z</time>
		</trkpt>
		<trkpt lat="59.5502167" lon="24.7889067">
			<ele>51.8</ele>
			<time>2026-05-21T23:44:03Z</time>
		</trkpt>
		<trkpt lat="59.5502433" lon="24.78872">
			<ele>50.8</ele>
			<time>2026-05-21T23:44:04Z</time>
		</trkpt>
		<trkpt lat="59.5502983" lon="24.7885367">
			<ele>49.8</ele>
			<time>2026-05-21T23:44:05Z</time>
		</trkpt>
		<trkpt lat="59.5503617" lon="24.78836">
			<ele>49.3</ele>
			<time>2026-05-21T23:44:06Z</time>
		</trkpt>
		<trkpt lat="59.55042" lon="24.788185">
			<ele>48.7</ele>
			<time>2026-05-21T23:44:07Z</time>
		</trkpt>
		<trkpt lat="59.5504683" lon="24.7880117">
			<ele>48.2</ele>
			<time>2026-05-21T23:44:08Z</time>
		</trkpt>
		<trkpt lat="59.55051" lon="24.787845">
			<ele>48</ele>
			<time>2026-05-21T23:44:09Z</time>
		</trkpt>
		<trkpt lat="59.5505567" lon="24.7876733">
			<ele>47.7</ele>
			<time>2026-05-21T23:44:10Z</time>
		</trkpt>
		<trkpt lat="59.5506083" lon="24.7875067">
			<ele>47.3</ele>
			<time>2026-05-21T23:44:11Z</time>
		</trkpt>
		<trkpt lat="59.55066" lon="24.7873433">
			<ele>46.7</ele>
			<time>2026-05-21T23:44:12Z</time>
		</trkpt>
		<trkpt lat="59.5507033" lon="24.7871767">
			<ele>46</ele>
			<time>2026-05-21T23:44:13Z</time>
		</trkpt>
		<trkpt lat="59.55074" lon="24.7870017">
			<ele>45.9</ele>
			<time>2026-05-21T23:44:14Z</time>
		</trkpt>
		<trkpt lat="59.5507683" lon="24.786815">
			<ele>45.4</ele>
			<time>2026-05-21T23:44:15Z</time>
		</trkpt>
		<trkpt lat="59.55079" lon="24.7866217">
			<ele>45.8</ele>
			<time>2026-05-21T23:44:16Z</time>
		</trkpt>
		<trkpt lat="59.5508033" lon="24.7864333">
			<ele>45.8</ele>
			<time>2026-05-21T23:44:17Z</time>
		</trkpt>
		<trkpt lat="59.550805" lon="24.78626">
			<ele>46.2</ele>
			<time>2026-05-21T23:44:18Z</time>
		</trkpt>
		<trkpt lat="59.5507933" lon="24.7860917">
			<ele>46.6</ele>
			<time>2026-05-21T23:44:19Z</time>
		</trkpt>
		<trkpt lat="59.5507633" lon="24.785925">
			<ele>45.9</ele>
			<time>2026-05-21T23:44:20Z</time>
		</trkpt>
		<trkpt lat="59.550725" lon="24.785775">
			<ele>45.6</ele>
			<time>2026-05-21T23:44:21Z</time>
		</trkpt>
		<trkpt lat="59.5506767" lon="24.78565">
			<ele>47.3</ele>
			<time>2026-05-21T23:44:22Z</time>
		</trkpt>
		<trkpt lat="59.5506133" lon="24.7855333">
			<ele>46.9</ele>
			<time>2026-05-21T23:44:23Z</time>
		</trkpt>
		<trkpt lat="59.5505367" lon="24.7854383">
			<ele>47.4</ele>
			<time>2026-05-21T23:44:24Z</time>
		</trkpt>
		<trkpt lat="59.5504533" lon="24.7853633">
			<ele>47.3</ele>
			<time>2026-05-21T23:44:25Z</time>
		</trkpt>
		<trkpt lat="59.550375" lon="24.785285">
			<ele>47.5</ele>
			<time>2026-05-21T23:44:26Z</time>
		</trkpt>
		<trkpt lat="59.5502983" lon="24.7852083">
			<ele>47.8</ele>
			<time>2026-05-21T23:44:27Z</time>
		</trkpt>
		<trkpt lat="59.550225" lon="24.7851383">
			<ele>47.8</ele>
			<time>2026-05-21T23:44:28Z</time>
		</trkpt>
		<trkpt lat="59.5501483" lon="24.7850767">
			<ele>47.1</ele>
			<time>2026-05-21T23:44:29Z</time>
		</trkpt>
		<trkpt lat="59.5500717" lon="24.7850167">
			<ele>45.5</ele>
			<time>2026-05-21T23:44:30Z</time>
		</trkpt>
		<trkpt lat="59.549995" lon="24.7849467">
			<ele>44.4</ele>
			<time>2026-05-21T23:44:31Z</time>
		</trkpt>
		<trkpt lat="59.5499283" lon="24.784865">
			<ele>43.1</ele>
			<time>2026-05-21T23:44:32Z</time>
		</trkpt>
		<trkpt lat="59.5498733" lon="24.7847533">
			<ele>42.5</ele>
			<time>2026-05-21T23:44:33Z</time>
		</trkpt>
		<trkpt lat="59.5498283" lon="24.7846133">
			<ele>42.4</ele>
			<time>2026-05-21T23:44:34Z</time>
		</trkpt>
		<trkpt lat="59.5498067" lon="24.7844467">
			<ele>42.2</ele>
			<time>2026-05-21T23:44:35Z</time>
		</trkpt>
		<trkpt lat="59.5498433" lon="24.7842433">
			<ele>42.5</ele>
			<time>2026-05-21T23:44:36Z</time>
		</trkpt>
		<trkpt lat="59.5499117" lon="24.784065">
			<ele>43.2</ele>
			<time>2026-05-21T23:44:37Z</time>
		</trkpt>
		<trkpt lat="59.5499983" lon="24.7839233">
			<ele>44.4</ele>
			<time>2026-05-21T23:44:38Z</time>
		</trkpt>
		<trkpt lat="59.55009" lon="24.7838017">
			<ele>45.4</ele>
			<time>2026-05-21T23:44:39Z</time>
		</trkpt>
		<trkpt lat="59.550185" lon="24.7836983">
			<ele>46.2</ele>
			<time>2026-05-21T23:44:40Z</time>
		</trkpt>
		<trkpt lat="59.5502817" lon="24.7836017">
			<ele>46.6</ele>
			<time>2026-05-21T23:44:41Z</time>
		</trkpt>
		<trkpt lat="59.5503833" lon="24.7835067">
			<ele>47.1</ele>
			<time>2026-05-21T23:44:42Z</time>
		</trkpt>
		<trkpt lat="59.5504933" lon="24.7834217">
			<ele>47.7</ele>
			<time>2026-05-21T23:44:43Z</time>
		</trkpt>
		<trkpt lat="59.5506133" lon="24.7833567">
			<ele>48.3</ele>
			<time>2026-05-21T23:44:44Z</time>
		</trkpt>
		<trkpt lat="59.5507417" lon="24.78333">
			<ele>50.2</ele>
			<time>2026-05-21T23:44:45Z</time>
		</trkpt>
		<trkpt lat="59.5508683" lon="24.7833533">
			<ele>50.6</ele>
			<time>2026-05-21T23:44:46Z</time>
		</trkpt>
		<trkpt lat="59.55099" lon="24.78345">
			<ele>51</ele>
			<time>2026-05-21T23:44:47Z</time>
		</trkpt>
		<trkpt lat="59.551095" lon="24.7836217">
			<ele>51.3</ele>
			<time>2026-05-21T23:44:48Z</time>
		</trkpt>
		<trkpt lat="59.5511733" lon="24.7838583">
			<ele>51.5</ele>
			<time>2026-05-21T23:44:49Z</time>
		</trkpt>
		<trkpt lat="59.5512183" lon="24.7841267">
			<ele>51.5</ele>
			<time>2026-05-21T23:44:50Z</time>
		</trkpt>
		<trkpt lat="59.551225" lon="24.7843917">
			<ele>51.8</ele>
			<time>2026-05-21T23:44:51Z</time>
		</trkpt>
		<trkpt lat="59.5511967" lon="24.78462">
			<ele>51.8</ele>
			<time>2026-05-21T23:44:52Z</time>
		</trkpt>
		<trkpt lat="59.55115" lon="24.7848167">
			<ele>52.1</ele>
			<time>2026-05-21T23:44:53Z</time>
		</trkpt>
		<trkpt lat="59.5510983" lon="24.7850067">
			<ele>52.7</ele>
			<time>2026-05-21T23:44:54Z</time>
		</trkpt>
		<trkpt lat="59.5510583" lon="24.78522">
			<ele>52.2</ele>
			<time>2026-05-21T23:44:55Z</time>
		</trkpt>
		<trkpt lat="59.5510433" lon="24.78546">
			<ele>51.2</ele>
			<time>2026-05-21T23:44:56Z</time>
		</trkpt>
		<trkpt lat="59.5510633" lon="24.7857267">
			<ele>51</ele>
			<time>2026-05-21T23:44:57Z</time>
		</trkpt>
		<trkpt lat="59.5511133" lon="24.785995">
			<ele>51</ele>
			<time>2026-05-21T23:44:58Z</time>
		</trkpt>
		<trkpt lat="59.5511617" lon="24.7862533">
			<ele>50.1</ele>
			<time>2026-05-21T23:44:59Z</time>
		</trkpt>
		<trkpt lat="59.5511883" lon="24.7865017">
			<ele>49.8</ele>
			<time>2026-05-21T23:45:00Z</time>
		</trkpt>
		<trkpt lat="59.5511983" lon="24.7867467">
			<ele>50</ele>
			<time>2026-05-21T23:45:01Z</time>
		</trkpt>
		<trkpt lat="59.5511933" lon="24.7869967">
			<ele>49.4</ele>
			<time>2026-05-21T23:45:02Z</time>
		</trkpt>
		<trkpt lat="59.5511867" lon="24.7872467">
			<ele>49.9</ele>
			<time>2026-05-21T23:45:03Z</time>
		</trkpt>
		<trkpt lat="59.5511867" lon="24.7875067">
			<ele>50.5</ele>
			<time>2026-05-21T23:45:04Z</time>
		</trkpt>
		<trkpt lat="59.5511967" lon="24.7877767">
			<ele>51.2</ele>
			<time>2026-05-21T23:45:05Z</time>
		</trkpt>
		<trkpt lat="59.5512083" lon="24.7880467">
			<ele>51.5</ele>
			<time>2026-05-21T23:45:06Z</time>
		</trkpt>
		<trkpt lat="59.5512233" lon="24.7883133">
			<ele>52.5</ele>
			<time>2026-05-21T23:45:07Z</time>
		</trkpt>
		<trkpt lat="59.5512567" lon="24.78857">
			<ele>53.9</ele>
			<time>2026-05-21T23:45:08Z</time>
		</trkpt>
		<trkpt lat="59.551315" lon="24.7888167">
			<ele>52.5</ele>
			<time>2026-05-21T23:45:09Z</time>
		</trkpt>
		<trkpt lat="59.5514" lon="24.7890517">
			<ele>51.4</ele>
			<time>2026-05-21T23:45:10Z</time>
		</trkpt>
		<trkpt lat="59.5515" lon="24.789265">
			<ele>51.5</ele>
			<time>2026-05-21T23:45:11Z</time>
		</trkpt>
		<trkpt lat="59.5516033" lon="24.7894667">
			<ele>52.7</ele>
			<time>2026-05-21T23:45:12Z</time>
		</trkpt>
		<trkpt lat="59.5517083" lon="24.7896567">
			<ele>54.3</ele>
			<time>2026-05-21T23:45:13Z</time>
		</trkpt>
		<trkpt lat="59.5518167" lon="24.7898267">
			<ele>55.5</ele>
			<time>2026-05-21T23:45:14Z</time>
		</trkpt>
		<trkpt lat="59.55193" lon="24.7899767">
			<ele>56.3</ele>
			<time>2026-05-21T23:45:15Z</time>
		</trkpt>
		<trkpt lat="59.5520517" lon="24.790105">
			<ele>57.2</ele>
			<time>2026-05-21T23:45:16Z</time>
		</trkpt>
		<trkpt lat="59.5521767" lon="24.7902083">
			<ele>58</ele>
			<time>2026-05-21T23:45:17Z</time>
		</trkpt>
		<trkpt lat="59.552305" lon="24.79031">
			<ele>60</ele>
			<time>2026-05-21T23:45:18Z</time>
		</trkpt>
		<trkpt lat="59.55244" lon="24.7903983">
			<ele>63.5</ele>
			<time>2026-05-21T23:45:19Z</time>
		</trkpt>
		<trkpt lat="59.552565" lon="24.790475">
			<ele>65.6</ele>
			<time>2026-05-21T23:45:20Z</time>
		</trkpt>
		<trkpt lat="59.552685" lon="24.7905467">
			<ele>66.9</ele>
			<time>2026-05-21T23:45:21Z</time>
		</trkpt>
		<trkpt lat="59.5528033" lon="24.79062">
			<ele>69.2</ele>
			<time>2026-05-21T23:45:22Z</time>
		</trkpt>
		<trkpt lat="59.5529217" lon="24.790695">
			<ele>71.3</ele>
			<time>2026-05-21T23:45:23Z</time>
		</trkpt>
		<trkpt lat="59.5530367" lon="24.79077">
			<ele>72.6</ele>
			<time>2026-05-21T23:45:24Z</time>
		</trkpt>
		<trkpt lat="59.5531567" lon="24.7908383">
			<ele>73.9</ele>
			<time>2026-05-21T23:45:25Z</time>
		</trkpt>
		<trkpt lat="59.5532767" lon="24.7909183">
			<ele>74.5</ele>
			<time>2026-05-21T23:45:26Z</time>
		</trkpt>
		<trkpt lat="59.553395" lon="24.7910083">
			<ele>74.6</ele>
			<time>2026-05-21T23:45:27Z</time>
		</trkpt>
		<trkpt lat="59.5535133" lon="24.7911083">
			<ele>75</ele>
			<time>2026-05-21T23:45:28Z</time>
		</trkpt>
		<trkpt lat="59.553625" lon="24.791215">
			<ele>74.7</ele>
			<time>2026-05-21T23:45:29Z</time>
		</trkpt>
		<trkpt lat="59.5537467" lon="24.7913167">
			<ele>76.9</ele>
			<time>2026-05-21T23:45:30Z</time>
		</trkpt>
		<trkpt lat="59.5538683" lon="24.7914033">
			<ele>78.5</ele>
			<time>2026-05-21T23:45:31Z</time>
		</trkpt>
		<trkpt lat="59.554" lon="24.79147">
			<ele>80.7</ele>
			<time>2026-05-21T23:45:32Z</time>
		</trkpt>
		<trkpt lat="59.5541267" lon="24.79153">
			<ele>82.1</ele>
			<time>2026-05-21T23:45:33Z</time>
		</trkpt>
		<trkpt lat="59.5542467" lon="24.7915967">
			<ele>82.7</ele>
			<time>2026-05-21T23:45:34Z</time>
		</trkpt>
		<trkpt lat="59.5543633" lon="24.7916717">
			<ele>82.5</ele>
			<time>2026-05-21T23:45:35Z</time>
		</trkpt>
		<trkpt lat="59.5544817" lon="24.791745">
			<ele>82.2</ele>
			<time>2026-05-21T23:45:36Z</time>
		</trkpt>
		<trkpt lat="59.5546017" lon="24.79181">
			<ele>82</ele>
			<time>2026-05-21T23:45:37Z</time>
		</trkpt>
		<trkpt lat="59.5547217" lon="24.79187">
			<ele>81.4</ele>
			<time>2026-05-21T23:45:38Z</time>
		</trkpt>
		<trkpt lat="59.5548467" lon="24.7919117">
			<ele>81.9</ele>
			<time>2026-05-21T23:45:39Z</time>
		</trkpt>
		<trkpt lat="59.554975" lon="24.7919533">
			<ele>82.5</ele>
			<time>2026-05-21T23:45:40Z</time>
		</trkpt>
		<trkpt lat="59.555105" lon="24.791995">
			<ele>83.7</ele>
			<time>2026-05-21T23:45:41Z</time>
		</trkpt>
		<trkpt lat="59.5552367" lon="24.7920367">
			<ele>85.7</ele>
			<time>2026-05-21T23:45:42Z</time>
		</trkpt>
		<trkpt lat="59.555365" lon="24.7920833">
			<ele>87.2</ele>
			<time>2026-05-21T23:45:43Z</time>
		</trkpt>
		<trkpt lat="59.5554917" lon="24.792135">
			<ele>88</ele>
			<time>2026-05-21T23:45:44Z</time>
		</trkpt>
		<trkpt lat="59.5556183" lon="24.7921933">
			<ele>88.5</ele>
			<time>2026-05-21T23:45:45Z</time>
		</trkpt>
		<trkpt lat="59.5557417" lon="24.79226">
			<ele>88.2</ele>
			<time>2026-05-21T23:45:46Z</time>
		</trkpt>
		<trkpt lat="59.5558617" lon="24.79233">
			<ele>87.7</ele>
			<time>2026-05-21T23:45:47Z</time>
		</trkpt>
		<trkpt lat="59.5559817" lon="24.7923983">
			<ele>87</ele>
			<time>2026-05-21T23:45:48Z</time>
		</trkpt>
		<trkpt lat="59.556105" lon="24.792465">
			<ele>84.7</ele>
			<time>2026-05-21T23:45:49Z</time>
		</trkpt>
		<trkpt lat="59.556235" lon="24.792525">
			<ele>84.3</ele>
			<time>2026-05-21T23:45:50Z</time>
		</trkpt>
		<trkpt lat="59.556365" lon="24.7925783">
			<ele>83.8</ele>
			<time>2026-05-21T23:45:51Z</time>
		</trkpt>
		<trkpt lat="59.55649" lon="24.7926267">
			<ele>83.4</ele>
			<time>2026-05-21T23:45:52Z</time>
		</trkpt>
		<trkpt lat="59.5566117" lon="24.79267">
			<ele>82.6</ele>
			<time>2026-05-21T23:45:53Z</time>
		</trkpt>
		<trkpt lat="59.556735" lon="24.792715">
			<ele>81.4</ele>
			<time>2026-05-21T23:45:54Z</time>
		</trkpt>
		<trkpt lat="59.5568583" lon="24.792765">
			<ele>80.5</ele>
			<time>2026-05-21T23:45:55Z</time>
		</trkpt>
		<trkpt lat="59.5569817" lon="24.79282">
			<ele>80.1</ele>
			<time>2026-05-21T23:45:56Z</time>
		</trkpt>
		<trkpt lat="59.557105" lon="24.792885">
			<ele>79.7</ele>
			<time>2026-05-21T23:45:57Z</time>
		</trkpt>
		<trkpt lat="59.5572283" lon="24.79296">
			<ele>78.9</ele>
			<time>2026-05-21T23:45:58Z</time>
		</trkpt>
		<trkpt lat="59.5573417" lon="24.7930317">
			<ele>76.6</ele>
			<time>2026-05-21T23:45:59Z</time>
		</trkpt>
		<trkpt lat="59.5574683" lon="24.7930883">
			<ele>76.2</ele>
			<time>2026-05-21T23:46:00Z</time>
		</trkpt>
		<trkpt lat="59.5575967" lon="24.7931283">
			<ele>76.1</ele>
			<time>2026-05-21T23:46:01Z</time>
		</trkpt>
		<trkpt lat="59.557725" lon="24.7931583">
			<ele>75.8</ele>
			<time>2026-05-21T23:46:02Z</time>
		</trkpt>
		<trkpt lat="59.5578533" lon="24.7931883">
			<ele>75.4</ele>
			<time>2026-05-21T23:46:03Z</time>
		</trkpt>
		<trkpt lat="59.5579833" lon="24.7932217">
			<ele>75.2</ele>
			<time>2026-05-21T23:46:04Z</time>
		</trkpt>
		<trkpt lat="59.558115" lon="24.793255">
			<ele>75.5</ele>
			<time>2026-05-21T23:46:05Z</time>
		</trkpt>
		<trkpt lat="59.5582483" lon="24.79328">
			<ele>75.6</ele>
			<time>2026-05-21T23:46:06Z</time>
		</trkpt>
		<trkpt lat="59.5583817" lon="24.7933">
			<ele>74.8</ele>
			<time>2026-05-21T23:46:07Z</time>
		</trkpt>
		<trkpt lat="59.5585133" lon="24.7933183">
			<ele>74.9</ele>
			<time>2026-05-21T23:46:08Z</time>
		</trkpt>
		<trkpt lat="59.558645" lon="24.7933333">
			<ele>74.6</ele>
			<time>2026-05-21T23:46:09Z</time>
		</trkpt>
		<trkpt lat="59.5587783" lon="24.7933483">
			<ele>74.4</ele>
			<time>2026-05-21T23:46:10Z</time>
		</trkpt>
		<trkpt lat="59.5589133" lon="24.7933633">
			<ele>74.4</ele>
			<time>2026-05-21T23:46:11Z</time>
		</trkpt>
		<trkpt lat="59.5590467" lon="24.7933733">
			<ele>73.7</ele>
			<time>2026-05-21T23:46:12Z</time>
		</trkpt>
		<trkpt lat="59.5591817" lon="24.7933933">
			<ele>73.7</ele>
			<time>2026-05-21T23:46:13Z</time>
		</trkpt>
		<trkpt lat="59.5593117" lon="24.793435">
			<ele>73.5</ele>
			<time>2026-05-21T23:46:14Z</time>
		</trkpt>
		<trkpt lat="59.559435" lon="24.793515">
			<ele>72.4</ele>
			<time>2026-05-21T23:46:15Z</time>
		</trkpt>
		<trkpt lat="59.559555" lon="24.7936317">
			<ele>71.4</ele>
			<time>2026-05-21T23:46:16Z</time>
		</trkpt>
		<trkpt lat="59.5596767" lon="24.793755">
			<ele>70.1</ele>
			<time>2026-05-21T23:46:17Z</time>
		</trkpt>
		<trkpt lat="59.5597983" lon="24.7938683">
			<ele>68.2</ele>
			<time>2026-05-21T23:46:18Z</time>
		</trkpt>
		<trkpt lat="59.5599267" lon="24.793965">
			<ele>66.8</ele>
			<time>2026-05-21T23:46:19Z</time>
		</trkpt>
		<trkpt lat="59.5600567" lon="24.7940433">
			<ele>65.8</ele>
			<time>2026-05-21T23:46:20Z</time>
		</trkpt>
		<trkpt lat="59.56018" lon="24.7941083">
			<ele>65.7</ele>
			<time>2026-05-21T23:46:21Z</time>
		</trkpt>
		<trkpt lat="59.5603033" lon="24.7941717">
			<ele>65.6</ele>
			<time>2026-05-21T23:46:22Z</time>
		</trkpt>
		<trkpt lat="59.560425" lon="24.794235">
			<ele>65.6</ele>
			<time>2026-05-21T23:46:23Z</time>
		</trkpt>
		<trkpt lat="59.5605433" lon="24.7942917">
			<ele>64.7</ele>
			<time>2026-05-21T23:46:24Z</time>
		</trkpt>
		<trkpt lat="59.560665" lon="24.794335">
			<ele>63.3</ele>
			<time>2026-05-21T23:46:25Z</time>
		</trkpt>
		<trkpt lat="59.560795" lon="24.7943617">
			<ele>63.2</ele>
			<time>2026-05-21T23:46:26Z</time>
		</trkpt>
		<trkpt lat="59.56093" lon="24.794375">
			<ele>63.5</ele>
			<time>2026-05-21T23:46:27Z</time>
		</trkpt>
		<trkpt lat="59.561065" lon="24.7943917">
			<ele>64</ele>
			<time>2026-05-21T23:46:28Z</time>
		</trkpt>
		<trkpt lat="59.561195" lon="24.794415">
			<ele>64.1</ele>
			<time>2026-05-21T23:46:29Z</time>
		</trkpt>
		<trkpt lat="59.5613233" lon="24.7944417">
			<ele>65.3</ele>
			<time>2026-05-21T23:46:30Z</time>
		</trkpt>
		<trkpt lat="59.5614483" lon="24.7944683">
			<ele>65.6</ele>
			<time>2026-05-21T23:46:31Z</time>
		</trkpt>
		<trkpt lat="59.5615717" lon="24.79449">
			<ele>65.4</ele>
			<time>2026-05-21T23:46:32Z</time>
		</trkpt>
		<trkpt lat="59.5616983" lon="24.794505">
			<ele>64.8</ele>
			<time>2026-05-21T23:46:33Z</time>
		</trkpt>
		<trkpt lat="59.5618267" lon="24.7945183">
			<ele>64.2</ele>
			<time>2026-05-21T23:46:34Z</time>
		</trkpt>
		<trkpt lat="59.5619567" lon="24.7945383">
			<ele>63.7</ele>
			<time>2026-05-21T23:46:35Z</time>
		</trkpt>
		<trkpt lat="59.5620867" lon="24.794565">
			<ele>63</ele>
			<time>2026-05-21T23:46:36Z</time>
		</trkpt>
		<trkpt lat="59.5622183" lon="24.7945933">
			<ele>62.9</ele>
			<time>2026-05-21T23:46:37Z</time>
		</trkpt>
		<trkpt lat="59.5623483" lon="24.7946167">
			<ele>63.4</ele>
			<time>2026-05-21T23:46:38Z</time>
		</trkpt>
		<trkpt lat="59.5624767" lon="24.7946367">
			<ele>63.6</ele>
			<time>2026-05-21T23:46:39Z</time>
		</trkpt>
		<trkpt lat="59.5626017" lon="24.7946583">
			<ele>63.8</ele>
			<time>2026-05-21T23:46:40Z</time>
		</trkpt>
		<trkpt lat="59.5627233" lon="24.7946833">
			<ele>63.3</ele>
			<time>2026-05-21T23:46:41Z</time>
		</trkpt>
		<trkpt lat="59.5628483" lon="24.7947067">
			<ele>63</ele>
			<time>2026-05-21T23:46:42Z</time>
		</trkpt>
		<trkpt lat="59.5629767" lon="24.7947233">
			<ele>62.7</ele>
			<time>2026-05-21T23:46:43Z</time>
		</trkpt>
		<trkpt lat="59.5631083" lon="24.7947283">
			<ele>62.6</ele>
			<time>2026-05-21T23:46:44Z</time>
		</trkpt>
		<trkpt lat="59.56324" lon="24.7947233">
			<ele>62.6</ele>
			<time>2026-05-21T23:46:45Z</time>
		</trkpt>
		<trkpt lat="59.56337" lon="24.7947167">
			<ele>63.8</ele>
			<time>2026-05-21T23:46:46Z</time>
		</trkpt>
		<trkpt lat="59.563495" lon="24.7947117">
			<ele>65.1</ele>
			<time>2026-05-21T23:46:47Z</time>
		</trkpt>
		<trkpt lat="59.5636183" lon="24.7947083">
			<ele>65.9</ele>
			<time>2026-05-21T23:46:48Z</time>
		</trkpt>
		<trkpt lat="59.56374" lon="24.794705">
			<ele>65.9</ele>
			<time>2026-05-21T23:46:49Z</time>
		</trkpt>
		<trkpt lat="59.56386" lon="24.7947017">
			<ele>65.2</ele>
			<time>2026-05-21T23:46:50Z</time>
		</trkpt>
		<trkpt lat="59.563985" lon="24.79469">
			<ele>64.3</ele>
			<time>2026-05-21T23:46:51Z</time>
		</trkpt>
		<trkpt lat="59.5641083" lon="24.7946717">
			<ele>62.8</ele>
			<time>2026-05-21T23:46:52Z</time>
		</trkpt>
		<trkpt lat="59.5642367" lon="24.7946467">
			<ele>62.6</ele>
			<time>2026-05-21T23:46:53Z</time>
		</trkpt>
		<trkpt lat="59.56436" lon="24.79462">
			<ele>61.7</ele>
			<time>2026-05-21T23:46:54Z</time>
		</trkpt>
		<trkpt lat="59.564485" lon="24.794595">
			<ele>61.3</ele>
			<time>2026-05-21T23:46:55Z</time>
		</trkpt>
		<trkpt lat="59.56461" lon="24.794575">
			<ele>61</ele>
			<time>2026-05-21T23:46:56Z</time>
		</trkpt>
		<trkpt lat="59.5647367" lon="24.7945617">
			<ele>61.1</ele>
			<time>2026-05-21T23:46:57Z</time>
		</trkpt>
		<trkpt lat="59.5648633" lon="24.7945517">
			<ele>61.1</ele>
			<time>2026-05-21T23:46:58Z</time>
		</trkpt>
		<trkpt lat="59.5649917" lon="24.7945483">
			<ele>61.1</ele>
			<time>2026-05-21T23:46:59Z</time>
		</trkpt>
		<trkpt lat="59.5651233" lon="24.79455">
			<ele>60.9</ele>
			<time>2026-05-21T23:47:00Z</time>
		</trkpt>
		<trkpt lat="59.5652567" lon="24.7945583">
			<ele>60.9</ele>
			<time>2026-05-21T23:47:01Z</time>
		</trkpt>
		<trkpt lat="59.5653917" lon="24.7945667">
			<ele>61.5</ele>
			<time>2026-05-21T23:47:02Z</time>
		</trkpt>
		<trkpt lat="59.5655267" lon="24.7945717">
			<ele>62.6</ele>
			<time>2026-05-21T23:47:03Z</time>
		</trkpt>
		<trkpt lat="59.5656583" lon="24.7945733">
			<ele>63.5</ele>
			<time>2026-05-21T23:47:04Z</time>
		</trkpt>
		<trkpt lat="59.5657883" lon="24.7945817">
			<ele>64.5</ele>
			<time>2026-05-21T23:47:05Z</time>
		</trkpt>
		<trkpt lat="59.5659183" lon="24.7946033">
			<ele>65.2</ele>
			<time>2026-05-21T23:47:06Z</time>
		</trkpt>
		<trkpt lat="59.56605" lon="24.794635">
			<ele>66</ele>
			<time>2026-05-21T23:47:07Z</time>
		</trkpt>
		<trkpt lat="59.5661767" lon="24.7946783">
			<ele>65.3</ele>
			<time>2026-05-21T23:47:08Z</time>
		</trkpt>
		<trkpt lat="59.5663067" lon="24.794725">
			<ele>64.7</ele>
			<time>2026-05-21T23:47:09Z</time>
		</trkpt>
		<trkpt lat="59.5664383" lon="24.7947733">
			<ele>64.9</ele>
			<time>2026-05-21T23:47:10Z</time>
		</trkpt>
		<trkpt lat="59.56657" lon="24.7948117">
			<ele>65.3</ele>
			<time>2026-05-21T23:47:11Z</time>
		</trkpt>
		<trkpt lat="59.5667033" lon="24.794845">
			<ele>66.8</ele>
			<time>2026-05-21T23:47:12Z</time>
		</trkpt>
		<trkpt lat="59.5668283" lon="24.7948783">
			<ele>67.3</ele>
			<time>2026-05-21T23:47:13Z</time>
		</trkpt>
		<trkpt lat="59.5669517" lon="24.7949133">
			<ele>67.7</ele>
			<time>2026-05-21T23:47:14Z</time>
		</trkpt>
		<trkpt lat="59.5670783" lon="24.7949517">
			<ele>67.8</ele>
			<time>2026-05-21T23:47:15Z</time>
		</trkpt>
		<trkpt lat="59.56721" lon="24.7949867">
			<ele>68.1</ele>
			<time>2026-05-21T23:47:16Z</time>
		</trkpt>
		<trkpt lat="59.5673417" lon="24.7950217">
			<ele>68.1</ele>
			<time>2026-05-21T23:47:17Z</time>
		</trkpt>
		<trkpt lat="59.567475" lon="24.79505">
			<ele>68.5</ele>
			<time>2026-05-21T23:47:18Z</time>
		</trkpt>
		<trkpt lat="59.5676083" lon="24.7950783">
			<ele>69.3</ele>
			<time>2026-05-21T23:47:19Z</time>
		</trkpt>
		<trkpt lat="59.56774" lon="24.79511">
			<ele>70.1</ele>
			<time>2026-05-21T23:47:20Z</time>
		</trkpt>
		<trkpt lat="59.56787" lon="24.7951417">
			<ele>70.5</ele>
			<time>2026-05-21T23:47:21Z</time>
		</trkpt>
		<trkpt lat="59.5679983" lon="24.7951767">
			<ele>71.2</ele>
			<time>2026-05-21T23:47:22Z</time>
		</trkpt>
		<trkpt lat="59.56813" lon="24.7952117">
			<ele>72.3</ele>
			<time>2026-05-21T23:47:23Z</time>
		</trkpt>
		<trkpt lat="59.5682583" lon="24.7952417">
			<ele>73</ele>
			<time>2026-05-21T23:47:24Z</time>
		</trkpt>
		<trkpt lat="59.5683883" lon="24.7952717">
			<ele>73.2</ele>
			<time>2026-05-21T23:47:25Z</time>
		</trkpt>
		<trkpt lat="59.5685217" lon="24.79531">
			<ele>73.1</ele>
			<time>2026-05-21T23:47:26Z</time>
		</trkpt>
		<trkpt lat="59.5686483" lon="24.7953567">
			<ele>72.4</ele>
			<time>2026-05-21T23:47:27Z</time>
		</trkpt>
		<trkpt lat="59.5687767" lon="24.7954117">
			<ele>72.4</ele>
			<time>2026-05-21T23:47:28Z</time>
		</trkpt>
		<trkpt lat="59.5689" lon="24.7954767">
			<ele>72.7</ele>
			<time>2026-05-21T23:47:29Z</time>
		</trkpt>
		<trkpt lat="59.56902" lon="24.795545">
			<ele>73.6</ele>
			<time>2026-05-21T23:47:30Z</time>
		</trkpt>
		<trkpt lat="59.5691433" lon="24.7956133">
			<ele>75</ele>
			<time>2026-05-21T23:47:31Z</time>
		</trkpt>
		<trkpt lat="59.5692683" lon="24.795675">
			<ele>76.1</ele>
			<time>2026-05-21T23:47:32Z</time>
		</trkpt>
		<trkpt lat="59.5693967" lon="24.7957333">
			<ele>76.7</ele>
			<time>2026-05-21T23:47:33Z</time>
		</trkpt>
		<trkpt lat="59.569525" lon="24.7957917">
			<ele>77.4</ele>
			<time>2026-05-21T23:47:34Z</time>
		</trkpt>
		<trkpt lat="59.569655" lon="24.7958533">
			<ele>78.6</ele>
			<time>2026-05-21T23:47:35Z</time>
		</trkpt>
		<trkpt lat="59.5697867" lon="24.7959067">
			<ele>79.7</ele>
			<time>2026-05-21T23:47:36Z</time>
		</trkpt>
		<trkpt lat="59.5699183" lon="24.7959583">
			<ele>81</ele>
			<time>2026-05-21T23:47:37Z</time>
		</trkpt>
		<trkpt lat="59.5700483" lon="24.7960067">
			<ele>81.5</ele>
			<time>2026-05-21T23:47:38Z</time>
		</trkpt>
		<trkpt lat="59.570175" lon="24.7960467">
			<ele>82</ele>
			<time>2026-05-21T23:47:39Z</time>
		</trkpt>
		<trkpt lat="59.570305" lon="24.7960833">
			<ele>82.8</ele>
			<time>2026-05-21T23:47:40Z</time>
		</trkpt>
		<trkpt lat="59.570435" lon="24.7961083">
			<ele>83.9</ele>
			<time>2026-05-21T23:47:41Z</time>
		</trkpt>
		<trkpt lat="59.5705633" lon="24.7961283">
			<ele>84.6</ele>
			<time>2026-05-21T23:47:42Z</time>
		</trkpt>
		<trkpt lat="59.5706883" lon="24.79614">
			<ele>84.4</ele>
			<time>2026-05-21T23:47:43Z</time>
		</trkpt>
		<trkpt lat="59.5708117" lon="24.796145">
			<ele>84.2</ele>
			<time>2026-05-21T23:47:44Z</time>
		</trkpt>
		<trkpt lat="59.5709367" lon="24.7961433">
			<ele>84.1</ele>
			<time>2026-05-21T23:47:45Z</time>
		</trkpt>
		<trkpt lat="59.57106" lon="24.79614">
			<ele>84.1</ele>
			<time>2026-05-21T23:47:46Z</time>
		</trkpt>
		<trkpt lat="59.571185" lon="24.7961283">
			<ele>84.1</ele>
			<time>2026-05-21T23:47:47Z</time>
		</trkpt>
		<trkpt lat="59.5713067" lon="24.7961133">
			<ele>83.4</ele>
			<time>2026-05-21T23:47:48Z</time>
		</trkpt>
		<trkpt lat="59.5714317" lon="24.7960933">
			<ele>83.8</ele>
			<time>2026-05-21T23:47:49Z</time>
		</trkpt>
		<trkpt lat="59.571555" lon="24.7960667">
			<ele>84.7</ele>
			<time>2026-05-21T23:47:50Z</time>
		</trkpt>
		<trkpt lat="59.5716783" lon="24.7960317">
			<ele>85.4</ele>
			<time>2026-05-21T23:47:51Z</time>
		</trkpt>
		<trkpt lat="59.5718017" lon="24.7959967">
			<ele>85.8</ele>
			<time>2026-05-21T23:47:52Z</time>
		</trkpt>
		<trkpt lat="59.571925" lon="24.7959633">
			<ele>85.8</ele>
			<time>2026-05-21T23:47:53Z</time>
		</trkpt>
		<trkpt lat="59.5720483" lon="24.7959367">
			<ele>86.1</ele>
			<time>2026-05-21T23:47:54Z</time>
		</trkpt>
		<trkpt lat="59.5721733" lon="24.7959033">
			<ele>86.5</ele>
			<time>2026-05-21T23:47:55Z</time>
		</trkpt>
		<trkpt lat="59.5722967" lon="24.79586">
			<ele>87.2</ele>
			<time>2026-05-21T23:47:56Z</time>
		</trkpt>
		<trkpt lat="59.5724183" lon="24.795805">
			<ele>88.5</ele>
			<time>2026-05-21T23:47:57Z</time>
		</trkpt>
		<trkpt lat="59.5725333" lon="24.79574">
			<ele>88.8</ele>
			<time>2026-05-21T23:47:58Z</time>
		</trkpt>
		<trkpt lat="59.5726467" lon="24.7956667">
			<ele>89.2</ele>
			<time>2026-05-21T23:47:59Z</time>
		</trkpt>
		<trkpt lat="59.5727583" lon="24.7955883">
			<ele>89.4</ele>
			<time>2026-05-21T23:48:00Z</time>
		</trkpt>
		<trkpt lat="59.5728717" lon="24.7955">
			<ele>90.3</ele>
			<time>2026-05-21T23:48:01Z</time>
		</trkpt>
		<trkpt lat="59.5729767" lon="24.7954083">
			<ele>90.4</ele>
			<time>2026-05-21T23:48:02Z</time>
		</trkpt>
		<trkpt lat="59.5730817" lon="24.7953033">
			<ele>91.5</ele>
			<time>2026-05-21T23:48:03Z</time>
		</trkpt>
		<trkpt lat="59.5731767" lon="24.7951917">
			<ele>91.4</ele>
			<time>2026-05-21T23:48:04Z</time>
		</trkpt>
		<trkpt lat="59.5732717" lon="24.7950717">
			<ele>91.6</ele>
			<time>2026-05-21T23:48:05Z</time>
		</trkpt>
		<trkpt lat="59.5733633" lon="24.7949467">
			<ele>92.6</ele>
			<time>2026-05-21T23:48:06Z</time>
		</trkpt>
		<trkpt lat="59.5734533" lon="24.794825">
			<ele>93.1</ele>
			<time>2026-05-21T23:48:07Z</time>
		</trkpt>
		<trkpt lat="59.5735467" lon="24.794715">
			<ele>93.4</ele>
			<time>2026-05-21T23:48:08Z</time>
		</trkpt>
		<trkpt lat="59.5736533" lon="24.7946283">
			<ele>93.7</ele>
			<time>2026-05-21T23:48:09Z</time>
		</trkpt>
		<trkpt lat="59.5737733" lon="24.79458">
			<ele>93.3</ele>
			<time>2026-05-21T23:48:10Z</time>
		</trkpt>
		<trkpt lat="59.5739083" lon="24.7945517">
			<ele>93.9</ele>
			<time>2026-05-21T23:48:11Z</time>
		</trkpt>
		<trkpt lat="59.574045" lon="24.7945383">
			<ele>94.9</ele>
			<time>2026-05-21T23:48:12Z</time>
		</trkpt>
		<trkpt lat="59.5741783" lon="24.79453">
			<ele>96.5</ele>
			<time>2026-05-21T23:48:13Z</time>
		</trkpt>
		<trkpt lat="59.574305" lon="24.7945233">
			<ele>97.7</ele>
			<time>2026-05-21T23:48:14Z</time>
		</trkpt>
		<trkpt lat="59.5744267" lon="24.794515">
			<ele>98</ele>
			<time>2026-05-21T23:48:15Z</time>
		</trkpt>
		<trkpt lat="59.5745533" lon="24.7945033">
			<ele>98.3</ele>
			<time>2026-05-21T23:48:16Z</time>
		</trkpt>
		<trkpt lat="59.574685" lon="24.7944783">
			<ele>98.9</ele>
			<time>2026-05-21T23:48:17Z</time>
		</trkpt>
		<trkpt lat="59.574815" lon="24.79443">
			<ele>99.9</ele>
			<time>2026-05-21T23:48:18Z</time>
		</trkpt>
		<trkpt lat="59.5749317" lon="24.7943483">
			<ele>100.8</ele>
			<time>2026-05-21T23:48:19Z</time>
		</trkpt>
		<trkpt lat="59.575025" lon="24.7942217">
			<ele>101.3</ele>
			<time>2026-05-21T23:48:20Z</time>
		</trkpt>
		<trkpt lat="59.5750917" lon="24.794065">
			<ele>101.5</ele>
			<time>2026-05-21T23:48:21Z</time>
		</trkpt>
		<trkpt lat="59.5751467" lon="24.793895">
			<ele>102</ele>
			<time>2026-05-21T23:48:22Z</time>
		</trkpt>
		<trkpt lat="59.575185" lon="24.7937233">
			<ele>102.6</ele>
			<time>2026-05-21T23:48:23Z</time>
		</trkpt>
		<trkpt lat="59.5752167" lon="24.7935483">
			<ele>101.9</ele>
			<time>2026-05-21T23:48:24Z</time>
		</trkpt>
		<trkpt lat="59.5752483" lon="24.793365">
			<ele>102.2</ele>
			<time>2026-05-21T23:48:25Z</time>
		</trkpt>
		<trkpt lat="59.5752767" lon="24.793175">
			<ele>101.8</ele>
			<time>2026-05-21T23:48:26Z</time>
		</trkpt>
		<trkpt lat="59.5753017" lon="24.7929833">
			<ele>101.7</ele>
			<time>2026-05-21T23:48:27Z</time>
		</trkpt>
		<trkpt lat="59.575325" lon="24.79279">
			<ele>101.6</ele>
			<time>2026-05-21T23:48:28Z</time>
		</trkpt>
		<trkpt lat="59.5753417" lon="24.7926">
			<ele>101</ele>
			<time>2026-05-21T23:48:29Z</time>
		</trkpt>
		<trkpt lat="59.5753517" lon="24.7924083">
			<ele>100.5</ele>
			<time>2026-05-21T23:48:30Z</time>
		</trkpt>
		<trkpt lat="59.5753583" lon="24.7922233">
			<ele>100</ele>
			<time>2026-05-21T23:48:31Z</time>
		</trkpt>
		<trkpt lat="59.575365" lon="24.7920317">
			<ele>99.8</ele>
			<time>2026-05-21T23:48:32Z</time>
		</trkpt>
		<trkpt lat="59.5753767" lon="24.7918417">
			<ele>99.2</ele>
			<time>2026-05-21T23:48:33Z</time>
		</trkpt>
		<trkpt lat="59.5753883" lon="24.79166">
			<ele>99.1</ele>
			<time>2026-05-21T23:48:34Z</time>
		</trkpt>
		<trkpt lat="59.575405" lon="24.791475">
			<ele>99.6</ele>
			<time>2026-05-21T23:48:35Z</time>
		</trkpt>
		<trkpt lat="59.57542" lon="24.79129">
			<ele>99.7</ele>
			<time>2026-05-21T23:48:36Z</time>
		</trkpt>
		<trkpt lat="59.5754283" lon="24.7911083">
			<ele>99.7</ele>
			<time>2026-05-21T23:48:37Z</time>
		</trkpt>
		<trkpt lat="59.575445" lon="24.7909267">
			<ele>99.7</ele>
			<time>2026-05-21T23:48:38Z</time>
		</trkpt>
		<trkpt lat="59.5754633" lon="24.7907433">
			<ele>99.9</ele>
			<time>2026-05-21T23:48:39Z</time>
		</trkpt>
		<trkpt lat="59.575485" lon="24.7905617">
			<ele>100.5</ele>
			<time>2026-05-21T23:48:40Z</time>
		</trkpt>
		<trkpt lat="59.5755067" lon="24.79038">
			<ele>101.2</ele>
			<time>2026-05-21T23:48:41Z</time>
		</trkpt>
		<trkpt lat="59.575525" lon="24.7901983">
			<ele>101.9</ele>
			<time>2026-05-21T23:48:42Z</time>
		</trkpt>
		<trkpt lat="59.575545" lon="24.7900133">
			<ele>101.9</ele>
			<time>2026-05-21T23:48:43Z</time>
		</trkpt>
		<trkpt lat="59.5755633" lon="24.7898267">
			<ele>102.3</ele>
			<time>2026-05-21T23:48:44Z</time>
		</trkpt>
		<trkpt lat="59.5755817" lon="24.7896367">
			<ele>102.6</ele>
			<time>2026-05-21T23:48:45Z</time>
		</trkpt>
		<trkpt lat="59.575595" lon="24.789445">
			<ele>103.2</ele>
			<time>2026-05-21T23:48:46Z</time>
		</trkpt>
		<trkpt lat="59.57561" lon="24.7892533">
			<ele>103.6</ele>
			<time>2026-05-21T23:48:47Z</time>
		</trkpt>
		<trkpt lat="59.5756233" lon="24.7890683">
			<ele>104.2</ele>
			<time>2026-05-21T23:48:48Z</time>
		</trkpt>
		<trkpt lat="59.5756367" lon="24.7888933">
			<ele>104.6</ele>
			<time>2026-05-21T23:48:49Z</time>
		</trkpt>
		<trkpt lat="59.57565" lon="24.7887183">
			<ele>105</ele>
			<time>2026-05-21T23:48:50Z</time>
		</trkpt>
		<trkpt lat="59.57566" lon="24.78854">
			<ele>104.9</ele>
			<time>2026-05-21T23:48:51Z</time>
		</trkpt>
		<trkpt lat="59.57567" lon="24.7883583">
			<ele>105.1</ele>
			<time>2026-05-21T23:48:52Z</time>
		</trkpt>
		<trkpt lat="59.5756783" lon="24.788185">
			<ele>104.2</ele>
			<time>2026-05-21T23:48:53Z</time>
		</trkpt>
		<trkpt lat="59.5756933" lon="24.7880033">
			<ele>104.7</ele>
			<time>2026-05-21T23:48:54Z</time>
		</trkpt>
		<trkpt lat="59.5757033" lon="24.7878217">
			<ele>104.8</ele>
			<time>2026-05-21T23:48:55Z</time>
		</trkpt>
		<trkpt lat="59.5757117" lon="24.7876333">
			<ele>104.9</ele>
			<time>2026-05-21T23:48:56Z</time>
		</trkpt>
		<trkpt lat="59.57571" lon="24.78745">
			<ele>104.5</ele>
			<time>2026-05-21T23:48:57Z</time>
		</trkpt>
		<trkpt lat="59.5757017" lon="24.7872683">
			<ele>104.5</ele>
			<time>2026-05-21T23:48:58Z</time>
		</trkpt>
		<trkpt lat="59.5756867" lon="24.7870833">
			<ele>105</ele>
			<time>2026-05-21T23:48:59Z</time>
		</trkpt>
		<trkpt lat="59.5756717" lon="24.7869">
			<ele>105.6</ele>
			<time>2026-05-21T23:49:00Z</time>
		</trkpt>
		<trkpt lat="59.5756583" lon="24.78672">
			<ele>106.9</ele>
			<time>2026-05-21T23:49:01Z</time>
		</trkpt>
		<trkpt lat="59.5756433" lon="24.786545">
			<ele>107.1</ele>
			<time>2026-05-21T23:49:02Z</time>
		</trkpt>
		<trkpt lat="59.5756233" lon="24.7863833">
			<ele>107.8</ele>
			<time>2026-05-21T23:49:03Z</time>
		</trkpt>
		<trkpt lat="59.5755967" lon="24.78622">
			<ele>108.3</ele>
			<time>2026-05-21T23:49:04Z</time>
		</trkpt>
		<trkpt lat="59.57557" lon="24.7860567">
			<ele>108.4</ele>
			<time>2026-05-21T23:49:05Z</time>
		</trkpt>
		<trkpt lat="59.5755417" lon="24.7858967">
			<ele>108.1</ele>
			<time>2026-05-21T23:49:06Z</time>
		</trkpt>
		<trkpt lat="59.575525" lon="24.785735">
			<ele>107.9</ele>
			<time>2026-05-21T23:49:07Z</time>
		</trkpt>
		<trkpt lat="59.5755183" lon="24.7855717">
			<ele>107.9</ele>
			<time>2026-05-21T23:49:08Z</time>
		</trkpt>
		<trkpt lat="59.57553" lon="24.7854017">
			<ele>107.9</ele>
			<time>2026-05-21T23:49:09Z</time>
		</trkpt>
		<trkpt lat="59.5755633" lon="24.7852217">
			<ele>107.4</ele>
			<time>2026-05-21T23:49:10Z</time>
		</trkpt>
		<trkpt lat="59.5756" lon="24.7850417">
			<ele>106.6</ele>
			<time>2026-05-21T23:49:11Z</time>
		</trkpt>
		<trkpt lat="59.57563" lon="24.7848617">
			<ele>105.8</ele>
			<time>2026-05-21T23:49:12Z</time>
		</trkpt>
		<trkpt lat="59.5756533" lon="24.78468">
			<ele>105.3</ele>
			<time>2026-05-21T23:49:13Z</time>
		</trkpt>
		<trkpt lat="59.5756733" lon="24.784495">
			<ele>105.1</ele>
			<time>2026-05-21T23:49:14Z</time>
		</trkpt>
		<trkpt lat="59.5756967" lon="24.7843117">
			<ele>105.1</ele>
			<time>2026-05-21T23:49:15Z</time>
		</trkpt>
		<trkpt lat="59.5757267" lon="24.784125">
			<ele>105.5</ele>
			<time>2026-05-21T23:49:16Z</time>
		</trkpt>
		<trkpt lat="59.5757583" lon="24.78394">
			<ele>106.6</ele>
			<time>2026-05-21T23:49:17Z</time>
		</trkpt>
		<trkpt lat="59.57579" lon="24.7837567">
			<ele>107.6</ele>
			<time>2026-05-21T23:49:18Z</time>
		</trkpt>
		<trkpt lat="59.57582" lon="24.7835833">
			<ele>108.3</ele>
			<time>2026-05-21T23:49:19Z</time>
		</trkpt>
		<trkpt lat="59.5758483" lon="24.783415">
			<ele>108.9</ele>
			<time>2026-05-21T23:49:20Z</time>
		</trkpt>
		<trkpt lat="59.5758783" lon="24.7832467">
			<ele>110</ele>
			<time>2026-05-21T23:49:21Z</time>
		</trkpt>
		<trkpt lat="59.5759117" lon="24.7830733">
			<ele>111</ele>
			<time>2026-05-21T23:49:22Z</time>
		</trkpt>
		<trkpt lat="59.5759517" lon="24.78289">
			<ele>111.5</ele>
			<time>2026-05-21T23:49:23Z</time>
		</trkpt>
		<trkpt lat="59.5759917" lon="24.7827017">
			<ele>111.8</ele>
			<time>2026-05-21T23:49:24Z</time>
		</trkpt>
		<trkpt lat="59.5760367" lon="24.782515">
			<ele>113.5</ele>
			<time>2026-05-21T23:49:25Z</time>
		</trkpt>
		<trkpt lat="59.5760733" lon="24.78233">
			<ele>114.6</ele>
			<time>2026-05-21T23:49:26Z</time>
		</trkpt>
		<trkpt lat="59.5761033" lon="24.7821433">
			<ele>115.5</ele>
			<time>2026-05-21T23:49:27Z</time>
		</trkpt>
		<trkpt lat="59.5761267" lon="24.7819583">
			<ele>116.4</ele>
			<time>2026-05-21T23:49:28Z</time>
		</trkpt>
		<trkpt lat="59.5761417" lon="24.781775">
			<ele>117</ele>
			<time>2026-05-21T23:49:29Z</time>
		</trkpt>
		<trkpt lat="59.5761533" lon="24.7815967">
			<ele>118.2</ele>
			<time>2026-05-21T23:49:30Z</time>
		</trkpt>
		<trkpt lat="59.57616" lon="24.7814183">
			<ele>118.4</ele>
			<time>2026-05-21T23:49:31Z</time>
		</trkpt>
		<trkpt lat="59.5761683" lon="24.7812417">
			<ele>119.5</ele>
			<time>2026-05-21T23:49:32Z</time>
		</trkpt>
		<trkpt lat="59.576175" lon="24.781065">
			<ele>120.5</ele>
			<time>2026-05-21T23:49:33Z</time>
		</trkpt>
		<trkpt lat="59.5761917" lon="24.7808883">
			<ele>121.4</ele>
			<time>2026-05-21T23:49:34Z</time>
		</trkpt>
		<trkpt lat="59.57622" lon="24.780715">
			<ele>122.1</ele>
			<time>2026-05-21T23:49:35Z</time>
		</trkpt>
		<trkpt lat="59.57627" lon="24.7805433">
			<ele>122.6</ele>
			<time>2026-05-21T23:49:36Z</time>
		</trkpt>
		<trkpt lat="59.5763333" lon="24.7803767">
			<ele>123</ele>
			<time>2026-05-21T23:49:37Z</time>
		</trkpt>
		<trkpt lat="59.5764" lon="24.7802083">
			<ele>122.6</ele>
			<time>2026-05-21T23:49:38Z</time>
		</trkpt>
		<trkpt lat="59.5764633" lon="24.780045">
			<ele>122.7</ele>
			<time>2026-05-21T23:49:39Z</time>
		</trkpt>
		<trkpt lat="59.57653" lon="24.77989">
			<ele>122.8</ele>
			<time>2026-05-21T23:49:40Z</time>
		</trkpt>
		<trkpt lat="59.576595" lon="24.779735">
			<ele>122.3</ele>
			<time>2026-05-21T23:49:41Z</time>
		</trkpt>
		<trkpt lat="59.5766683" lon="24.7795833">
			<ele>121.7</ele>
			<time>2026-05-21T23:49:42Z</time>
		</trkpt>
		<trkpt lat="59.5767417" lon="24.77943">
			<ele>121.3</ele>
			<time>2026-05-21T23:49:43Z</time>
		</trkpt>
		<trkpt lat="59.5768183" lon="24.7792767">
			<ele>121.3</ele>
			<time>2026-05-21T23:49:44Z</time>
		</trkpt>
		<trkpt lat="59.57689" lon="24.7791233">
			<ele>121.2</ele>
			<time>2026-05-21T23:49:45Z</time>
		</trkpt>
		<trkpt lat="59.5769633" lon="24.778975">
			<ele>120.9</ele>
			<time>2026-05-21T23:49:46Z</time>
		</trkpt>
		<trkpt lat="59.57704" lon="24.778835">
			<ele>120.9</ele>
			<time>2026-05-21T23:49:47Z</time>
		</trkpt>
		<trkpt lat="59.5771217" lon="24.7786983">
			<ele>120.6</ele>
			<time>2026-05-21T23:49:48Z</time>
		</trkpt>
		<trkpt lat="59.577205" lon="24.7785617">
			<ele>120</ele>
			<time>2026-05-21T23:49:49Z</time>
		</trkpt>
		<trkpt lat="59.5772883" lon="24.77842">
			<ele>119.5</ele>
			<time>2026-05-21T23:49:50Z</time>
		</trkpt>
		<trkpt lat="59.5773733" lon="24.7782767">
			<ele>118.9</ele>
			<time>2026-05-21T23:49:51Z</time>
		</trkpt>
		<trkpt lat="59.5774583" lon="24.7781283">
			<ele>118.9</ele>
			<time>2026-05-21T23:49:52Z</time>
		</trkpt>
		<trkpt lat="59.577545" lon="24.7779883">
			<ele>119.2</ele>
			<time>2026-05-21T23:49:53Z</time>
		</trkpt>
		<trkpt lat="59.5776317" lon="24.7778517">
			<ele>119.9</ele>
			<time>2026-05-21T23:49:54Z</time>
		</trkpt>
		<trkpt lat="59.5777133" lon="24.777715">
			<ele>120.5</ele>
			<time>2026-05-21T23:49:55Z</time>
		</trkpt>
		<trkpt lat="59.5777917" lon="24.7775817">
			<ele>120.9</ele>
			<time>2026-05-21T23:49:56Z</time>
		</trkpt>
		<trkpt lat="59.5778683" lon="24.7774383">
			<ele>121.5</ele>
			<time>2026-05-21T23:49:57Z</time>
		</trkpt>
		<trkpt lat="59.577945" lon="24.7772917">
			<ele>122</ele>
			<time>2026-05-21T23:49:58Z</time>
		</trkpt>
		<trkpt lat="59.5780217" lon="24.777145">
			<ele>122.9</ele>
			<time>2026-05-21T23:49:59Z</time>
		</trkpt>
		<trkpt lat="59.5780983" lon="24.7769983">
			<ele>123.5</ele>
			<time>2026-05-21T23:50:00Z</time>
		</trkpt>
		<trkpt lat="59.5781733" lon="24.7768517">
			<ele>124.1</ele>
			<time>2026-05-21T23:50:01Z</time>
		</trkpt>
		<trkpt lat="59.57824" lon="24.7766967">
			<ele>124.3</ele>
			<time>2026-05-21T23:50:02Z</time>
		</trkpt>
		<trkpt lat="59.5783033" lon="24.7765383">
			<ele>124</ele>
			<time>2026-05-21T23:50:03Z</time>
		</trkpt>
		<trkpt lat="59.57836" lon="24.7763767">
			<ele>123.9</ele>
			<time>2026-05-21T23:50:04Z</time>
		</trkpt>
		<trkpt lat="59.5784167" lon="24.776215">
			<ele>123.5</ele>
			<time>2026-05-21T23:50:05Z</time>
		</trkpt>
		<trkpt lat="59.5784717" lon="24.7760567">
			<ele>123.1</ele>
			<time>2026-05-21T23:50:06Z</time>
		</trkpt>
		<trkpt lat="59.5785267" lon="24.7759">
			<ele>123.1</ele>
			<time>2026-05-21T23:50:07Z</time>
		</trkpt>
		<trkpt lat="59.5785767" lon="24.77574">
			<ele>123.2</ele>
			<time>2026-05-21T23:50:08Z</time>
		</trkpt>
		<trkpt lat="59.5786183" lon="24.7755767">
			<ele>123.4</ele>
			<time>2026-05-21T23:50:09Z</time>
		</trkpt>
		<trkpt lat="59.5786483" lon="24.7754067">
			<ele>123</ele>
			<time>2026-05-21T23:50:10Z</time>
		</trkpt>
		<trkpt lat="59.5786683" lon="24.775245">
			<ele>123.7</ele>
			<time>2026-05-21T23:50:11Z</time>
		</trkpt>
		<trkpt lat="59.5786733" lon="24.7750917">
			<ele>123.2</ele>
			<time>2026-05-21T23:50:12Z</time>
		</trkpt>
		<trkpt lat="59.5786667" lon="24.7749417">
			<ele>122.7</ele>
			<time>2026-05-21T23:50:13Z</time>
		</trkpt>
		<trkpt lat="59.57865" lon="24.7747867">
			<ele>122.6</ele>
			<time>2026-05-21T23:50:14Z</time>
		</trkpt>
		<trkpt lat="59.5786233" lon="24.77463">
			<ele>123</ele>
			<time>2026-05-21T23:50:15Z</time>
		</trkpt>
		<trkpt lat="59.5785933" lon="24.77449">
			<ele>126.1</ele>
			<time>2026-05-21T23:50:16Z</time>
		</trkpt>
		<trkpt lat="59.5785533" lon="24.7743533">
			<ele>126.3</ele>
			<time>2026-05-21T23:50:17Z</time>
		</trkpt>
		<trkpt lat="59.5785083" lon="24.7742333">
			<ele>126.9</ele>
			<time>2026-05-21T23:50:18Z</time>
		</trkpt>
		<trkpt lat="59.57846" lon="24.77413">
			<ele>126.8</ele>
			<time>2026-05-21T23:50:19Z</time>
		</trkpt>
		<trkpt lat="59.5784067" lon="24.7740267">
			<ele>125.6</ele>
			<time>2026-05-21T23:50:20Z</time>
		</trkpt>
		<trkpt lat="59.578355" lon="24.7739217">
			<ele>124.5</ele>
			<time>2026-05-21T23:50:21Z</time>
		</trkpt>
		<trkpt lat="59.5783017" lon="24.7738067">
			<ele>122.6</ele>
			<time>2026-05-21T23:50:22Z</time>
		</trkpt>
		<trkpt lat="59.5782467" lon="24.7736833">
			<ele>121</ele>
			<time>2026-05-21T23:50:23Z</time>
		</trkpt>
		<trkpt lat="59.5781917" lon="24.7735583">
			<ele>119.8</ele>
			<time>2026-05-21T23:50:24Z</time>
		</trkpt>
		<trkpt lat="59.5781333" lon="24.7734333">
			<ele>118.5</ele>
			<time>2026-05-21T23:50:25Z</time>
		</trkpt>
		<trkpt lat="59.578075" lon="24.773315">
			<ele>117.5</ele>
			<time>2026-05-21T23:50:26Z</time>
		</trkpt>
		<trkpt lat="59.5780183" lon="24.7732083">
			<ele>116.9</ele>
			<time>2026-05-21T23:50:27Z</time>
		</trkpt>
		<trkpt lat="59.57796" lon="24.7731033">
			<ele>115.8</ele>
			<time>2026-05-21T23:50:28Z</time>
		</trkpt>
		<trkpt lat="59.5779033" lon="24.773">
			<ele>115.2</ele>
			<time>2026-05-21T23:50:29Z</time>
		</trkpt>
		<trkpt lat="59.57784" lon="24.7728833">
			<ele>113.4</ele>
			<time>2026-05-21T23:50:30Z</time>
		</trkpt>
		<trkpt lat="59.5777783" lon="24.7727717">
			<ele>113</ele>
			<time>2026-05-21T23:50:31Z</time>
		</trkpt>
		<trkpt lat="59.5777117" lon="24.7726433">
			<ele>111.9</ele>
			<time>2026-05-21T23:50:32Z</time>
		</trkpt>
		<trkpt lat="59.577655" lon="24.7725167">
			<ele>112.3</ele>
			<time>2026-05-21T23:50:33Z</time>
		</trkpt>
		<trkpt lat="59.577605" lon="24.7723883">
			<ele>112.1</ele>
			<time>2026-05-21T23:50:34Z</time>
		</trkpt>
		<trkpt lat="59.577555" lon="24.772265">
			<ele>111.8</ele>
			<time>2026-05-21T23:50:35Z</time>
		</trkpt>
		<trkpt lat="59.577505" lon="24.7721517">
			<ele>111.5</ele>
			<time>2026-05-21T23:50:36Z</time>
		</trkpt>
		<trkpt lat="59.5774483" lon="24.7720433">
			<ele>111.3</ele>
			<time>2026-05-21T23:50:37Z</time>
		</trkpt>
		<trkpt lat="59.5773833" lon="24.7719317">
			<ele>110</ele>
			<time>2026-05-21T23:50:38Z</time>
		</trkpt>
		<trkpt lat="59.5773217" lon="24.7718183">
			<ele>109.5</ele>
			<time>2026-05-21T23:50:39Z</time>
		</trkpt>
		<trkpt lat="59.5772617" lon="24.7717017">
			<ele>109.3</ele>
			<time>2026-05-21T23:50:40Z</time>
		</trkpt>
		<trkpt lat="59.5772067" lon="24.771585">
			<ele>109</ele>
			<time>2026-05-21T23:50:41Z</time>
		</trkpt>
		<trkpt lat="59.5771483" lon="24.77146">
			<ele>108.5</ele>
			<time>2026-05-21T23:50:42Z</time>
		</trkpt>
		<trkpt lat="59.5770817" lon="24.77132">
			<ele>107.3</ele>
			<time>2026-05-21T23:50:43Z</time>
		</trkpt>
		<trkpt lat="59.5770083" lon="24.77117">
			<ele>106.3</ele>
			<time>2026-05-21T23:50:44Z</time>
		</trkpt>
		<trkpt lat="59.5769367" lon="24.771015">
			<ele>105.5</ele>
			<time>2026-05-21T23:50:45Z</time>
		</trkpt>
		<trkpt lat="59.576865" lon="24.7708583">
			<ele>104.9</ele>
			<time>2026-05-21T23:50:46Z</time>
		</trkpt>
		<trkpt lat="59.5768" lon="24.7707083">
			<ele>104.5</ele>
			<time>2026-05-21T23:50:47Z</time>
		</trkpt>
		<trkpt lat="59.5767383" lon="24.77056">
			<ele>104.3</ele>
			<time>2026-05-21T23:50:48Z</time>
		</trkpt>
		<trkpt lat="59.57668" lon="24.7704183">
			<ele>103.8</ele>
			<time>2026-05-21T23:50:49Z</time>
		</trkpt>
		<trkpt lat="59.5766183" lon="24.7702717">
			<ele>103.4</ele>
			<time>2026-05-21T23:50:50Z</time>
		</trkpt>
		<trkpt lat="59.576555" lon="24.770125">
			<ele>103</ele>
			<time>2026-05-21T23:50:51Z</time>
		</trkpt>
		<trkpt lat="59.57649" lon="24.769975">
			<ele>102.6</ele>
			<time>2026-05-21T23:50:52Z</time>
		</trkpt>
		<trkpt lat="59.576425" lon="24.7698233">
			<ele>102.6</ele>
			<time>2026-05-21T23:50:53Z</time>
		</trkpt>
		<trkpt lat="59.57636" lon="24.769675">
			<ele>102.7</ele>
			<time>2026-05-21T23:50:54Z</time>
		</trkpt>
		<trkpt lat="59.5762983" lon="24.7695183">
			<ele>102.7</ele>
			<time>2026-05-21T23:50:55Z</time>
		</trkpt>
		<trkpt lat="59.5762383" lon="24.769365">
			<ele>102.9</ele>
			<time>2026-05-21T23:50:56Z</time>
		</trkpt>
		<trkpt lat="59.57618" lon="24.7692133">
			<ele>103</ele>
			<time>2026-05-21T23:50:57Z</time>
		</trkpt>
		<trkpt lat="59.576115" lon="24.7690633">
			<ele>103</ele>
			<time>2026-05-21T23:50:58Z</time>
		</trkpt>
		<trkpt lat="59.5760483" lon="24.7689183">
			<ele>103.2</ele>
			<time>2026-05-21T23:50:59Z</time>
		</trkpt>
		<trkpt lat="59.57598" lon="24.7687717">
			<ele>103.4</ele>
			<time>2026-05-21T23:51:00Z</time>
		</trkpt>
		<trkpt lat="59.5759117" lon="24.7686267">
			<ele>103.4</ele>
			<time>2026-05-21T23:51:01Z</time>
		</trkpt>
		<trkpt lat="59.5758467" lon="24.7684783">
			<ele>102.7</ele>
			<time>2026-05-21T23:51:02Z</time>
		</trkpt>
		<trkpt lat="59.5757817" lon="24.7683267">
			<ele>102.2</ele>
			<time>2026-05-21T23:51:03Z</time>
		</trkpt>
		<trkpt lat="59.5757183" lon="24.768175">
			<ele>101.3</ele>
			<time>2026-05-21T23:51:04Z</time>
		</trkpt>
		<trkpt lat="59.5756533" lon="24.7680217">
			<ele>100.4</ele>
			<time>2026-05-21T23:51:05Z</time>
		</trkpt>
		<trkpt lat="59.57559" lon="24.7678667">
			<ele>99.5</ele>
			<time>2026-05-21T23:51:06Z</time>
		</trkpt>
		<trkpt lat="59.5755267" lon="24.7677083">
			<ele>98.7</ele>
			<time>2026-05-21T23:51:07Z</time>
		</trkpt>
		<trkpt lat="59.5754617" lon="24.767545">
			<ele>97.7</ele>
			<time>2026-05-21T23:51:08Z</time>
		</trkpt>
		<trkpt lat="59.5753967" lon="24.7673817">
			<ele>96.6</ele>
			<time>2026-05-21T23:51:09Z</time>
		</trkpt>
		<trkpt lat="59.57533" lon="24.7672217">
			<ele>95.2</ele>
			<time>2026-05-21T23:51:10Z</time>
		</trkpt>
		<trkpt lat="59.5752633" lon="24.7670617">
			<ele>93.7</ele>
			<time>2026-05-21T23:51:11Z</time>
		</trkpt>
		<trkpt lat="59.575195" lon="24.7669033">
			<ele>92.7</ele>
			<time>2026-05-21T23:51:12Z</time>
		</trkpt>
		<trkpt lat="59.5751217" lon="24.7667417">
			<ele>91.6</ele>
			<time>2026-05-21T23:51:13Z</time>
		</trkpt>
		<trkpt lat="59.5750517" lon="24.7665867">
			<ele>90.7</ele>
			<time>2026-05-21T23:51:14Z</time>
		</trkpt>
		<trkpt lat="59.57498" lon="24.7664333">
			<ele>90.1</ele>
			<time>2026-05-21T23:51:15Z</time>
		</trkpt>
		<trkpt lat="59.5749067" lon="24.7662933">
			<ele>89.4</ele>
			<time>2026-05-21T23:51:16Z</time>
		</trkpt>
		<trkpt lat="59.5748267" lon="24.7661617">
			<ele>88.6</ele>
			<time>2026-05-21T23:51:17Z</time>
		</trkpt>
		<trkpt lat="59.574745" lon="24.7660367">
			<ele>88</ele>
			<time>2026-05-21T23:51:18Z</time>
		</trkpt>
		<trkpt lat="59.57466" lon="24.7659067">
			<ele>86.8</ele>
			<time>2026-05-21T23:51:19Z</time>
		</trkpt>
		<trkpt lat="59.5745783" lon="24.76577">
			<ele>86.4</ele>
			<time>2026-05-21T23:51:20Z</time>
		</trkpt>
		<trkpt lat="59.5745" lon="24.76563">
			<ele>85.7</ele>
			<time>2026-05-21T23:51:21Z</time>
		</trkpt>
		<trkpt lat="59.5744233" lon="24.7654833">
			<ele>85</ele>
			<time>2026-05-21T23:51:22Z</time>
		</trkpt>
		<trkpt lat="59.57435" lon="24.765335">
			<ele>84</ele>
			<time>2026-05-21T23:51:23Z</time>
		</trkpt>
		<trkpt lat="59.574275" lon="24.7651917">
			<ele>83.5</ele>
			<time>2026-05-21T23:51:24Z</time>
		</trkpt>
		<trkpt lat="59.5741983" lon="24.7650583">
			<ele>82.9</ele>
			<time>2026-05-21T23:51:25Z</time>
		</trkpt>
		<trkpt lat="59.5741267" lon="24.76495">
			<ele>83.3</ele>
			<time>2026-05-21T23:51:26Z</time>
		</trkpt>
		<trkpt lat="59.5740483" lon="24.7648517">
			<ele>84.1</ele>
			<time>2026-05-21T23:51:27Z</time>
		</trkpt>
		<trkpt lat="59.5739633" lon="24.764755">
			<ele>84.3</ele>
			<time>2026-05-21T23:51:28Z</time>
		</trkpt>
		<trkpt lat="59.573875" lon="24.76467">
			<ele>84.4</ele>
			<time>2026-05-21T23:51:29Z</time>
		</trkpt>
		<trkpt lat="59.5737817" lon="24.7645833">
			<ele>84</ele>
			<time>2026-05-21T23:51:30Z</time>
		</trkpt>
		<trkpt lat="59.5736867" lon="24.764505">
			<ele>83.8</ele>
			<time>2026-05-21T23:51:31Z</time>
		</trkpt>
		<trkpt lat="59.57359" lon="24.764435">
			<ele>83.5</ele>
			<time>2026-05-21T23:51:32Z</time>
		</trkpt>
		<trkpt lat="59.5734917" lon="24.7643817">
			<ele>83.1</ele>
			<time>2026-05-21T23:51:33Z</time>
		</trkpt>
		<trkpt lat="59.5733917" lon="24.7643283">
			<ele>82.8</ele>
			<time>2026-05-21T23:51:34Z</time>
		</trkpt>
		<trkpt lat="59.5732917" lon="24.7642833">
			<ele>82.7</ele>
			<time>2026-05-21T23:51:35Z</time>
		</trkpt>
		<trkpt lat="59.5731933" lon="24.76423">
			<ele>82.9</ele>
			<time>2026-05-21T23:51:36Z</time>
		</trkpt>
		<trkpt lat="59.573105" lon="24.7641433">
			<ele>82.8</ele>
			<time>2026-05-21T23:51:37Z</time>
		</trkpt>
		<trkpt lat="59.5730417" lon="24.7640167">
			<ele>83</ele>
			<time>2026-05-21T23:51:38Z</time>
		</trkpt>
		<trkpt lat="59.573005" lon="24.76384">
			<ele>82.9</ele>
			<time>2026-05-21T23:51:39Z</time>
		</trkpt>
		<trkpt lat="59.5729933" lon="24.7636367">
			<ele>82.6</ele>
			<time>2026-05-21T23:51:40Z</time>
		</trkpt>
		<trkpt lat="59.572995" lon="24.76343">
			<ele>83.4</ele>
			<time>2026-05-21T23:51:41Z</time>
		</trkpt>
		<trkpt lat="59.5729967" lon="24.7632417">
			<ele>84.4</ele>
			<time>2026-05-21T23:51:42Z</time>
		</trkpt>
		<trkpt lat="59.572995" lon="24.7630767">
			<ele>85.5</ele>
			<time>2026-05-21T23:51:43Z</time>
		</trkpt>
		<trkpt lat="59.5729967" lon="24.7629217">
			<ele>86.7</ele>
			<time>2026-05-21T23:51:44Z</time>
		</trkpt>
		<trkpt lat="59.573" lon="24.7627583">
			<ele>87.6</ele>
			<time>2026-05-21T23:51:45Z</time>
		</trkpt>
		<trkpt lat="59.573" lon="24.76258">
			<ele>88.2</ele>
			<time>2026-05-21T23:51:46Z</time>
		</trkpt>
		<trkpt lat="59.5729983" lon="24.7623967">
			<ele>88.4</ele>
			<time>2026-05-21T23:51:47Z</time>
		</trkpt>
		<trkpt lat="59.5729933" lon="24.76221">
			<ele>89</ele>
			<time>2026-05-21T23:51:48Z</time>
		</trkpt>
		<trkpt lat="59.5729917" lon="24.7620317">
			<ele>89.6</ele>
			<time>2026-05-21T23:51:49Z</time>
		</trkpt>
		<trkpt lat="59.57299" lon="24.7618617">
			<ele>90</ele>
			<time>2026-05-21T23:51:50Z</time>
		</trkpt>
		<trkpt lat="59.5729883" lon="24.7616883">
			<ele>90</ele>
			<time>2026-05-21T23:51:51Z</time>
		</trkpt>
		<trkpt lat="59.5729833" lon="24.76152">
			<ele>89.9</ele>
			<time>2026-05-21T23:51:52Z</time>
		</trkpt>
		<trkpt lat="59.572975" lon="24.7613517">
			<ele>89.8</ele>
			<time>2026-05-21T23:51:53Z</time>
		</trkpt>
		<trkpt lat="59.5729633" lon="24.76118">
			<ele>89.7</ele>
			<time>2026-05-21T23:51:54Z</time>
		</trkpt>
		<trkpt lat="59.5729517" lon="24.7609983">
			<ele>89.2</ele>
			<time>2026-05-21T23:51:55Z</time>
		</trkpt>
		<trkpt lat="59.5729383" lon="24.760815">
			<ele>89.1</ele>
			<time>2026-05-21T23:51:56Z</time>
		</trkpt>
		<trkpt lat="59.572925" lon="24.76064">
			<ele>89.2</ele>
			<time>2026-05-21T23:51:57Z</time>
		</trkpt>
		<trkpt lat="59.5729117" lon="24.7604733">
			<ele>88.8</ele>
			<time>2026-05-21T23:51:58Z</time>
		</trkpt>
		<trkpt lat="59.572895" lon="24.760315">
			<ele>88</ele>
			<time>2026-05-21T23:51:59Z</time>
		</trkpt>
		<trkpt lat="59.5728767" lon="24.7601567">
			<ele>86.9</ele>
			<time>2026-05-21T23:52:00Z</time>
		</trkpt>
		<trkpt lat="59.5728567" lon="24.759995">
			<ele>86.2</ele>
			<time>2026-05-21T23:52:01Z</time>
		</trkpt>
		<trkpt lat="59.5728333" lon="24.7598267">
			<ele>85.5</ele>
			<time>2026-05-21T23:52:02Z</time>
		</trkpt>
		<trkpt lat="59.5728083" lon="24.7596567">
			<ele>85</ele>
			<time>2026-05-21T23:52:03Z</time>
		</trkpt>
		<trkpt lat="59.5727833" lon="24.75949">
			<ele>84.6</ele>
			<time>2026-05-21T23:52:04Z</time>
		</trkpt>
		<trkpt lat="59.5727533" lon="24.7593317">
			<ele>84.1</ele>
			<time>2026-05-21T23:52:05Z</time>
		</trkpt>
		<trkpt lat="59.5727217" lon="24.7591783">
			<ele>83.3</ele>
			<time>2026-05-21T23:52:06Z</time>
		</trkpt>
		<trkpt lat="59.572685" lon="24.7590267">
			<ele>82.4</ele>
			<time>2026-05-21T23:52:07Z</time>
		</trkpt>
		<trkpt lat="59.5726483" lon="24.758875">
			<ele>81.7</ele>
			<time>2026-05-21T23:52:08Z</time>
		</trkpt>
		<trkpt lat="59.5726083" lon="24.7587217">
			<ele>80.7</ele>
			<time>2026-05-21T23:52:09Z</time>
		</trkpt>
		<trkpt lat="59.5725717" lon="24.7585733">
			<ele>80.8</ele>
			<time>2026-05-21T23:52:10Z</time>
		</trkpt>
		<trkpt lat="59.5725317" lon="24.75842">
			<ele>80.4</ele>
			<time>2026-05-21T23:52:11Z</time>
		</trkpt>
		<trkpt lat="59.572495" lon="24.758265">
			<ele>79.9</ele>
			<time>2026-05-21T23:52:12Z</time>
		</trkpt>
		<trkpt lat="59.57246" lon="24.75811">
			<ele>79.5</ele>
			<time>2026-05-21T23:52:13Z</time>
		</trkpt>
		<trkpt lat="59.5724283" lon="24.7579533">
			<ele>78.5</ele>
			<time>2026-05-21T23:52:14Z</time>
		</trkpt>
		<trkpt lat="59.5723983" lon="24.757795">
			<ele>77.6</ele>
			<time>2026-05-21T23:52:15Z</time>
		</trkpt>
		<trkpt lat="59.5723633" lon="24.7576333">
			<ele>76.4</ele>
			<time>2026-05-21T23:52:16Z</time>
		</trkpt>
		<trkpt lat="59.5723267" lon="24.7574717">
			<ele>75.7</ele>
			<time>2026-05-21T23:52:17Z</time>
		</trkpt>
		<trkpt lat="59.5722967" lon="24.757305">
			<ele>75.4</ele>
			<time>2026-05-21T23:52:18Z</time>
		</trkpt>
		<trkpt lat="59.5722733" lon="24.757135">
			<ele>75.2</ele>
			<time>2026-05-21T23:52:19Z</time>
		</trkpt>
		<trkpt lat="59.5722617" lon="24.7569617">
			<ele>75.4</ele>
			<time>2026-05-21T23:52:20Z</time>
		</trkpt>
		<trkpt lat="59.57226" lon="24.7567833">
			<ele>75.5</ele>
			<time>2026-05-21T23:52:21Z</time>
		</trkpt>
		<trkpt lat="59.5722717" lon="24.7566067">
			<ele>76</ele>
			<time>2026-05-21T23:52:22Z</time>
		</trkpt>
		<trkpt lat="59.5722883" lon="24.7564383">
			<ele>76.3</ele>
			<time>2026-05-21T23:52:23Z</time>
		</trkpt>
		<trkpt lat="59.5723117" lon="24.7562733">
			<ele>76.4</ele>
			<time>2026-05-21T23:52:24Z</time>
		</trkpt>
		<trkpt lat="59.5723383" lon="24.75611">
			<ele>76.4</ele>
			<time>2026-05-21T23:52:25Z</time>
		</trkpt>
		<trkpt lat="59.5723667" lon="24.75593">
			<ele>76</ele>
			<time>2026-05-21T23:52:26Z</time>
		</trkpt>
		<trkpt lat="59.5724" lon="24.7557317">
			<ele>75.1</ele>
			<time>2026-05-21T23:52:27Z</time>
		</trkpt>
		<trkpt lat="59.5724317" lon="24.75551">
			<ele>73.7</ele>
			<time>2026-05-21T23:52:28Z</time>
		</trkpt>
		<trkpt lat="59.5724617" lon="24.7552933">
			<ele>73.4</ele>
			<time>2026-05-21T23:52:29Z</time>
		</trkpt>
		<trkpt lat="59.5724833" lon="24.755105">
			<ele>73.5</ele>
			<time>2026-05-21T23:52:30Z</time>
		</trkpt>
		<trkpt lat="59.572495" lon="24.754945">
			<ele>74.1</ele>
			<time>2026-05-21T23:52:31Z</time>
		</trkpt>
		<trkpt lat="59.5725067" lon="24.7547983">
			<ele>74.2</ele>
			<time>2026-05-21T23:52:32Z</time>
		</trkpt>
		<trkpt lat="59.5725167" lon="24.75464">
			<ele>74.5</ele>
			<time>2026-05-21T23:52:33Z</time>
		</trkpt>
		<trkpt lat="59.5725283" lon="24.7544633">
			<ele>74.1</ele>
			<time>2026-05-21T23:52:34Z</time>
		</trkpt>
		<trkpt lat="59.572545" lon="24.7542717">
			<ele>73.8</ele>
			<time>2026-05-21T23:52:35Z</time>
		</trkpt>
		<trkpt lat="59.5725683" lon="24.75408">
			<ele>73.4</ele>
			<time>2026-05-21T23:52:36Z</time>
		</trkpt>
		<trkpt lat="59.5725983" lon="24.7538917">
			<ele>73.2</ele>
			<time>2026-05-21T23:52:37Z</time>
		</trkpt>
		<trkpt lat="59.5726367" lon="24.7537083">
			<ele>73.6</ele>
			<time>2026-05-21T23:52:38Z</time>
		</trkpt>
		<trkpt lat="59.57267" lon="24.7535217">
			<ele>73.5</ele>
			<time>2026-05-21T23:52:39Z</time>
		</trkpt>
		<trkpt lat="59.5726933" lon="24.753335">
			<ele>74.2</ele>
			<time>2026-05-21T23:52:40Z</time>
		</trkpt>
		<trkpt lat="59.5727133" lon="24.7531517">
			<ele>75.2</ele>
			<time>2026-05-21T23:52:41Z</time>
		</trkpt>
		<trkpt lat="59.5727267" lon="24.7529683">
			<ele>75.2</ele>
			<time>2026-05-21T23:52:42Z</time>
		</trkpt>
		<trkpt lat="59.57274" lon="24.7527917">
			<ele>75.5</ele>
			<time>2026-05-21T23:52:43Z</time>
		</trkpt>
		<trkpt lat="59.572755" lon="24.75261">
			<ele>75.5</ele>
			<time>2026-05-21T23:52:44Z</time>
		</trkpt>
		<trkpt lat="59.57277" lon="24.7524217">
			<ele>75.9</ele>
			<time>2026-05-21T23:52:45Z</time>
		</trkpt>
		<trkpt lat="59.57279" lon="24.7522167">
			<ele>76.3</ele>
			<time>2026-05-21T23:52:46Z</time>
		</trkpt>
		<trkpt lat="59.5728117" lon="24.7520117">
			<ele>75.9</ele>
			<time>2026-05-21T23:52:47Z</time>
		</trkpt>
		<trkpt lat="59.5728383" lon="24.75181">
			<ele>76.4</ele>
			<time>2026-05-21T23:52:48Z</time>
		</trkpt>
		<trkpt lat="59.5728633" lon="24.7516133">
			<ele>77.1</ele>
			<time>2026-05-21T23:52:49Z</time>
		</trkpt>
		<trkpt lat="59.5728917" lon="24.7514217">
			<ele>77.9</ele>
			<time>2026-05-21T23:52:50Z</time>
		</trkpt>
		<trkpt lat="59.5729217" lon="24.751235">
			<ele>78.8</ele>
			<time>2026-05-21T23:52:51Z</time>
		</trkpt>
		<trkpt lat="59.5729517" lon="24.751045">
			<ele>79.7</ele>
			<time>2026-05-21T23:52:52Z</time>
		</trkpt>
		<trkpt lat="59.572985" lon="24.7508517">
			<ele>80.7</ele>
			<time>2026-05-21T23:52:53Z</time>
		</trkpt>
		<trkpt lat="59.573015" lon="24.750655">
			<ele>81.5</ele>
			<time>2026-05-21T23:52:54Z</time>
		</trkpt>
		<trkpt lat="59.573045" lon="24.7504583">
			<ele>81.5</ele>
			<time>2026-05-21T23:52:55Z</time>
		</trkpt>
		<trkpt lat="59.573075" lon="24.7502633">
			<ele>82.2</ele>
			<time>2026-05-21T23:52:56Z</time>
		</trkpt>
		<trkpt lat="59.5731083" lon="24.7500683">
			<ele>82.3</ele>
			<time>2026-05-21T23:52:57Z</time>
		</trkpt>
		<trkpt lat="59.573145" lon="24.7498783">
			<ele>82.9</ele>
			<time>2026-05-21T23:52:58Z</time>
		</trkpt>
		<trkpt lat="59.5731833" lon="24.7496933">
			<ele>83.9</ele>
			<time>2026-05-21T23:52:59Z</time>
		</trkpt>
		<trkpt lat="59.5732217" lon="24.7495067">
			<ele>84.7</ele>
			<time>2026-05-21T23:53:00Z</time>
		</trkpt>
		<trkpt lat="59.5732633" lon="24.7493217">
			<ele>85.6</ele>
			<time>2026-05-21T23:53:01Z</time>
		</trkpt>
		<trkpt lat="59.573305" lon="24.7491317">
			<ele>85.9</ele>
			<time>2026-05-21T23:53:02Z</time>
		</trkpt>
		<trkpt lat="59.573345" lon="24.74894">
			<ele>85.7</ele>
			<time>2026-05-21T23:53:03Z</time>
		</trkpt>
		<trkpt lat="59.573385" lon="24.7487517">
			<ele>85.6</ele>
			<time>2026-05-21T23:53:04Z</time>
		</trkpt>
		<trkpt lat="59.5734267" lon="24.7485683">
			<ele>86.3</ele>
			<time>2026-05-21T23:53:05Z</time>
		</trkpt>
		<trkpt lat="59.57347" lon="24.7483783">
			<ele>86.9</ele>
			<time>2026-05-21T23:53:06Z</time>
		</trkpt>
		<trkpt lat="59.5735217" lon="24.7481883">
			<ele>87.3</ele>
			<time>2026-05-21T23:53:07Z</time>
		</trkpt>
		<trkpt lat="59.5735767" lon="24.7480033">
			<ele>87.3</ele>
			<time>2026-05-21T23:53:08Z</time>
		</trkpt>
		<trkpt lat="59.573645" lon="24.74783">
			<ele>87.3</ele>
			<time>2026-05-21T23:53:09Z</time>
		</trkpt>
		<trkpt lat="59.5737283" lon="24.7476733">
			<ele>87.3</ele>
			<time>2026-05-21T23:53:10Z</time>
		</trkpt>
		<trkpt lat="59.5738217" lon="24.7475317">
			<ele>87.7</ele>
			<time>2026-05-21T23:53:11Z</time>
		</trkpt>
		<trkpt lat="59.5739183" lon="24.7474017">
			<ele>87.6</ele>
			<time>2026-05-21T23:53:12Z</time>
		</trkpt>
		<trkpt lat="59.5740217" lon="24.7472817">
			<ele>88.3</ele>
			<time>2026-05-21T23:53:13Z</time>
		</trkpt>
		<trkpt lat="59.5741217" lon="24.74716">
			<ele>88</ele>
			<time>2026-05-21T23:53:14Z</time>
		</trkpt>
		<trkpt lat="59.5742183" lon="24.74703">
			<ele>88.8</ele>
			<time>2026-05-21T23:53:15Z</time>
		</trkpt>
		<trkpt lat="59.5743133" lon="24.7468933">
			<ele>89.2</ele>
			<time>2026-05-21T23:53:16Z</time>
		</trkpt>
		<trkpt lat="59.5744083" lon="24.7467583">
			<ele>89.7</ele>
			<time>2026-05-21T23:53:17Z</time>
		</trkpt>
		<trkpt lat="59.5745017" lon="24.7466267">
			<ele>89.3</ele>
			<time>2026-05-21T23:53:18Z</time>
		</trkpt>
		<trkpt lat="59.5745983" lon="24.746495">
			<ele>89.3</ele>
			<time>2026-05-21T23:53:19Z</time>
		</trkpt>
		<trkpt lat="59.5746983" lon="24.7463617">
			<ele>89.3</ele>
			<time>2026-05-21T23:53:20Z</time>
		</trkpt>
		<trkpt lat="59.5747967" lon="24.74623">
			<ele>89.2</ele>
			<time>2026-05-21T23:53:21Z</time>
		</trkpt>
		<trkpt lat="59.574895" lon="24.746095">
			<ele>89</ele>
			<time>2026-05-21T23:53:22Z</time>
		</trkpt>
		<trkpt lat="59.5749933" lon="24.74596">
			<ele>88.9</ele>
			<time>2026-05-21T23:53:23Z</time>
		</trkpt>
		<trkpt lat="59.57509" lon="24.7458217">
			<ele>88.7</ele>
			<time>2026-05-21T23:53:24Z</time>
		</trkpt>
		<trkpt lat="59.5751883" lon="24.7456883">
			<ele>88.6</ele>
			<time>2026-05-21T23:53:25Z</time>
		</trkpt>
		<trkpt lat="59.5752917" lon="24.7455567">
			<ele>88.4</ele>
			<time>2026-05-21T23:53:26Z</time>
		</trkpt>
		<trkpt lat="59.575395" lon="24.7454267">
			<ele>88.4</ele>
			<time>2026-05-21T23:53:27Z</time>
		</trkpt>
		<trkpt lat="59.5755033" lon="24.7453">
			<ele>88.3</ele>
			<time>2026-05-21T23:53:28Z</time>
		</trkpt>
		<trkpt lat="59.57561" lon="24.7451767">
			<ele>88.1</ele>
			<time>2026-05-21T23:53:29Z</time>
		</trkpt>
		<trkpt lat="59.5757183" lon="24.745055">
			<ele>88.2</ele>
			<time>2026-05-21T23:53:30Z</time>
		</trkpt>
		<trkpt lat="59.575825" lon="24.7449317">
			<ele>88.5</ele>
			<time>2026-05-21T23:53:31Z</time>
		</trkpt>
		<trkpt lat="59.57593" lon="24.7448083">
			<ele>88.3</ele>
			<time>2026-05-21T23:53:32Z</time>
		</trkpt>
		<trkpt lat="59.5760317" lon="24.7446817">
			<ele>88.5</ele>
			<time>2026-05-21T23:53:33Z</time>
		</trkpt>
		<trkpt lat="59.5761333" lon="24.74455">
			<ele>88.8</ele>
			<time>2026-05-21T23:53:34Z</time>
		</trkpt>
		<trkpt lat="59.5762367" lon="24.74442">
			<ele>89.2</ele>
			<time>2026-05-21T23:53:35Z</time>
		</trkpt>
		<trkpt lat="59.5763417" lon="24.7442867">
			<ele>89.6</ele>
			<time>2026-05-21T23:53:36Z</time>
		</trkpt>
		<trkpt lat="59.5764467" lon="24.7441467">
			<ele>90.2</ele>
			<time>2026-05-21T23:53:37Z</time>
		</trkpt>
		<trkpt lat="59.5765517" lon="24.7440133">
			<ele>90.6</ele>
			<time>2026-05-21T23:53:38Z</time>
		</trkpt>
		<trkpt lat="59.5766567" lon="24.7438817">
			<ele>90.2</ele>
			<time>2026-05-21T23:53:39Z</time>
		</trkpt>
		<trkpt lat="59.5767633" lon="24.7437517">
			<ele>90.2</ele>
			<time>2026-05-21T23:53:40Z</time>
		</trkpt>
		<trkpt lat="59.57687" lon="24.7436183">
			<ele>89.8</ele>
			<time>2026-05-21T23:53:41Z</time>
		</trkpt>
		<trkpt lat="59.5769767" lon="24.7434833">
			<ele>89.9</ele>
			<time>2026-05-21T23:53:42Z</time>
		</trkpt>
		<trkpt lat="59.5770817" lon="24.7433417">
			<ele>90.2</ele>
			<time>2026-05-21T23:53:43Z</time>
		</trkpt>
		<trkpt lat="59.5771833" lon="24.743195">
			<ele>90.3</ele>
			<time>2026-05-21T23:53:44Z</time>
		</trkpt>
		<trkpt lat="59.5772833" lon="24.743045">
			<ele>90.3</ele>
			<time>2026-05-21T23:53:45Z</time>
		</trkpt>
		<trkpt lat="59.5773833" lon="24.7428983">
			<ele>90.1</ele>
			<time>2026-05-21T23:53:46Z</time>
		</trkpt>
		<trkpt lat="59.5774833" lon="24.7427567">
			<ele>89.7</ele>
			<time>2026-05-21T23:53:47Z</time>
		</trkpt>
		<trkpt lat="59.5775867" lon="24.742615">
			<ele>89.5</ele>
			<time>2026-05-21T23:53:48Z</time>
		</trkpt>
		<trkpt lat="59.5776883" lon="24.74247">
			<ele>89.4</ele>
			<time>2026-05-21T23:53:49Z</time>
		</trkpt>
		<trkpt lat="59.5777867" lon="24.74232">
			<ele>89.1</ele>
			<time>2026-05-21T23:53:50Z</time>
		</trkpt>
		<trkpt lat="59.57788" lon="24.7421633">
			<ele>88.3</ele>
			<time>2026-05-21T23:53:51Z</time>
		</trkpt>
		<trkpt lat="59.5779733" lon="24.7420033">
			<ele>87.1</ele>
			<time>2026-05-21T23:53:52Z</time>
		</trkpt>
		<trkpt lat="59.57807" lon="24.7418433">
			<ele>85.7</ele>
			<time>2026-05-21T23:53:53Z</time>
		</trkpt>
		<trkpt lat="59.5781733" lon="24.741675">
			<ele>83.5</ele>
			<time>2026-05-21T23:53:54Z</time>
		</trkpt>
		<trkpt lat="59.5782867" lon="24.741495">
			<ele>81.5</ele>
			<time>2026-05-21T23:53:55Z</time>
		</trkpt>
		<trkpt lat="59.5784067" lon="24.7413067">
			<ele>79.8</ele>
			<time>2026-05-21T23:53:56Z</time>
		</trkpt>
		<trkpt lat="59.578525" lon="24.7411133">
			<ele>77.9</ele>
			<time>2026-05-21T23:53:57Z</time>
		</trkpt>
		<trkpt lat="59.578635" lon="24.7409233">
			<ele>76.9</ele>
			<time>2026-05-21T23:53:58Z</time>
		</trkpt>
		<trkpt lat="59.57874" lon="24.7407367">
			<ele>76.4</ele>
			<time>2026-05-21T23:53:59Z</time>
		</trkpt>
		<trkpt lat="59.5788433" lon="24.7405567">
			<ele>75.7</ele>
			<time>2026-05-21T23:54:00Z</time>
		</trkpt>
		<trkpt lat="59.57894" lon="24.7403733">
			<ele>74.8</ele>
			<time>2026-05-21T23:54:01Z</time>
		</trkpt>
		<trkpt lat="59.57904" lon="24.7401867">
			<ele>73.8</ele>
			<time>2026-05-21T23:54:02Z</time>
		</trkpt>
		<trkpt lat="59.5791417" lon="24.7400017">
			<ele>72.6</ele>
			<time>2026-05-21T23:54:03Z</time>
		</trkpt>
		<trkpt lat="59.57925" lon="24.73982">
			<ele>72.3</ele>
			<time>2026-05-21T23:54:04Z</time>
		</trkpt>
		<trkpt lat="59.5793617" lon="24.7396383">
			<ele>71.4</ele>
			<time>2026-05-21T23:54:05Z</time>
		</trkpt>
		<trkpt lat="59.57948" lon="24.7394667">
			<ele>71.3</ele>
			<time>2026-05-21T23:54:06Z</time>
		</trkpt>
		<trkpt lat="59.5796033" lon="24.7393033">
			<ele>71</ele>
			<time>2026-05-21T23:54:07Z</time>
		</trkpt>
		<trkpt lat="59.5797283" lon="24.7391533">
			<ele>71.3</ele>
			<time>2026-05-21T23:54:08Z</time>
		</trkpt>
		<trkpt lat="59.5798583" lon="24.7390183">
			<ele>69.9</ele>
			<time>2026-05-21T23:54:09Z</time>
		</trkpt>
		<trkpt lat="59.579995" lon="24.7389067">
			<ele>70.2</ele>
			<time>2026-05-21T23:54:10Z</time>
		</trkpt>
		<trkpt lat="59.580135" lon="24.7388167">
			<ele>68</ele>
			<time>2026-05-21T23:54:11Z</time>
		</trkpt>
		<trkpt lat="59.5802833" lon="24.73875">
			<ele>66.5</ele>
			<time>2026-05-21T23:54:12Z</time>
		</trkpt>
		<trkpt lat="59.58044" lon="24.7387083">
			<ele>65</ele>
			<time>2026-05-21T23:54:13Z</time>
		</trkpt>
		<trkpt lat="59.5806" lon="24.7386867">
			<ele>63.9</ele>
			<time>2026-05-21T23:54:14Z</time>
		</trkpt>
		<trkpt lat="59.58076" lon="24.7386917">
			<ele>62.9</ele>
			<time>2026-05-21T23:54:15Z</time>
		</trkpt>
		<trkpt lat="59.58092" lon="24.7387267">
			<ele>62.4</ele>
			<time>2026-05-21T23:54:16Z</time>
		</trkpt>
		<trkpt lat="59.5810767" lon="24.7387883">
			<ele>62</ele>
			<time>2026-05-21T23:54:17Z</time>
		</trkpt>
		<trkpt lat="59.5812283" lon="24.738875">
			<ele>60.6</ele>
			<time>2026-05-21T23:54:18Z</time>
		</trkpt>
		<trkpt lat="59.58138" lon="24.7389733">
			<ele>60.2</ele>
			<time>2026-05-21T23:54:19Z</time>
		</trkpt>
		<trkpt lat="59.58153" lon="24.739075">
			<ele>59.6</ele>
			<time>2026-05-21T23:54:20Z</time>
		</trkpt>
		<trkpt lat="59.5816833" lon="24.7391733">
			<ele>58.8</ele>
			<time>2026-05-21T23:54:21Z</time>
		</trkpt>
		<trkpt lat="59.58184" lon="24.73926">
			<ele>58.5</ele>
			<time>2026-05-21T23:54:22Z</time>
		</trkpt>
		<trkpt lat="59.5819933" lon="24.7393433">
			<ele>57.1</ele>
			<time>2026-05-21T23:54:23Z</time>
		</trkpt>
		<trkpt lat="59.58215" lon="24.7394233">
			<ele>57.3</ele>
			<time>2026-05-21T23:54:24Z</time>
		</trkpt>
		<trkpt lat="59.5822967" lon="24.7395083">
			<ele>57.1</ele>
			<time>2026-05-21T23:54:25Z</time>
		</trkpt>
		<trkpt lat="59.5824383" lon="24.73959">
			<ele>58.7</ele>
			<time>2026-05-21T23:54:26Z</time>
		</trkpt>
		<trkpt lat="59.5825717" lon="24.7396667">
			<ele>60.4</ele>
			<time>2026-05-21T23:54:27Z</time>
		</trkpt>
		<trkpt lat="59.5826983" lon="24.7397383">
			<ele>61.2</ele>
			<time>2026-05-21T23:54:28Z</time>
		</trkpt>
		<trkpt lat="59.5828233" lon="24.7397933">
			<ele>60.8</ele>
			<time>2026-05-21T23:54:29Z</time>
		</trkpt>
		<trkpt lat="59.582955" lon="24.7398283">
			<ele>60.9</ele>
			<time>2026-05-21T23:54:30Z</time>
		</trkpt>
		<trkpt lat="59.5830933" lon="24.73984">
			<ele>60.6</ele>
			<time>2026-05-21T23:54:31Z</time>
		</trkpt>
		<trkpt lat="59.5832417" lon="24.7398317">
			<ele>60.7</ele>
			<time>2026-05-21T23:54:32Z</time>
		</trkpt>
		<trkpt lat="59.5833867" lon="24.7398167">
			<ele>60.3</ele>
			<time>2026-05-21T23:54:33Z</time>
		</trkpt>
		<trkpt lat="59.5835317" lon="24.7398067">
			<ele>60.2</ele>
			<time>2026-05-21T23:54:34Z</time>
		</trkpt>
		<trkpt lat="59.583675" lon="24.7398083">
			<ele>60.4</ele>
			<time>2026-05-21T23:54:35Z</time>
		</trkpt>
		<trkpt lat="59.5838117" lon="24.73983">
			<ele>59.5</ele>
			<time>2026-05-21T23:54:36Z</time>
		</trkpt>
		<trkpt lat="59.5839517" lon="24.7398817">
			<ele>58.6</ele>
			<time>2026-05-21T23:54:37Z</time>
		</trkpt>
		<trkpt lat="59.58409" lon="24.7399667">
			<ele>56.8</ele>
			<time>2026-05-21T23:54:38Z</time>
		</trkpt>
		<trkpt lat="59.5842267" lon="24.7400717">
			<ele>55.3</ele>
			<time>2026-05-21T23:54:39Z</time>
		</trkpt>
		<trkpt lat="59.5843617" lon="24.7401817">
			<ele>54</ele>
			<time>2026-05-21T23:54:40Z</time>
		</trkpt>
		<trkpt lat="59.5844967" lon="24.7402867">
			<ele>53</ele>
			<time>2026-05-21T23:54:41Z</time>
		</trkpt>
		<trkpt lat="59.5846317" lon="24.74039">
			<ele>52.5</ele>
			<time>2026-05-21T23:54:42Z</time>
		</trkpt>
		<trkpt lat="59.584765" lon="24.7404933">
			<ele>52.7</ele>
			<time>2026-05-21T23:54:43Z</time>
		</trkpt>
		<trkpt lat="59.5848933" lon="24.7406083">
			<ele>52</ele>
			<time>2026-05-21T23:54:44Z</time>
		</trkpt>
		<trkpt lat="59.5850217" lon="24.740735">
			<ele>52</ele>
			<time>2026-05-21T23:54:45Z</time>
		</trkpt>
		<trkpt lat="59.58515" lon="24.74087">
			<ele>51.9</ele>
			<time>2026-05-21T23:54:46Z</time>
		</trkpt>
		<trkpt lat="59.5852767" lon="24.74102">
			<ele>51.9</ele>
			<time>2026-05-21T23:54:47Z</time>
		</trkpt>
		<trkpt lat="59.5854033" lon="24.7411767">
			<ele>52.7</ele>
			<time>2026-05-21T23:54:48Z</time>
		</trkpt>
		<trkpt lat="59.5855233" lon="24.7413417">
			<ele>52.5</ele>
			<time>2026-05-21T23:54:49Z</time>
		</trkpt>
		<trkpt lat="59.5856383" lon="24.7415183">
			<ele>52.3</ele>
			<time>2026-05-21T23:54:50Z</time>
		</trkpt>
		<trkpt lat="59.58575" lon="24.7417083">
			<ele>52.4</ele>
			<time>2026-05-21T23:54:51Z</time>
		</trkpt>
		<trkpt lat="59.585855" lon="24.7419017">
			<ele>51.8</ele>
			<time>2026-05-21T23:54:52Z</time>
		</trkpt>
		<trkpt lat="59.5859567" lon="24.7421033">
			<ele>51.7</ele>
			<time>2026-05-21T23:54:53Z</time>
		</trkpt>
		<trkpt lat="59.5860583" lon="24.7423083">
			<ele>52.1</ele>
			<time>2026-05-21T23:54:54Z</time>
		</trkpt>
		<trkpt lat="59.5861617" lon="24.7425133">
			<ele>52.7</ele>
			<time>2026-05-21T23:54:55Z</time>
		</trkpt>
		<trkpt lat="59.5862617" lon="24.7427233">
			<ele>53.6</ele>
			<time>2026-05-21T23:54:56Z</time>
		</trkpt>
		<trkpt lat="59.5863517" lon="24.7429417">
			<ele>54.8</ele>
			<time>2026-05-21T23:54:57Z</time>
		</trkpt>
		<trkpt lat="59.586425" lon="24.743175">
			<ele>55.4</ele>
			<time>2026-05-21T23:54:58Z</time>
		</trkpt>
		<trkpt lat="59.5864783" lon="24.74342">
			<ele>54.4</ele>
			<time>2026-05-21T23:54:59Z</time>
		</trkpt>
		<trkpt lat="59.5865183" lon="24.74368">
			<ele>54.2</ele>
			<time>2026-05-21T23:55:00Z</time>
		</trkpt>
		<trkpt lat="59.586545" lon="24.7439467">
			<ele>53.7</ele>
			<time>2026-05-21T23:55:01Z</time>
		</trkpt>
		<trkpt lat="59.5865583" lon="24.7442117">
			<ele>53</ele>
			<time>2026-05-21T23:55:02Z</time>
		</trkpt>
		<trkpt lat="59.5865583" lon="24.7444783">
			<ele>52.5</ele>
			<time>2026-05-21T23:55:03Z</time>
		</trkpt>
		<trkpt lat="59.58655" lon="24.744745">
			<ele>52.2</ele>
			<time>2026-05-21T23:55:04Z</time>
		</trkpt>
		<trkpt lat="59.5865367" lon="24.7450033">
			<ele>52.2</ele>
			<time>2026-05-21T23:55:05Z</time>
		</trkpt>
		<trkpt lat="59.5865183" lon="24.7452633">
			<ele>52.8</ele>
			<time>2026-05-21T23:55:06Z</time>
		</trkpt>
		<trkpt lat="59.5865067" lon="24.7455233">
			<ele>53.5</ele>
			<time>2026-05-21T23:55:07Z</time>
		</trkpt>
		<trkpt lat="59.5864983" lon="24.74578">
			<ele>53.6</ele>
			<time>2026-05-21T23:55:08Z</time>
		</trkpt>
		<trkpt lat="59.5864967" lon="24.74604">
			<ele>54</ele>
			<time>2026-05-21T23:55:09Z</time>
		</trkpt>
		<trkpt lat="59.586495" lon="24.7463">
			<ele>54.7</ele>
			<time>2026-05-21T23:55:10Z</time>
		</trkpt>
		<trkpt lat="59.5864917" lon="24.7465617">
			<ele>55.7</ele>
			<time>2026-05-21T23:55:11Z</time>
		</trkpt>
		<trkpt lat="59.5864917" lon="24.74682">
			<ele>56.2</ele>
			<time>2026-05-21T23:55:12Z</time>
		</trkpt>
		<trkpt lat="59.586495" lon="24.7470733">
			<ele>57</ele>
			<time>2026-05-21T23:55:13Z</time>
		</trkpt>
		<trkpt lat="59.5864983" lon="24.7473233">
			<ele>58.2</ele>
			<time>2026-05-21T23:55:14Z</time>
		</trkpt>
		<trkpt lat="59.5864983" lon="24.7475683">
			<ele>59.3</ele>
			<time>2026-05-21T23:55:15Z</time>
		</trkpt>
		<trkpt lat="59.5865" lon="24.74781">
			<ele>59.8</ele>
			<time>2026-05-21T23:55:16Z</time>
		</trkpt>
		<trkpt lat="59.5865" lon="24.748055">
			<ele>60.5</ele>
			<time>2026-05-21T23:55:17Z</time>
		</trkpt>
		<trkpt lat="59.5865067" lon="24.7483083">
			<ele>60.6</ele>
			<time>2026-05-21T23:55:18Z</time>
		</trkpt>
		<trkpt lat="59.5865183" lon="24.7485667">
			<ele>59.8</ele>
			<time>2026-05-21T23:55:19Z</time>
		</trkpt>
		<trkpt lat="59.5865333" lon="24.7488283">
			<ele>59</ele>
			<time>2026-05-21T23:55:20Z</time>
		</trkpt>
		<trkpt lat="59.5865567" lon="24.7490933">
			<ele>59.1</ele>
			<time>2026-05-21T23:55:21Z</time>
		</trkpt>
		<trkpt lat="59.5865783" lon="24.7493567">
			<ele>59.8</ele>
			<time>2026-05-21T23:55:22Z</time>
		</trkpt>
		<trkpt lat="59.5866" lon="24.74962">
			<ele>60.4</ele>
			<time>2026-05-21T23:55:23Z</time>
		</trkpt>
		<trkpt lat="59.5866217" lon="24.7498783">
			<ele>61.1</ele>
			<time>2026-05-21T23:55:24Z</time>
		</trkpt>
		<trkpt lat="59.5866467" lon="24.7501367">
			<ele>61.9</ele>
			<time>2026-05-21T23:55:25Z</time>
		</trkpt>
		<trkpt lat="59.5866783" lon="24.7503917">
			<ele>62.5</ele>
			<time>2026-05-21T23:55:26Z</time>
		</trkpt>
		<trkpt lat="59.5867217" lon="24.7506417">
			<ele>63.2</ele>
			<time>2026-05-21T23:55:27Z</time>
		</trkpt>
		<trkpt lat="59.5867767" lon="24.7508817">
			<ele>63.7</ele>
			<time>2026-05-21T23:55:28Z</time>
		</trkpt>
		<trkpt lat="59.5868433" lon="24.7511183">
			<ele>64</ele>
			<time>2026-05-21T23:55:29Z</time>
		</trkpt>
		<trkpt lat="59.5869167" lon="24.7513517">
			<ele>64.1</ele>
			<time>2026-05-21T23:55:30Z</time>
		</trkpt>
		<trkpt lat="59.5869917" lon="24.751585">
			<ele>64.5</ele>
			<time>2026-05-21T23:55:31Z</time>
		</trkpt>
		<trkpt lat="59.5870617" lon="24.7518233">
			<ele>64.5</ele>
			<time>2026-05-21T23:55:32Z</time>
		</trkpt>
		<trkpt lat="59.5871267" lon="24.75206">
			<ele>64.3</ele>
			<time>2026-05-21T23:55:33Z</time>
		</trkpt>
		<trkpt lat="59.5871883" lon="24.7523033">
			<ele>64</ele>
			<time>2026-05-21T23:55:34Z</time>
		</trkpt>
		<trkpt lat="59.5872483" lon="24.7525517">
			<ele>64.2</ele>
			<time>2026-05-21T23:55:35Z</time>
		</trkpt>
		<trkpt lat="59.5873083" lon="24.7528017">
			<ele>63.4</ele>
			<time>2026-05-21T23:55:36Z</time>
		</trkpt>
		<trkpt lat="59.5873683" lon="24.7530533">
			<ele>62.3</ele>
			<time>2026-05-21T23:55:37Z</time>
		</trkpt>
		<trkpt lat="59.587435" lon="24.7533">
			<ele>62.7</ele>
			<time>2026-05-21T23:55:38Z</time>
		</trkpt>
		<trkpt lat="59.5875067" lon="24.7535467">
			<ele>63.6</ele>
			<time>2026-05-21T23:55:39Z</time>
		</trkpt>
		<trkpt lat="59.587575" lon="24.7537867">
			<ele>64.8</ele>
			<time>2026-05-21T23:55:40Z</time>
		</trkpt>
		<trkpt lat="59.587645" lon="24.754025">
			<ele>66.1</ele>
			<time>2026-05-21T23:55:41Z</time>
		</trkpt>
		<trkpt lat="59.58771" lon="24.754265">
			<ele>66.7</ele>
			<time>2026-05-21T23:55:42Z</time>
		</trkpt>
		<trkpt lat="59.5877817" lon="24.7545017">
			<ele>67.6</ele>
			<time>2026-05-21T23:55:43Z</time>
		</trkpt>
		<trkpt lat="59.5878617" lon="24.7547367">
			<ele>68.2</ele>
			<time>2026-05-21T23:55:44Z</time>
		</trkpt>
		<trkpt lat="59.5879533" lon="24.7549533">
			<ele>70.1</ele>
			<time>2026-05-21T23:55:45Z</time>
		</trkpt>
		<trkpt lat="59.588055" lon="24.7551717">
			<ele>71.8</ele>
			<time>2026-05-21T23:55:46Z</time>
		</trkpt>
		<trkpt lat="59.588165" lon="24.755385">
			<ele>73</ele>
			<time>2026-05-21T23:55:47Z</time>
		</trkpt>
		<trkpt lat="59.5882783" lon="24.7555867">
			<ele>74.7</ele>
			<time>2026-05-21T23:55:48Z</time>
		</trkpt>
		<trkpt lat="59.5883933" lon="24.7557767">
			<ele>75.7</ele>
			<time>2026-05-21T23:55:49Z</time>
		</trkpt>
		<trkpt lat="59.588505" lon="24.7559583">
			<ele>76</ele>
			<time>2026-05-21T23:55:50Z</time>
		</trkpt>
		<trkpt lat="59.588615" lon="24.75613">
			<ele>76.2</ele>
			<time>2026-05-21T23:55:51Z</time>
		</trkpt>
		<trkpt lat="59.5887283" lon="24.7563067">
			<ele>76.7</ele>
			<time>2026-05-21T23:55:52Z</time>
		</trkpt>
		<trkpt lat="59.5888417" lon="24.7564867">
			<ele>76.9</ele>
			<time>2026-05-21T23:55:53Z</time>
		</trkpt>
		<trkpt lat="59.5889583" lon="24.756665">
			<ele>77.1</ele>
			<time>2026-05-21T23:55:54Z</time>
		</trkpt>
		<trkpt lat="59.5890733" lon="24.7568467">
			<ele>77.1</ele>
			<time>2026-05-21T23:55:55Z</time>
		</trkpt>
		<trkpt lat="59.5891883" lon="24.757025">
			<ele>77</ele>
			<time>2026-05-21T23:55:56Z</time>
		</trkpt>
		<trkpt lat="59.5893067" lon="24.7572017">
			<ele>77</ele>
			<time>2026-05-21T23:55:57Z</time>
		</trkpt>
		<trkpt lat="59.5894233" lon="24.7573717">
			<ele>77.5</ele>
			<time>2026-05-21T23:55:58Z</time>
		</trkpt>
		<trkpt lat="59.5895333" lon="24.7575467">
			<ele>77.3</ele>
			<time>2026-05-21T23:55:59Z</time>
		</trkpt>
		<trkpt lat="59.5896317" lon="24.75774">
			<ele>77.8</ele>
			<time>2026-05-21T23:56:00Z</time>
		</trkpt>
		<trkpt lat="59.5897117" lon="24.7579583">
			<ele>77.1</ele>
			<time>2026-05-21T23:56:01Z</time>
		</trkpt>
		<trkpt lat="59.58978" lon="24.758205">
			<ele>77.3</ele>
			<time>2026-05-21T23:56:02Z</time>
		</trkpt>
		<trkpt lat="59.58983" lon="24.7584617">
			<ele>77.4</ele>
			<time>2026-05-21T23:56:03Z</time>
		</trkpt>
		<trkpt lat="59.5898567" lon="24.758725">
			<ele>76.2</ele>
			<time>2026-05-21T23:56:04Z</time>
		</trkpt>
		<trkpt lat="59.5898717" lon="24.7589917">
			<ele>76.3</ele>
			<time>2026-05-21T23:56:05Z</time>
		</trkpt>
		<trkpt lat="59.589875" lon="24.7592617">
			<ele>75.9</ele>
			<time>2026-05-21T23:56:06Z</time>
		</trkpt>
		<trkpt lat="59.5898717" lon="24.7595267">
			<ele>76.6</ele>
			<time>2026-05-21T23:56:07Z</time>
		</trkpt>
		<trkpt lat="59.589865" lon="24.7597967">
			<ele>76.9</ele>
			<time>2026-05-21T23:56:08Z</time>
		</trkpt>
		<trkpt lat="59.589855" lon="24.760075">
			<ele>76.8</ele>
			<time>2026-05-21T23:56:09Z</time>
		</trkpt>
		<trkpt lat="59.5898417" lon="24.7603533">
			<ele>77.8</ele>
			<time>2026-05-21T23:56:10Z</time>
		</trkpt>
		<trkpt lat="59.589825" lon="24.7606367">
			<ele>78.1</ele>
			<time>2026-05-21T23:56:11Z</time>
		</trkpt>
		<trkpt lat="59.58981" lon="24.760915">
			<ele>78.7</ele>
			<time>2026-05-21T23:56:12Z</time>
		</trkpt>
		<trkpt lat="59.5897983" lon="24.7611867">
			<ele>79.4</ele>
			<time>2026-05-21T23:56:13Z</time>
		</trkpt>
		<trkpt lat="59.589795" lon="24.76146">
			<ele>79.6</ele>
			<time>2026-05-21T23:56:14Z</time>
		</trkpt>
		<trkpt lat="59.5898" lon="24.761735">
			<ele>79.8</ele>
			<time>2026-05-21T23:56:15Z</time>
		</trkpt>
		<trkpt lat="59.58981" lon="24.762015">
			<ele>79.5</ele>
			<time>2026-05-21T23:56:16Z</time>
		</trkpt>
		<trkpt lat="59.589825" lon="24.7622983">
			<ele>79.4</ele>
			<time>2026-05-21T23:56:17Z</time>
		</trkpt>
		<trkpt lat="59.5898433" lon="24.76258">
			<ele>79.4</ele>
			<time>2026-05-21T23:56:18Z</time>
		</trkpt>
		<trkpt lat="59.5898717" lon="24.7628633">
			<ele>79.9</ele>
			<time>2026-05-21T23:56:19Z</time>
		</trkpt>
		<trkpt lat="59.5899067" lon="24.763145">
			<ele>80.5</ele>
			<time>2026-05-21T23:56:20Z</time>
		</trkpt>
		<trkpt lat="59.5899467" lon="24.7634233">
			<ele>80.5</ele>
			<time>2026-05-21T23:56:21Z</time>
		</trkpt>
		<trkpt lat="59.5899967" lon="24.763695">
			<ele>80.6</ele>
			<time>2026-05-21T23:56:22Z</time>
		</trkpt>
		<trkpt lat="59.5900583" lon="24.763965">
			<ele>80.8</ele>
			<time>2026-05-21T23:56:23Z</time>
		</trkpt>
		<trkpt lat="59.5901267" lon="24.76423">
			<ele>80.9</ele>
			<time>2026-05-21T23:56:24Z</time>
		</trkpt>
		<trkpt lat="59.5901883" lon="24.7645033">
			<ele>81.2</ele>
			<time>2026-05-21T23:56:25Z</time>
		</trkpt>
		<trkpt lat="59.5902217" lon="24.7647867">
			<ele>81.3</ele>
			<time>2026-05-21T23:56:26Z</time>
		</trkpt>
		<trkpt lat="59.5902283" lon="24.7650733">
			<ele>81</ele>
			<time>2026-05-21T23:56:27Z</time>
		</trkpt>
		<trkpt lat="59.5902033" lon="24.7653517">
			<ele>80.3</ele>
			<time>2026-05-21T23:56:28Z</time>
		</trkpt>
		<trkpt lat="59.5901467" lon="24.7656017">
			<ele>80</ele>
			<time>2026-05-21T23:56:29Z</time>
		</trkpt>
		<trkpt lat="59.5900667" lon="24.7658167">
			<ele>80</ele>
			<time>2026-05-21T23:56:30Z</time>
		</trkpt>
		<trkpt lat="59.58998" lon="24.7660067">
			<ele>80.8</ele>
			<time>2026-05-21T23:56:31Z</time>
		</trkpt>
		<trkpt lat="59.5898883" lon="24.7661583">
			<ele>81.6</ele>
			<time>2026-05-21T23:56:32Z</time>
		</trkpt>
		<trkpt lat="59.5897917" lon="24.766275">
			<ele>82.4</ele>
			<time>2026-05-21T23:56:33Z</time>
		</trkpt>
		<trkpt lat="59.5896917" lon="24.7663583">
			<ele>83.1</ele>
			<time>2026-05-21T23:56:34Z</time>
		</trkpt>
		<trkpt lat="59.5895883" lon="24.7664133">
			<ele>83.6</ele>
			<time>2026-05-21T23:56:35Z</time>
		</trkpt>
		<trkpt lat="59.589485" lon="24.7664517">
			<ele>84.3</ele>
			<time>2026-05-21T23:56:36Z</time>
		</trkpt>
		<trkpt lat="59.589385" lon="24.7664833">
			<ele>85.2</ele>
			<time>2026-05-21T23:56:37Z</time>
		</trkpt>
		<trkpt lat="59.589285" lon="24.7665017">
			<ele>85.8</ele>
			<time>2026-05-21T23:56:38Z</time>
		</trkpt>
		<trkpt lat="59.58919" lon="24.7665033">
			<ele>86.1</ele>
			<time>2026-05-21T23:56:39Z</time>
		</trkpt>
		<trkpt lat="59.5890933" lon="24.7664867">
			<ele>86.4</ele>
			<time>2026-05-21T23:56:40Z</time>
		</trkpt>
		<trkpt lat="59.588995" lon="24.7664683">
			<ele>87</ele>
			<time>2026-05-21T23:56:41Z</time>
		</trkpt>
		<trkpt lat="59.588895" lon="24.766455">
			<ele>87.6</ele>
			<time>2026-05-21T23:56:42Z</time>
		</trkpt>
		<trkpt lat="59.588795" lon="24.76646">
			<ele>88.3</ele>
			<time>2026-05-21T23:56:43Z</time>
		</trkpt>
		<trkpt lat="59.5886933" lon="24.7664817">
			<ele>89</ele>
			<time>2026-05-21T23:56:44Z</time>
		</trkpt>
		<trkpt lat="59.5885933" lon="24.7665133">
			<ele>90</ele>
			<time>2026-05-21T23:56:45Z</time>
		</trkpt>
		<trkpt lat="59.588495" lon="24.76655">
			<ele>90.9</ele>
			<time>2026-05-21T23:56:46Z</time>
		</trkpt>
		<trkpt lat="59.588395" lon="24.7665983">
			<ele>91.9</ele>
			<time>2026-05-21T23:56:47Z</time>
		</trkpt>
		<trkpt lat="59.5882933" lon="24.766655">
			<ele>93</ele>
			<time>2026-05-21T23:56:48Z</time>
		</trkpt>
		<trkpt lat="59.5881967" lon="24.7667167">
			<ele>94</ele>
			<time>2026-05-21T23:56:49Z</time>
		</trkpt>
		<trkpt lat="59.5881067" lon="24.7667933">
			<ele>94.8</ele>
			<time>2026-05-21T23:56:50Z</time>
		</trkpt>
		<trkpt lat="59.588015" lon="24.76689">
			<ele>95.7</ele>
			<time>2026-05-21T23:56:51Z</time>
		</trkpt>
		<trkpt lat="59.5879267" lon="24.7670017">
			<ele>96.8</ele>
			<time>2026-05-21T23:56:52Z</time>
		</trkpt>
		<trkpt lat="59.5878367" lon="24.7671267">
			<ele>97.5</ele>
			<time>2026-05-21T23:56:53Z</time>
		</trkpt>
		<trkpt lat="59.5877417" lon="24.7672533">
			<ele>98</ele>
			<time>2026-05-21T23:56:54Z</time>
		</trkpt>
		<trkpt lat="59.5876433" lon="24.7673667">
			<ele>98.6</ele>
			<time>2026-05-21T23:56:55Z</time>
		</trkpt>
		<trkpt lat="59.5875467" lon="24.7674683">
			<ele>98.9</ele>
			<time>2026-05-21T23:56:56Z</time>
		</trkpt>
		<trkpt lat="59.58745" lon="24.7675583">
			<ele>99.2</ele>
			<time>2026-05-21T23:56:57Z</time>
		</trkpt>
		<trkpt lat="59.5873567" lon="24.7676483">
			<ele>100.3</ele>
			<time>2026-05-21T23:56:58Z</time>
		</trkpt>
		<trkpt lat="59.5872667" lon="24.7677467">
			<ele>101</ele>
			<time>2026-05-21T23:56:59Z</time>
		</trkpt>
		<trkpt lat="59.5871767" lon="24.76785">
			<ele>101.4</ele>
			<time>2026-05-21T23:57:00Z</time>
		</trkpt>
		<trkpt lat="59.5870833" lon="24.7679533">
			<ele>101.2</ele>
			<time>2026-05-21T23:57:01Z</time>
		</trkpt>
		<trkpt lat="59.5869883" lon="24.7680533">
			<ele>101</ele>
			<time>2026-05-21T23:57:02Z</time>
		</trkpt>
		<trkpt lat="59.5868933" lon="24.7681517">
			<ele>100.6</ele>
			<time>2026-05-21T23:57:03Z</time>
		</trkpt>
		<trkpt lat="59.5867967" lon="24.7682583">
			<ele>100.3</ele>
			<time>2026-05-21T23:57:04Z</time>
		</trkpt>
		<trkpt lat="59.5867033" lon="24.7683733">
			<ele>100.2</ele>
			<time>2026-05-21T23:57:05Z</time>
		</trkpt>
		<trkpt lat="59.58661" lon="24.7684917">
			<ele>100</ele>
			<time>2026-05-21T23:57:06Z</time>
		</trkpt>
		<trkpt lat="59.58652" lon="24.7686167">
			<ele>100.1</ele>
			<time>2026-05-21T23:57:07Z</time>
		</trkpt>
		<trkpt lat="59.5864333" lon="24.7687433">
			<ele>99.9</ele>
			<time>2026-05-21T23:57:08Z</time>
		</trkpt>
		<trkpt lat="59.5863433" lon="24.7688633">
			<ele>99.7</ele>
			<time>2026-05-21T23:57:09Z</time>
		</trkpt>
		<trkpt lat="59.5862567" lon="24.76898">
			<ele>99.2</ele>
			<time>2026-05-21T23:57:10Z</time>
		</trkpt>
		<trkpt lat="59.5861667" lon="24.76909">
			<ele>99.1</ele>
			<time>2026-05-21T23:57:11Z</time>
		</trkpt>
		<trkpt lat="59.586075" lon="24.7691933">
			<ele>98.7</ele>
			<time>2026-05-21T23:57:12Z</time>
		</trkpt>
		<trkpt lat="59.5859833" lon="24.7692983">
			<ele>98.5</ele>
			<time>2026-05-21T23:57:13Z</time>
		</trkpt>
		<trkpt lat="59.5858917" lon="24.7694083">
			<ele>98.3</ele>
			<time>2026-05-21T23:57:14Z</time>
		</trkpt>
		<trkpt lat="59.5858017" lon="24.769525">
			<ele>98.1</ele>
			<time>2026-05-21T23:57:15Z</time>
		</trkpt>
		<trkpt lat="59.5857133" lon="24.7696433">
			<ele>98.1</ele>
			<time>2026-05-21T23:57:16Z</time>
		</trkpt>
		<trkpt lat="59.5856283" lon="24.769765">
			<ele>97.8</ele>
			<time>2026-05-21T23:57:17Z</time>
		</trkpt>
		<trkpt lat="59.5855433" lon="24.76989">
			<ele>97.6</ele>
			<time>2026-05-21T23:57:18Z</time>
		</trkpt>
		<trkpt lat="59.5854617" lon="24.7700183">
			<ele>97.3</ele>
			<time>2026-05-21T23:57:19Z</time>
		</trkpt>
		<trkpt lat="59.5853783" lon="24.7701483">
			<ele>97.2</ele>
			<time>2026-05-21T23:57:20Z</time>
		</trkpt>
		<trkpt lat="59.5852967" lon="24.77027">
			<ele>96.7</ele>
			<time>2026-05-21T23:57:21Z</time>
		</trkpt>
		<trkpt lat="59.5852117" lon="24.7703767">
			<ele>96.3</ele>
			<time>2026-05-21T23:57:22Z</time>
		</trkpt>
		<trkpt lat="59.5851233" lon="24.77048">
			<ele>95.5</ele>
			<time>2026-05-21T23:57:23Z</time>
		</trkpt>
		<trkpt lat="59.5850317" lon="24.7705817">
			<ele>95.2</ele>
			<time>2026-05-21T23:57:24Z</time>
		</trkpt>
		<trkpt lat="59.584945" lon="24.7706933">
			<ele>95</ele>
			<time>2026-05-21T23:57:25Z</time>
		</trkpt>
		<trkpt lat="59.5848667" lon="24.7708217">
			<ele>94.9</ele>
			<time>2026-05-21T23:57:26Z</time>
		</trkpt>
		<trkpt lat="59.5847917" lon="24.77097">
			<ele>94.8</ele>
			<time>2026-05-21T23:57:27Z</time>
		</trkpt>
		<trkpt lat="59.5847217" lon="24.7711317">
			<ele>94.1</ele>
			<time>2026-05-21T23:57:28Z</time>
		</trkpt>
		<trkpt lat="59.584655" lon="24.77131">
			<ele>93.1</ele>
			<time>2026-05-21T23:57:29Z</time>
		</trkpt>
		<trkpt lat="59.5845867" lon="24.771495">
			<ele>92.3</ele>
			<time>2026-05-21T23:57:30Z</time>
		</trkpt>
		<trkpt lat="59.58452" lon="24.7716933">
			<ele>91.1</ele>
			<time>2026-05-21T23:57:31Z</time>
		</trkpt>
		<trkpt lat="59.5844567" lon="24.7719017">
			<ele>89.8</ele>
			<time>2026-05-21T23:57:32Z</time>
		</trkpt>
		<trkpt lat="59.5844" lon="24.772115">
			<ele>88.5</ele>
			<time>2026-05-21T23:57:33Z</time>
		</trkpt>
		<trkpt lat="59.5843483" lon="24.7723317">
			<ele>87.3</ele>
			<time>2026-05-21T23:57:34Z</time>
		</trkpt>
		<trkpt lat="59.584295" lon="24.7725483">
			<ele>86.5</ele>
			<time>2026-05-21T23:57:35Z</time>
		</trkpt>
		<trkpt lat="59.58424" lon="24.77276">
			<ele>85.8</ele>
			<time>2026-05-21T23:57:36Z</time>
		</trkpt>
		<trkpt lat="59.584185" lon="24.7729767">
			<ele>85</ele>
			<time>2026-05-21T23:57:37Z</time>
		</trkpt>
		<trkpt lat="59.5841317" lon="24.7731967">
			<ele>85.1</ele>
			<time>2026-05-21T23:57:38Z</time>
		</trkpt>
		<trkpt lat="59.5840867" lon="24.77341">
			<ele>85.8</ele>
			<time>2026-05-21T23:57:39Z</time>
		</trkpt>
		<trkpt lat="59.58405" lon="24.7736367">
			<ele>86.3</ele>
			<time>2026-05-21T23:57:40Z</time>
		</trkpt>
		<trkpt lat="59.584025" lon="24.7738667">
			<ele>86</ele>
			<time>2026-05-21T23:57:41Z</time>
		</trkpt>
		<trkpt lat="59.5840217" lon="24.77411">
			<ele>85.2</ele>
			<time>2026-05-21T23:57:42Z</time>
		</trkpt>
		<trkpt lat="59.5840467" lon="24.7743717">
			<ele>83.9</ele>
			<time>2026-05-21T23:57:43Z</time>
		</trkpt>
		<trkpt lat="59.5841033" lon="24.7746433">
			<ele>81.6</ele>
			<time>2026-05-21T23:57:44Z</time>
		</trkpt>
		<trkpt lat="59.584175" lon="24.7749117">
			<ele>79.4</ele>
			<time>2026-05-21T23:57:45Z</time>
		</trkpt>
		<trkpt lat="59.5842533" lon="24.7751733">
			<ele>78</ele>
			<time>2026-05-21T23:57:46Z</time>
		</trkpt>
		<trkpt lat="59.5843317" lon="24.7754283">
			<ele>77.3</ele>
			<time>2026-05-21T23:57:47Z</time>
		</trkpt>
		<trkpt lat="59.584405" lon="24.7756833">
			<ele>77.1</ele>
			<time>2026-05-21T23:57:48Z</time>
		</trkpt>
		<trkpt lat="59.58447" lon="24.775945">
			<ele>75.5</ele>
			<time>2026-05-21T23:57:49Z</time>
		</trkpt>
		<trkpt lat="59.5845333" lon="24.7762017">
			<ele>74.1</ele>
			<time>2026-05-21T23:57:50Z</time>
		</trkpt>
		<trkpt lat="59.5845967" lon="24.776445">
			<ele>71.7</ele>
			<time>2026-05-21T23:57:51Z</time>
		</trkpt>
		<trkpt lat="59.5846733" lon="24.7766833">
			<ele>71.2</ele>
			<time>2026-05-21T23:57:52Z</time>
		</trkpt>
		<trkpt lat="59.5847583" lon="24.77691">
			<ele>70.8</ele>
			<time>2026-05-21T23:57:53Z</time>
		</trkpt>
		<trkpt lat="59.58485" lon="24.7771383">
			<ele>70</ele>
			<time>2026-05-21T23:57:54Z</time>
		</trkpt>
		<trkpt lat="59.5849433" lon="24.7773717">
			<ele>68.4</ele>
			<time>2026-05-21T23:57:55Z</time>
		</trkpt>
		<trkpt lat="59.5850433" lon="24.7775867">
			<ele>68.8</ele>
			<time>2026-05-21T23:57:56Z</time>
		</trkpt>
		<trkpt lat="59.585145" lon="24.7778067">
			<ele>69.2</ele>
			<time>2026-05-21T23:57:57Z</time>
		</trkpt>
		<trkpt lat="59.5852517" lon="24.7780117">
			<ele>70.6</ele>
			<time>2026-05-21T23:57:58Z</time>
		</trkpt>
		<trkpt lat="59.585355" lon="24.7782017">
			<ele>70.5</ele>
			<time>2026-05-21T23:57:59Z</time>
		</trkpt>
		<trkpt lat="59.5854617" lon="24.7783833">
			<ele>70.1</ele>
			<time>2026-05-21T23:58:00Z</time>
		</trkpt>
		<trkpt lat="59.5855767" lon="24.7785583">
			<ele>70.8</ele>
			<time>2026-05-21T23:58:01Z</time>
		</trkpt>
		<trkpt lat="59.5857" lon="24.7787217">
			<ele>71.3</ele>
			<time>2026-05-21T23:58:02Z</time>
		</trkpt>
		<trkpt lat="59.5858283" lon="24.7788783">
			<ele>71.5</ele>
			<time>2026-05-21T23:58:03Z</time>
		</trkpt>
		<trkpt lat="59.5859617" lon="24.7790233">
			<ele>72.1</ele>
			<time>2026-05-21T23:58:04Z</time>
		</trkpt>
		<trkpt lat="59.5861017" lon="24.7791533">
			<ele>73</ele>
			<time>2026-05-21T23:58:05Z</time>
		</trkpt>
		<trkpt lat="59.5862433" lon="24.7792667">
			<ele>74.7</ele>
			<time>2026-05-21T23:58:06Z</time>
		</trkpt>
		<trkpt lat="59.5863883" lon="24.7793583">
			<ele>77.6</ele>
			<time>2026-05-21T23:58:07Z</time>
		</trkpt>
		<trkpt lat="59.5865333" lon="24.779435">
			<ele>80.2</ele>
			<time>2026-05-21T23:58:08Z</time>
		</trkpt>
		<trkpt lat="59.5866783" lon="24.7794933">
			<ele>81.9</ele>
			<time>2026-05-21T23:58:09Z</time>
		</trkpt>
		<trkpt lat="59.5868217" lon="24.779545">
			<ele>82.3</ele>
			<time>2026-05-21T23:58:10Z</time>
		</trkpt>
		<trkpt lat="59.586965" lon="24.7795883">
			<ele>82.2</ele>
			<time>2026-05-21T23:58:11Z</time>
		</trkpt>
		<trkpt lat="59.5871133" lon="24.779625">
			<ele>82.5</ele>
			<time>2026-05-21T23:58:12Z</time>
		</trkpt>
		<trkpt lat="59.58726" lon="24.779665">
			<ele>82.1</ele>
			<time>2026-05-21T23:58:13Z</time>
		</trkpt>
		<trkpt lat="59.5874067" lon="24.7797117">
			<ele>81.6</ele>
			<time>2026-05-21T23:58:14Z</time>
		</trkpt>
		<trkpt lat="59.5875533" lon="24.7797533">
			<ele>81.9</ele>
			<time>2026-05-21T23:58:15Z</time>
		</trkpt>
		<trkpt lat="59.5876983" lon="24.7797883">
			<ele>82.5</ele>
			<time>2026-05-21T23:58:16Z</time>
		</trkpt>
		<trkpt lat="59.5878417" lon="24.7798067">
			<ele>83.3</ele>
			<time>2026-05-21T23:58:17Z</time>
		</trkpt>
		<trkpt lat="59.5879867" lon="24.7798083">
			<ele>84.1</ele>
			<time>2026-05-21T23:58:18Z</time>
		</trkpt>
		<trkpt lat="59.5881317" lon="24.779795">
			<ele>84.5</ele>
			<time>2026-05-21T23:58:19Z</time>
		</trkpt>
		<trkpt lat="59.588275" lon="24.7797733">
			<ele>84.8</ele>
			<time>2026-05-21T23:58:20Z</time>
		</trkpt>
		<trkpt lat="59.58842" lon="24.779745">
			<ele>85.5</ele>
			<time>2026-05-21T23:58:21Z</time>
		</trkpt>
		<trkpt lat="59.58856" lon="24.7797083">
			<ele>85.9</ele>
			<time>2026-05-21T23:58:22Z</time>
		</trkpt>
		<trkpt lat="59.5886967" lon="24.7796617">
			<ele>86.2</ele>
			<time>2026-05-21T23:58:23Z</time>
		</trkpt>
		<trkpt lat="59.58883" lon="24.77961">
			<ele>86.5</ele>
			<time>2026-05-21T23:58:24Z</time>
		</trkpt>
		<trkpt lat="59.5889633" lon="24.77955">
			<ele>86.6</ele>
			<time>2026-05-21T23:58:25Z</time>
		</trkpt>
		<trkpt lat="59.589095" lon="24.7794833">
			<ele>86.8</ele>
			<time>2026-05-21T23:58:26Z</time>
		</trkpt>
		<trkpt lat="59.5892267" lon="24.7794167">
			<ele>86.5</ele>
			<time>2026-05-21T23:58:27Z</time>
		</trkpt>
		<trkpt lat="59.5893567" lon="24.7793483">
			<ele>86.4</ele>
			<time>2026-05-21T23:58:28Z</time>
		</trkpt>
		<trkpt lat="59.5894817" lon="24.779275">
			<ele>86.2</ele>
			<time>2026-05-21T23:58:29Z</time>
		</trkpt>
		<trkpt lat="59.5896017" lon="24.7791983">
			<ele>87.2</ele>
			<time>2026-05-21T23:58:30Z</time>
		</trkpt>
		<trkpt lat="59.58972" lon="24.779115">
			<ele>87.6</ele>
			<time>2026-05-21T23:58:31Z</time>
		</trkpt>
		<trkpt lat="59.589835" lon="24.7790333">
			<ele>86.9</ele>
			<time>2026-05-21T23:58:32Z</time>
		</trkpt>
		<trkpt lat="59.58995" lon="24.7789483">
			<ele>86.6</ele>
			<time>2026-05-21T23:58:33Z</time>
		</trkpt>
		<trkpt lat="59.5900683" lon="24.77886">
			<ele>86.1</ele>
			<time>2026-05-21T23:58:34Z</time>
		</trkpt>
		<trkpt lat="59.5901917" lon="24.7787867">
			<ele>85.9</ele>
			<time>2026-05-21T23:58:35Z</time>
		</trkpt>
		<trkpt lat="59.5903283" lon="24.7787867">
			<ele>84.6</ele>
			<time>2026-05-21T23:58:36Z</time>
		</trkpt>
		<trkpt lat="59.5904683" lon="24.77887">
			<ele>81.3</ele>
			<time>2026-05-21T23:58:37Z</time>
		</trkpt>
		<trkpt lat="59.5905933" lon="24.7790467">
			<ele>78.8</ele>
			<time>2026-05-21T23:58:38Z</time>
		</trkpt>
		<trkpt lat="59.5906767" lon="24.7793167">
			<ele>74.9</ele>
			<time>2026-05-21T23:58:39Z</time>
		</trkpt>
		<trkpt lat="59.5907083" lon="24.77962">
			<ele>71.6</ele>
			<time>2026-05-21T23:58:40Z</time>
		</trkpt>
		<trkpt lat="59.5906967" lon="24.7799167">
			<ele>69.2</ele>
			<time>2026-05-21T23:58:41Z</time>
		</trkpt>
		<trkpt lat="59.59065" lon="24.7801683">
			<ele>69.4</ele>
			<time>2026-05-21T23:58:42Z</time>
		</trkpt>
		<trkpt lat="59.5905833" lon="24.78038">
			<ele>70.6</ele>
			<time>2026-05-21T23:58:43Z</time>
		</trkpt>
		<trkpt lat="59.5905117" lon="24.7805583">
			<ele>71.3</ele>
			<time>2026-05-21T23:58:44Z</time>
		</trkpt>
		<trkpt lat="59.59044" lon="24.7807133">
			<ele>71.7</ele>
			<time>2026-05-21T23:58:45Z</time>
		</trkpt>
		<trkpt lat="59.590365" lon="24.780845">
			<ele>72.4</ele>
			<time>2026-05-21T23:58:46Z</time>
		</trkpt>
		<trkpt lat="59.5902817" lon="24.780955">
			<ele>72.9</ele>
			<time>2026-05-21T23:58:47Z</time>
		</trkpt>
		<trkpt lat="59.59019" lon="24.7810617">
			<ele>73.2</ele>
			<time>2026-05-21T23:58:48Z</time>
		</trkpt>
		<trkpt lat="59.5900967" lon="24.7811717">
			<ele>73.9</ele>
			<time>2026-05-21T23:58:49Z</time>
		</trkpt>
		<trkpt lat="59.590005" lon="24.7812967">
			<ele>74.8</ele>
			<time>2026-05-21T23:58:50Z</time>
		</trkpt>
		<trkpt lat="59.589915" lon="24.78143">
			<ele>76.1</ele>
			<time>2026-05-21T23:58:51Z</time>
		</trkpt>
		<trkpt lat="59.5898283" lon="24.78155">
			<ele>77.3</ele>
			<time>2026-05-21T23:58:52Z</time>
		</trkpt>
		<trkpt lat="59.5897383" lon="24.78165">
			<ele>78.4</ele>
			<time>2026-05-21T23:58:53Z</time>
		</trkpt>
		<trkpt lat="59.5896467" lon="24.7817217">
			<ele>79.6</ele>
			<time>2026-05-21T23:58:54Z</time>
		</trkpt>
		<trkpt lat="59.5895533" lon="24.7817767">
			<ele>80.8</ele>
			<time>2026-05-21T23:58:55Z</time>
		</trkpt>
		<trkpt lat="59.58946" lon="24.7818383">
			<ele>81.7</ele>
			<time>2026-05-21T23:58:56Z</time>
		</trkpt>
		<trkpt lat="59.5893683" lon="24.7819067">
			<ele>82.7</ele>
			<time>2026-05-21T23:58:57Z</time>
		</trkpt>
		<trkpt lat="59.589275" lon="24.7819883">
			<ele>83.7</ele>
			<time>2026-05-21T23:58:58Z</time>
		</trkpt>
		<trkpt lat="59.5891833" lon="24.782075">
			<ele>84.9</ele>
			<time>2026-05-21T23:58:59Z</time>
		</trkpt>
		<trkpt lat="59.58909" lon="24.7821617">
			<ele>85.7</ele>
			<time>2026-05-21T23:59:00Z</time>
		</trkpt>
		<trkpt lat="59.5890017" lon="24.782245">
			<ele>86.6</ele>
			<time>2026-05-21T23:59:01Z</time>
		</trkpt>
		<trkpt lat="59.588915" lon="24.7823383">
			<ele>87.2</ele>
			<time>2026-05-21T23:59:02Z</time>
		</trkpt>
		<trkpt lat="59.5888283" lon="24.7824433">
			<ele>87.6</ele>
			<time>2026-05-21T23:59:03Z</time>
		</trkpt>
		<trkpt lat="59.58874" lon="24.7825583">
			<ele>87.5</ele>
			<time>2026-05-21T23:59:04Z</time>
		</trkpt>
		<trkpt lat="59.5886517" lon="24.78268">
			<ele>87.1</ele>
			<time>2026-05-21T23:59:05Z</time>
		</trkpt>
		<trkpt lat="59.588565" lon="24.7828033">
			<ele>86.5</ele>
			<time>2026-05-21T23:59:06Z</time>
		</trkpt>
		<trkpt lat="59.5884767" lon="24.7829267">
			<ele>86.6</ele>
			<time>2026-05-21T23:59:07Z</time>
		</trkpt>
		<trkpt lat="59.5883933" lon="24.7830567">
			<ele>86.8</ele>
			<time>2026-05-21T23:59:08Z</time>
		</trkpt>
		<trkpt lat="59.5883117" lon="24.7831917">
			<ele>87</ele>
			<time>2026-05-21T23:59:09Z</time>
		</trkpt>
		<trkpt lat="59.588235" lon="24.7833317">
			<ele>87.1</ele>
			<time>2026-05-21T23:59:10Z</time>
		</trkpt>
		<trkpt lat="59.5881583" lon="24.7834717">
			<ele>87.4</ele>
			<time>2026-05-21T23:59:11Z</time>
		</trkpt>
		<trkpt lat="59.588075" lon="24.78361">
			<ele>87.2</ele>
			<time>2026-05-21T23:59:12Z</time>
		</trkpt>
		<trkpt lat="59.58799" lon="24.783745">
			<ele>86.7</ele>
			<time>2026-05-21T23:59:13Z</time>
		</trkpt>
		<trkpt lat="59.5879033" lon="24.7838683">
			<ele>86.6</ele>
			<time>2026-05-21T23:59:14Z</time>
		</trkpt>
		<trkpt lat="59.5878183" lon="24.7839733">
			<ele>86</ele>
			<time>2026-05-21T23:59:15Z</time>
		</trkpt>
		<trkpt lat="59.5877317" lon="24.7840617">
			<ele>85.6</ele>
			<time>2026-05-21T23:59:16Z</time>
		</trkpt>
		<trkpt lat="59.5876433" lon="24.784145">
			<ele>85.5</ele>
			<time>2026-05-21T23:59:17Z</time>
		</trkpt>
		<trkpt lat="59.5875583" lon="24.7842383">
			<ele>85.2</ele>
			<time>2026-05-21T23:59:18Z</time>
		</trkpt>
		<trkpt lat="59.587475" lon="24.784335">
			<ele>85.1</ele>
			<time>2026-05-21T23:59:19Z</time>
		</trkpt>
		<trkpt lat="59.58739" lon="24.7844383">
			<ele>84.9</ele>
			<time>2026-05-21T23:59:20Z</time>
		</trkpt>
		<trkpt lat="59.587305" lon="24.7845467">
			<ele>84.5</ele>
			<time>2026-05-21T23:59:21Z</time>
		</trkpt>
		<trkpt lat="59.5872183" lon="24.7846583">
			<ele>84.6</ele>
			<time>2026-05-21T23:59:22Z</time>
		</trkpt>
		<trkpt lat="59.58713" lon="24.7847833">
			<ele>84.6</ele>
			<time>2026-05-21T23:59:23Z</time>
		</trkpt>
		<trkpt lat="59.5870483" lon="24.7849217">
			<ele>85.1</ele>
			<time>2026-05-21T23:59:24Z</time>
		</trkpt>
		<trkpt lat="59.58697" lon="24.785075">
			<ele>85.3</ele>
			<time>2026-05-21T23:59:25Z</time>
		</trkpt>
		<trkpt lat="59.5868983" lon="24.785235">
			<ele>85.5</ele>
			<time>2026-05-21T23:59:26Z</time>
		</trkpt>
		<trkpt lat="59.5868267" lon="24.7854067">
			<ele>85.2</ele>
			<time>2026-05-21T23:59:27Z</time>
		</trkpt>
		<trkpt lat="59.58676" lon="24.7855817">
			<ele>85</ele>
			<time>2026-05-21T23:59:28Z</time>
		</trkpt>
		<trkpt lat="59.5866933" lon="24.7857567">
			<ele>84.8</ele>
			<time>2026-05-21T23:59:29Z</time>
		</trkpt>
		<trkpt lat="59.586625" lon="24.78592">
			<ele>84.4</ele>
			<time>2026-05-21T23:59:30Z</time>
		</trkpt>
		<trkpt lat="59.5865467" lon="24.7860483">
			<ele>83.9</ele>
			<time>2026-05-21T23:59:31Z</time>
		</trkpt>
		<trkpt lat="59.5864583" lon="24.7861283">
			<ele>83.3</ele>
			<time>2026-05-21T23:59:32Z</time>
		</trkpt>
		<trkpt lat="59.586365" lon="24.7861533">
			<ele>83.2</ele>
			<time>2026-05-21T23:59:33Z</time>
		</trkpt>
		<trkpt lat="59.5862717" lon="24.7861517">
			<ele>83.3</ele>
			<time>2026-05-21T23:59:34Z</time>
		</trkpt>
		<trkpt lat="59.5861817" lon="24.7861417">
			<ele>83.6</ele>
			<time>2026-05-21T23:59:35Z</time>
		</trkpt>
		<trkpt lat="59.586095" lon="24.7861217">
			<ele>83.8</ele>
			<time>2026-05-21T23:59:36Z</time>
		</trkpt>
		<trkpt lat="59.5860133" lon="24.7860917">
			<ele>83.6</ele>
			<time>2026-05-21T23:59:37Z</time>
		</trkpt>
		<trkpt lat="59.5859367" lon="24.7860467">
			<ele>83.4</ele>
			<time>2026-05-21T23:59:38Z</time>
		</trkpt>
		<trkpt lat="59.58586" lon="24.78599">
			<ele>83.2</ele>
			<time>2026-05-21T23:59:39Z</time>
		</trkpt>
		<trkpt lat="59.5857833" lon="24.7859267">
			<ele>83</ele>
			<time>2026-05-21T23:59:40Z</time>
		</trkpt>
		<trkpt lat="59.5857033" lon="24.7858683">
			<ele>82.8</ele>
			<time>2026-05-21T23:59:41Z</time>
		</trkpt>
		<trkpt lat="59.5856217" lon="24.7858117">
			<ele>82.9</ele>
			<time>2026-05-21T23:59:42Z</time>
		</trkpt>
		<trkpt lat="59.5855383" lon="24.785765">
			<ele>82.8</ele>
			<time>2026-05-21T23:59:43Z</time>
		</trkpt>
		<trkpt lat="59.5854533" lon="24.7857217">
			<ele>82.7</ele>
			<time>2026-05-21T23:59:44Z</time>
		</trkpt>
		<trkpt lat="59.5853683" lon="24.7856783">
			<ele>82.3</ele>
			<time>2026-05-21T23:59:45Z</time>
		</trkpt>
		<trkpt lat="59.585285" lon="24.7856283">
			<ele>82</ele>
			<time>2026-05-21T23:59:46Z</time>
		</trkpt>
		<trkpt lat="59.5852017" lon="24.7855717">
			<ele>81.7</ele>
			<time>2026-05-21T23:59:47Z</time>
		</trkpt>
		<trkpt lat="59.5851183" lon="24.7855133">
			<ele>81.1</ele>
			<time>2026-05-21T23:59:48Z</time>
		</trkpt>
		<trkpt lat="59.585035" lon="24.7854417">
			<ele>80.7</ele>
			<time>2026-05-21T23:59:49Z</time>
		</trkpt>
		<trkpt lat="59.5849533" lon="24.78536">
			<ele>80.9</ele>
			<time>2026-05-21T23:59:50Z</time>
		</trkpt>
		<trkpt lat="59.5848767" lon="24.785265">
			<ele>81</ele>
			<time>2026-05-21T23:59:51Z</time>
		</trkpt>
		<trkpt lat="59.584805" lon="24.78516">
			<ele>81.3</ele>
			<time>2026-05-21T23:59:52Z</time>
		</trkpt>
		<trkpt lat="59.5847367" lon="24.7850467">
			<ele>81.8</ele>
			<time>2026-05-21T23:59:53Z</time>
		</trkpt>
		<trkpt lat="59.5846733" lon="24.7849317">
			<ele>82.1</ele>
			<time>2026-05-21T23:59:54Z</time>
		</trkpt>
		<trkpt lat="59.584615" lon="24.7848167">
			<ele>82.3</ele>
			<time>2026-05-21T23:59:55Z</time>
		</trkpt>
		<trkpt lat="59.58456" lon="24.7847033">
			<ele>82.2</ele>
			<time>2026-05-21T23:59:56Z</time>
		</trkpt>
		<trkpt lat="59.5845017" lon="24.7845817">
			<ele>82.1</ele>
			<time>2026-05-21T23:59:57Z</time>
		</trkpt>
		<trkpt lat="59.5844417" lon="24.7844583">
			<ele>82.1</ele>
			<time>2026-05-21T23:59:58Z</time>
		</trkpt>
		<trkpt lat="59.5843817" lon="24.7843333">
			<ele>82.3</ele>
			<time>2026-05-21T23:59:59Z</time>
		</trkpt>
		<trkpt lat="59.58432" lon="24.7842083">
			<ele>82.5</ele>
			<time>2026-05-22T00:00:00Z</time>
		</trkpt>
		<trkpt lat="59.58426" lon="24.7840833">
			<ele>82.7</ele>
			<time>2026-05-22T00:00:01Z</time>
		</trkpt>
		<trkpt lat="59.5841983" lon="24.7839667">
			<ele>83</ele>
			<time>2026-05-22T00:00:02Z</time>
		</trkpt>
		<trkpt lat="59.5841367" lon="24.783855">
			<ele>83.5</ele>
			<time>2026-05-22T00:00:03Z</time>
		</trkpt>
		<trkpt lat="59.5840717" lon="24.7837417">
			<ele>84.1</ele>
			<time>2026-05-22T00:00:04Z</time>
		</trkpt>
		<trkpt lat="59.5840067" lon="24.7836283">
			<ele>84.5</ele>
			<time>2026-05-22T00:00:05Z</time>
		</trkpt>
		<trkpt lat="59.5839433" lon="24.7835133">
			<ele>84.9</ele>
			<time>2026-05-22T00:00:06Z</time>
		</trkpt>
		<trkpt lat="59.5838783" lon="24.7834017">
			<ele>85</ele>
			<time>2026-05-22T00:00:07Z</time>
		</trkpt>
		<trkpt lat="59.5838133" lon="24.7832917">
			<ele>85.3</ele>
			<time>2026-05-22T00:00:08Z</time>
		</trkpt>
		<trkpt lat="59.5837467" lon="24.7831833">
			<ele>85.5</ele>
			<time>2026-05-22T00:00:09Z</time>
		</trkpt>
		<trkpt lat="59.58368" lon="24.7830767">
			<ele>85.7</ele>
			<time>2026-05-22T00:00:10Z</time>
		</trkpt>
		<trkpt lat="59.5836133" lon="24.7829717">
			<ele>85.9</ele>
			<time>2026-05-22T00:00:11Z</time>
		</trkpt>
		<trkpt lat="59.5835467" lon="24.7828633">
			<ele>86.1</ele>
			<time>2026-05-22T00:00:12Z</time>
		</trkpt>
		<trkpt lat="59.5834783" lon="24.782755">
			<ele>86.2</ele>
			<time>2026-05-22T00:00:13Z</time>
		</trkpt>
		<trkpt lat="59.5834083" lon="24.7826483">
			<ele>86</ele>
			<time>2026-05-22T00:00:14Z</time>
		</trkpt>
		<trkpt lat="59.5833383" lon="24.7825433">
			<ele>86.4</ele>
			<time>2026-05-22T00:00:15Z</time>
		</trkpt>
		<trkpt lat="59.5832717" lon="24.782435">
			<ele>86.6</ele>
			<time>2026-05-22T00:00:16Z</time>
		</trkpt>
		<trkpt lat="59.5832083" lon="24.78232">
			<ele>86.6</ele>
			<time>2026-05-22T00:00:17Z</time>
		</trkpt>
		<trkpt lat="59.583145" lon="24.7822017">
			<ele>87.2</ele>
			<time>2026-05-22T00:00:18Z</time>
		</trkpt>
		<trkpt lat="59.5830867" lon="24.7820817">
			<ele>87.5</ele>
			<time>2026-05-22T00:00:19Z</time>
		</trkpt>
		<trkpt lat="59.5830283" lon="24.7819633">
			<ele>87.8</ele>
			<time>2026-05-22T00:00:20Z</time>
		</trkpt>
		<trkpt lat="59.5829717" lon="24.78184">
			<ele>88.1</ele>
			<time>2026-05-22T00:00:21Z</time>
		</trkpt>
		<trkpt lat="59.5829167" lon="24.7817067">
			<ele>88</ele>
			<time>2026-05-22T00:00:22Z</time>
		</trkpt>
		<trkpt lat="59.58286" lon="24.7815683">
			<ele>87.8</ele>
			<time>2026-05-22T00:00:23Z</time>
		</trkpt>
		<trkpt lat="59.582805" lon="24.78143">
			<ele>87.5</ele>
			<time>2026-05-22T00:00:24Z</time>
		</trkpt>
		<trkpt lat="59.5827433" lon="24.7812917">
			<ele>87.4</ele>
			<time>2026-05-22T00:00:25Z</time>
		</trkpt>
		<trkpt lat="59.5826767" lon="24.7811467">
			<ele>86.6</ele>
			<time>2026-05-22T00:00:26Z</time>
		</trkpt>
		<trkpt lat="59.582605" lon="24.780995">
			<ele>85.3</ele>
			<time>2026-05-22T00:00:27Z</time>
		</trkpt>
		<trkpt lat="59.5825283" lon="24.7808367">
			<ele>84.1</ele>
			<time>2026-05-22T00:00:28Z</time>
		</trkpt>
		<trkpt lat="59.5824483" lon="24.780675">
			<ele>82.7</ele>
			<time>2026-05-22T00:00:29Z</time>
		</trkpt>
		<trkpt lat="59.5823667" lon="24.7805233">
			<ele>81.5</ele>
			<time>2026-05-22T00:00:30Z</time>
		</trkpt>
		<trkpt lat="59.5822833" lon="24.7803767">
			<ele>80.5</ele>
			<time>2026-05-22T00:00:31Z</time>
		</trkpt>
		<trkpt lat="59.5822033" lon="24.7802383">
			<ele>79.4</ele>
			<time>2026-05-22T00:00:32Z</time>
		</trkpt>
		<trkpt lat="59.5821217" lon="24.7801033">
			<ele>78.4</ele>
			<time>2026-05-22T00:00:33Z</time>
		</trkpt>
		<trkpt lat="59.5820367" lon="24.7799733">
			<ele>77.4</ele>
			<time>2026-05-22T00:00:34Z</time>
		</trkpt>
		<trkpt lat="59.5819533" lon="24.7798483">
			<ele>76.6</ele>
			<time>2026-05-22T00:00:35Z</time>
		</trkpt>
		<trkpt lat="59.5818683" lon="24.779725">
			<ele>76</ele>
			<time>2026-05-22T00:00:36Z</time>
		</trkpt>
		<trkpt lat="59.5817817" lon="24.7796033">
			<ele>75.2</ele>
			<time>2026-05-22T00:00:37Z</time>
		</trkpt>
		<trkpt lat="59.581695" lon="24.7794867">
			<ele>74.5</ele>
			<time>2026-05-22T00:00:38Z</time>
		</trkpt>
		<trkpt lat="59.5816133" lon="24.7793783">
			<ele>74.2</ele>
			<time>2026-05-22T00:00:39Z</time>
		</trkpt>
		<trkpt lat="59.5815317" lon="24.7792867">
			<ele>75.2</ele>
			<time>2026-05-22T00:00:40Z</time>
		</trkpt>
		<trkpt lat="59.5814583" lon="24.77921">
			<ele>76</ele>
			<time>2026-05-22T00:00:41Z</time>
		</trkpt>
		<trkpt lat="59.581385" lon="24.7791483">
			<ele>75.9</ele>
			<time>2026-05-22T00:00:42Z</time>
		</trkpt>
		<trkpt lat="59.58131" lon="24.779095">
			<ele>75.6</ele>
			<time>2026-05-22T00:00:43Z</time>
		</trkpt>
		<trkpt lat="59.5812317" lon="24.7790383">
			<ele>75.3</ele>
			<time>2026-05-22T00:00:44Z</time>
		</trkpt>
		<trkpt lat="59.5811417" lon="24.778975">
			<ele>75.1</ele>
			<time>2026-05-22T00:00:45Z</time>
		</trkpt>
		<trkpt lat="59.5810467" lon="24.778905">
			<ele>75.3</ele>
			<time>2026-05-22T00:00:46Z</time>
		</trkpt>
		<trkpt lat="59.58095" lon="24.7788367">
			<ele>76.6</ele>
			<time>2026-05-22T00:00:47Z</time>
		</trkpt>
		<trkpt lat="59.580855" lon="24.7787817">
			<ele>78.2</ele>
			<time>2026-05-22T00:00:48Z</time>
		</trkpt>
		<trkpt lat="59.5807617" lon="24.7787483">
			<ele>79.2</ele>
			<time>2026-05-22T00:00:49Z</time>
		</trkpt>
		<trkpt lat="59.580675" lon="24.7787333">
			<ele>79.4</ele>
			<time>2026-05-22T00:00:50Z</time>
		</trkpt>
		<trkpt lat="59.580585" lon="24.7787283">
			<ele>79.8</ele>
			<time>2026-05-22T00:00:51Z</time>
		</trkpt>
		<trkpt lat="59.5804917" lon="24.77872">
			<ele>80</ele>
			<time>2026-05-22T00:00:52Z</time>
		</trkpt>
		<trkpt lat="59.5803967" lon="24.778715">
			<ele>80.1</ele>
			<time>2026-05-22T00:00:53Z</time>
		</trkpt>
		<trkpt lat="59.5803033" lon="24.7787083">
			<ele>80.2</ele>
			<time>2026-05-22T00:00:54Z</time>
		</trkpt>
		<trkpt lat="59.5802067" lon="24.7787083">
			<ele>80.6</ele>
			<time>2026-05-22T00:00:55Z</time>
		</trkpt>
		<trkpt lat="59.5801117" lon="24.7787133">
			<ele>81.3</ele>
			<time>2026-05-22T00:00:56Z</time>
		</trkpt>
		<trkpt lat="59.5800167" lon="24.7787183">
			<ele>82</ele>
			<time>2026-05-22T00:00:57Z</time>
		</trkpt>
		<trkpt lat="59.5799217" lon="24.7787267">
			<ele>82.5</ele>
			<time>2026-05-22T00:00:58Z</time>
		</trkpt>
		<trkpt lat="59.5798283" lon="24.778745">
			<ele>82.4</ele>
			<time>2026-05-22T00:00:59Z</time>
		</trkpt>
		<trkpt lat="59.5797333" lon="24.7787733">
			<ele>82.5</ele>
			<time>2026-05-22T00:01:00Z</time>
		</trkpt>
		<trkpt lat="59.57964" lon="24.7788183">
			<ele>82.6</ele>
			<time>2026-05-22T00:01:01Z</time>
		</trkpt>
		<trkpt lat="59.5795433" lon="24.7788833">
			<ele>81.8</ele>
			<time>2026-05-22T00:01:02Z</time>
		</trkpt>
		<trkpt lat="59.5794467" lon="24.778965">
			<ele>81.2</ele>
			<time>2026-05-22T00:01:03Z</time>
		</trkpt>
		<trkpt lat="59.5793567" lon="24.7790633">
			<ele>81</ele>
			<time>2026-05-22T00:01:04Z</time>
		</trkpt>
		<trkpt lat="59.5792683" lon="24.7791733">
			<ele>81.2</ele>
			<time>2026-05-22T00:01:05Z</time>
		</trkpt>
		<trkpt lat="59.5791833" lon="24.7792967">
			<ele>81.6</ele>
			<time>2026-05-22T00:01:06Z</time>
		</trkpt>
		<trkpt lat="59.5791" lon="24.7794267">
			<ele>81.9</ele>
			<time>2026-05-22T00:01:07Z</time>
		</trkpt>
		<trkpt lat="59.5790183" lon="24.7795683">
			<ele>82.6</ele>
			<time>2026-05-22T00:01:08Z</time>
		</trkpt>
		<trkpt lat="59.5789383" lon="24.779715">
			<ele>83.3</ele>
			<time>2026-05-22T00:01:09Z</time>
		</trkpt>
		<trkpt lat="59.5788567" lon="24.7798583">
			<ele>84.2</ele>
			<time>2026-05-22T00:01:10Z</time>
		</trkpt>
		<trkpt lat="59.5787767" lon="24.779995">
			<ele>84.9</ele>
			<time>2026-05-22T00:01:11Z</time>
		</trkpt>
		<trkpt lat="59.5786933" lon="24.7801083">
			<ele>85.5</ele>
			<time>2026-05-22T00:01:12Z</time>
		</trkpt>
		<trkpt lat="59.578605" lon="24.7802">
			<ele>86.2</ele>
			<time>2026-05-22T00:01:13Z</time>
		</trkpt>
		<trkpt lat="59.5785133" lon="24.7802883">
			<ele>86.7</ele>
			<time>2026-05-22T00:01:14Z</time>
		</trkpt>
		<trkpt lat="59.57842" lon="24.7803767">
			<ele>86.9</ele>
			<time>2026-05-22T00:01:15Z</time>
		</trkpt>
		<trkpt lat="59.5783283" lon="24.7804667">
			<ele>87.2</ele>
			<time>2026-05-22T00:01:16Z</time>
		</trkpt>
		<trkpt lat="59.5782383" lon="24.7805617">
			<ele>87.5</ele>
			<time>2026-05-22T00:01:17Z</time>
		</trkpt>
		<trkpt lat="59.5781467" lon="24.78066">
			<ele>87.8</ele>
			<time>2026-05-22T00:01:18Z</time>
		</trkpt>
		<trkpt lat="59.5780567" lon="24.7807567">
			<ele>88.2</ele>
			<time>2026-05-22T00:01:19Z</time>
		</trkpt>
		<trkpt lat="59.5779667" lon="24.7808533">
			<ele>88.3</ele>
			<time>2026-05-22T00:01:20Z</time>
		</trkpt>
		<trkpt lat="59.5778783" lon="24.7809583">
			<ele>88.4</ele>
			<time>2026-05-22T00:01:21Z</time>
		</trkpt>
		<trkpt lat="59.57779" lon="24.7810667">
			<ele>88.7</ele>
			<time>2026-05-22T00:01:22Z</time>
		</trkpt>
		<trkpt lat="59.5777033" lon="24.7811833">
			<ele>88.8</ele>
			<time>2026-05-22T00:01:23Z</time>
		</trkpt>
		<trkpt lat="59.577615" lon="24.7813033">
			<ele>89.1</ele>
			<time>2026-05-22T00:01:24Z</time>
		</trkpt>
		<trkpt lat="59.5775267" lon="24.7814233">
			<ele>89.6</ele>
			<time>2026-05-22T00:01:25Z</time>
		</trkpt>
		<trkpt lat="59.57744" lon="24.781545">
			<ele>90.2</ele>
			<time>2026-05-22T00:01:26Z</time>
		</trkpt>
		<trkpt lat="59.5773517" lon="24.781675">
			<ele>90.5</ele>
			<time>2026-05-22T00:01:27Z</time>
		</trkpt>
		<trkpt lat="59.5772683" lon="24.7818133">
			<ele>90.7</ele>
			<time>2026-05-22T00:01:28Z</time>
		</trkpt>
		<trkpt lat="59.5771867" lon="24.78196">
			<ele>90.9</ele>
			<time>2026-05-22T00:01:29Z</time>
		</trkpt>
		<trkpt lat="59.5771067" lon="24.782115">
			<ele>91.1</ele>
			<time>2026-05-22T00:01:30Z</time>
		</trkpt>
		<trkpt lat="59.5770283" lon="24.7822767">
			<ele>91.3</ele>
			<time>2026-05-22T00:01:31Z</time>
		</trkpt>
		<trkpt lat="59.5769483" lon="24.7824383">
			<ele>91.4</ele>
			<time>2026-05-22T00:01:32Z</time>
		</trkpt>
		<trkpt lat="59.5768633" lon="24.78259">
			<ele>91.3</ele>
			<time>2026-05-22T00:01:33Z</time>
		</trkpt>
		<trkpt lat="59.5767767" lon="24.7827317">
			<ele>91.7</ele>
			<time>2026-05-22T00:01:34Z</time>
		</trkpt>
		<trkpt lat="59.57669" lon="24.782865">
			<ele>92.4</ele>
			<time>2026-05-22T00:01:35Z</time>
		</trkpt>
		<trkpt lat="59.5766017" lon="24.7829883">
			<ele>92.9</ele>
			<time>2026-05-22T00:01:36Z</time>
		</trkpt>
		<trkpt lat="59.5765167" lon="24.7831067">
			<ele>93.6</ele>
			<time>2026-05-22T00:01:37Z</time>
		</trkpt>
		<trkpt lat="59.57643" lon="24.7832183">
			<ele>94.3</ele>
			<time>2026-05-22T00:01:38Z</time>
		</trkpt>
		<trkpt lat="59.576345" lon="24.7833433">
			<ele>94.9</ele>
			<time>2026-05-22T00:01:39Z</time>
		</trkpt>
		<trkpt lat="59.5762617" lon="24.7834817">
			<ele>95.7</ele>
			<time>2026-05-22T00:01:40Z</time>
		</trkpt>
		<trkpt lat="59.5761833" lon="24.7836383">
			<ele>96.4</ele>
			<time>2026-05-22T00:01:41Z</time>
		</trkpt>
		<trkpt lat="59.57611" lon="24.7838183">
			<ele>96.9</ele>
			<time>2026-05-22T00:01:42Z</time>
		</trkpt>
		<trkpt lat="59.5760433" lon="24.7840133">
			<ele>97.3</ele>
			<time>2026-05-22T00:01:43Z</time>
		</trkpt>
		<trkpt lat="59.5759767" lon="24.7842117">
			<ele>96.9</ele>
			<time>2026-05-22T00:01:44Z</time>
		</trkpt>
		<trkpt lat="59.5759117" lon="24.7844067">
			<ele>97.1</ele>
			<time>2026-05-22T00:01:45Z</time>
		</trkpt>
		<trkpt lat="59.5758467" lon="24.7846">
			<ele>97.3</ele>
			<time>2026-05-22T00:01:46Z</time>
		</trkpt>
		<trkpt lat="59.5757833" lon="24.7847933">
			<ele>97.5</ele>
			<time>2026-05-22T00:01:47Z</time>
		</trkpt>
		<trkpt lat="59.5757183" lon="24.7849867">
			<ele>97.8</ele>
			<time>2026-05-22T00:01:48Z</time>
		</trkpt>
		<trkpt lat="59.57565" lon="24.7851783">
			<ele>98.2</ele>
			<time>2026-05-22T00:01:49Z</time>
		</trkpt>
		<trkpt lat="59.5755783" lon="24.785365">
			<ele>98.4</ele>
			<time>2026-05-22T00:01:50Z</time>
		</trkpt>
		<trkpt lat="59.5755067" lon="24.7855483">
			<ele>99.1</ele>
			<time>2026-05-22T00:01:51Z</time>
		</trkpt>
		<trkpt lat="59.5754367" lon="24.78573">
			<ele>99.6</ele>
			<time>2026-05-22T00:01:52Z</time>
		</trkpt>
		<trkpt lat="59.5753717" lon="24.7859117">
			<ele>100</ele>
			<time>2026-05-22T00:01:53Z</time>
		</trkpt>
		<trkpt lat="59.5753033" lon="24.7860983">
			<ele>100</ele>
			<time>2026-05-22T00:01:54Z</time>
		</trkpt>
		<trkpt lat="59.5752333" lon="24.7862833">
			<ele>99.7</ele>
			<time>2026-05-22T00:01:55Z</time>
		</trkpt>
		<trkpt lat="59.57516" lon="24.786465">
			<ele>99.6</ele>
			<time>2026-05-22T00:01:56Z</time>
		</trkpt>
		<trkpt lat="59.5750833" lon="24.786635">
			<ele>99.8</ele>
			<time>2026-05-22T00:01:57Z</time>
		</trkpt>
		<trkpt lat="59.5750017" lon="24.7867833">
			<ele>100.2</ele>
			<time>2026-05-22T00:01:58Z</time>
		</trkpt>
		<trkpt lat="59.574915" lon="24.7869167">
			<ele>100.7</ele>
			<time>2026-05-22T00:01:59Z</time>
		</trkpt>
		<trkpt lat="59.5748317" lon="24.7870533">
			<ele>101.2</ele>
			<time>2026-05-22T00:02:00Z</time>
		</trkpt>
		<trkpt lat="59.5747533" lon="24.7872017">
			<ele>101.3</ele>
			<time>2026-05-22T00:02:01Z</time>
		</trkpt>
		<trkpt lat="59.5746783" lon="24.7873583">
			<ele>101.6</ele>
			<time>2026-05-22T00:02:02Z</time>
		</trkpt>
		<trkpt lat="59.574605" lon="24.78752">
			<ele>101.7</ele>
			<time>2026-05-22T00:02:03Z</time>
		</trkpt>
		<trkpt lat="59.5745317" lon="24.78768">
			<ele>101.8</ele>
			<time>2026-05-22T00:02:04Z</time>
		</trkpt>
		<trkpt lat="59.574455" lon="24.78784">
			<ele>101.7</ele>
			<time>2026-05-22T00:02:05Z</time>
		</trkpt>
		<trkpt lat="59.57438" lon="24.7880017">
			<ele>101.9</ele>
			<time>2026-05-22T00:02:06Z</time>
		</trkpt>
		<trkpt lat="59.5743017" lon="24.7881683">
			<ele>101.9</ele>
			<time>2026-05-22T00:02:07Z</time>
		</trkpt>
		<trkpt lat="59.5742233" lon="24.7883367">
			<ele>102.2</ele>
			<time>2026-05-22T00:02:08Z</time>
		</trkpt>
		<trkpt lat="59.5741467" lon="24.7885033">
			<ele>102.4</ele>
			<time>2026-05-22T00:02:09Z</time>
		</trkpt>
		<trkpt lat="59.57407" lon="24.7886633">
			<ele>102.7</ele>
			<time>2026-05-22T00:02:10Z</time>
		</trkpt>
		<trkpt lat="59.5739933" lon="24.7888183">
			<ele>103</ele>
			<time>2026-05-22T00:02:11Z</time>
		</trkpt>
		<trkpt lat="59.5739133" lon="24.7889683">
			<ele>103.1</ele>
			<time>2026-05-22T00:02:12Z</time>
		</trkpt>
		<trkpt lat="59.5738317" lon="24.789115">
			<ele>103.3</ele>
			<time>2026-05-22T00:02:13Z</time>
		</trkpt>
		<trkpt lat="59.573745" lon="24.7892617">
			<ele>103.4</ele>
			<time>2026-05-22T00:02:14Z</time>
		</trkpt>
		<trkpt lat="59.5736567" lon="24.78941">
			<ele>103.7</ele>
			<time>2026-05-22T00:02:15Z</time>
		</trkpt>
		<trkpt lat="59.5735667" lon="24.7895533">
			<ele>104</ele>
			<time>2026-05-22T00:02:16Z</time>
		</trkpt>
		<trkpt lat="59.5734783" lon="24.7896983">
			<ele>104.2</ele>
			<time>2026-05-22T00:02:17Z</time>
		</trkpt>
		<trkpt lat="59.5733917" lon="24.7898483">
			<ele>104.7</ele>
			<time>2026-05-22T00:02:18Z</time>
		</trkpt>
		<trkpt lat="59.5733067" lon="24.7900083">
			<ele>104.9</ele>
			<time>2026-05-22T00:02:19Z</time>
		</trkpt>
		<trkpt lat="59.573225" lon="24.7901717">
			<ele>104.8</ele>
			<time>2026-05-22T00:02:20Z</time>
		</trkpt>
		<trkpt lat="59.5731467" lon="24.79034">
			<ele>105.2</ele>
			<time>2026-05-22T00:02:21Z</time>
		</trkpt>
		<trkpt lat="59.57307" lon="24.79052">
			<ele>105.5</ele>
			<time>2026-05-22T00:02:22Z</time>
		</trkpt>
		<trkpt lat="59.5729983" lon="24.7907017">
			<ele>106.1</ele>
			<time>2026-05-22T00:02:23Z</time>
		</trkpt>
		<trkpt lat="59.5729283" lon="24.79089">
			<ele>106.8</ele>
			<time>2026-05-22T00:02:24Z</time>
		</trkpt>
		<trkpt lat="59.5728567" lon="24.7910767">
			<ele>107.3</ele>
			<time>2026-05-22T00:02:25Z</time>
		</trkpt>
		<trkpt lat="59.572785" lon="24.7912617">
			<ele>107.8</ele>
			<time>2026-05-22T00:02:26Z</time>
		</trkpt>
		<trkpt lat="59.5727067" lon="24.7914417">
			<ele>108</ele>
			<time>2026-05-22T00:02:27Z</time>
		</trkpt>
		<trkpt lat="59.5726267" lon="24.791605">
			<ele>107.5</ele>
			<time>2026-05-22T00:02:28Z</time>
		</trkpt>
		<trkpt lat="59.57254" lon="24.7917467">
			<ele>106.7</ele>
			<time>2026-05-22T00:02:29Z</time>
		</trkpt>
		<trkpt lat="59.5724483" lon="24.7918783">
			<ele>105.7</ele>
			<time>2026-05-22T00:02:30Z</time>
		</trkpt>
		<trkpt lat="59.5723567" lon="24.7920217">
			<ele>105.3</ele>
			<time>2026-05-22T00:02:31Z</time>
		</trkpt>
		<trkpt lat="59.572265" lon="24.7921817">
			<ele>104.1</ele>
			<time>2026-05-22T00:02:32Z</time>
		</trkpt>
		<trkpt lat="59.5721783" lon="24.79235">
			<ele>103.8</ele>
			<time>2026-05-22T00:02:33Z</time>
		</trkpt>
		<trkpt lat="59.572095" lon="24.792525">
			<ele>103.5</ele>
			<time>2026-05-22T00:02:34Z</time>
		</trkpt>
		<trkpt lat="59.5720167" lon="24.7927033">
			<ele>103.6</ele>
			<time>2026-05-22T00:02:35Z</time>
		</trkpt>
		<trkpt lat="59.5719383" lon="24.792875">
			<ele>103.8</ele>
			<time>2026-05-22T00:02:36Z</time>
		</trkpt>
		<trkpt lat="59.5718633" lon="24.793045">
			<ele>104.2</ele>
			<time>2026-05-22T00:02:37Z</time>
		</trkpt>
		<trkpt lat="59.571785" lon="24.7932117">
			<ele>104.4</ele>
			<time>2026-05-22T00:02:38Z</time>
		</trkpt>
		<trkpt lat="59.5717033" lon="24.7933667">
			<ele>104</ele>
			<time>2026-05-22T00:02:39Z</time>
		</trkpt>
		<trkpt lat="59.5716133" lon="24.793505">
			<ele>103.3</ele>
			<time>2026-05-22T00:02:40Z</time>
		</trkpt>
		<trkpt lat="59.5715183" lon="24.7936167">
			<ele>102.7</ele>
			<time>2026-05-22T00:02:41Z</time>
		</trkpt>
		<trkpt lat="59.5714167" lon="24.7937183">
			<ele>102.3</ele>
			<time>2026-05-22T00:02:42Z</time>
		</trkpt>
		<trkpt lat="59.571315" lon="24.7938133">
			<ele>101.7</ele>
			<time>2026-05-22T00:02:43Z</time>
		</trkpt>
		<trkpt lat="59.5712167" lon="24.7939133">
			<ele>101.6</ele>
			<time>2026-05-22T00:02:44Z</time>
		</trkpt>
		<trkpt lat="59.5711183" lon="24.7940133">
			<ele>101.1</ele>
			<time>2026-05-22T00:02:45Z</time>
		</trkpt>
		<trkpt lat="59.5710217" lon="24.7941067">
			<ele>100.5</ele>
			<time>2026-05-22T00:02:46Z</time>
		</trkpt>
		<trkpt lat="59.5709233" lon="24.7941767">
			<ele>99.7</ele>
			<time>2026-05-22T00:02:47Z</time>
		</trkpt>
		<trkpt lat="59.5708217" lon="24.7942283">
			<ele>99.1</ele>
			<time>2026-05-22T00:02:48Z</time>
		</trkpt>
		<trkpt lat="59.5707183" lon="24.7942633">
			<ele>98.8</ele>
			<time>2026-05-22T00:02:49Z</time>
		</trkpt>
		<trkpt lat="59.570615" lon="24.7943033">
			<ele>98.7</ele>
			<time>2026-05-22T00:02:50Z</time>
		</trkpt>
		<trkpt lat="59.5705167" lon="24.7943533">
			<ele>98.3</ele>
			<time>2026-05-22T00:02:51Z</time>
		</trkpt>
		<trkpt lat="59.5704167" lon="24.794415">
			<ele>97.9</ele>
			<time>2026-05-22T00:02:52Z</time>
		</trkpt>
		<trkpt lat="59.5703167" lon="24.7944717">
			<ele>97.8</ele>
			<time>2026-05-22T00:02:53Z</time>
		</trkpt>
		<trkpt lat="59.5702167" lon="24.7945183">
			<ele>97.7</ele>
			<time>2026-05-22T00:02:54Z</time>
		</trkpt>
		<trkpt lat="59.5701133" lon="24.7945583">
			<ele>97.2</ele>
			<time>2026-05-22T00:02:55Z</time>
		</trkpt>
		<trkpt lat="59.5700133" lon="24.794585">
			<ele>97.2</ele>
			<time>2026-05-22T00:02:56Z</time>
		</trkpt>
		<trkpt lat="59.5699167" lon="24.7946017">
			<ele>97.2</ele>
			<time>2026-05-22T00:02:57Z</time>
		</trkpt>
		<trkpt lat="59.5698217" lon="24.7946033">
			<ele>96.9</ele>
			<time>2026-05-22T00:02:58Z</time>
		</trkpt>
		<trkpt lat="59.5697267" lon="24.7945983">
			<ele>96.6</ele>
			<time>2026-05-22T00:02:59Z</time>
		</trkpt>
		<trkpt lat="59.56963" lon="24.7945983">
			<ele>95.7</ele>
			<time>2026-05-22T00:03:00Z</time>
		</trkpt>
		<trkpt lat="59.5695333" lon="24.7946017">
			<ele>94.6</ele>
			<time>2026-05-22T00:03:01Z</time>
		</trkpt>
		<trkpt lat="59.5694367" lon="24.7946033">
			<ele>93.6</ele>
			<time>2026-05-22T00:03:02Z</time>
		</trkpt>
		<trkpt lat="59.5693417" lon="24.7945983">
			<ele>92.6</ele>
			<time>2026-05-22T00:03:03Z</time>
		</trkpt>
		<trkpt lat="59.5692433" lon="24.7945933">
			<ele>91.1</ele>
			<time>2026-05-22T00:03:04Z</time>
		</trkpt>
		<trkpt lat="59.5691483" lon="24.7945883">
			<ele>90.3</ele>
			<time>2026-05-22T00:03:05Z</time>
		</trkpt>
		<trkpt lat="59.5690517" lon="24.7945867">
			<ele>89.7</ele>
			<time>2026-05-22T00:03:06Z</time>
		</trkpt>
		<trkpt lat="59.5689567" lon="24.7945783">
			<ele>89.1</ele>
			<time>2026-05-22T00:03:07Z</time>
		</trkpt>
		<trkpt lat="59.5688617" lon="24.7945617">
			<ele>88.3</ele>
			<time>2026-05-22T00:03:08Z</time>
		</trkpt>
		<trkpt lat="59.5687683" lon="24.7945467">
			<ele>87.3</ele>
			<time>2026-05-22T00:03:09Z</time>
		</trkpt>
		<trkpt lat="59.5686733" lon="24.7945367">
			<ele>86.6</ele>
			<time>2026-05-22T00:03:10Z</time>
		</trkpt>
		<trkpt lat="59.568575" lon="24.7945417">
			<ele>85.4</ele>
			<time>2026-05-22T00:03:11Z</time>
		</trkpt>
		<trkpt lat="59.5684767" lon="24.7945483">
			<ele>86.2</ele>
			<time>2026-05-22T00:03:12Z</time>
		</trkpt>
		<trkpt lat="59.5683767" lon="24.7945533">
			<ele>85.2</ele>
			<time>2026-05-22T00:03:13Z</time>
		</trkpt>
		<trkpt lat="59.5682733" lon="24.7945583">
			<ele>84.5</ele>
			<time>2026-05-22T00:03:14Z</time>
		</trkpt>
		<trkpt lat="59.568165" lon="24.7945683">
			<ele>83.5</ele>
			<time>2026-05-22T00:03:15Z</time>
		</trkpt>
		<trkpt lat="59.5680583" lon="24.79458">
			<ele>82.7</ele>
			<time>2026-05-22T00:03:16Z</time>
		</trkpt>
		<trkpt lat="59.56795" lon="24.7946083">
			<ele>81.8</ele>
			<time>2026-05-22T00:03:17Z</time>
		</trkpt>
		<trkpt lat="59.5678467" lon="24.794645">
			<ele>80.9</ele>
			<time>2026-05-22T00:03:18Z</time>
		</trkpt>
		<trkpt lat="59.567745" lon="24.7946817">
			<ele>80.2</ele>
			<time>2026-05-22T00:03:19Z</time>
		</trkpt>
		<trkpt lat="59.5676433" lon="24.7947183">
			<ele>79.4</ele>
			<time>2026-05-22T00:03:20Z</time>
		</trkpt>
		<trkpt lat="59.56754" lon="24.79476">
			<ele>78.4</ele>
			<time>2026-05-22T00:03:21Z</time>
		</trkpt>
		<trkpt lat="59.56744" lon="24.7948033">
			<ele>77.2</ele>
			<time>2026-05-22T00:03:22Z</time>
		</trkpt>
		<trkpt lat="59.5673383" lon="24.79485">
			<ele>76</ele>
			<time>2026-05-22T00:03:23Z</time>
		</trkpt>
		<trkpt lat="59.5672367" lon="24.7949">
			<ele>74.9</ele>
			<time>2026-05-22T00:03:24Z</time>
		</trkpt>
		<trkpt lat="59.5671367" lon="24.79495">
			<ele>74.1</ele>
			<time>2026-05-22T00:03:25Z</time>
		</trkpt>
		<trkpt lat="59.567035" lon="24.795">
			<ele>73.3</ele>
			<time>2026-05-22T00:03:26Z</time>
		</trkpt>
		<trkpt lat="59.566935" lon="24.795045">
			<ele>72.9</ele>
			<time>2026-05-22T00:03:27Z</time>
		</trkpt>
		<trkpt lat="59.566835" lon="24.79508">
			<ele>72.7</ele>
			<time>2026-05-22T00:03:28Z</time>
		</trkpt>
		<trkpt lat="59.5667383" lon="24.79509">
			<ele>72.6</ele>
			<time>2026-05-22T00:03:29Z</time>
		</trkpt>
		<trkpt lat="59.56665" lon="24.7950567">
			<ele>72</ele>
			<time>2026-05-22T00:03:30Z</time>
		</trkpt>
		<trkpt lat="59.5665717" lon="24.7949617">
			<ele>71.9</ele>
			<time>2026-05-22T00:03:31Z</time>
		</trkpt>
		<trkpt lat="59.5665" lon="24.7948333">
			<ele>72</ele>
			<time>2026-05-22T00:03:32Z</time>
		</trkpt>
		<trkpt lat="59.5664233" lon="24.79471">
			<ele>71.9</ele>
			<time>2026-05-22T00:03:33Z</time>
		</trkpt>
		<trkpt lat="59.5663383" lon="24.7946117">
			<ele>72</ele>
			<time>2026-05-22T00:03:34Z</time>
		</trkpt>
		<trkpt lat="59.5662467" lon="24.7945517">
			<ele>72.2</ele>
			<time>2026-05-22T00:03:35Z</time>
		</trkpt>
		<trkpt lat="59.5661533" lon="24.79452">
			<ele>72.3</ele>
			<time>2026-05-22T00:03:36Z</time>
		</trkpt>
		<trkpt lat="59.5660583" lon="24.7945067">
			<ele>72.1</ele>
			<time>2026-05-22T00:03:37Z</time>
		</trkpt>
		<trkpt lat="59.5659683" lon="24.7944967">
			<ele>71.4</ele>
			<time>2026-05-22T00:03:38Z</time>
		</trkpt>
		<trkpt lat="59.5658767" lon="24.7944817">
			<ele>70.7</ele>
			<time>2026-05-22T00:03:39Z</time>
		</trkpt>
		<trkpt lat="59.5657833" lon="24.7944667">
			<ele>70.1</ele>
			<time>2026-05-22T00:03:40Z</time>
		</trkpt>
		<trkpt lat="59.5656867" lon="24.7944633">
			<ele>69.1</ele>
			<time>2026-05-22T00:03:41Z</time>
		</trkpt>
		<trkpt lat="59.5655867" lon="24.7944733">
			<ele>67.8</ele>
			<time>2026-05-22T00:03:42Z</time>
		</trkpt>
		<trkpt lat="59.5654867" lon="24.794495">
			<ele>66.4</ele>
			<time>2026-05-22T00:03:43Z</time>
		</trkpt>
		<trkpt lat="59.5653833" lon="24.79452">
			<ele>65.1</ele>
			<time>2026-05-22T00:03:44Z</time>
		</trkpt>
		<trkpt lat="59.5652817" lon="24.7945417">
			<ele>63.8</ele>
			<time>2026-05-22T00:03:45Z</time>
		</trkpt>
		<trkpt lat="59.56518" lon="24.79456">
			<ele>62.8</ele>
			<time>2026-05-22T00:03:46Z</time>
		</trkpt>
		<trkpt lat="59.5650767" lon="24.79458">
			<ele>61.8</ele>
			<time>2026-05-22T00:03:47Z</time>
		</trkpt>
		<trkpt lat="59.564975" lon="24.7946033">
			<ele>61.2</ele>
			<time>2026-05-22T00:03:48Z</time>
		</trkpt>
		<trkpt lat="59.56487" lon="24.7946317">
			<ele>60.4</ele>
			<time>2026-05-22T00:03:49Z</time>
		</trkpt>
		<trkpt lat="59.564765" lon="24.7946617">
			<ele>60.1</ele>
			<time>2026-05-22T00:03:50Z</time>
		</trkpt>
		<trkpt lat="59.5646583" lon="24.79469">
			<ele>60.5</ele>
			<time>2026-05-22T00:03:51Z</time>
		</trkpt>
		<trkpt lat="59.564555" lon="24.7947167">
			<ele>61</ele>
			<time>2026-05-22T00:03:52Z</time>
		</trkpt>
		<trkpt lat="59.5644517" lon="24.7947467">
			<ele>61.5</ele>
			<time>2026-05-22T00:03:53Z</time>
		</trkpt>
		<trkpt lat="59.564355" lon="24.794775">
			<ele>62.2</ele>
			<time>2026-05-22T00:03:54Z</time>
		</trkpt>
		<trkpt lat="59.5642583" lon="24.7948133">
			<ele>62.7</ele>
			<time>2026-05-22T00:03:55Z</time>
		</trkpt>
		<trkpt lat="59.5641633" lon="24.7948617">
			<ele>62.9</ele>
			<time>2026-05-22T00:03:56Z</time>
		</trkpt>
		<trkpt lat="59.5640683" lon="24.7949117">
			<ele>63</ele>
			<time>2026-05-22T00:03:57Z</time>
		</trkpt>
		<trkpt lat="59.5639733" lon="24.7949683">
			<ele>63.3</ele>
			<time>2026-05-22T00:03:58Z</time>
		</trkpt>
		<trkpt lat="59.563875" lon="24.7950267">
			<ele>63.7</ele>
			<time>2026-05-22T00:03:59Z</time>
		</trkpt>
		<trkpt lat="59.5637717" lon="24.7950817">
			<ele>63.9</ele>
			<time>2026-05-22T00:04:00Z</time>
		</trkpt>
		<trkpt lat="59.56367" lon="24.79513">
			<ele>64.2</ele>
			<time>2026-05-22T00:04:01Z</time>
		</trkpt>
		<trkpt lat="59.5635683" lon="24.7951667">
			<ele>64.4</ele>
			<time>2026-05-22T00:04:02Z</time>
		</trkpt>
		<trkpt lat="59.5634683" lon="24.7952067">
			<ele>64.9</ele>
			<time>2026-05-22T00:04:03Z</time>
		</trkpt>
		<trkpt lat="59.56337" lon="24.7952467">
			<ele>65.3</ele>
			<time>2026-05-22T00:04:04Z</time>
		</trkpt>
		<trkpt lat="59.5632717" lon="24.79529">
			<ele>65.3</ele>
			<time>2026-05-22T00:04:05Z</time>
		</trkpt>
		<trkpt lat="59.5631717" lon="24.7953333">
			<ele>65.1</ele>
			<time>2026-05-22T00:04:06Z</time>
		</trkpt>
		<trkpt lat="59.5630717" lon="24.7953817">
			<ele>65.2</ele>
			<time>2026-05-22T00:04:07Z</time>
		</trkpt>
		<trkpt lat="59.5629683" lon="24.7954317">
			<ele>65.5</ele>
			<time>2026-05-22T00:04:08Z</time>
		</trkpt>
		<trkpt lat="59.5628667" lon="24.795475">
			<ele>65.8</ele>
			<time>2026-05-22T00:04:09Z</time>
		</trkpt>
		<trkpt lat="59.5627667" lon="24.7955133">
			<ele>66</ele>
			<time>2026-05-22T00:04:10Z</time>
		</trkpt>
		<trkpt lat="59.5626667" lon="24.7955417">
			<ele>66.3</ele>
			<time>2026-05-22T00:04:11Z</time>
		</trkpt>
		<trkpt lat="59.56257" lon="24.7955583">
			<ele>66.5</ele>
			<time>2026-05-22T00:04:12Z</time>
		</trkpt>
		<trkpt lat="59.562475" lon="24.7955633">
			<ele>66.6</ele>
			<time>2026-05-22T00:04:13Z</time>
		</trkpt>
		<trkpt lat="59.56238" lon="24.7955633">
			<ele>66.9</ele>
			<time>2026-05-22T00:04:14Z</time>
		</trkpt>
		<trkpt lat="59.5622833" lon="24.7955583">
			<ele>67.1</ele>
			<time>2026-05-22T00:04:15Z</time>
		</trkpt>
		<trkpt lat="59.5621883" lon="24.79554">
			<ele>67.1</ele>
			<time>2026-05-22T00:04:16Z</time>
		</trkpt>
		<trkpt lat="59.5621017" lon="24.795485">
			<ele>67.1</ele>
			<time>2026-05-22T00:04:17Z</time>
		</trkpt>
		<trkpt lat="59.5620283" lon="24.7953733">
			<ele>67.2</ele>
			<time>2026-05-22T00:04:18Z</time>
		</trkpt>
		<trkpt lat="59.5619783" lon="24.7952083">
			<ele>67.3</ele>
			<time>2026-05-22T00:04:19Z</time>
		</trkpt>
		<trkpt lat="59.5619583" lon="24.7950083">
			<ele>67.3</ele>
			<time>2026-05-22T00:04:20Z</time>
		</trkpt>
		<trkpt lat="59.5619717" lon="24.7947917">
			<ele>67.4</ele>
			<time>2026-05-22T00:04:21Z</time>
		</trkpt>
		<trkpt lat="59.5620167" lon="24.7945717">
			<ele>67.8</ele>
			<time>2026-05-22T00:04:22Z</time>
		</trkpt>
		<trkpt lat="59.5620817" lon="24.7943783">
			<ele>68.1</ele>
			<time>2026-05-22T00:04:23Z</time>
		</trkpt>
		<trkpt lat="59.5621483" lon="24.7942">
			<ele>68.6</ele>
			<time>2026-05-22T00:04:24Z</time>
		</trkpt>
		<trkpt lat="59.5621983" lon="24.794025">
			<ele>68.2</ele>
			<time>2026-05-22T00:04:25Z</time>
		</trkpt>
		<trkpt lat="59.562215" lon="24.79384">
			<ele>68.3</ele>
			<time>2026-05-22T00:04:26Z</time>
		</trkpt>
		<trkpt lat="59.56219" lon="24.7936567">
			<ele>68.1</ele>
			<time>2026-05-22T00:04:27Z</time>
		</trkpt>
		<trkpt lat="59.5621183" lon="24.793505">
			<ele>68</ele>
			<time>2026-05-22T00:04:28Z</time>
		</trkpt>
		<trkpt lat="59.5620183" lon="24.7934083">
			<ele>67.7</ele>
			<time>2026-05-22T00:04:29Z</time>
		</trkpt>
		<trkpt lat="59.5619017" lon="24.7933817">
			<ele>67.5</ele>
			<time>2026-05-22T00:04:30Z</time>
		</trkpt>
		<trkpt lat="59.5617833" lon="24.7934233">
			<ele>67.3</ele>
			<time>2026-05-22T00:04:31Z</time>
		</trkpt>
		<trkpt lat="59.5616783" lon="24.793515">
			<ele>68.4</ele>
			<time>2026-05-22T00:04:32Z</time>
		</trkpt>
		<trkpt lat="59.561575" lon="24.79362">
			<ele>69</ele>
			<time>2026-05-22T00:04:33Z</time>
		</trkpt>
		<trkpt lat="59.5614833" lon="24.7937133">
			<ele>68.9</ele>
			<time>2026-05-22T00:04:34Z</time>
		</trkpt>
		<trkpt lat="59.5613933" lon="24.79378">
			<ele>68.4</ele>
			<time>2026-05-22T00:04:35Z</time>
		</trkpt>
		<trkpt lat="59.5612967" lon="24.7938217">
			<ele>67.8</ele>
			<time>2026-05-22T00:04:36Z</time>
		</trkpt>
		<trkpt lat="59.561195" lon="24.793855">
			<ele>67.4</ele>
			<time>2026-05-22T00:04:37Z</time>
		</trkpt>
		<trkpt lat="59.5610917" lon="24.7938817">
			<ele>67.2</ele>
			<time>2026-05-22T00:04:38Z</time>
		</trkpt>
		<trkpt lat="59.56099" lon="24.79391">
			<ele>67.4</ele>
			<time>2026-05-22T00:04:39Z</time>
		</trkpt>
		<trkpt lat="59.5608883" lon="24.7939383">
			<ele>67.9</ele>
			<time>2026-05-22T00:04:40Z</time>
		</trkpt>
		<trkpt lat="59.5607917" lon="24.79397">
			<ele>68.9</ele>
			<time>2026-05-22T00:04:41Z</time>
		</trkpt>
		<trkpt lat="59.560695" lon="24.7940017">
			<ele>69.4</ele>
			<time>2026-05-22T00:04:42Z</time>
		</trkpt>
		<trkpt lat="59.5605983" lon="24.79402">
			<ele>69.9</ele>
			<time>2026-05-22T00:04:43Z</time>
		</trkpt>
		<trkpt lat="59.5605067" lon="24.7940133">
			<ele>70.1</ele>
			<time>2026-05-22T00:04:44Z</time>
		</trkpt>
		<trkpt lat="59.5604117" lon="24.7939883">
			<ele>70.1</ele>
			<time>2026-05-22T00:04:45Z</time>
		</trkpt>
		<trkpt lat="59.560315" lon="24.7939467">
			<ele>69.7</ele>
			<time>2026-05-22T00:04:46Z</time>
		</trkpt>
		<trkpt lat="59.5602183" lon="24.793895">
			<ele>69.8</ele>
			<time>2026-05-22T00:04:47Z</time>
		</trkpt>
		<trkpt lat="59.5601233" lon="24.79384">
			<ele>70.1</ele>
			<time>2026-05-22T00:04:48Z</time>
		</trkpt>
		<trkpt lat="59.56003" lon="24.793785">
			<ele>70.6</ele>
			<time>2026-05-22T00:04:49Z</time>
		</trkpt>
		<trkpt lat="59.5599367" lon="24.7937367">
			<ele>71.1</ele>
			<time>2026-05-22T00:04:50Z</time>
		</trkpt>
		<trkpt lat="59.559845" lon="24.7936983">
			<ele>71.4</ele>
			<time>2026-05-22T00:04:51Z</time>
		</trkpt>
		<trkpt lat="59.5597467" lon="24.7936767">
			<ele>71.7</ele>
			<time>2026-05-22T00:04:52Z</time>
		</trkpt>
		<trkpt lat="59.5596483" lon="24.7936633">
			<ele>72.3</ele>
			<time>2026-05-22T00:04:53Z</time>
		</trkpt>
		<trkpt lat="59.559545" lon="24.7936683">
			<ele>72.7</ele>
			<time>2026-05-22T00:04:54Z</time>
		</trkpt>
		<trkpt lat="59.5594417" lon="24.7936817">
			<ele>73.4</ele>
			<time>2026-05-22T00:04:55Z</time>
		</trkpt>
		<trkpt lat="59.5593383" lon="24.793705">
			<ele>73.8</ele>
			<time>2026-05-22T00:04:56Z</time>
		</trkpt>
		<trkpt lat="59.559235" lon="24.7937333">
			<ele>74.6</ele>
			<time>2026-05-22T00:04:57Z</time>
		</trkpt>
		<trkpt lat="59.5591383" lon="24.7937483">
			<ele>75.5</ele>
			<time>2026-05-22T00:04:58Z</time>
		</trkpt>
		<trkpt lat="59.5590467" lon="24.7937417">
			<ele>76.3</ele>
			<time>2026-05-22T00:04:59Z</time>
		</trkpt>
		<trkpt lat="59.55896" lon="24.7937133">
			<ele>76.7</ele>
			<time>2026-05-22T00:05:00Z</time>
		</trkpt>
		<trkpt lat="59.5588683" lon="24.79367">
			<ele>77.4</ele>
			<time>2026-05-22T00:05:01Z</time>
		</trkpt>
		<trkpt lat="59.558775" lon="24.7936217">
			<ele>77.3</ele>
			<time>2026-05-22T00:05:02Z</time>
		</trkpt>
		<trkpt lat="59.55868" lon="24.7935717">
			<ele>77.5</ele>
			<time>2026-05-22T00:05:03Z</time>
		</trkpt>
		<trkpt lat="59.5585867" lon="24.793515">
			<ele>78</ele>
			<time>2026-05-22T00:05:04Z</time>
		</trkpt>
		<trkpt lat="59.558495" lon="24.7934517">
			<ele>78.1</ele>
			<time>2026-05-22T00:05:05Z</time>
		</trkpt>
		<trkpt lat="59.5584083" lon="24.79338">
			<ele>79</ele>
			<time>2026-05-22T00:05:06Z</time>
		</trkpt>
		<trkpt lat="59.5583217" lon="24.7933167">
			<ele>79.6</ele>
			<time>2026-05-22T00:05:07Z</time>
		</trkpt>
		<trkpt lat="59.5582333" lon="24.79326">
			<ele>80.8</ele>
			<time>2026-05-22T00:05:08Z</time>
		</trkpt>
		<trkpt lat="59.5581417" lon="24.79321">
			<ele>81.4</ele>
			<time>2026-05-22T00:05:09Z</time>
		</trkpt>
		<trkpt lat="59.558045" lon="24.7931683">
			<ele>81.8</ele>
			<time>2026-05-22T00:05:10Z</time>
		</trkpt>
		<trkpt lat="59.5579483" lon="24.7931183">
			<ele>82.5</ele>
			<time>2026-05-22T00:05:11Z</time>
		</trkpt>
		<trkpt lat="59.5578533" lon="24.7930633">
			<ele>82.6</ele>
			<time>2026-05-22T00:05:12Z</time>
		</trkpt>
		<trkpt lat="59.55776" lon="24.7929917">
			<ele>83</ele>
			<time>2026-05-22T00:05:13Z</time>
		</trkpt>
		<trkpt lat="59.5576733" lon="24.7929083">
			<ele>83.6</ele>
			<time>2026-05-22T00:05:14Z</time>
		</trkpt>
		<trkpt lat="59.557585" lon="24.7928217">
			<ele>84.2</ele>
			<time>2026-05-22T00:05:15Z</time>
		</trkpt>
		<trkpt lat="59.5574967" lon="24.7927483">
			<ele>84.4</ele>
			<time>2026-05-22T00:05:16Z</time>
		</trkpt>
		<trkpt lat="59.557405" lon="24.7926933">
			<ele>84.8</ele>
			<time>2026-05-22T00:05:17Z</time>
		</trkpt>
		<trkpt lat="59.5573083" lon="24.7926483">
			<ele>85.2</ele>
			<time>2026-05-22T00:05:18Z</time>
		</trkpt>
		<trkpt lat="59.5572083" lon="24.7926133">
			<ele>85.3</ele>
			<time>2026-05-22T00:05:19Z</time>
		</trkpt>
		<trkpt lat="59.5571083" lon="24.7925817">
			<ele>85.4</ele>
			<time>2026-05-22T00:05:20Z</time>
		</trkpt>
		<trkpt lat="59.55701" lon="24.7925483">
			<ele>85.5</ele>
			<time>2026-05-22T00:05:21Z</time>
		</trkpt>
		<trkpt lat="59.5569117" lon="24.7925133">
			<ele>85.8</ele>
			<time>2026-05-22T00:05:22Z</time>
		</trkpt>
		<trkpt lat="59.556815" lon="24.792475">
			<ele>86</ele>
			<time>2026-05-22T00:05:23Z</time>
		</trkpt>
		<trkpt lat="59.5567183" lon="24.79244">
			<ele>86.3</ele>
			<time>2026-05-22T00:05:24Z</time>
		</trkpt>
		<trkpt lat="59.5566217" lon="24.7924167">
			<ele>86.6</ele>
			<time>2026-05-22T00:05:25Z</time>
		</trkpt>
		<trkpt lat="59.556525" lon="24.7923967">
			<ele>86.5</ele>
			<time>2026-05-22T00:05:26Z</time>
		</trkpt>
		<trkpt lat="59.5564267" lon="24.79238">
			<ele>86.4</ele>
			<time>2026-05-22T00:05:27Z</time>
		</trkpt>
		<trkpt lat="59.556325" lon="24.7923733">
			<ele>86</ele>
			<time>2026-05-22T00:05:28Z</time>
		</trkpt>
		<trkpt lat="59.5562217" lon="24.79238">
			<ele>86.2</ele>
			<time>2026-05-22T00:05:29Z</time>
		</trkpt>
		<trkpt lat="59.5561167" lon="24.7924017">
			<ele>86.6</ele>
			<time>2026-05-22T00:05:30Z</time>
		</trkpt>
		<trkpt lat="59.5560117" lon="24.7924367">
			<ele>87.1</ele>
			<time>2026-05-22T00:05:31Z</time>
		</trkpt>
		<trkpt lat="59.5559067" lon="24.79248">
			<ele>87.4</ele>
			<time>2026-05-22T00:05:32Z</time>
		</trkpt>
		<trkpt lat="59.555805" lon="24.7925233">
			<ele>87.9</ele>
			<time>2026-05-22T00:05:33Z</time>
		</trkpt>
		<trkpt lat="59.5557033" lon="24.7925733">
			<ele>88.2</ele>
			<time>2026-05-22T00:05:34Z</time>
		</trkpt>
		<trkpt lat="59.5555983" lon="24.7926333">
			<ele>88.7</ele>
			<time>2026-05-22T00:05:35Z</time>
		</trkpt>
		<trkpt lat="59.5554933" lon="24.7926983">
			<ele>89.6</ele>
			<time>2026-05-22T00:05:36Z</time>
		</trkpt>
		<trkpt lat="59.55539" lon="24.7927583">
			<ele>90.4</ele>
			<time>2026-05-22T00:05:37Z</time>
		</trkpt>
		<trkpt lat="59.5552883" lon="24.7928133">
			<ele>90.8</ele>
			<time>2026-05-22T00:05:38Z</time>
		</trkpt>
		<trkpt lat="59.55519" lon="24.7928617">
			<ele>90.9</ele>
			<time>2026-05-22T00:05:39Z</time>
		</trkpt>
		<trkpt lat="59.5550917" lon="24.7929033">
			<ele>91.2</ele>
			<time>2026-05-22T00:05:40Z</time>
		</trkpt>
		<trkpt lat="59.5549917" lon="24.7929483">
			<ele>91.4</ele>
			<time>2026-05-22T00:05:41Z</time>
		</trkpt>
		<trkpt lat="59.554885" lon="24.7930033">
			<ele>91.7</ele>
			<time>2026-05-22T00:05:42Z</time>
		</trkpt>
		<trkpt lat="59.5547733" lon="24.793075">
			<ele>92.2</ele>
			<time>2026-05-22T00:05:43Z</time>
		</trkpt>
		<trkpt lat="59.5546683" lon="24.79315">
			<ele>92.5</ele>
			<time>2026-05-22T00:05:44Z</time>
		</trkpt>
		<trkpt lat="59.554565" lon="24.7932267">
			<ele>92.9</ele>
			<time>2026-05-22T00:05:45Z</time>
		</trkpt>
		<trkpt lat="59.5544633" lon="24.7932917">
			<ele>92.9</ele>
			<time>2026-05-22T00:05:46Z</time>
		</trkpt>
		<trkpt lat="59.55436" lon="24.7933433">
			<ele>93.4</ele>
			<time>2026-05-22T00:05:47Z</time>
		</trkpt>
		<trkpt lat="59.5542567" lon="24.7933867">
			<ele>93.3</ele>
			<time>2026-05-22T00:05:48Z</time>
		</trkpt>
		<trkpt lat="59.554155" lon="24.7934367">
			<ele>93.5</ele>
			<time>2026-05-22T00:05:49Z</time>
		</trkpt>
		<trkpt lat="59.55405" lon="24.7935017">
			<ele>93.8</ele>
			<time>2026-05-22T00:05:50Z</time>
		</trkpt>
		<trkpt lat="59.5539467" lon="24.7935767">
			<ele>93.8</ele>
			<time>2026-05-22T00:05:51Z</time>
		</trkpt>
		<trkpt lat="59.5538433" lon="24.79365">
			<ele>93.4</ele>
			<time>2026-05-22T00:05:52Z</time>
		</trkpt>
		<trkpt lat="59.55374" lon="24.7937117">
			<ele>93.4</ele>
			<time>2026-05-22T00:05:53Z</time>
		</trkpt>
		<trkpt lat="59.5536317" lon="24.79377">
			<ele>93.1</ele>
			<time>2026-05-22T00:05:54Z</time>
		</trkpt>
		<trkpt lat="59.5535217" lon="24.793825">
			<ele>93.1</ele>
			<time>2026-05-22T00:05:55Z</time>
		</trkpt>
		<trkpt lat="59.5534117" lon="24.7938817">
			<ele>92.6</ele>
			<time>2026-05-22T00:05:56Z</time>
		</trkpt>
		<trkpt lat="59.5533" lon="24.7939367">
			<ele>92.5</ele>
			<time>2026-05-22T00:05:57Z</time>
		</trkpt>
		<trkpt lat="59.55319" lon="24.79399">
			<ele>92.6</ele>
			<time>2026-05-22T00:05:58Z</time>
		</trkpt>
		<trkpt lat="59.5530833" lon="24.7940367">
			<ele>92.6</ele>
			<time>2026-05-22T00:05:59Z</time>
		</trkpt>
		<trkpt lat="59.5529767" lon="24.794075">
			<ele>92.5</ele>
			<time>2026-05-22T00:06:00Z</time>
		</trkpt>
		<trkpt lat="59.55287" lon="24.7941167">
			<ele>92.1</ele>
			<time>2026-05-22T00:06:01Z</time>
		</trkpt>
		<trkpt lat="59.5527633" lon="24.7941683">
			<ele>91.8</ele>
			<time>2026-05-22T00:06:02Z</time>
		</trkpt>
		<trkpt lat="59.552655" lon="24.7942183">
			<ele>91.3</ele>
			<time>2026-05-22T00:06:03Z</time>
		</trkpt>
		<trkpt lat="59.5525467" lon="24.7942617">
			<ele>91.3</ele>
			<time>2026-05-22T00:06:04Z</time>
		</trkpt>
		<trkpt lat="59.552435" lon="24.79429">
			<ele>91.5</ele>
			<time>2026-05-22T00:06:05Z</time>
		</trkpt>
		<trkpt lat="59.5523267" lon="24.794305">
			<ele>91.7</ele>
			<time>2026-05-22T00:06:06Z</time>
		</trkpt>
		<trkpt lat="59.55222" lon="24.79431">
			<ele>92.1</ele>
			<time>2026-05-22T00:06:07Z</time>
		</trkpt>
		<trkpt lat="59.5521133" lon="24.794315">
			<ele>92.6</ele>
			<time>2026-05-22T00:06:08Z</time>
		</trkpt>
		<trkpt lat="59.5520083" lon="24.7943267">
			<ele>92.9</ele>
			<time>2026-05-22T00:06:09Z</time>
		</trkpt>
		<trkpt lat="59.5519033" lon="24.7943417">
			<ele>93.3</ele>
			<time>2026-05-22T00:06:10Z</time>
		</trkpt>
		<trkpt lat="59.5518" lon="24.79435">
			<ele>93.6</ele>
			<time>2026-05-22T00:06:11Z</time>
		</trkpt>
		<trkpt lat="59.5516983" lon="24.7943467">
			<ele>93.8</ele>
			<time>2026-05-22T00:06:12Z</time>
		</trkpt>
		<trkpt lat="59.5515933" lon="24.794335">
			<ele>94.1</ele>
			<time>2026-05-22T00:06:13Z</time>
		</trkpt>
		<trkpt lat="59.5514867" lon="24.7943233">
			<ele>94.5</ele>
			<time>2026-05-22T00:06:14Z</time>
		</trkpt>
		<trkpt lat="59.5513767" lon="24.7943183">
			<ele>94.9</ele>
			<time>2026-05-22T00:06:15Z</time>
		</trkpt>
		<trkpt lat="59.5512667" lon="24.794325">
			<ele>95.1</ele>
			<time>2026-05-22T00:06:16Z</time>
		</trkpt>
		<trkpt lat="59.55116" lon="24.7943383">
			<ele>95</ele>
			<time>2026-05-22T00:06:17Z</time>
		</trkpt>
		<trkpt lat="59.55106" lon="24.7943417">
			<ele>94.8</ele>
			<time>2026-05-22T00:06:18Z</time>
		</trkpt>
		<trkpt lat="59.5509583" lon="24.7943533">
			<ele>95</ele>
			<time>2026-05-22T00:06:19Z</time>
		</trkpt>
		<trkpt lat="59.550855" lon="24.7943667">
			<ele>94.9</ele>
			<time>2026-05-22T00:06:20Z</time>
		</trkpt>
		<trkpt lat="59.5507467" lon="24.7943867">
			<ele>94.8</ele>
			<time>2026-05-22T00:06:21Z</time>
		</trkpt>
		<trkpt lat="59.550635" lon="24.7944167">
			<ele>94.5</ele>
			<time>2026-05-22T00:06:22Z</time>
		</trkpt>
		<trkpt lat="59.5505233" lon="24.7944483">
			<ele>94.5</ele>
			<time>2026-05-22T00:06:23Z</time>
		</trkpt>
		<trkpt lat="59.5504167" lon="24.79447">
			<ele>94.9</ele>
			<time>2026-05-22T00:06:24Z</time>
		</trkpt>
		<trkpt lat="59.550315" lon="24.7944683">
			<ele>95</ele>
			<time>2026-05-22T00:06:25Z</time>
		</trkpt>
		<trkpt lat="59.5502183" lon="24.7944467">
			<ele>95.4</ele>
			<time>2026-05-22T00:06:26Z</time>
		</trkpt>
		<trkpt lat="59.5501233" lon="24.7944083">
			<ele>95.8</ele>
			<time>2026-05-22T00:06:27Z</time>
		</trkpt>
		<trkpt lat="59.5500267" lon="24.7943683">
			<ele>96.4</ele>
			<time>2026-05-22T00:06:28Z</time>
		</trkpt>
		<trkpt lat="59.5499267" lon="24.7943367">
			<ele>96.7</ele>
			<time>2026-05-22T00:06:29Z</time>
		</trkpt>
		<trkpt lat="59.549825" lon="24.79432">
			<ele>97.1</ele>
			<time>2026-05-22T00:06:30Z</time>
		</trkpt>
		<trkpt lat="59.54972" lon="24.7943133">
			<ele>97.6</ele>
			<time>2026-05-22T00:06:31Z</time>
		</trkpt>
		<trkpt lat="59.5496133" lon="24.794315">
			<ele>98</ele>
			<time>2026-05-22T00:06:32Z</time>
		</trkpt>
		<trkpt lat="59.54951" lon="24.794305">
			<ele>98.4</ele>
			<time>2026-05-22T00:06:33Z</time>
		</trkpt>
		<trkpt lat="59.5494133" lon="24.794275">
			<ele>98.7</ele>
			<time>2026-05-22T00:06:34Z</time>
		</trkpt>
		<trkpt lat="59.54932" lon="24.7942317">
			<ele>99.3</ele>
			<time>2026-05-22T00:06:35Z</time>
		</trkpt>
		<trkpt lat="59.5492283" lon="24.7941867">
			<ele>100.1</ele>
			<time>2026-05-22T00:06:36Z</time>
		</trkpt>
		<trkpt lat="59.5491283" lon="24.7941483">
			<ele>100.8</ele>
			<time>2026-05-22T00:06:37Z</time>
		</trkpt>
		<trkpt lat="59.549025" lon="24.7941283">
			<ele>101.6</ele>
			<time>2026-05-22T00:06:38Z</time>
		</trkpt>
		<trkpt lat="59.5489217" lon="24.7941183">
			<ele>102</ele>
			<time>2026-05-22T00:06:39Z</time>
		</trkpt>
		<trkpt lat="59.548825" lon="24.7941117">
			<ele>101.9</ele>
			<time>2026-05-22T00:06:40Z</time>
		</trkpt>
		<trkpt lat="59.54873" lon="24.7940933">
			<ele>101.5</ele>
			<time>2026-05-22T00:06:41Z</time>
		</trkpt>
		<trkpt lat="59.5486367" lon="24.7940717">
			<ele>101.5</ele>
			<time>2026-05-22T00:06:42Z</time>
		</trkpt>
		<trkpt lat="59.5485417" lon="24.794045">
			<ele>101.4</ele>
			<time>2026-05-22T00:06:43Z</time>
		</trkpt>
		<trkpt lat="59.5484367" lon="24.7940183">
			<ele>100.9</ele>
			<time>2026-05-22T00:06:44Z</time>
		</trkpt>
		<trkpt lat="59.54833" lon="24.7939983">
			<ele>100.9</ele>
			<time>2026-05-22T00:06:45Z</time>
		</trkpt>
		<trkpt lat="59.5482233" lon="24.7939833">
			<ele>100.9</ele>
			<time>2026-05-22T00:06:46Z</time>
		</trkpt>
		<trkpt lat="59.5481217" lon="24.7939617">
			<ele>101.8</ele>
			<time>2026-05-22T00:06:47Z</time>
		</trkpt>
		<trkpt lat="59.5480333" lon="24.7939117">
			<ele>102.6</ele>
			<time>2026-05-22T00:06:48Z</time>
		</trkpt>
		<trkpt lat="59.5479617" lon="24.7938217">
			<ele>103.2</ele>
			<time>2026-05-22T00:06:49Z</time>
		</trkpt>
		<trkpt lat="59.5479" lon="24.7936933">
			<ele>103.3</ele>
			<time>2026-05-22T00:06:50Z</time>
		</trkpt>
		<trkpt lat="59.5478367" lon="24.7935667">
			<ele>102.9</ele>
			<time>2026-05-22T00:06:51Z</time>
		</trkpt>
		<trkpt lat="59.5477517" lon="24.7934683">
			<ele>102.3</ele>
			<time>2026-05-22T00:06:52Z</time>
		</trkpt>
		<trkpt lat="59.5476433" lon="24.7934383">
			<ele>102.1</ele>
			<time>2026-05-22T00:06:53Z</time>
		</trkpt>
		<trkpt lat="59.547525" lon="24.7934867">
			<ele>101.5</ele>
			<time>2026-05-22T00:06:54Z</time>
		</trkpt>
		<trkpt lat="59.54741" lon="24.7935467">
			<ele>100.5</ele>
			<time>2026-05-22T00:06:55Z</time>
		</trkpt>
		<trkpt lat="59.5473033" lon="24.7935833">
			<ele>99.6</ele>
			<time>2026-05-22T00:06:56Z</time>
		</trkpt>
		<trkpt lat="59.547205" lon="24.79357">
			<ele>98.7</ele>
			<time>2026-05-22T00:06:57Z</time>
		</trkpt>
		<trkpt lat="59.5471083" lon="24.7935383">
			<ele>98.3</ele>
			<time>2026-05-22T00:06:58Z</time>
		</trkpt>
		<trkpt lat="59.54701" lon="24.7935083">
			<ele>98</ele>
			<time>2026-05-22T00:06:59Z</time>
		</trkpt>
		<trkpt lat="59.5469083" lon="24.7934867">
			<ele>97.3</ele>
			<time>2026-05-22T00:07:00Z</time>
		</trkpt>
		<trkpt lat="59.5468017" lon="24.7934833">
			<ele>97.5</ele>
			<time>2026-05-22T00:07:01Z</time>
		</trkpt>
		<trkpt lat="59.5466967" lon="24.7934883">
			<ele>97.7</ele>
			<time>2026-05-22T00:07:02Z</time>
		</trkpt>
		<trkpt lat="59.5465933" lon="24.79348">
			<ele>97.8</ele>
			<time>2026-05-22T00:07:03Z</time>
		</trkpt>
		<trkpt lat="59.5464983" lon="24.7934583">
			<ele>97.8</ele>
			<time>2026-05-22T00:07:04Z</time>
		</trkpt>
		<trkpt lat="59.5463983" lon="24.793435">
			<ele>98</ele>
			<time>2026-05-22T00:07:05Z</time>
		</trkpt>
		<trkpt lat="59.5462967" lon="24.7934183">
			<ele>97.9</ele>
			<time>2026-05-22T00:07:06Z</time>
		</trkpt>
		<trkpt lat="59.54619" lon="24.79342">
			<ele>97.9</ele>
			<time>2026-05-22T00:07:07Z</time>
		</trkpt>
		<trkpt lat="59.54608" lon="24.7934317">
			<ele>97.7</ele>
			<time>2026-05-22T00:07:08Z</time>
		</trkpt>
		<trkpt lat="59.5459683" lon="24.793455">
			<ele>97.2</ele>
			<time>2026-05-22T00:07:09Z</time>
		</trkpt>
		<trkpt lat="59.5458583" lon="24.7934817">
			<ele>97.1</ele>
			<time>2026-05-22T00:07:10Z</time>
		</trkpt>
		<trkpt lat="59.54575" lon="24.7935117">
			<ele>97.2</ele>
			<time>2026-05-22T00:07:11Z</time>
		</trkpt>
		<trkpt lat="59.5456433" lon="24.7935383">
			<ele>97.1</ele>
			<time>2026-05-22T00:07:12Z</time>
		</trkpt>
		<trkpt lat="59.5455417" lon="24.7935433">
			<ele>96.9</ele>
			<time>2026-05-22T00:07:13Z</time>
		</trkpt>
		<trkpt lat="59.5454467" lon="24.79352">
			<ele>96.6</ele>
			<time>2026-05-22T00:07:14Z</time>
		</trkpt>
		<trkpt lat="59.5453533" lon="24.7934717">
			<ele>96.4</ele>
			<time>2026-05-22T00:07:15Z</time>
		</trkpt>
		<trkpt lat="59.54526" lon="24.79342">
			<ele>96.4</ele>
			<time>2026-05-22T00:07:16Z</time>
		</trkpt>
		<trkpt lat="59.545165" lon="24.7933667">
			<ele>96.7</ele>
			<time>2026-05-22T00:07:17Z</time>
		</trkpt>
		<trkpt lat="59.5450683" lon="24.7933233">
			<ele>97</ele>
			<time>2026-05-22T00:07:18Z</time>
		</trkpt>
		<trkpt lat="59.5449733" lon="24.7932867">
			<ele>97.3</ele>
			<time>2026-05-22T00:07:19Z</time>
		</trkpt>
		<trkpt lat="59.54488" lon="24.7932483">
			<ele>97.3</ele>
			<time>2026-05-22T00:07:20Z</time>
		</trkpt>
		<trkpt lat="59.5447883" lon="24.7932033">
			<ele>97.3</ele>
			<time>2026-05-22T00:07:21Z</time>
		</trkpt>
		<trkpt lat="59.5446967" lon="24.7931517">
			<ele>97.6</ele>
			<time>2026-05-22T00:07:22Z</time>
		</trkpt>
		<trkpt lat="59.544605" lon="24.793095">
			<ele>98</ele>
			<time>2026-05-22T00:07:23Z</time>
		</trkpt>
		<trkpt lat="59.54451" lon="24.79304">
			<ele>98.4</ele>
			<time>2026-05-22T00:07:24Z</time>
		</trkpt>
		<trkpt lat="59.5444117" lon="24.7929967">
			<ele>98.9</ele>
			<time>2026-05-22T00:07:25Z</time>
		</trkpt>
		<trkpt lat="59.5443133" lon="24.7929583">
			<ele>99.6</ele>
			<time>2026-05-22T00:07:26Z</time>
		</trkpt>
		<trkpt lat="59.5442133" lon="24.792925">
			<ele>99.6</ele>
			<time>2026-05-22T00:07:27Z</time>
		</trkpt>
		<trkpt lat="59.5441133" lon="24.7928967">
			<ele>99.6</ele>
			<time>2026-05-22T00:07:28Z</time>
		</trkpt>
		<trkpt lat="59.5440133" lon="24.792875">
			<ele>99.5</ele>
			<time>2026-05-22T00:07:29Z</time>
		</trkpt>
		<trkpt lat="59.5439133" lon="24.7928533">
			<ele>99.5</ele>
			<time>2026-05-22T00:07:30Z</time>
		</trkpt>
		<trkpt lat="59.5438133" lon="24.7928333">
			<ele>99.4</ele>
			<time>2026-05-22T00:07:31Z</time>
		</trkpt>
		<trkpt lat="59.54371" lon="24.7928183">
			<ele>99.3</ele>
			<time>2026-05-22T00:07:32Z</time>
		</trkpt>
		<trkpt lat="59.5436033" lon="24.7928083">
			<ele>99.4</ele>
			<time>2026-05-22T00:07:33Z</time>
		</trkpt>
		<trkpt lat="59.543495" lon="24.7928033">
			<ele>99.5</ele>
			<time>2026-05-22T00:07:34Z</time>
		</trkpt>
		<trkpt lat="59.5433867" lon="24.7928033">
			<ele>99.3</ele>
			<time>2026-05-22T00:07:35Z</time>
		</trkpt>
		<trkpt lat="59.5432783" lon="24.7928067">
			<ele>99.5</ele>
			<time>2026-05-22T00:07:36Z</time>
		</trkpt>
		<trkpt lat="59.5431717" lon="24.79281">
			<ele>99.6</ele>
			<time>2026-05-22T00:07:37Z</time>
		</trkpt>
		<trkpt lat="59.543065" lon="24.7928133">
			<ele>99.4</ele>
			<time>2026-05-22T00:07:38Z</time>
		</trkpt>
		<trkpt lat="59.54296" lon="24.7928133">
			<ele>99.4</ele>
			<time>2026-05-22T00:07:39Z</time>
		</trkpt>
		<trkpt lat="59.54286" lon="24.7927883">
			<ele>99.5</ele>
			<time>2026-05-22T00:07:40Z</time>
		</trkpt>
		<trkpt lat="59.54277" lon="24.7927283">
			<ele>99.7</ele>
			<time>2026-05-22T00:07:41Z</time>
		</trkpt>
		<trkpt lat="59.5426917" lon="24.7926367">
			<ele>99.2</ele>
			<time>2026-05-22T00:07:42Z</time>
		</trkpt>
		<trkpt lat="59.5426167" lon="24.79253">
			<ele>98.3</ele>
			<time>2026-05-22T00:07:43Z</time>
		</trkpt>
		<trkpt lat="59.54254" lon="24.79242">
			<ele>97.6</ele>
			<time>2026-05-22T00:07:44Z</time>
		</trkpt>
		<trkpt lat="59.5424567" lon="24.7923083">
			<ele>96.2</ele>
			<time>2026-05-22T00:07:45Z</time>
		</trkpt>
		<trkpt lat="59.5423667" lon="24.7921867">
			<ele>95.2</ele>
			<time>2026-05-22T00:07:46Z</time>
		</trkpt>
		<trkpt lat="59.54227" lon="24.79206">
			<ele>94.1</ele>
			<time>2026-05-22T00:07:47Z</time>
		</trkpt>
		<trkpt lat="59.5421683" lon="24.791925">
			<ele>94.6</ele>
			<time>2026-05-22T00:07:48Z</time>
		</trkpt>
		<trkpt lat="59.5420667" lon="24.791805">
			<ele>93.8</ele>
			<time>2026-05-22T00:07:49Z</time>
		</trkpt>
		<trkpt lat="59.5419667" lon="24.7916933">
			<ele>93</ele>
			<time>2026-05-22T00:07:50Z</time>
		</trkpt>
		<trkpt lat="59.5418767" lon="24.7915683">
			<ele>93.2</ele>
			<time>2026-05-22T00:07:51Z</time>
		</trkpt>
		<trkpt lat="59.5417833" lon="24.79146">
			<ele>93.3</ele>
			<time>2026-05-22T00:07:52Z</time>
		</trkpt>
		<trkpt lat="59.5416883" lon="24.79135">
			<ele>93.2</ele>
			<time>2026-05-22T00:07:53Z</time>
		</trkpt>
		<trkpt lat="59.5415933" lon="24.7912383">
			<ele>93.6</ele>
			<time>2026-05-22T00:07:54Z</time>
		</trkpt>
		<trkpt lat="59.5415" lon="24.79112">
			<ele>93.6</ele>
			<time>2026-05-22T00:07:55Z</time>
		</trkpt>
		<trkpt lat="59.5414067" lon="24.791">
			<ele>93.8</ele>
			<time>2026-05-22T00:07:56Z</time>
		</trkpt>
		<trkpt lat="59.5413117" lon="24.79088">
			<ele>93.7</ele>
			<time>2026-05-22T00:07:57Z</time>
		</trkpt>
		<trkpt lat="59.541215" lon="24.7907667">
			<ele>93.7</ele>
			<time>2026-05-22T00:07:58Z</time>
		</trkpt>
		<trkpt lat="59.5411133" lon="24.790665">
			<ele>93.5</ele>
			<time>2026-05-22T00:07:59Z</time>
		</trkpt>
		<trkpt lat="59.5410083" lon="24.7905867">
			<ele>93.2</ele>
			<time>2026-05-22T00:08:00Z</time>
		</trkpt>
		<trkpt lat="59.5409" lon="24.7905317">
			<ele>92.9</ele>
			<time>2026-05-22T00:08:01Z</time>
		</trkpt>
		<trkpt lat="59.5407867" lon="24.7905017">
			<ele>92.6</ele>
			<time>2026-05-22T00:08:02Z</time>
		</trkpt>
		<trkpt lat="59.5406717" lon="24.7905">
			<ele>92.7</ele>
			<time>2026-05-22T00:08:03Z</time>
		</trkpt>
		<trkpt lat="59.5405633" lon="24.7905233">
			<ele>93</ele>
			<time>2026-05-22T00:08:04Z</time>
		</trkpt>
		<trkpt lat="59.5404567" lon="24.790565">
			<ele>92.6</ele>
			<time>2026-05-22T00:08:05Z</time>
		</trkpt>
		<trkpt lat="59.54035" lon="24.790615">
			<ele>91.6</ele>
			<time>2026-05-22T00:08:06Z</time>
		</trkpt>
		<trkpt lat="59.540245" lon="24.7906717">
			<ele>90.7</ele>
			<time>2026-05-22T00:08:07Z</time>
		</trkpt>
		<trkpt lat="59.540135" lon="24.790745">
			<ele>89.2</ele>
			<time>2026-05-22T00:08:08Z</time>
		</trkpt>
		<trkpt lat="59.54002" lon="24.7908167">
			<ele>87.9</ele>
			<time>2026-05-22T00:08:09Z</time>
		</trkpt>
		<trkpt lat="59.539905" lon="24.7908817">
			<ele>86.7</ele>
			<time>2026-05-22T00:08:10Z</time>
		</trkpt>
		<trkpt lat="59.5397883" lon="24.790935">
			<ele>85.9</ele>
			<time>2026-05-22T00:08:11Z</time>
		</trkpt>
		<trkpt lat="59.539675" lon="24.7909933">
			<ele>85.5</ele>
			<time>2026-05-22T00:08:12Z</time>
		</trkpt>
		<trkpt lat="59.5395617" lon="24.79107">
			<ele>84.8</ele>
			<time>2026-05-22T00:08:13Z</time>
		</trkpt>
		<trkpt lat="59.539445" lon="24.791165">
			<ele>83.8</ele>
			<time>2026-05-22T00:08:14Z</time>
		</trkpt>
		<trkpt lat="59.539325" lon="24.79127">
			<ele>82.4</ele>
			<time>2026-05-22T00:08:15Z</time>
		</trkpt>
		<trkpt lat="59.5392067" lon="24.79136">
			<ele>81.5</ele>
			<time>2026-05-22T00:08:16Z</time>
		</trkpt>
		<trkpt lat="59.5390883" lon="24.7914333">
			<ele>80.7</ele>
			<time>2026-05-22T00:08:17Z</time>
		</trkpt>
		<trkpt lat="59.5389683" lon="24.7914917">
			<ele>80.1</ele>
			<time>2026-05-22T00:08:18Z</time>
		</trkpt>
		<trkpt lat="59.538855" lon="24.79155">
			<ele>79.4</ele>
			<time>2026-05-22T00:08:19Z</time>
		</trkpt>
		<trkpt lat="59.5387417" lon="24.7916033">
			<ele>78.9</ele>
			<time>2026-05-22T00:08:20Z</time>
		</trkpt>
		<trkpt lat="59.5386267" lon="24.7916483">
			<ele>78.7</ele>
			<time>2026-05-22T00:08:21Z</time>
		</trkpt>
		<trkpt lat="59.538515" lon="24.7916717">
			<ele>78.1</ele>
			<time>2026-05-22T00:08:22Z</time>
		</trkpt>
		<trkpt lat="59.5384117" lon="24.79165">
			<ele>77.2</ele>
			<time>2026-05-22T00:08:23Z</time>
		</trkpt>
		<trkpt lat="59.5383183" lon="24.791575">
			<ele>76.9</ele>
			<time>2026-05-22T00:08:24Z</time>
		</trkpt>
		<trkpt lat="59.5382517" lon="24.79144">
			<ele>76.1</ele>
			<time>2026-05-22T00:08:25Z</time>
		</trkpt>
		<trkpt lat="59.5382167" lon="24.79126">
			<ele>75.7</ele>
			<time>2026-05-22T00:08:26Z</time>
		</trkpt>
		<trkpt lat="59.5382183" lon="24.7910667">
			<ele>75.6</ele>
			<time>2026-05-22T00:08:27Z</time>
		</trkpt>
		<trkpt lat="59.53826" lon="24.7908833">
			<ele>75.3</ele>
			<time>2026-05-22T00:08:28Z</time>
		</trkpt>
		<trkpt lat="59.53834" lon="24.79074">
			<ele>74.6</ele>
			<time>2026-05-22T00:08:29Z</time>
		</trkpt>
		<trkpt lat="59.53845" lon="24.79066">
			<ele>73.9</ele>
			<time>2026-05-22T00:08:30Z</time>
		</trkpt>
		<trkpt lat="59.5385767" lon="24.7906433">
			<ele>72.6</ele>
			<time>2026-05-22T00:08:31Z</time>
		</trkpt>
		<trkpt lat="59.5387033" lon="24.790695">
			<ele>71.9</ele>
			<time>2026-05-22T00:08:32Z</time>
		</trkpt>
		<trkpt lat="59.5388233" lon="24.790825">
			<ele>72.3</ele>
			<time>2026-05-22T00:08:33Z</time>
		</trkpt>
		<trkpt lat="59.538925" lon="24.79102">
			<ele>72.2</ele>
			<time>2026-05-22T00:08:34Z</time>
		</trkpt>
		<trkpt lat="59.5389883" lon="24.7912833">
			<ele>71</ele>
			<time>2026-05-22T00:08:35Z</time>
		</trkpt>
		<trkpt lat="59.5390033" lon="24.7915917">
			<ele>69.4</ele>
			<time>2026-05-22T00:08:36Z</time>
		</trkpt>
		<trkpt lat="59.538975" lon="24.7918933">
			<ele>67.9</ele>
			<time>2026-05-22T00:08:37Z</time>
		</trkpt>
		<trkpt lat="59.5388983" lon="24.7921467">
			<ele>68.7</ele>
			<time>2026-05-22T00:08:38Z</time>
		</trkpt>
		<trkpt lat="59.5387633" lon="24.7922983">
			<ele>68.6</ele>
			<time>2026-05-22T00:08:39Z</time>
		</trkpt>
		<trkpt lat="59.5386217" lon="24.79237">
			<ele>69.9</ele>
			<time>2026-05-22T00:08:40Z</time>
		</trkpt>
		<trkpt lat="59.53849" lon="24.7924017">
			<ele>72</ele>
			<time>2026-05-22T00:08:41Z</time>
		</trkpt>
		<trkpt lat="59.5383783" lon="24.792425">
			<ele>72.7</ele>
			<time>2026-05-22T00:08:42Z</time>
		</trkpt>
		<trkpt lat="59.538275" lon="24.7924533">
			<ele>72.7</ele>
			<time>2026-05-22T00:08:43Z</time>
		</trkpt>
		<trkpt lat="59.53817" lon="24.7924817">
			<ele>72.5</ele>
			<time>2026-05-22T00:08:44Z</time>
		</trkpt>
		<trkpt lat="59.538055" lon="24.792505">
			<ele>71.7</ele>
			<time>2026-05-22T00:08:45Z</time>
		</trkpt>
		<trkpt lat="59.5379333" lon="24.7925033">
			<ele>70.4</ele>
			<time>2026-05-22T00:08:46Z</time>
		</trkpt>
		<trkpt lat="59.5378167" lon="24.7924567">
			<ele>69.5</ele>
			<time>2026-05-22T00:08:47Z</time>
		</trkpt>
		<trkpt lat="59.5377083" lon="24.7923683">
			<ele>69.1</ele>
			<time>2026-05-22T00:08:48Z</time>
		</trkpt>
		<trkpt lat="59.5376083" lon="24.79227">
			<ele>68.9</ele>
			<time>2026-05-22T00:08:49Z</time>
		</trkpt>
		<trkpt lat="59.5375167" lon="24.7921733">
			<ele>68.7</ele>
			<time>2026-05-22T00:08:50Z</time>
		</trkpt>
		<trkpt lat="59.537425" lon="24.7920817">
			<ele>68.3</ele>
			<time>2026-05-22T00:08:51Z</time>
		</trkpt>
		<trkpt lat="59.5373317" lon="24.7920067">
			<ele>67.8</ele>
			<time>2026-05-22T00:08:52Z</time>
		</trkpt>
		<trkpt lat="59.5372333" lon="24.7919367">
			<ele>67</ele>
			<time>2026-05-22T00:08:53Z</time>
		</trkpt>
		<trkpt lat="59.53713" lon="24.79187">
			<ele>66.3</ele>
			<time>2026-05-22T00:08:54Z</time>
		</trkpt>
		<trkpt lat="59.5370233" lon="24.7918083">
			<ele>65.5</ele>
			<time>2026-05-22T00:08:55Z</time>
		</trkpt>
		<trkpt lat="59.5369133" lon="24.7917533">
			<ele>64</ele>
			<time>2026-05-22T00:08:56Z</time>
		</trkpt>
		<trkpt lat="59.5368017" lon="24.7917117">
			<ele>62.2</ele>
			<time>2026-05-22T00:08:57Z</time>
		</trkpt>
		<trkpt lat="59.5366883" lon="24.7916767">
			<ele>60.8</ele>
			<time>2026-05-22T00:08:58Z</time>
		</trkpt>
		<trkpt lat="59.5365767" lon="24.7916467">
			<ele>59.7</ele>
			<time>2026-05-22T00:08:59Z</time>
		</trkpt>
		<trkpt lat="59.5364667" lon="24.791625">
			<ele>57.4</ele>
			<time>2026-05-22T00:09:00Z</time>
		</trkpt>
		<trkpt lat="59.5363567" lon="24.791595">
			<ele>56</ele>
			<time>2026-05-22T00:09:01Z</time>
		</trkpt>
		<trkpt lat="59.5362467" lon="24.7915633">
			<ele>54.5</ele>
			<time>2026-05-22T00:09:02Z</time>
		</trkpt>
		<trkpt lat="59.5361367" lon="24.7915233">
			<ele>53.1</ele>
			<time>2026-05-22T00:09:03Z</time>
		</trkpt>
		<trkpt lat="59.5360267" lon="24.7914833">
			<ele>51.8</ele>
			<time>2026-05-22T00:09:04Z</time>
		</trkpt>
		<trkpt lat="59.5359183" lon="24.7914483">
			<ele>50.3</ele>
			<time>2026-05-22T00:09:05Z</time>
		</trkpt>
		<trkpt lat="59.5358133" lon="24.7914167">
			<ele>49</ele>
			<time>2026-05-22T00:09:06Z</time>
		</trkpt>
		<trkpt lat="59.535705" lon="24.7913983">
			<ele>48.4</ele>
			<time>2026-05-22T00:09:07Z</time>
		</trkpt>
		<trkpt lat="59.5355967" lon="24.791395">
			<ele>48</ele>
			<time>2026-05-22T00:09:08Z</time>
		</trkpt>
		<trkpt lat="59.5354817" lon="24.79141">
			<ele>48</ele>
			<time>2026-05-22T00:09:09Z</time>
		</trkpt>
		<trkpt lat="59.5353683" lon="24.791435">
			<ele>48.1</ele>
			<time>2026-05-22T00:09:10Z</time>
		</trkpt>
		<trkpt lat="59.53526" lon="24.7914717">
			<ele>48.2</ele>
			<time>2026-05-22T00:09:11Z</time>
		</trkpt>
		<trkpt lat="59.5351533" lon="24.79152">
			<ele>48.1</ele>
			<time>2026-05-22T00:09:12Z</time>
		</trkpt>
		<trkpt lat="59.53505" lon="24.7915817">
			<ele>47.5</ele>
			<time>2026-05-22T00:09:13Z</time>
		</trkpt>
		<trkpt lat="59.53495" lon="24.791655">
			<ele>47.1</ele>
			<time>2026-05-22T00:09:14Z</time>
		</trkpt>
		<trkpt lat="59.5348517" lon="24.7917433">
			<ele>46.6</ele>
			<time>2026-05-22T00:09:15Z</time>
		</trkpt>
		<trkpt lat="59.5347567" lon="24.79185">
			<ele>45.6</ele>
			<time>2026-05-22T00:09:16Z</time>
		</trkpt>
		<trkpt lat="59.53466" lon="24.7919767">
			<ele>44.8</ele>
			<time>2026-05-22T00:09:17Z</time>
		</trkpt>
		<trkpt lat="59.534565" lon="24.7921067">
			<ele>43.8</ele>
			<time>2026-05-22T00:09:18Z</time>
		</trkpt>
		<trkpt lat="59.5344667" lon="24.7922267">
			<ele>43.1</ele>
			<time>2026-05-22T00:09:19Z</time>
		</trkpt>
		<trkpt lat="59.5343633" lon="24.7923233">
			<ele>42.5</ele>
			<time>2026-05-22T00:09:20Z</time>
		</trkpt>
		<trkpt lat="59.534255" lon="24.7923667">
			<ele>41.9</ele>
			<time>2026-05-22T00:09:21Z</time>
		</trkpt>
		<trkpt lat="59.5341483" lon="24.7923533">
			<ele>41.6</ele>
			<time>2026-05-22T00:09:22Z</time>
		</trkpt>
		<trkpt lat="59.534045" lon="24.7923167">
			<ele>41.5</ele>
			<time>2026-05-22T00:09:23Z</time>
		</trkpt>
		<trkpt lat="59.5339433" lon="24.7922983">
			<ele>41.6</ele>
			<time>2026-05-22T00:09:24Z</time>
		</trkpt>
		<trkpt lat="59.5338433" lon="24.7923317">
			<ele>41.6</ele>
			<time>2026-05-22T00:09:25Z</time>
		</trkpt>
		<trkpt lat="59.5337483" lon="24.7924283">
			<ele>41.3</ele>
			<time>2026-05-22T00:09:26Z</time>
		</trkpt>
		<trkpt lat="59.5336583" lon="24.7925633">
			<ele>40.5</ele>
			<time>2026-05-22T00:09:27Z</time>
		</trkpt>
		<trkpt lat="59.5335633" lon="24.792705">
			<ele>39.8</ele>
			<time>2026-05-22T00:09:28Z</time>
		</trkpt>
		<trkpt lat="59.5334617" lon="24.792825">
			<ele>39.7</ele>
			<time>2026-05-22T00:09:29Z</time>
		</trkpt>
		<trkpt lat="59.5333567" lon="24.792915">
			<ele>40</ele>
			<time>2026-05-22T00:09:30Z</time>
		</trkpt>
		<trkpt lat="59.533255" lon="24.7929833">
			<ele>40.8</ele>
			<time>2026-05-22T00:09:31Z</time>
		</trkpt>
		<trkpt lat="59.5331583" lon="24.7930517">
			<ele>41.3</ele>
			<time>2026-05-22T00:09:32Z</time>
		</trkpt>
		<trkpt lat="59.5330667" lon="24.7931333">
			<ele>41.8</ele>
			<time>2026-05-22T00:09:33Z</time>
		</trkpt>
		<trkpt lat="59.5329767" lon="24.7932433">
			<ele>41.2</ele>
			<time>2026-05-22T00:09:34Z</time>
		</trkpt>
		<trkpt lat="59.5328833" lon="24.7933617">
			<ele>40.4</ele>
			<time>2026-05-22T00:09:35Z</time>
		</trkpt>
		<trkpt lat="59.532785" lon="24.79348">
			<ele>39.8</ele>
			<time>2026-05-22T00:09:36Z</time>
		</trkpt>
		<trkpt lat="59.53268" lon="24.7935833">
			<ele>39.3</ele>
			<time>2026-05-22T00:09:37Z</time>
		</trkpt>
		<trkpt lat="59.5325733" lon="24.7936617">
			<ele>39.7</ele>
			<time>2026-05-22T00:09:38Z</time>
		</trkpt>
		<trkpt lat="59.5324683" lon="24.7937183">
			<ele>40.1</ele>
			<time>2026-05-22T00:09:39Z</time>
		</trkpt>
		<trkpt lat="59.532365" lon="24.79375">
			<ele>40.8</ele>
			<time>2026-05-22T00:09:40Z</time>
		</trkpt>
		<trkpt lat="59.5322617" lon="24.7937583">
			<ele>41.5</ele>
			<time>2026-05-22T00:09:41Z</time>
		</trkpt>
		<trkpt lat="59.5321567" lon="24.7937583">
			<ele>42</ele>
			<time>2026-05-22T00:09:42Z</time>
		</trkpt>
		<trkpt lat="59.532055" lon="24.7937667">
			<ele>42.5</ele>
			<time>2026-05-22T00:09:43Z</time>
		</trkpt>
		<trkpt lat="59.5319567" lon="24.7937983">
			<ele>42.8</ele>
			<time>2026-05-22T00:09:44Z</time>
		</trkpt>
		<trkpt lat="59.5318567" lon="24.793845">
			<ele>43.3</ele>
			<time>2026-05-22T00:09:45Z</time>
		</trkpt>
		<trkpt lat="59.5317533" lon="24.7939017">
			<ele>43.3</ele>
			<time>2026-05-22T00:09:46Z</time>
		</trkpt>
		<trkpt lat="59.5316467" lon="24.7939533">
			<ele>43.7</ele>
			<time>2026-05-22T00:09:47Z</time>
		</trkpt>
		<trkpt lat="59.5315367" lon="24.7939917">
			<ele>44.1</ele>
			<time>2026-05-22T00:09:48Z</time>
		</trkpt>
		<trkpt lat="59.5314267" lon="24.794015">
			<ele>44.6</ele>
			<time>2026-05-22T00:09:49Z</time>
		</trkpt>
		<trkpt lat="59.5313183" lon="24.79403">
			<ele>45.1</ele>
			<time>2026-05-22T00:09:50Z</time>
		</trkpt>
		<trkpt lat="59.5312133" lon="24.7940417">
			<ele>45.4</ele>
			<time>2026-05-22T00:09:51Z</time>
		</trkpt>
		<trkpt lat="59.5311033" lon="24.79405">
			<ele>45.3</ele>
			<time>2026-05-22T00:09:52Z</time>
		</trkpt>
		<trkpt lat="59.530995" lon="24.794055">
			<ele>45.2</ele>
			<time>2026-05-22T00:09:53Z</time>
		</trkpt>
		<trkpt lat="59.5308833" lon="24.79406">
			<ele>45.4</ele>
			<time>2026-05-22T00:09:54Z</time>
		</trkpt>
		<trkpt lat="59.5307717" lon="24.7940633">
			<ele>45.5</ele>
			<time>2026-05-22T00:09:55Z</time>
		</trkpt>
		<trkpt lat="59.5306617" lon="24.7940683">
			<ele>46.2</ele>
			<time>2026-05-22T00:09:56Z</time>
		</trkpt>
		<trkpt lat="59.5305517" lon="24.79408">
			<ele>46.6</ele>
			<time>2026-05-22T00:09:57Z</time>
		</trkpt>
		<trkpt lat="59.5304433" lon="24.7940967">
			<ele>46.7</ele>
			<time>2026-05-22T00:09:58Z</time>
		</trkpt>
		<trkpt lat="59.530335" lon="24.794115">
			<ele>46.6</ele>
			<time>2026-05-22T00:09:59Z</time>
		</trkpt>
		<trkpt lat="59.5302267" lon="24.7941367">
			<ele>46.6</ele>
			<time>2026-05-22T00:10:00Z</time>
		</trkpt>
		<trkpt lat="59.5301133" lon="24.7941733">
			<ele>46.4</ele>
			<time>2026-05-22T00:10:01Z</time>
		</trkpt>
		<trkpt lat="59.5299983" lon="24.7942233">
			<ele>46.6</ele>
			<time>2026-05-22T00:10:02Z</time>
		</trkpt>
		<trkpt lat="59.5298817" lon="24.7942833">
			<ele>46.7</ele>
			<time>2026-05-22T00:10:03Z</time>
		</trkpt>
		<trkpt lat="59.52977" lon="24.7943517">
			<ele>47.5</ele>
			<time>2026-05-22T00:10:04Z</time>
		</trkpt>
		<trkpt lat="59.52966" lon="24.7944283">
			<ele>48.1</ele>
			<time>2026-05-22T00:10:05Z</time>
		</trkpt>
		<trkpt lat="59.5295517" lon="24.7945117">
			<ele>48.5</ele>
			<time>2026-05-22T00:10:06Z</time>
		</trkpt>
		<trkpt lat="59.529445" lon="24.794595">
			<ele>49</ele>
			<time>2026-05-22T00:10:07Z</time>
		</trkpt>
		<trkpt lat="59.5293417" lon="24.794665">
			<ele>49.7</ele>
			<time>2026-05-22T00:10:08Z</time>
		</trkpt>
		<trkpt lat="59.5292383" lon="24.794725">
			<ele>50.1</ele>
			<time>2026-05-22T00:10:09Z</time>
		</trkpt>
		<trkpt lat="59.5291317" lon="24.794755">
			<ele>50.4</ele>
			<time>2026-05-22T00:10:10Z</time>
		</trkpt>
		<trkpt lat="59.529025" lon="24.7947433">
			<ele>50.7</ele>
			<time>2026-05-22T00:10:11Z</time>
		</trkpt>
		<trkpt lat="59.52892" lon="24.7946983">
			<ele>50.8</ele>
			<time>2026-05-22T00:10:12Z</time>
		</trkpt>
		<trkpt lat="59.528815" lon="24.7946383">
			<ele>51.3</ele>
			<time>2026-05-22T00:10:13Z</time>
		</trkpt>
		<trkpt lat="59.5287117" lon="24.7945933">
			<ele>51.9</ele>
			<time>2026-05-22T00:10:14Z</time>
		</trkpt>
		<trkpt lat="59.5286067" lon="24.794585">
			<ele>52.4</ele>
			<time>2026-05-22T00:10:15Z</time>
		</trkpt>
		<trkpt lat="59.5285" lon="24.79463">
			<ele>52.9</ele>
			<time>2026-05-22T00:10:16Z</time>
		</trkpt>
		<trkpt lat="59.5283967" lon="24.7947133">
			<ele>52.9</ele>
			<time>2026-05-22T00:10:17Z</time>
		</trkpt>
		<trkpt lat="59.52829" lon="24.7948133">
			<ele>52.5</ele>
			<time>2026-05-22T00:10:18Z</time>
		</trkpt>
		<trkpt lat="59.5281783" lon="24.7949017">
			<ele>52.6</ele>
			<time>2026-05-22T00:10:19Z</time>
		</trkpt>
		<trkpt lat="59.528065" lon="24.79494">
			<ele>53</ele>
			<time>2026-05-22T00:10:20Z</time>
		</trkpt>
		<trkpt lat="59.5279517" lon="24.79492">
			<ele>53.4</ele>
			<time>2026-05-22T00:10:21Z</time>
		</trkpt>
		<trkpt lat="59.52784" lon="24.7948733">
			<ele>54</ele>
			<time>2026-05-22T00:10:22Z</time>
		</trkpt>
		<trkpt lat="59.5277317" lon="24.7948333">
			<ele>55</ele>
			<time>2026-05-22T00:10:23Z</time>
		</trkpt>
		<trkpt lat="59.527625" lon="24.794835">
			<ele>55.9</ele>
			<time>2026-05-22T00:10:24Z</time>
		</trkpt>
		<trkpt lat="59.5275167" lon="24.7948983">
			<ele>56.6</ele>
			<time>2026-05-22T00:10:25Z</time>
		</trkpt>
		<trkpt lat="59.5274117" lon="24.79502">
			<ele>57.3</ele>
			<time>2026-05-22T00:10:26Z</time>
		</trkpt>
		<trkpt lat="59.527315" lon="24.79516">
			<ele>58.6</ele>
			<time>2026-05-22T00:10:27Z</time>
		</trkpt>
		<trkpt lat="59.5272183" lon="24.7952933">
			<ele>59.4</ele>
			<time>2026-05-22T00:10:28Z</time>
		</trkpt>
		<trkpt lat="59.52712" lon="24.795405">
			<ele>59.7</ele>
			<time>2026-05-22T00:10:29Z</time>
		</trkpt>
		<trkpt lat="59.5270183" lon="24.7954867">
			<ele>59.6</ele>
			<time>2026-05-22T00:10:30Z</time>
		</trkpt>
		<trkpt lat="59.5269117" lon="24.79554">
			<ele>60.1</ele>
			<time>2026-05-22T00:10:31Z</time>
		</trkpt>
		<trkpt lat="59.5268017" lon="24.7955767">
			<ele>60.7</ele>
			<time>2026-05-22T00:10:32Z</time>
		</trkpt>
		<trkpt lat="59.52669" lon="24.7956233">
			<ele>61.2</ele>
			<time>2026-05-22T00:10:33Z</time>
		</trkpt>
		<trkpt lat="59.52658" lon="24.7956833">
			<ele>61.3</ele>
			<time>2026-05-22T00:10:34Z</time>
		</trkpt>
		<trkpt lat="59.52647" lon="24.7957483">
			<ele>62.1</ele>
			<time>2026-05-22T00:10:35Z</time>
		</trkpt>
		<trkpt lat="59.5263583" lon="24.7958067">
			<ele>62.6</ele>
			<time>2026-05-22T00:10:36Z</time>
		</trkpt>
		<trkpt lat="59.52625" lon="24.7958233">
			<ele>63.2</ele>
			<time>2026-05-22T00:10:37Z</time>
		</trkpt>
		<trkpt lat="59.5261467" lon="24.7957833">
			<ele>63.6</ele>
			<time>2026-05-22T00:10:38Z</time>
		</trkpt>
		<trkpt lat="59.5260483" lon="24.7956833">
			<ele>64</ele>
			<time>2026-05-22T00:10:39Z</time>
		</trkpt>
		<trkpt lat="59.5259617" lon="24.795545">
			<ele>64.4</ele>
			<time>2026-05-22T00:10:40Z</time>
		</trkpt>
		<trkpt lat="59.5258833" lon="24.795385">
			<ele>65.3</ele>
			<time>2026-05-22T00:10:41Z</time>
		</trkpt>
		<trkpt lat="59.5258083" lon="24.79523">
			<ele>66.1</ele>
			<time>2026-05-22T00:10:42Z</time>
		</trkpt>
		<trkpt lat="59.52573" lon="24.7950967">
			<ele>66.7</ele>
			<time>2026-05-22T00:10:43Z</time>
		</trkpt>
		<trkpt lat="59.52564" lon="24.795">
			<ele>67.2</ele>
			<time>2026-05-22T00:10:44Z</time>
		</trkpt>
		<trkpt lat="59.5255383" lon="24.7949517">
			<ele>67.4</ele>
			<time>2026-05-22T00:10:45Z</time>
		</trkpt>
		<trkpt lat="59.5254267" lon="24.794965">
			<ele>67.4</ele>
			<time>2026-05-22T00:10:46Z</time>
		</trkpt>
		<trkpt lat="59.5253167" lon="24.79506">
			<ele>67.6</ele>
			<time>2026-05-22T00:10:47Z</time>
		</trkpt>
		<trkpt lat="59.5252267" lon="24.7952483">
			<ele>66.7</ele>
			<time>2026-05-22T00:10:48Z</time>
		</trkpt>
		<trkpt lat="59.5251733" lon="24.795515">
			<ele>65.3</ele>
			<time>2026-05-22T00:10:49Z</time>
		</trkpt>
		<trkpt lat="59.525165" lon="24.7958217">
			<ele>63.2</ele>
			<time>2026-05-22T00:10:50Z</time>
		</trkpt>
		<trkpt lat="59.5252017" lon="24.7961233">
			<ele>59.8</ele>
			<time>2026-05-22T00:10:51Z</time>
		</trkpt>
		<trkpt lat="59.52528" lon="24.7963783">
			<ele>56.8</ele>
			<time>2026-05-22T00:10:52Z</time>
		</trkpt>
		<trkpt lat="59.5254083" lon="24.7965283">
			<ele>58.2</ele>
			<time>2026-05-22T00:10:53Z</time>
		</trkpt>
		<trkpt lat="59.5255567" lon="24.7965783">
			<ele>58.7</ele>
			<time>2026-05-22T00:10:54Z</time>
		</trkpt>
		<trkpt lat="59.525695" lon="24.79652">
			<ele>58.6</ele>
			<time>2026-05-22T00:10:55Z</time>
		</trkpt>
		<trkpt lat="59.525815" lon="24.79637">
			<ele>59.8</ele>
			<time>2026-05-22T00:10:56Z</time>
		</trkpt>
		<trkpt lat="59.5258867" lon="24.7961583">
			<ele>59.9</ele>
			<time>2026-05-22T00:10:57Z</time>
		</trkpt>
		<trkpt lat="59.5259" lon="24.7959183">
			<ele>59.1</ele>
			<time>2026-05-22T00:10:58Z</time>
		</trkpt>
		<trkpt lat="59.5258583" lon="24.7956767">
			<ele>59</ele>
			<time>2026-05-22T00:10:59Z</time>
		</trkpt>
		<trkpt lat="59.525775" lon="24.79548">
			<ele>60</ele>
			<time>2026-05-22T00:11:00Z</time>
		</trkpt>
		<trkpt lat="59.5256667" lon="24.7953517">
			<ele>59.8</ele>
			<time>2026-05-22T00:11:01Z</time>
		</trkpt>
		<trkpt lat="59.52555" lon="24.7953067">
			<ele>58.3</ele>
			<time>2026-05-22T00:11:02Z</time>
		</trkpt>
		<trkpt lat="59.525425" lon="24.7953233">
			<ele>58</ele>
			<time>2026-05-22T00:11:03Z</time>
		</trkpt>
		<trkpt lat="59.5253033" lon="24.795395">
			<ele>58.3</ele>
			<time>2026-05-22T00:11:04Z</time>
		</trkpt>
		<trkpt lat="59.52519" lon="24.7954883">
			<ele>58.8</ele>
			<time>2026-05-22T00:11:05Z</time>
		</trkpt>
		<trkpt lat="59.5250867" lon="24.7956083">
			<ele>58.9</ele>
			<time>2026-05-22T00:11:06Z</time>
		</trkpt>
		<trkpt lat="59.52499" lon="24.7957517">
			<ele>59.1</ele>
			<time>2026-05-22T00:11:07Z</time>
		</trkpt>
		<trkpt lat="59.5248983" lon="24.7959">
			<ele>59.8</ele>
			<time>2026-05-22T00:11:08Z</time>
		</trkpt>
		<trkpt lat="59.5248033" lon="24.796025">
			<ele>59.3</ele>
			<time>2026-05-22T00:11:09Z</time>
		</trkpt>
		<trkpt lat="59.5247033" lon="24.79612">
			<ele>58.6</ele>
			<time>2026-05-22T00:11:10Z</time>
		</trkpt>
		<trkpt lat="59.5246" lon="24.7962017">
			<ele>58.2</ele>
			<time>2026-05-22T00:11:11Z</time>
		</trkpt>
		<trkpt lat="59.5244983" lon="24.7962817">
			<ele>57.8</ele>
			<time>2026-05-22T00:11:12Z</time>
		</trkpt>
		<trkpt lat="59.524395" lon="24.7963667">
			<ele>57.7</ele>
			<time>2026-05-22T00:11:13Z</time>
		</trkpt>
		<trkpt lat="59.5242883" lon="24.79646">
			<ele>57.3</ele>
			<time>2026-05-22T00:11:14Z</time>
		</trkpt>
		<trkpt lat="59.52418" lon="24.7965467">
			<ele>57.1</ele>
			<time>2026-05-22T00:11:15Z</time>
		</trkpt>
		<trkpt lat="59.52407" lon="24.796615">
			<ele>57.3</ele>
			<time>2026-05-22T00:11:16Z</time>
		</trkpt>
		<trkpt lat="59.52396" lon="24.7966767">
			<ele>57.8</ele>
			<time>2026-05-22T00:11:17Z</time>
		</trkpt>
		<trkpt lat="59.5238517" lon="24.79673">
			<ele>58.3</ele>
			<time>2026-05-22T00:11:18Z</time>
		</trkpt>
		<trkpt lat="59.5237433" lon="24.7967833">
			<ele>59.1</ele>
			<time>2026-05-22T00:11:19Z</time>
		</trkpt>
		<trkpt lat="59.523635" lon="24.7968383">
			<ele>59.6</ele>
			<time>2026-05-22T00:11:20Z</time>
		</trkpt>
		<trkpt lat="59.5235317" lon="24.7968933">
			<ele>60.1</ele>
			<time>2026-05-22T00:11:21Z</time>
		</trkpt>
		<trkpt lat="59.523425" lon="24.7969467">
			<ele>60.6</ele>
			<time>2026-05-22T00:11:22Z</time>
		</trkpt>
		<trkpt lat="59.5233183" lon="24.796995">
			<ele>60.9</ele>
			<time>2026-05-22T00:11:23Z</time>
		</trkpt>
		<trkpt lat="59.523205" lon="24.797045">
			<ele>60.7</ele>
			<time>2026-05-22T00:11:24Z</time>
		</trkpt>
		<trkpt lat="59.5230967" lon="24.7971017">
			<ele>60.8</ele>
			<time>2026-05-22T00:11:25Z</time>
		</trkpt>
		<trkpt lat="59.522985" lon="24.7971683">
			<ele>61</ele>
			<time>2026-05-22T00:11:26Z</time>
		</trkpt>
		<trkpt lat="59.522875" lon="24.79724">
			<ele>61.5</ele>
			<time>2026-05-22T00:11:27Z</time>
		</trkpt>
		<trkpt lat="59.5227683" lon="24.7973183">
			<ele>62</ele>
			<time>2026-05-22T00:11:28Z</time>
		</trkpt>
		<trkpt lat="59.5226617" lon="24.7973917">
			<ele>62.4</ele>
			<time>2026-05-22T00:11:29Z</time>
		</trkpt>
		<trkpt lat="59.5225533" lon="24.7974617">
			<ele>62.8</ele>
			<time>2026-05-22T00:11:30Z</time>
		</trkpt>
		<trkpt lat="59.522445" lon="24.7975333">
			<ele>62.6</ele>
			<time>2026-05-22T00:11:31Z</time>
		</trkpt>
		<trkpt lat="59.5223383" lon="24.7976033">
			<ele>62.7</ele>
			<time>2026-05-22T00:11:32Z</time>
		</trkpt>
		<trkpt lat="59.5222317" lon="24.7976667">
			<ele>62.9</ele>
			<time>2026-05-22T00:11:33Z</time>
		</trkpt>
		<trkpt lat="59.52212" lon="24.7977267">
			<ele>63.1</ele>
			<time>2026-05-22T00:11:34Z</time>
		</trkpt>
		<trkpt lat="59.52201" lon="24.797775">
			<ele>64.4</ele>
			<time>2026-05-22T00:11:35Z</time>
		</trkpt>
		<trkpt lat="59.5219" lon="24.7978167">
			<ele>64.9</ele>
			<time>2026-05-22T00:11:36Z</time>
		</trkpt>
		<trkpt lat="59.52179" lon="24.79785">
			<ele>65.7</ele>
			<time>2026-05-22T00:11:37Z</time>
		</trkpt>
		<trkpt lat="59.5216833" lon="24.7978767">
			<ele>66.8</ele>
			<time>2026-05-22T00:11:38Z</time>
		</trkpt>
		<trkpt lat="59.5215767" lon="24.7979083">
			<ele>67.6</ele>
			<time>2026-05-22T00:11:39Z</time>
		</trkpt>
		<trkpt lat="59.5214683" lon="24.797945">
			<ele>68.3</ele>
			<time>2026-05-22T00:11:40Z</time>
		</trkpt>
		<trkpt lat="59.52136" lon="24.7979917">
			<ele>68.8</ele>
			<time>2026-05-22T00:11:41Z</time>
		</trkpt>
		<trkpt lat="59.5212517" lon="24.7980433">
			<ele>69.6</ele>
			<time>2026-05-22T00:11:42Z</time>
		</trkpt>
		<trkpt lat="59.5211417" lon="24.798105">
			<ele>70.4</ele>
			<time>2026-05-22T00:11:43Z</time>
		</trkpt>
		<trkpt lat="59.5210333" lon="24.7981717">
			<ele>70.8</ele>
			<time>2026-05-22T00:11:44Z</time>
		</trkpt>
		<trkpt lat="59.5209267" lon="24.7982433">
			<ele>71.6</ele>
			<time>2026-05-22T00:11:45Z</time>
		</trkpt>
		<trkpt lat="59.5208217" lon="24.7983183">
			<ele>72</ele>
			<time>2026-05-22T00:11:46Z</time>
		</trkpt>
		<trkpt lat="59.520715" lon="24.7983933">
			<ele>72.3</ele>
			<time>2026-05-22T00:11:47Z</time>
		</trkpt>
		<trkpt lat="59.52061" lon="24.79847">
			<ele>73</ele>
			<time>2026-05-22T00:11:48Z</time>
		</trkpt>
		<trkpt lat="59.5205067" lon="24.7985517">
			<ele>73.6</ele>
			<time>2026-05-22T00:11:49Z</time>
		</trkpt>
		<trkpt lat="59.5204033" lon="24.7986317">
			<ele>74.1</ele>
			<time>2026-05-22T00:11:50Z</time>
		</trkpt>
		<trkpt lat="59.5202967" lon="24.7987167">
			<ele>74.6</ele>
			<time>2026-05-22T00:11:51Z</time>
		</trkpt>
		<trkpt lat="59.5201917" lon="24.7988067">
			<ele>75.1</ele>
			<time>2026-05-22T00:11:52Z</time>
		</trkpt>
		<trkpt lat="59.520085" lon="24.7989017">
			<ele>75.2</ele>
			<time>2026-05-22T00:11:53Z</time>
		</trkpt>
		<trkpt lat="59.5199817" lon="24.79901">
			<ele>75.5</ele>
			<time>2026-05-22T00:11:54Z</time>
		</trkpt>
		<trkpt lat="59.51988" lon="24.7991333">
			<ele>76.1</ele>
			<time>2026-05-22T00:11:55Z</time>
		</trkpt>
		<trkpt lat="59.519785" lon="24.7992667">
			<ele>76.7</ele>
			<time>2026-05-22T00:11:56Z</time>
		</trkpt>
		<trkpt lat="59.51969" lon="24.7994067">
			<ele>77</ele>
			<time>2026-05-22T00:11:57Z</time>
		</trkpt>
		<trkpt lat="59.519595" lon="24.7995517">
			<ele>76.8</ele>
			<time>2026-05-22T00:11:58Z</time>
		</trkpt>
		<trkpt lat="59.5194983" lon="24.7997017">
			<ele>76.1</ele>
			<time>2026-05-22T00:11:59Z</time>
		</trkpt>
		<trkpt lat="59.519405" lon="24.7998583">
			<ele>76.3</ele>
			<time>2026-05-22T00:12:00Z</time>
		</trkpt>
		<trkpt lat="59.5193133" lon="24.800025">
			<ele>76.1</ele>
			<time>2026-05-22T00:12:01Z</time>
		</trkpt>
		<trkpt lat="59.5192233" lon="24.8002067">
			<ele>74.3</ele>
			<time>2026-05-22T00:12:02Z</time>
		</trkpt>
		<trkpt lat="59.519135" lon="24.8004017">
			<ele>72</ele>
			<time>2026-05-22T00:12:03Z</time>
		</trkpt>
		<trkpt lat="59.5190583" lon="24.800595">
			<ele>72.3</ele>
			<time>2026-05-22T00:12:04Z</time>
		</trkpt>
		<trkpt lat="59.51899" lon="24.8007933">
			<ele>73</ele>
			<time>2026-05-22T00:12:05Z</time>
		</trkpt>
		<trkpt lat="59.518935" lon="24.8010033">
			<ele>73.7</ele>
			<time>2026-05-22T00:12:06Z</time>
		</trkpt>
		<trkpt lat="59.518895" lon="24.8012317">
			<ele>73.7</ele>
			<time>2026-05-22T00:12:07Z</time>
		</trkpt>
		<trkpt lat="59.51887" lon="24.8014717">
			<ele>72.8</ele>
			<time>2026-05-22T00:12:08Z</time>
		</trkpt>
		<trkpt lat="59.5188567" lon="24.8017317">
			<ele>70.4</ele>
			<time>2026-05-22T00:12:09Z</time>
		</trkpt>
		<trkpt lat="59.5188583" lon="24.801995">
			<ele>68.7</ele>
			<time>2026-05-22T00:12:10Z</time>
		</trkpt>
		<trkpt lat="59.51887" lon="24.80226">
			<ele>68.2</ele>
			<time>2026-05-22T00:12:11Z</time>
		</trkpt>
		<trkpt lat="59.5188867" lon="24.8025183">
			<ele>68</ele>
			<time>2026-05-22T00:12:12Z</time>
		</trkpt>
		<trkpt lat="59.51891" lon="24.8027683">
			<ele>68.1</ele>
			<time>2026-05-22T00:12:13Z</time>
		</trkpt>
		<trkpt lat="59.5189417" lon="24.8030133">
			<ele>68.6</ele>
			<time>2026-05-22T00:12:14Z</time>
		</trkpt>
		<trkpt lat="59.5189883" lon="24.803255">
			<ele>70.4</ele>
			<time>2026-05-22T00:12:15Z</time>
		</trkpt>
		<trkpt lat="59.5190467" lon="24.8034867">
			<ele>70.4</ele>
			<time>2026-05-22T00:12:16Z</time>
		</trkpt>
		<trkpt lat="59.5191267" lon="24.8037017">
			<ele>74.6</ele>
			<time>2026-05-22T00:12:17Z</time>
		</trkpt>
		<trkpt lat="59.5192117" lon="24.80391">
			<ele>77.5</ele>
			<time>2026-05-22T00:12:18Z</time>
		</trkpt>
		<trkpt lat="59.5192983" lon="24.804115">
			<ele>81.3</ele>
			<time>2026-05-22T00:12:19Z</time>
		</trkpt>
		<trkpt lat="59.5193767" lon="24.8043183">
			<ele>81.9</ele>
			<time>2026-05-22T00:12:20Z</time>
		</trkpt>
		<trkpt lat="59.519455" lon="24.8045167">
			<ele>82.5</ele>
			<time>2026-05-22T00:12:21Z</time>
		</trkpt>
		<trkpt lat="59.5195367" lon="24.8047083">
			<ele>82.9</ele>
			<time>2026-05-22T00:12:22Z</time>
		</trkpt>
		<trkpt lat="59.5196167" lon="24.804895">
			<ele>82</ele>
			<time>2026-05-22T00:12:23Z</time>
		</trkpt>
		<trkpt lat="59.5196967" lon="24.8050883">
			<ele>79.9</ele>
			<time>2026-05-22T00:12:24Z</time>
		</trkpt>
		<trkpt lat="59.5197833" lon="24.8052833">
			<ele>79.7</ele>
			<time>2026-05-22T00:12:25Z</time>
		</trkpt>
		<trkpt lat="59.51987" lon="24.8054817">
			<ele>79.4</ele>
			<time>2026-05-22T00:12:26Z</time>
		</trkpt>
		<trkpt lat="59.5199467" lon="24.8056867">
			<ele>77.8</ele>
			<time>2026-05-22T00:12:27Z</time>
		</trkpt>
		<trkpt lat="59.5200133" lon="24.805905">
			<ele>77</ele>
			<time>2026-05-22T00:12:28Z</time>
		</trkpt>
		<trkpt lat="59.52006" lon="24.80614">
			<ele>76.2</ele>
			<time>2026-05-22T00:12:29Z</time>
		</trkpt>
		<trkpt lat="59.52009" lon="24.8063917">
			<ele>74.7</ele>
			<time>2026-05-22T00:12:30Z</time>
		</trkpt>
		<trkpt lat="59.5201033" lon="24.8066483">
			<ele>73.5</ele>
			<time>2026-05-22T00:12:31Z</time>
		</trkpt>
		<trkpt lat="59.5200983" lon="24.8069067">
			<ele>73.2</ele>
			<time>2026-05-22T00:12:32Z</time>
		</trkpt>
		<trkpt lat="59.5200683" lon="24.8071533">
			<ele>74.1</ele>
			<time>2026-05-22T00:12:33Z</time>
		</trkpt>
		<trkpt lat="59.520005" lon="24.8073767">
			<ele>74.1</ele>
			<time>2026-05-22T00:12:34Z</time>
		</trkpt>
		<trkpt lat="59.5199133" lon="24.80755">
			<ele>74.5</ele>
			<time>2026-05-22T00:12:35Z</time>
		</trkpt>
		<trkpt lat="59.5198083" lon="24.8076917">
			<ele>75.8</ele>
			<time>2026-05-22T00:12:36Z</time>
		</trkpt>
		<trkpt lat="59.5197017" lon="24.8078233">
			<ele>76.4</ele>
			<time>2026-05-22T00:12:37Z</time>
		</trkpt>
		<trkpt lat="59.5196067" lon="24.8079533">
			<ele>77</ele>
			<time>2026-05-22T00:12:38Z</time>
		</trkpt>
		<trkpt lat="59.519515" lon="24.8080783">
			<ele>77.5</ele>
			<time>2026-05-22T00:12:39Z</time>
		</trkpt>
		<trkpt lat="59.5194183" lon="24.8082">
			<ele>77.5</ele>
			<time>2026-05-22T00:12:40Z</time>
		</trkpt>
		<trkpt lat="59.5193183" lon="24.80831">
			<ele>77.1</ele>
			<time>2026-05-22T00:12:41Z</time>
		</trkpt>
		<trkpt lat="59.5192167" lon="24.8084133">
			<ele>76.3</ele>
			<time>2026-05-22T00:12:42Z</time>
		</trkpt>
		<trkpt lat="59.5191183" lon="24.8085233">
			<ele>75.9</ele>
			<time>2026-05-22T00:12:43Z</time>
		</trkpt>
		<trkpt lat="59.51902" lon="24.8086517">
			<ele>75.1</ele>
			<time>2026-05-22T00:12:44Z</time>
		</trkpt>
		<trkpt lat="59.51892" lon="24.8087983">
			<ele>73.5</ele>
			<time>2026-05-22T00:12:45Z</time>
		</trkpt>
		<trkpt lat="59.5188233" lon="24.808945">
			<ele>72.8</ele>
			<time>2026-05-22T00:12:46Z</time>
		</trkpt>
		<trkpt lat="59.5187267" lon="24.8090883">
			<ele>72.8</ele>
			<time>2026-05-22T00:12:47Z</time>
		</trkpt>
		<trkpt lat="59.5186283" lon="24.8092133">
			<ele>72.7</ele>
			<time>2026-05-22T00:12:48Z</time>
		</trkpt>
		<trkpt lat="59.5185267" lon="24.8093267">
			<ele>72.6</ele>
			<time>2026-05-22T00:12:49Z</time>
		</trkpt>
		<trkpt lat="59.5184283" lon="24.8094433">
			<ele>72.7</ele>
			<time>2026-05-22T00:12:50Z</time>
		</trkpt>
		<trkpt lat="59.5183317" lon="24.80957">
			<ele>72.9</ele>
			<time>2026-05-22T00:12:51Z</time>
		</trkpt>
		<trkpt lat="59.5182367" lon="24.8097067">
			<ele>72.8</ele>
			<time>2026-05-22T00:12:52Z</time>
		</trkpt>
		<trkpt lat="59.5181417" lon="24.809835">
			<ele>72.7</ele>
			<time>2026-05-22T00:12:53Z</time>
		</trkpt>
		<trkpt lat="59.5180417" lon="24.80995">
			<ele>72.4</ele>
			<time>2026-05-22T00:12:54Z</time>
		</trkpt>
		<trkpt lat="59.5179417" lon="24.8100433">
			<ele>72.3</ele>
			<time>2026-05-22T00:12:55Z</time>
		</trkpt>
		<trkpt lat="59.5178383" lon="24.8101367">
			<ele>72.6</ele>
			<time>2026-05-22T00:12:56Z</time>
		</trkpt>
		<trkpt lat="59.517735" lon="24.8102433">
			<ele>72.6</ele>
			<time>2026-05-22T00:12:57Z</time>
		</trkpt>
		<trkpt lat="59.5176367" lon="24.810365">
			<ele>73.2</ele>
			<time>2026-05-22T00:12:58Z</time>
		</trkpt>
		<trkpt lat="59.517535" lon="24.8104833">
			<ele>73.3</ele>
			<time>2026-05-22T00:12:59Z</time>
		</trkpt>
		<trkpt lat="59.51743" lon="24.8105917">
			<ele>74.3</ele>
			<time>2026-05-22T00:13:00Z</time>
		</trkpt>
		<trkpt lat="59.5173167" lon="24.8106767">
			<ele>75</ele>
			<time>2026-05-22T00:13:01Z</time>
		</trkpt>
		<trkpt lat="59.5172033" lon="24.8107517">
			<ele>75.7</ele>
			<time>2026-05-22T00:13:02Z</time>
		</trkpt>
		<trkpt lat="59.5170933" lon="24.8108217">
			<ele>75.9</ele>
			<time>2026-05-22T00:13:03Z</time>
		</trkpt>
		<trkpt lat="59.5169867" lon="24.8109033">
			<ele>75.7</ele>
			<time>2026-05-22T00:13:04Z</time>
		</trkpt>
		<trkpt lat="59.51688" lon="24.811">
			<ele>75.4</ele>
			<time>2026-05-22T00:13:05Z</time>
		</trkpt>
		<trkpt lat="59.5167733" lon="24.811105">
			<ele>75</ele>
			<time>2026-05-22T00:13:06Z</time>
		</trkpt>
		<trkpt lat="59.516665" lon="24.8112117">
			<ele>74.7</ele>
			<time>2026-05-22T00:13:07Z</time>
		</trkpt>
		<trkpt lat="59.5165567" lon="24.8113117">
			<ele>74.8</ele>
			<time>2026-05-22T00:13:08Z</time>
		</trkpt>
		<trkpt lat="59.51645" lon="24.8114017">
			<ele>75.1</ele>
			<time>2026-05-22T00:13:09Z</time>
		</trkpt>
		<trkpt lat="59.5163417" lon="24.8114867">
			<ele>75.8</ele>
			<time>2026-05-22T00:13:10Z</time>
		</trkpt>
		<trkpt lat="59.51623" lon="24.811565">
			<ele>76.9</ele>
			<time>2026-05-22T00:13:11Z</time>
		</trkpt>
		<trkpt lat="59.5161183" lon="24.8116433">
			<ele>78.1</ele>
			<time>2026-05-22T00:13:12Z</time>
		</trkpt>
		<trkpt lat="59.51601" lon="24.811725">
			<ele>79.5</ele>
			<time>2026-05-22T00:13:13Z</time>
		</trkpt>
		<trkpt lat="59.515905" lon="24.8118083">
			<ele>80.9</ele>
			<time>2026-05-22T00:13:14Z</time>
		</trkpt>
		<trkpt lat="59.5158017" lon="24.8118933">
			<ele>81.9</ele>
			<time>2026-05-22T00:13:15Z</time>
		</trkpt>
		<trkpt lat="59.5156983" lon="24.8119733">
			<ele>82.8</ele>
			<time>2026-05-22T00:13:16Z</time>
		</trkpt>
		<trkpt lat="59.5155917" lon="24.8120467">
			<ele>83.5</ele>
			<time>2026-05-22T00:13:17Z</time>
		</trkpt>
		<trkpt lat="59.51548" lon="24.812115">
			<ele>84</ele>
			<time>2026-05-22T00:13:18Z</time>
		</trkpt>
		<trkpt lat="59.5153667" lon="24.81218">
			<ele>84.5</ele>
			<time>2026-05-22T00:13:19Z</time>
		</trkpt>
		<trkpt lat="59.5152533" lon="24.8122483">
			<ele>84.8</ele>
			<time>2026-05-22T00:13:20Z</time>
		</trkpt>
		<trkpt lat="59.51514" lon="24.8123267">
			<ele>85.2</ele>
			<time>2026-05-22T00:13:21Z</time>
		</trkpt>
		<trkpt lat="59.5150267" lon="24.812415">
			<ele>86</ele>
			<time>2026-05-22T00:13:22Z</time>
		</trkpt>
		<trkpt lat="59.514915" lon="24.8125033">
			<ele>86.6</ele>
			<time>2026-05-22T00:13:23Z</time>
		</trkpt>
		<trkpt lat="59.514805" lon="24.8125833">
			<ele>87.7</ele>
			<time>2026-05-22T00:13:24Z</time>
		</trkpt>
		<trkpt lat="59.5146967" lon="24.8126517">
			<ele>88.3</ele>
			<time>2026-05-22T00:13:25Z</time>
		</trkpt>
		<trkpt lat="59.5145867" lon="24.8127">
			<ele>88.9</ele>
			<time>2026-05-22T00:13:26Z</time>
		</trkpt>
		<trkpt lat="59.5144733" lon="24.812725">
			<ele>89.2</ele>
			<time>2026-05-22T00:13:27Z</time>
		</trkpt>
		<trkpt lat="59.5143583" lon="24.81273">
			<ele>89.4</ele>
			<time>2026-05-22T00:13:28Z</time>
		</trkpt>
		<trkpt lat="59.5142417" lon="24.8127283">
			<ele>90.4</ele>
			<time>2026-05-22T00:13:29Z</time>
		</trkpt>
		<trkpt lat="59.514125" lon="24.8127283">
			<ele>91.3</ele>
			<time>2026-05-22T00:13:30Z</time>
		</trkpt>
		<trkpt lat="59.5140133" lon="24.8127367">
			<ele>92.1</ele>
			<time>2026-05-22T00:13:31Z</time>
		</trkpt>
		<trkpt lat="59.513905" lon="24.8127467">
			<ele>92.2</ele>
			<time>2026-05-22T00:13:32Z</time>
		</trkpt>
		<trkpt lat="59.5137983" lon="24.8127617">
			<ele>92.3</ele>
			<time>2026-05-22T00:13:33Z</time>
		</trkpt>
		<trkpt lat="59.51369" lon="24.8127733">
			<ele>92.1</ele>
			<time>2026-05-22T00:13:34Z</time>
		</trkpt>
		<trkpt lat="59.51358" lon="24.81278">
			<ele>91.8</ele>
			<time>2026-05-22T00:13:35Z</time>
		</trkpt>
		<trkpt lat="59.513465" lon="24.8127817">
			<ele>91.5</ele>
			<time>2026-05-22T00:13:36Z</time>
		</trkpt>
		<trkpt lat="59.5133467" lon="24.8127833">
			<ele>91</ele>
			<time>2026-05-22T00:13:37Z</time>
		</trkpt>
		<trkpt lat="59.5132267" lon="24.8127917">
			<ele>90.9</ele>
			<time>2026-05-22T00:13:38Z</time>
		</trkpt>
		<trkpt lat="59.513105" lon="24.8128083">
			<ele>90.5</ele>
			<time>2026-05-22T00:13:39Z</time>
		</trkpt>
		<trkpt lat="59.5129867" lon="24.812835">
			<ele>90.2</ele>
			<time>2026-05-22T00:13:40Z</time>
		</trkpt>
		<trkpt lat="59.5128717" lon="24.8128633">
			<ele>90</ele>
			<time>2026-05-22T00:13:41Z</time>
		</trkpt>
		<trkpt lat="59.51276" lon="24.8128933">
			<ele>89.6</ele>
			<time>2026-05-22T00:13:42Z</time>
		</trkpt>
		<trkpt lat="59.51265" lon="24.8129133">
			<ele>89.2</ele>
			<time>2026-05-22T00:13:43Z</time>
		</trkpt>
		<trkpt lat="59.51254" lon="24.81293">
			<ele>88.4</ele>
			<time>2026-05-22T00:13:44Z</time>
		</trkpt>
		<trkpt lat="59.5124283" lon="24.812945">
			<ele>87.5</ele>
			<time>2026-05-22T00:13:45Z</time>
		</trkpt>
		<trkpt lat="59.5123117" lon="24.8129767">
			<ele>87.1</ele>
			<time>2026-05-22T00:13:46Z</time>
		</trkpt>
		<trkpt lat="59.512195" lon="24.8130417">
			<ele>86.5</ele>
			<time>2026-05-22T00:13:47Z</time>
		</trkpt>
		<trkpt lat="59.5120833" lon="24.8131433">
			<ele>86.1</ele>
			<time>2026-05-22T00:13:48Z</time>
		</trkpt>
		<trkpt lat="59.5119717" lon="24.81326">
			<ele>85.4</ele>
			<time>2026-05-22T00:13:49Z</time>
		</trkpt>
		<trkpt lat="59.51186" lon="24.8133633">
			<ele>84.2</ele>
			<time>2026-05-22T00:13:50Z</time>
		</trkpt>
		<trkpt lat="59.51175" lon="24.8134267">
			<ele>83</ele>
			<time>2026-05-22T00:13:51Z</time>
		</trkpt>
		<trkpt lat="59.5116417" lon="24.8134417">
			<ele>81.9</ele>
			<time>2026-05-22T00:13:52Z</time>
		</trkpt>
		<trkpt lat="59.511535" lon="24.8133917">
			<ele>80.6</ele>
			<time>2026-05-22T00:13:53Z</time>
		</trkpt>
		<trkpt lat="59.5114483" lon="24.81326">
			<ele>79.2</ele>
			<time>2026-05-22T00:13:54Z</time>
		</trkpt>
		<trkpt lat="59.5114" lon="24.8130467">
			<ele>77.8</ele>
			<time>2026-05-22T00:13:55Z</time>
		</trkpt>
		<trkpt lat="59.5114017" lon="24.8128033">
			<ele>76.3</ele>
			<time>2026-05-22T00:13:56Z</time>
		</trkpt>
		<trkpt lat="59.5114867" lon="24.8125683">
			<ele>74.2</ele>
			<time>2026-05-22T00:13:57Z</time>
		</trkpt>
		<trkpt lat="59.511655" lon="24.8124633">
			<ele>71.4</ele>
			<time>2026-05-22T00:13:58Z</time>
		</trkpt>
		<trkpt lat="59.5118217" lon="24.8124867">
			<ele>68.7</ele>
			<time>2026-05-22T00:13:59Z</time>
		</trkpt>
		<trkpt lat="59.51195" lon="24.8126967">
			<ele>64</ele>
			<time>2026-05-22T00:14:00Z</time>
		</trkpt>
		<trkpt lat="59.5120117" lon="24.8130517">
			<ele>59.7</ele>
			<time>2026-05-22T00:14:01Z</time>
		</trkpt>
		<trkpt lat="59.51197" lon="24.8133983">
			<ele>54.3</ele>
			<time>2026-05-22T00:14:02Z</time>
		</trkpt>
		<trkpt lat="59.5117883" lon="24.8135567">
			<ele>49.6</ele>
			<time>2026-05-22T00:14:03Z</time>
		</trkpt>
		<trkpt lat="59.5116083" lon="24.8134817">
			<ele>47.6</ele>
			<time>2026-05-22T00:14:04Z</time>
		</trkpt>
		<trkpt lat="59.5114917" lon="24.81326">
			<ele>45.4</ele>
			<time>2026-05-22T00:14:05Z</time>
		</trkpt>
		<trkpt lat="59.5114583" lon="24.812985">
			<ele>46.5</ele>
			<time>2026-05-22T00:14:06Z</time>
		</trkpt>
		<trkpt lat="59.5114833" lon="24.8127367">
			<ele>49</ele>
			<time>2026-05-22T00:14:07Z</time>
		</trkpt>
		<trkpt lat="59.511535" lon="24.8125667">
			<ele>50.7</ele>
			<time>2026-05-22T00:14:08Z</time>
		</trkpt>
		<trkpt lat="59.5116033" lon="24.8124317">
			<ele>52.2</ele>
			<time>2026-05-22T00:14:09Z</time>
		</trkpt>
		<trkpt lat="59.5116933" lon="24.8123333">
			<ele>53.5</ele>
			<time>2026-05-22T00:14:10Z</time>
		</trkpt>
		<trkpt lat="59.511815" lon="24.81231">
			<ele>54.7</ele>
			<time>2026-05-22T00:14:11Z</time>
		</trkpt>
		<trkpt lat="59.5119483" lon="24.81238">
			<ele>54.9</ele>
			<time>2026-05-22T00:14:12Z</time>
		</trkpt>
		<trkpt lat="59.5120683" lon="24.812585">
			<ele>53.9</ele>
			<time>2026-05-22T00:14:13Z</time>
		</trkpt>
		<trkpt lat="59.512125" lon="24.8129233">
			<ele>50.7</ele>
			<time>2026-05-22T00:14:14Z</time>
		</trkpt>
		<trkpt lat="59.51212" lon="24.8132733">
			<ele>47.4</ele>
			<time>2026-05-22T00:14:15Z</time>
		</trkpt>
		<trkpt lat="59.5120283" lon="24.81355">
			<ele>44.1</ele>
			<time>2026-05-22T00:14:16Z</time>
		</trkpt>
		<trkpt lat="59.5118667" lon="24.8136783">
			<ele>41.4</ele>
			<time>2026-05-22T00:14:17Z</time>
		</trkpt>
		<trkpt lat="59.5117083" lon="24.81367">
			<ele>40.5</ele>
			<time>2026-05-22T00:14:18Z</time>
		</trkpt>
		<trkpt lat="59.51158" lon="24.8136133">
			<ele>41.9</ele>
			<time>2026-05-22T00:14:19Z</time>
		</trkpt>
		<trkpt lat="59.5114717" lon="24.81355">
			<ele>44.7</ele>
			<time>2026-05-22T00:14:20Z</time>
		</trkpt>
		<trkpt lat="59.51137" lon="24.813535">
			<ele>46.5</ele>
			<time>2026-05-22T00:14:21Z</time>
		</trkpt>
		<trkpt lat="59.5112767" lon="24.81356">
			<ele>46.8</ele>
			<time>2026-05-22T00:14:22Z</time>
		</trkpt>
		<trkpt lat="59.5111767" lon="24.8135917">
			<ele>45</ele>
			<time>2026-05-22T00:14:23Z</time>
		</trkpt>
		<trkpt lat="59.511065" lon="24.8136033">
			<ele>43.4</ele>
			<time>2026-05-22T00:14:24Z</time>
		</trkpt>
		<trkpt lat="59.51095" lon="24.8135967">
			<ele>41.6</ele>
			<time>2026-05-22T00:14:25Z</time>
		</trkpt>
		<trkpt lat="59.51083" lon="24.8135833">
			<ele>41.4</ele>
			<time>2026-05-22T00:14:26Z</time>
		</trkpt>
		<trkpt lat="59.5107117" lon="24.8135883">
			<ele>41.9</ele>
			<time>2026-05-22T00:14:27Z</time>
		</trkpt>
		<trkpt lat="59.5105983" lon="24.81361">
			<ele>42.7</ele>
			<time>2026-05-22T00:14:28Z</time>
		</trkpt>
		<trkpt lat="59.5104883" lon="24.8136383">
			<ele>43.1</ele>
			<time>2026-05-22T00:14:29Z</time>
		</trkpt>
		<trkpt lat="59.5103817" lon="24.8136667">
			<ele>43.2</ele>
			<time>2026-05-22T00:14:30Z</time>
		</trkpt>
		<trkpt lat="59.510275" lon="24.81368">
			<ele>43.1</ele>
			<time>2026-05-22T00:14:31Z</time>
		</trkpt>
		<trkpt lat="59.5101667" lon="24.813685">
			<ele>43</ele>
			<time>2026-05-22T00:14:32Z</time>
		</trkpt>
		<trkpt lat="59.5100567" lon="24.813675">
			<ele>43.1</ele>
			<time>2026-05-22T00:14:33Z</time>
		</trkpt>
		<trkpt lat="59.5099483" lon="24.81365">
			<ele>43.2</ele>
			<time>2026-05-22T00:14:34Z</time>
		</trkpt>
		<trkpt lat="59.5098383" lon="24.81362">
			<ele>43.4</ele>
			<time>2026-05-22T00:14:35Z</time>
		</trkpt>
		<trkpt lat="59.5097283" lon="24.8135933">
			<ele>43.8</ele>
			<time>2026-05-22T00:14:36Z</time>
		</trkpt>
		<trkpt lat="59.50962" lon="24.8135733">
			<ele>44.2</ele>
			<time>2026-05-22T00:14:37Z</time>
		</trkpt>
		<trkpt lat="59.5095167" lon="24.8135517">
			<ele>44.4</ele>
			<time>2026-05-22T00:14:38Z</time>
		</trkpt>
		<trkpt lat="59.5094167" lon="24.81352">
			<ele>44.5</ele>
			<time>2026-05-22T00:14:39Z</time>
		</trkpt>
		<trkpt lat="59.5093133" lon="24.8134783">
			<ele>44.4</ele>
			<time>2026-05-22T00:14:40Z</time>
		</trkpt>
		<trkpt lat="59.5092067" lon="24.813425">
			<ele>44.3</ele>
			<time>2026-05-22T00:14:41Z</time>
		</trkpt>
		<trkpt lat="59.5091" lon="24.81337">
			<ele>44.8</ele>
			<time>2026-05-22T00:14:42Z</time>
		</trkpt>
		<trkpt lat="59.5089933" lon="24.813325">
			<ele>45.4</ele>
			<time>2026-05-22T00:14:43Z</time>
		</trkpt>
		<trkpt lat="59.508885" lon="24.8132883">
			<ele>45.8</ele>
			<time>2026-05-22T00:14:44Z</time>
		</trkpt>
		<trkpt lat="59.50878" lon="24.813255">
			<ele>46.2</ele>
			<time>2026-05-22T00:14:45Z</time>
		</trkpt>
		<trkpt lat="59.5086733" lon="24.8132183">
			<ele>46.5</ele>
			<time>2026-05-22T00:14:46Z</time>
		</trkpt>
		<trkpt lat="59.5085683" lon="24.8131783">
			<ele>46.5</ele>
			<time>2026-05-22T00:14:47Z</time>
		</trkpt>
		<trkpt lat="59.5084617" lon="24.8131367">
			<ele>46.5</ele>
			<time>2026-05-22T00:14:48Z</time>
		</trkpt>
		<trkpt lat="59.5083517" lon="24.8130983">
			<ele>46.8</ele>
			<time>2026-05-22T00:14:49Z</time>
		</trkpt>
		<trkpt lat="59.5082433" lon="24.8130567">
			<ele>46.6</ele>
			<time>2026-05-22T00:14:50Z</time>
		</trkpt>
		<trkpt lat="59.50814" lon="24.8130033">
			<ele>46.3</ele>
			<time>2026-05-22T00:14:51Z</time>
		</trkpt>
		<trkpt lat="59.50804" lon="24.8129317">
			<ele>46.3</ele>
			<time>2026-05-22T00:14:52Z</time>
		</trkpt>
		<trkpt lat="59.5079417" lon="24.8128483">
			<ele>46.5</ele>
			<time>2026-05-22T00:14:53Z</time>
		</trkpt>
		<trkpt lat="59.5078467" lon="24.8127567">
			<ele>46.7</ele>
			<time>2026-05-22T00:14:54Z</time>
		</trkpt>
		<trkpt lat="59.507755" lon="24.8126617">
			<ele>47.2</ele>
			<time>2026-05-22T00:14:55Z</time>
		</trkpt>
		<trkpt lat="59.5076633" lon="24.8125683">
			<ele>47.5</ele>
			<time>2026-05-22T00:14:56Z</time>
		</trkpt>
		<trkpt lat="59.5075733" lon="24.81248">
			<ele>47.6</ele>
			<time>2026-05-22T00:14:57Z</time>
		</trkpt>
		<trkpt lat="59.5074817" lon="24.81239">
			<ele>47.6</ele>
			<time>2026-05-22T00:14:58Z</time>
		</trkpt>
		<trkpt lat="59.5073967" lon="24.8122883">
			<ele>47.5</ele>
			<time>2026-05-22T00:14:59Z</time>
		</trkpt>
		<trkpt lat="59.5073117" lon="24.8121683">
			<ele>47.4</ele>
			<time>2026-05-22T00:15:00Z</time>
		</trkpt>
		<trkpt lat="59.5072317" lon="24.8120317">
			<ele>47.8</ele>
			<time>2026-05-22T00:15:01Z</time>
		</trkpt>
		<trkpt lat="59.50716" lon="24.811885">
			<ele>48.4</ele>
			<time>2026-05-22T00:15:02Z</time>
		</trkpt>
		<trkpt lat="59.507085" lon="24.8117383">
			<ele>49.6</ele>
			<time>2026-05-22T00:15:03Z</time>
		</trkpt>
		<trkpt lat="59.5070083" lon="24.8116">
			<ele>50.4</ele>
			<time>2026-05-22T00:15:04Z</time>
		</trkpt>
		<trkpt lat="59.50693" lon="24.81147">
			<ele>50.8</ele>
			<time>2026-05-22T00:15:05Z</time>
		</trkpt>
		<trkpt lat="59.5068517" lon="24.811335">
			<ele>50.9</ele>
			<time>2026-05-22T00:15:06Z</time>
		</trkpt>
		<trkpt lat="59.5067783" lon="24.811185">
			<ele>51.2</ele>
			<time>2026-05-22T00:15:07Z</time>
		</trkpt>
		<trkpt lat="59.506705" lon="24.81103">
			<ele>51.5</ele>
			<time>2026-05-22T00:15:08Z</time>
		</trkpt>
		<trkpt lat="59.5066333" lon="24.8108717">
			<ele>51.9</ele>
			<time>2026-05-22T00:15:09Z</time>
		</trkpt>
		<trkpt lat="59.5065583" lon="24.81072">
			<ele>52.2</ele>
			<time>2026-05-22T00:15:10Z</time>
		</trkpt>
		<trkpt lat="59.5064817" lon="24.8105817">
			<ele>52.8</ele>
			<time>2026-05-22T00:15:11Z</time>
		</trkpt>
		<trkpt lat="59.5064017" lon="24.8104617">
			<ele>53</ele>
			<time>2026-05-22T00:15:12Z</time>
		</trkpt>
		<trkpt lat="59.50632" lon="24.8103517">
			<ele>53.2</ele>
			<time>2026-05-22T00:15:13Z</time>
		</trkpt>
		<trkpt lat="59.5062383" lon="24.8102367">
			<ele>53</ele>
			<time>2026-05-22T00:15:14Z</time>
		</trkpt>
		<trkpt lat="59.506155" lon="24.8101167">
			<ele>52.7</ele>
			<time>2026-05-22T00:15:15Z</time>
		</trkpt>
		<trkpt lat="59.5060717" lon="24.8099933">
			<ele>52.5</ele>
			<time>2026-05-22T00:15:16Z</time>
		</trkpt>
		<trkpt lat="59.5059917" lon="24.8098617">
			<ele>52.5</ele>
			<time>2026-05-22T00:15:17Z</time>
		</trkpt>
		<trkpt lat="59.505915" lon="24.80973">
			<ele>52.3</ele>
			<time>2026-05-22T00:15:18Z</time>
		</trkpt>
		<trkpt lat="59.5058417" lon="24.8095917">
			<ele>52.3</ele>
			<time>2026-05-22T00:15:19Z</time>
		</trkpt>
		<trkpt lat="59.5057767" lon="24.8094417">
			<ele>52.4</ele>
			<time>2026-05-22T00:15:20Z</time>
		</trkpt>
		<trkpt lat="59.5057183" lon="24.809275">
			<ele>52.8</ele>
			<time>2026-05-22T00:15:21Z</time>
		</trkpt>
		<trkpt lat="59.50566" lon="24.8091067">
			<ele>53.4</ele>
			<time>2026-05-22T00:15:22Z</time>
		</trkpt>
		<trkpt lat="59.5055967" lon="24.8089417">
			<ele>53.6</ele>
			<time>2026-05-22T00:15:23Z</time>
		</trkpt>
		<trkpt lat="59.505525" lon="24.80879">
			<ele>54</ele>
			<time>2026-05-22T00:15:24Z</time>
		</trkpt>
		<trkpt lat="59.50544" lon="24.808665">
			<ele>55</ele>
			<time>2026-05-22T00:15:25Z</time>
		</trkpt>
		<trkpt lat="59.5053433" lon="24.8085767">
			<ele>54.9</ele>
			<time>2026-05-22T00:15:26Z</time>
		</trkpt>
		<trkpt lat="59.505235" lon="24.8085183">
			<ele>55.7</ele>
			<time>2026-05-22T00:15:27Z</time>
		</trkpt>
		<trkpt lat="59.5051217" lon="24.8084833">
			<ele>56</ele>
			<time>2026-05-22T00:15:28Z</time>
		</trkpt>
		<trkpt lat="59.5050067" lon="24.8084633">
			<ele>55.7</ele>
			<time>2026-05-22T00:15:29Z</time>
		</trkpt>
		<trkpt lat="59.504895" lon="24.8084483">
			<ele>55</ele>
			<time>2026-05-22T00:15:30Z</time>
		</trkpt>
		<trkpt lat="59.5047817" lon="24.8084517">
			<ele>54.1</ele>
			<time>2026-05-22T00:15:31Z</time>
		</trkpt>
		<trkpt lat="59.504665" lon="24.808475">
			<ele>53.9</ele>
			<time>2026-05-22T00:15:32Z</time>
		</trkpt>
		<trkpt lat="59.5045467" lon="24.8085217">
			<ele>53.5</ele>
			<time>2026-05-22T00:15:33Z</time>
		</trkpt>
		<trkpt lat="59.5044283" lon="24.8086">
			<ele>53.3</ele>
			<time>2026-05-22T00:15:34Z</time>
		</trkpt>
		<trkpt lat="59.5043167" lon="24.8086983">
			<ele>52.9</ele>
			<time>2026-05-22T00:15:35Z</time>
		</trkpt>
		<trkpt lat="59.504215" lon="24.808815">
			<ele>53</ele>
			<time>2026-05-22T00:15:36Z</time>
		</trkpt>
		<trkpt lat="59.504125" lon="24.808955">
			<ele>53.1</ele>
			<time>2026-05-22T00:15:37Z</time>
		</trkpt>
		<trkpt lat="59.5040417" lon="24.80913">
			<ele>53</ele>
			<time>2026-05-22T00:15:38Z</time>
		</trkpt>
		<trkpt lat="59.5039683" lon="24.8093217">
			<ele>52.4</ele>
			<time>2026-05-22T00:15:39Z</time>
		</trkpt>
		<trkpt lat="59.5038983" lon="24.80952">
			<ele>52.1</ele>
			<time>2026-05-22T00:15:40Z</time>
		</trkpt>
		<trkpt lat="59.5038233" lon="24.8097117">
			<ele>52</ele>
			<time>2026-05-22T00:15:41Z</time>
		</trkpt>
		<trkpt lat="59.503735" lon="24.8098817">
			<ele>51.8</ele>
			<time>2026-05-22T00:15:42Z</time>
		</trkpt>
		<trkpt lat="59.503635" lon="24.8100217">
			<ele>52</ele>
			<time>2026-05-22T00:15:43Z</time>
		</trkpt>
		<trkpt lat="59.5035267" lon="24.81014">
			<ele>52.3</ele>
			<time>2026-05-22T00:15:44Z</time>
		</trkpt>
		<trkpt lat="59.50342" lon="24.8102533">
			<ele>52.9</ele>
			<time>2026-05-22T00:15:45Z</time>
		</trkpt>
		<trkpt lat="59.503315" lon="24.81037">
			<ele>53.5</ele>
			<time>2026-05-22T00:15:46Z</time>
		</trkpt>
		<trkpt lat="59.5032133" lon="24.8104883">
			<ele>54.4</ele>
			<time>2026-05-22T00:15:47Z</time>
		</trkpt>
		<trkpt lat="59.5031133" lon="24.8106067">
			<ele>55.1</ele>
			<time>2026-05-22T00:15:48Z</time>
		</trkpt>
		<trkpt lat="59.503015" lon="24.8107383">
			<ele>55.7</ele>
			<time>2026-05-22T00:15:49Z</time>
		</trkpt>
		<trkpt lat="59.5029217" lon="24.8108883">
			<ele>56.2</ele>
			<time>2026-05-22T00:15:50Z</time>
		</trkpt>
		<trkpt lat="59.50284" lon="24.8110567">
			<ele>56.9</ele>
			<time>2026-05-22T00:15:51Z</time>
		</trkpt>
		<trkpt lat="59.502755" lon="24.81124">
			<ele>57.3</ele>
			<time>2026-05-22T00:15:52Z</time>
		</trkpt>
		<trkpt lat="59.5026667" lon="24.8114217">
			<ele>57.7</ele>
			<time>2026-05-22T00:15:53Z</time>
		</trkpt>
		<trkpt lat="59.50258" lon="24.8115933">
			<ele>59.1</ele>
			<time>2026-05-22T00:15:54Z</time>
		</trkpt>
		<trkpt lat="59.5024867" lon="24.81175">
			<ele>60.5</ele>
			<time>2026-05-22T00:15:55Z</time>
		</trkpt>
		<trkpt lat="59.5023917" lon="24.8118967">
			<ele>62</ele>
			<time>2026-05-22T00:15:56Z</time>
		</trkpt>
		<trkpt lat="59.502295" lon="24.81204">
			<ele>63</ele>
			<time>2026-05-22T00:15:57Z</time>
		</trkpt>
		<trkpt lat="59.5022" lon="24.81219">
			<ele>63.8</ele>
			<time>2026-05-22T00:15:58Z</time>
		</trkpt>
		<trkpt lat="59.5021083" lon="24.8123483">
			<ele>64.4</ele>
			<time>2026-05-22T00:15:59Z</time>
		</trkpt>
		<trkpt lat="59.5020167" lon="24.812515">
			<ele>64.5</ele>
			<time>2026-05-22T00:16:00Z</time>
		</trkpt>
		<trkpt lat="59.5019233" lon="24.8126733">
			<ele>64.8</ele>
			<time>2026-05-22T00:16:01Z</time>
		</trkpt>
		<trkpt lat="59.50182" lon="24.8128067">
			<ele>64.8</ele>
			<time>2026-05-22T00:16:02Z</time>
		</trkpt>
		<trkpt lat="59.501705" lon="24.8129067">
			<ele>65.1</ele>
			<time>2026-05-22T00:16:03Z</time>
		</trkpt>
		<trkpt lat="59.501585" lon="24.8129883">
			<ele>65.1</ele>
			<time>2026-05-22T00:16:04Z</time>
		</trkpt>
		<trkpt lat="59.5014683" lon="24.81308">
			<ele>65.8</ele>
			<time>2026-05-22T00:16:05Z</time>
		</trkpt>
		<trkpt lat="59.5013617" lon="24.8132033">
			<ele>66.5</ele>
			<time>2026-05-22T00:16:06Z</time>
		</trkpt>
		<trkpt lat="59.50127" lon="24.813365">
			<ele>67</ele>
			<time>2026-05-22T00:16:07Z</time>
		</trkpt>
		<trkpt lat="59.50119" lon="24.8135583">
			<ele>66.3</ele>
			<time>2026-05-22T00:16:08Z</time>
		</trkpt>
		<trkpt lat="59.501115" lon="24.8137667">
			<ele>64.9</ele>
			<time>2026-05-22T00:16:09Z</time>
		</trkpt>
		<trkpt lat="59.5010467" lon="24.8139733">
			<ele>64.1</ele>
			<time>2026-05-22T00:16:10Z</time>
		</trkpt>
		<trkpt lat="59.5009667" lon="24.814165">
			<ele>63.6</ele>
			<time>2026-05-22T00:16:11Z</time>
		</trkpt>
		<trkpt lat="59.5008717" lon="24.8143233">
			<ele>63.3</ele>
			<time>2026-05-22T00:16:12Z</time>
		</trkpt>
		<trkpt lat="59.500745" lon="24.81443">
			<ele>63.4</ele>
			<time>2026-05-22T00:16:13Z</time>
		</trkpt>
		<trkpt lat="59.5006217" lon="24.81451">
			<ele>64</ele>
			<time>2026-05-22T00:16:14Z</time>
		</trkpt>
		<trkpt lat="59.5004967" lon="24.8146">
			<ele>64.8</ele>
			<time>2026-05-22T00:16:15Z</time>
		</trkpt>
		<trkpt lat="59.50038" lon="24.8147217">
			<ele>65.6</ele>
			<time>2026-05-22T00:16:16Z</time>
		</trkpt>
		<trkpt lat="59.50027" lon="24.8148617">
			<ele>66</ele>
			<time>2026-05-22T00:16:17Z</time>
		</trkpt>
		<trkpt lat="59.5001667" lon="24.8150017">
			<ele>66.7</ele>
			<time>2026-05-22T00:16:18Z</time>
		</trkpt>
		<trkpt lat="59.5000667" lon="24.8151367">
			<ele>67.1</ele>
			<time>2026-05-22T00:16:19Z</time>
		</trkpt>
		<trkpt lat="59.49997" lon="24.81528">
			<ele>67.5</ele>
			<time>2026-05-22T00:16:20Z</time>
		</trkpt>
		<trkpt lat="59.4998733" lon="24.8154433">
			<ele>66.9</ele>
			<time>2026-05-22T00:16:21Z</time>
		</trkpt>
		<trkpt lat="59.499785" lon="24.815625">
			<ele>67.3</ele>
			<time>2026-05-22T00:16:22Z</time>
		</trkpt>
		<trkpt lat="59.4996983" lon="24.8158267">
			<ele>67.6</ele>
			<time>2026-05-22T00:16:23Z</time>
		</trkpt>
		<trkpt lat="59.499615" lon="24.8160367">
			<ele>68</ele>
			<time>2026-05-22T00:16:24Z</time>
		</trkpt>
		<trkpt lat="59.4995383" lon="24.8162417">
			<ele>69.2</ele>
			<time>2026-05-22T00:16:25Z</time>
		</trkpt>
		<trkpt lat="59.4994633" lon="24.8164433">
			<ele>69.5</ele>
			<time>2026-05-22T00:16:26Z</time>
		</trkpt>
		<trkpt lat="59.4993883" lon="24.8166467">
			<ele>69.8</ele>
			<time>2026-05-22T00:16:27Z</time>
		</trkpt>
		<trkpt lat="59.4993117" lon="24.81685">
			<ele>69.6</ele>
			<time>2026-05-22T00:16:28Z</time>
		</trkpt>
		<trkpt lat="59.499235" lon="24.8170567">
			<ele>69.4</ele>
			<time>2026-05-22T00:16:29Z</time>
		</trkpt>
		<trkpt lat="59.4991617" lon="24.8172617">
			<ele>70.1</ele>
			<time>2026-05-22T00:16:30Z</time>
		</trkpt>
		<trkpt lat="59.49909" lon="24.8174733">
			<ele>71.3</ele>
			<time>2026-05-22T00:16:31Z</time>
		</trkpt>
		<trkpt lat="59.4990167" lon="24.8176833">
			<ele>71.6</ele>
			<time>2026-05-22T00:16:32Z</time>
		</trkpt>
		<trkpt lat="59.498955" lon="24.8179">
			<ele>71.6</ele>
			<time>2026-05-22T00:16:33Z</time>
		</trkpt>
		<trkpt lat="59.498915" lon="24.8181383">
			<ele>71</ele>
			<time>2026-05-22T00:16:34Z</time>
		</trkpt>
		<trkpt lat="59.4988967" lon="24.8183833">
			<ele>70.4</ele>
			<time>2026-05-22T00:16:35Z</time>
		</trkpt>
		<trkpt lat="59.4988833" lon="24.8186533">
			<ele>66.9</ele>
			<time>2026-05-22T00:16:36Z</time>
		</trkpt>
		<trkpt lat="59.498865" lon="24.8189333">
			<ele>64.1</ele>
			<time>2026-05-22T00:16:37Z</time>
		</trkpt>
		<trkpt lat="59.4988117" lon="24.8191867">
			<ele>62.7</ele>
			<time>2026-05-22T00:16:38Z</time>
		</trkpt>
		<trkpt lat="59.4987067" lon="24.8193683">
			<ele>61.6</ele>
			<time>2026-05-22T00:16:39Z</time>
		</trkpt>
		<trkpt lat="59.49857" lon="24.8194483">
			<ele>59.1</ele>
			<time>2026-05-22T00:16:40Z</time>
		</trkpt>
		<trkpt lat="59.4984083" lon="24.819425">
			<ele>57.2</ele>
			<time>2026-05-22T00:16:41Z</time>
		</trkpt>
		<trkpt lat="59.498255" lon="24.8194183">
			<ele>56.8</ele>
			<time>2026-05-22T00:16:42Z</time>
		</trkpt>
		<trkpt lat="59.4981283" lon="24.8194733">
			<ele>57.7</ele>
			<time>2026-05-22T00:16:43Z</time>
		</trkpt>
		<trkpt lat="59.4980283" lon="24.81962">
			<ele>57.7</ele>
			<time>2026-05-22T00:16:44Z</time>
		</trkpt>
		<trkpt lat="59.4979667" lon="24.81983">
			<ele>57.2</ele>
			<time>2026-05-22T00:16:45Z</time>
		</trkpt>
		<trkpt lat="59.4979233" lon="24.8201083">
			<ele>55.6</ele>
			<time>2026-05-22T00:16:46Z</time>
		</trkpt>
		<trkpt lat="59.4978783" lon="24.8203833">
			<ele>55.9</ele>
			<time>2026-05-22T00:16:47Z</time>
		</trkpt>
		<trkpt lat="59.4978017" lon="24.8206033">
			<ele>55.9</ele>
			<time>2026-05-22T00:16:48Z</time>
		</trkpt>
		<trkpt lat="59.4976967" lon="24.8207517">
			<ele>56.3</ele>
			<time>2026-05-22T00:16:49Z</time>
		</trkpt>
		<trkpt lat="59.49757" lon="24.8208367">
			<ele>57</ele>
			<time>2026-05-22T00:16:50Z</time>
		</trkpt>
		<trkpt lat="59.4974433" lon="24.820915">
			<ele>58.3</ele>
			<time>2026-05-22T00:16:51Z</time>
		</trkpt>
		<trkpt lat="59.49732" lon="24.8210233">
			<ele>58.2</ele>
			<time>2026-05-22T00:16:52Z</time>
		</trkpt>
		<trkpt lat="59.4972233" lon="24.821205">
			<ele>56.2</ele>
			<time>2026-05-22T00:16:53Z</time>
		</trkpt>
		<trkpt lat="59.4971517" lon="24.8214367">
			<ele>54.5</ele>
			<time>2026-05-22T00:16:54Z</time>
		</trkpt>
		<trkpt lat="59.49709" lon="24.821685">
			<ele>52.6</ele>
			<time>2026-05-22T00:16:55Z</time>
		</trkpt>
		<trkpt lat="59.4970233" lon="24.8219183">
			<ele>52.4</ele>
			<time>2026-05-22T00:16:56Z</time>
		</trkpt>
		<trkpt lat="59.4969333" lon="24.8221067">
			<ele>52.4</ele>
			<time>2026-05-22T00:16:57Z</time>
		</trkpt>
		<trkpt lat="59.49682" lon="24.8222483">
			<ele>51.9</ele>
			<time>2026-05-22T00:16:58Z</time>
		</trkpt>
		<trkpt lat="59.4966983" lon="24.82237">
			<ele>51.7</ele>
			<time>2026-05-22T00:16:59Z</time>
		</trkpt>
		<trkpt lat="59.4965867" lon="24.8224883">
			<ele>52.8</ele>
			<time>2026-05-22T00:17:00Z</time>
		</trkpt>
		<trkpt lat="59.49648" lon="24.8226233">
			<ele>53.7</ele>
			<time>2026-05-22T00:17:01Z</time>
		</trkpt>
		<trkpt lat="59.4963817" lon="24.82277">
			<ele>54.3</ele>
			<time>2026-05-22T00:17:02Z</time>
		</trkpt>
		<trkpt lat="59.4962867" lon="24.8229217">
			<ele>54.7</ele>
			<time>2026-05-22T00:17:03Z</time>
		</trkpt>
		<trkpt lat="59.49619" lon="24.8230717">
			<ele>54.3</ele>
			<time>2026-05-22T00:17:04Z</time>
		</trkpt>
		<trkpt lat="59.4960867" lon="24.8232167">
			<ele>53.4</ele>
			<time>2026-05-22T00:17:05Z</time>
		</trkpt>
		<trkpt lat="59.49598" lon="24.823355">
			<ele>52.6</ele>
			<time>2026-05-22T00:17:06Z</time>
		</trkpt>
		<trkpt lat="59.4958683" lon="24.8234917">
			<ele>52.2</ele>
			<time>2026-05-22T00:17:07Z</time>
		</trkpt>
		<trkpt lat="59.4957617" lon="24.82363">
			<ele>52.3</ele>
			<time>2026-05-22T00:17:08Z</time>
		</trkpt>
		<trkpt lat="59.4956567" lon="24.8237717">
			<ele>52.8</ele>
			<time>2026-05-22T00:17:09Z</time>
		</trkpt>
		<trkpt lat="59.495555" lon="24.8239217">
			<ele>53.4</ele>
			<time>2026-05-22T00:17:10Z</time>
		</trkpt>
		<trkpt lat="59.4954583" lon="24.824065">
			<ele>54</ele>
			<time>2026-05-22T00:17:11Z</time>
		</trkpt>
		<trkpt lat="59.4953583" lon="24.82421">
			<ele>53.9</ele>
			<time>2026-05-22T00:17:12Z</time>
		</trkpt>
		<trkpt lat="59.495255" lon="24.82434">
			<ele>53.5</ele>
			<time>2026-05-22T00:17:13Z</time>
		</trkpt>
		<trkpt lat="59.4951433" lon="24.824455">
			<ele>52.7</ele>
			<time>2026-05-22T00:17:14Z</time>
		</trkpt>
		<trkpt lat="59.4950267" lon="24.824565">
			<ele>52.8</ele>
			<time>2026-05-22T00:17:15Z</time>
		</trkpt>
		<trkpt lat="59.494915" lon="24.8246767">
			<ele>54.2</ele>
			<time>2026-05-22T00:17:16Z</time>
		</trkpt>
		<trkpt lat="59.494805" lon="24.8248">
			<ele>55.2</ele>
			<time>2026-05-22T00:17:17Z</time>
		</trkpt>
		<trkpt lat="59.4947017" lon="24.8249317">
			<ele>56.3</ele>
			<time>2026-05-22T00:17:18Z</time>
		</trkpt>
		<trkpt lat="59.494605" lon="24.82507">
			<ele>57</ele>
			<time>2026-05-22T00:17:19Z</time>
		</trkpt>
		<trkpt lat="59.4945117" lon="24.8252067">
			<ele>57.6</ele>
			<time>2026-05-22T00:17:20Z</time>
		</trkpt>
		<trkpt lat="59.49442" lon="24.8253467">
			<ele>57.3</ele>
			<time>2026-05-22T00:17:21Z</time>
		</trkpt>
		<trkpt lat="59.4943233" lon="24.825495">
			<ele>55.9</ele>
			<time>2026-05-22T00:17:22Z</time>
		</trkpt>
		<trkpt lat="59.494225" lon="24.82565">
			<ele>54.7</ele>
			<time>2026-05-22T00:17:23Z</time>
		</trkpt>
		<trkpt lat="59.4941217" lon="24.8258017">
			<ele>53.9</ele>
			<time>2026-05-22T00:17:24Z</time>
		</trkpt>
		<trkpt lat="59.49401" lon="24.82594">
			<ele>53.2</ele>
			<time>2026-05-22T00:17:25Z</time>
		</trkpt>
		<trkpt lat="59.493895" lon="24.8260633">
			<ele>53.1</ele>
			<time>2026-05-22T00:17:26Z</time>
		</trkpt>
		<trkpt lat="59.4937817" lon="24.8261783">
			<ele>53.1</ele>
			<time>2026-05-22T00:17:27Z</time>
		</trkpt>
		<trkpt lat="59.49367" lon="24.8263">
			<ele>53</ele>
			<time>2026-05-22T00:17:28Z</time>
		</trkpt>
		<trkpt lat="59.4935583" lon="24.8264367">
			<ele>52</ele>
			<time>2026-05-22T00:17:29Z</time>
		</trkpt>
		<trkpt lat="59.493455" lon="24.8265783">
			<ele>51.6</ele>
			<time>2026-05-22T00:17:30Z</time>
		</trkpt>
		<trkpt lat="59.49335" lon="24.8267217">
			<ele>51.1</ele>
			<time>2026-05-22T00:17:31Z</time>
		</trkpt>
		<trkpt lat="59.493245" lon="24.826865">
			<ele>50.4</ele>
			<time>2026-05-22T00:17:32Z</time>
		</trkpt>
		<trkpt lat="59.49314" lon="24.8270117">
			<ele>50.1</ele>
			<time>2026-05-22T00:17:33Z</time>
		</trkpt>
		<trkpt lat="59.4930383" lon="24.8271633">
			<ele>50</ele>
			<time>2026-05-22T00:17:34Z</time>
		</trkpt>
		<trkpt lat="59.4929333" lon="24.8273233">
			<ele>49.3</ele>
			<time>2026-05-22T00:17:35Z</time>
		</trkpt>
		<trkpt lat="59.4928367" lon="24.82749">
			<ele>49.6</ele>
			<time>2026-05-22T00:17:36Z</time>
		</trkpt>
		<trkpt lat="59.4927433" lon="24.82766">
			<ele>50</ele>
			<time>2026-05-22T00:17:37Z</time>
		</trkpt>
		<trkpt lat="59.4926467" lon="24.8278317">
			<ele>49.5</ele>
			<time>2026-05-22T00:17:38Z</time>
		</trkpt>
		<trkpt lat="59.4925533" lon="24.828005">
			<ele>49.2</ele>
			<time>2026-05-22T00:17:39Z</time>
		</trkpt>
		<trkpt lat="59.4924617" lon="24.8281783">
			<ele>48.7</ele>
			<time>2026-05-22T00:17:40Z</time>
		</trkpt>
		<trkpt lat="59.4923683" lon="24.828355">
			<ele>48.2</ele>
			<time>2026-05-22T00:17:41Z</time>
		</trkpt>
		<trkpt lat="59.4922783" lon="24.8285267">
			<ele>48.8</ele>
			<time>2026-05-22T00:17:42Z</time>
		</trkpt>
		<trkpt lat="59.4921883" lon="24.8286967">
			<ele>48.9</ele>
			<time>2026-05-22T00:17:43Z</time>
		</trkpt>
		<trkpt lat="59.4920933" lon="24.828865">
			<ele>47.9</ele>
			<time>2026-05-22T00:17:44Z</time>
		</trkpt>
		<trkpt lat="59.4920017" lon="24.8290367">
			<ele>46.9</ele>
			<time>2026-05-22T00:17:45Z</time>
		</trkpt>
		<trkpt lat="59.4919083" lon="24.8292133">
			<ele>45.3</ele>
			<time>2026-05-22T00:17:46Z</time>
		</trkpt>
		<trkpt lat="59.4918167" lon="24.829385">
			<ele>44.2</ele>
			<time>2026-05-22T00:17:47Z</time>
		</trkpt>
		<trkpt lat="59.4917217" lon="24.82956">
			<ele>42.9</ele>
			<time>2026-05-22T00:17:48Z</time>
		</trkpt>
		<trkpt lat="59.4916283" lon="24.8297333">
			<ele>43.3</ele>
			<time>2026-05-22T00:17:49Z</time>
		</trkpt>
		<trkpt lat="59.4915333" lon="24.8298983">
			<ele>44.1</ele>
			<time>2026-05-22T00:17:50Z</time>
		</trkpt>
		<trkpt lat="59.49144" lon="24.8300533">
			<ele>46.3</ele>
			<time>2026-05-22T00:17:51Z</time>
		</trkpt>
		<trkpt lat="59.4913417" lon="24.83019">
			<ele>48.1</ele>
			<time>2026-05-22T00:17:52Z</time>
		</trkpt>
		<trkpt lat="59.4912433" lon="24.83031">
			<ele>50.1</ele>
			<time>2026-05-22T00:17:53Z</time>
		</trkpt>
		<trkpt lat="59.49114" lon="24.8304183">
			<ele>50.6</ele>
			<time>2026-05-22T00:17:54Z</time>
		</trkpt>
		<trkpt lat="59.4910367" lon="24.8305317">
			<ele>51</ele>
			<time>2026-05-22T00:17:55Z</time>
		</trkpt>
		<trkpt lat="59.4909333" lon="24.8306533">
			<ele>50.8</ele>
			<time>2026-05-22T00:17:56Z</time>
		</trkpt>
		<trkpt lat="59.49083" lon="24.8307817">
			<ele>50.3</ele>
			<time>2026-05-22T00:17:57Z</time>
		</trkpt>
		<trkpt lat="59.4907317" lon="24.8309333">
			<ele>50</ele>
			<time>2026-05-22T00:17:58Z</time>
		</trkpt>
		<trkpt lat="59.49064" lon="24.83111">
			<ele>50.1</ele>
			<time>2026-05-22T00:17:59Z</time>
		</trkpt>
		<trkpt lat="59.49056" lon="24.8313033">
			<ele>50.8</ele>
			<time>2026-05-22T00:18:00Z</time>
		</trkpt>
		<trkpt lat="59.4904817" lon="24.8314983">
			<ele>51.6</ele>
			<time>2026-05-22T00:18:01Z</time>
		</trkpt>
		<trkpt lat="59.4904" lon="24.8316733">
			<ele>52.3</ele>
			<time>2026-05-22T00:18:02Z</time>
		</trkpt>
		<trkpt lat="59.4903067" lon="24.831815">
			<ele>52.9</ele>
			<time>2026-05-22T00:18:03Z</time>
		</trkpt>
		<trkpt lat="59.4902" lon="24.831915">
			<ele>53.4</ele>
			<time>2026-05-22T00:18:04Z</time>
		</trkpt>
		<trkpt lat="59.49008" lon="24.831985">
			<ele>52.4</ele>
			<time>2026-05-22T00:18:05Z</time>
		</trkpt>
		<trkpt lat="59.4899633" lon="24.8320617">
			<ele>52.6</ele>
			<time>2026-05-22T00:18:06Z</time>
		</trkpt>
		<trkpt lat="59.4898483" lon="24.8321683">
			<ele>52.9</ele>
			<time>2026-05-22T00:18:07Z</time>
		</trkpt>
		<trkpt lat="59.48974" lon="24.8323067">
			<ele>53</ele>
			<time>2026-05-22T00:18:08Z</time>
		</trkpt>
		<trkpt lat="59.4896317" lon="24.8324717">
			<ele>52.4</ele>
			<time>2026-05-22T00:18:09Z</time>
		</trkpt>
		<trkpt lat="59.4895333" lon="24.83264">
			<ele>52.1</ele>
			<time>2026-05-22T00:18:10Z</time>
		</trkpt>
		<trkpt lat="59.4894417" lon="24.8328183">
			<ele>51.6</ele>
			<time>2026-05-22T00:18:11Z</time>
		</trkpt>
		<trkpt lat="59.4893633" lon="24.8330083">
			<ele>51.4</ele>
			<time>2026-05-22T00:18:12Z</time>
		</trkpt>
		<trkpt lat="59.489295" lon="24.8332183">
			<ele>51.1</ele>
			<time>2026-05-22T00:18:13Z</time>
		</trkpt>
		<trkpt lat="59.4892383" lon="24.8334417">
			<ele>51.9</ele>
			<time>2026-05-22T00:18:14Z</time>
		</trkpt>
		<trkpt lat="59.4891833" lon="24.83367">
			<ele>52.4</ele>
			<time>2026-05-22T00:18:15Z</time>
		</trkpt>
		<trkpt lat="59.4891333" lon="24.8339033">
			<ele>53.9</ele>
			<time>2026-05-22T00:18:16Z</time>
		</trkpt>
		<trkpt lat="59.4890717" lon="24.834135">
			<ele>53.4</ele>
			<time>2026-05-22T00:18:17Z</time>
		</trkpt>
		<trkpt lat="59.4890117" lon="24.8343517">
			<ele>53.4</ele>
			<time>2026-05-22T00:18:18Z</time>
		</trkpt>
		<trkpt lat="59.4889483" lon="24.8345617">
			<ele>53.3</ele>
			<time>2026-05-22T00:18:19Z</time>
		</trkpt>
		<trkpt lat="59.488875" lon="24.8347683">
			<ele>51.7</ele>
			<time>2026-05-22T00:18:20Z</time>
		</trkpt>
		<trkpt lat="59.4887933" lon="24.8349633">
			<ele>50.4</ele>
			<time>2026-05-22T00:18:21Z</time>
		</trkpt>
		<trkpt lat="59.488705" lon="24.835145">
			<ele>49.4</ele>
			<time>2026-05-22T00:18:22Z</time>
		</trkpt>
		<trkpt lat="59.4886133" lon="24.83532">
			<ele>48.9</ele>
			<time>2026-05-22T00:18:23Z</time>
		</trkpt>
		<trkpt lat="59.48852" lon="24.8354883">
			<ele>49.1</ele>
			<time>2026-05-22T00:18:24Z</time>
		</trkpt>
		<trkpt lat="59.4884217" lon="24.835645">
			<ele>49.4</ele>
			<time>2026-05-22T00:18:25Z</time>
		</trkpt>
		<trkpt lat="59.48832" lon="24.8357983">
			<ele>49.1</ele>
			<time>2026-05-22T00:18:26Z</time>
		</trkpt>
		<trkpt lat="59.4882183" lon="24.8359417">
			<ele>49.3</ele>
			<time>2026-05-22T00:18:27Z</time>
		</trkpt>
		<trkpt lat="59.4881117" lon="24.8360817">
			<ele>48.6</ele>
			<time>2026-05-22T00:18:28Z</time>
		</trkpt>
		<trkpt lat="59.4880033" lon="24.8362167">
			<ele>48.4</ele>
			<time>2026-05-22T00:18:29Z</time>
		</trkpt>
		<trkpt lat="59.4878933" lon="24.8363483">
			<ele>48.2</ele>
			<time>2026-05-22T00:18:30Z</time>
		</trkpt>
		<trkpt lat="59.487785" lon="24.8364733">
			<ele>48.4</ele>
			<time>2026-05-22T00:18:31Z</time>
		</trkpt>
		<trkpt lat="59.4876683" lon="24.8365967">
			<ele>48.2</ele>
			<time>2026-05-22T00:18:32Z</time>
		</trkpt>
		<trkpt lat="59.4875517" lon="24.8367183">
			<ele>48.4</ele>
			<time>2026-05-22T00:18:33Z</time>
		</trkpt>
		<trkpt lat="59.4874367" lon="24.8368433">
			<ele>48.4</ele>
			<time>2026-05-22T00:18:34Z</time>
		</trkpt>
		<trkpt lat="59.48732" lon="24.8369683">
			<ele>48</ele>
			<time>2026-05-22T00:18:35Z</time>
		</trkpt>
		<trkpt lat="59.4872067" lon="24.8370867">
			<ele>48</ele>
			<time>2026-05-22T00:18:36Z</time>
		</trkpt>
		<trkpt lat="59.48709" lon="24.8372033">
			<ele>47.6</ele>
			<time>2026-05-22T00:18:37Z</time>
		</trkpt>
		<trkpt lat="59.4869717" lon="24.8373167">
			<ele>47.4</ele>
			<time>2026-05-22T00:18:38Z</time>
		</trkpt>
		<trkpt lat="59.486855" lon="24.8374167">
			<ele>47.1</ele>
			<time>2026-05-22T00:18:39Z</time>
		</trkpt>
		<trkpt lat="59.4867367" lon="24.8374967">
			<ele>46.8</ele>
			<time>2026-05-22T00:18:40Z</time>
		</trkpt>
		<trkpt lat="59.4866133" lon="24.837555">
			<ele>46.6</ele>
			<time>2026-05-22T00:18:41Z</time>
		</trkpt>
		<trkpt lat="59.4864883" lon="24.8375883">
			<ele>46.1</ele>
			<time>2026-05-22T00:18:42Z</time>
		</trkpt>
		<trkpt lat="59.486365" lon="24.837605">
			<ele>45.6</ele>
			<time>2026-05-22T00:18:43Z</time>
		</trkpt>
		<trkpt lat="59.48624" lon="24.8376183">
			<ele>45</ele>
			<time>2026-05-22T00:18:44Z</time>
		</trkpt>
		<trkpt lat="59.4861167" lon="24.8376333">
			<ele>44.1</ele>
			<time>2026-05-22T00:18:45Z</time>
		</trkpt>
		<trkpt lat="59.48599" lon="24.8376517">
			<ele>42.6</ele>
			<time>2026-05-22T00:18:46Z</time>
		</trkpt>
		<trkpt lat="59.485865" lon="24.8376717">
			<ele>41.1</ele>
			<time>2026-05-22T00:18:47Z</time>
		</trkpt>
		<trkpt lat="59.4857433" lon="24.8376917">
			<ele>39.8</ele>
			<time>2026-05-22T00:18:48Z</time>
		</trkpt>
		<trkpt lat="59.48562" lon="24.8377033">
			<ele>39.1</ele>
			<time>2026-05-22T00:18:49Z</time>
		</trkpt>
		<trkpt lat="59.4855" lon="24.8377083">
			<ele>38.6</ele>
			<time>2026-05-22T00:18:50Z</time>
		</trkpt>
		<trkpt lat="59.4853817" lon="24.8377017">
			<ele>38.3</ele>
			<time>2026-05-22T00:18:51Z</time>
		</trkpt>
		<trkpt lat="59.4852617" lon="24.8376933">
			<ele>37</ele>
			<time>2026-05-22T00:18:52Z</time>
		</trkpt>
		<trkpt lat="59.4851417" lon="24.837685">
			<ele>35.5</ele>
			<time>2026-05-22T00:18:53Z</time>
		</trkpt>
		<trkpt lat="59.4850183" lon="24.8376817">
			<ele>34</ele>
			<time>2026-05-22T00:18:54Z</time>
		</trkpt>
		<trkpt lat="59.4848933" lon="24.837675">
			<ele>32.7</ele>
			<time>2026-05-22T00:18:55Z</time>
		</trkpt>
		<trkpt lat="59.4847683" lon="24.8376667">
			<ele>31.6</ele>
			<time>2026-05-22T00:18:56Z</time>
		</trkpt>
		<trkpt lat="59.484645" lon="24.8376467">
			<ele>30.3</ele>
			<time>2026-05-22T00:18:57Z</time>
		</trkpt>
		<trkpt lat="59.4845233" lon="24.83762">
			<ele>29.7</ele>
			<time>2026-05-22T00:18:58Z</time>
		</trkpt>
		<trkpt lat="59.4844017" lon="24.8375917">
			<ele>29.2</ele>
			<time>2026-05-22T00:18:59Z</time>
		</trkpt>
		<trkpt lat="59.4842817" lon="24.8375633">
			<ele>28.8</ele>
			<time>2026-05-22T00:19:00Z</time>
		</trkpt>
		<trkpt lat="59.48416" lon="24.8375367">
			<ele>28.6</ele>
			<time>2026-05-22T00:19:01Z</time>
		</trkpt>
		<trkpt lat="59.4840417" lon="24.8375017">
			<ele>28.1</ele>
			<time>2026-05-22T00:19:02Z</time>
		</trkpt>
		<trkpt lat="59.4839233" lon="24.8374617">
			<ele>27.6</ele>
			<time>2026-05-22T00:19:03Z</time>
		</trkpt>
		<trkpt lat="59.483805" lon="24.8374183">
			<ele>27.1</ele>
			<time>2026-05-22T00:19:04Z</time>
		</trkpt>
		<trkpt lat="59.4836833" lon="24.8373783">
			<ele>26.5</ele>
			<time>2026-05-22T00:19:05Z</time>
		</trkpt>
		<trkpt lat="59.4835617" lon="24.83734">
			<ele>26.3</ele>
			<time>2026-05-22T00:19:06Z</time>
		</trkpt>
		<trkpt lat="59.4834383" lon="24.8373033">
			<ele>25.7</ele>
			<time>2026-05-22T00:19:07Z</time>
		</trkpt>
		<trkpt lat="59.4833167" lon="24.8372633">
			<ele>25.2</ele>
			<time>2026-05-22T00:19:08Z</time>
		</trkpt>
		<trkpt lat="59.4832" lon="24.8372133">
			<ele>24.6</ele>
			<time>2026-05-22T00:19:09Z</time>
		</trkpt>
		<trkpt lat="59.4830817" lon="24.837165">
			<ele>24.5</ele>
			<time>2026-05-22T00:19:10Z</time>
		</trkpt>
		<trkpt lat="59.4829633" lon="24.8371167">
			<ele>24.9</ele>
			<time>2026-05-22T00:19:11Z</time>
		</trkpt>
		<trkpt lat="59.4828433" lon="24.83707">
			<ele>24.8</ele>
			<time>2026-05-22T00:19:12Z</time>
		</trkpt>
		<trkpt lat="59.48272" lon="24.8370333">
			<ele>24.3</ele>
			<time>2026-05-22T00:19:13Z</time>
		</trkpt>
		<trkpt lat="59.4826033" lon="24.8369933">
			<ele>24.4</ele>
			<time>2026-05-22T00:19:14Z</time>
		</trkpt>
		<trkpt lat="59.4824867" lon="24.8369533">
			<ele>24.3</ele>
			<time>2026-05-22T00:19:15Z</time>
		</trkpt>
		<trkpt lat="59.48237" lon="24.83691">
			<ele>24.5</ele>
			<time>2026-05-22T00:19:16Z</time>
		</trkpt>
		<trkpt lat="59.4822517" lon="24.836865">
			<ele>24.6</ele>
			<time>2026-05-22T00:19:17Z</time>
		</trkpt>
		<trkpt lat="59.4821317" lon="24.8368217">
			<ele>24.5</ele>
			<time>2026-05-22T00:19:18Z</time>
		</trkpt>
		<trkpt lat="59.48201" lon="24.8367767">
			<ele>24.7</ele>
			<time>2026-05-22T00:19:19Z</time>
		</trkpt>
		<trkpt lat="59.4818883" lon="24.836735">
			<ele>25.1</ele>
			<time>2026-05-22T00:19:20Z</time>
		</trkpt>
		<trkpt lat="59.4817683" lon="24.8366933">
			<ele>25.5</ele>
			<time>2026-05-22T00:19:21Z</time>
		</trkpt>
		<trkpt lat="59.4816517" lon="24.8366483">
			<ele>25.9</ele>
			<time>2026-05-22T00:19:22Z</time>
		</trkpt>
		<trkpt lat="59.4815383" lon="24.8365933">
			<ele>26.2</ele>
			<time>2026-05-22T00:19:23Z</time>
		</trkpt>
		<trkpt lat="59.481425" lon="24.8365317">
			<ele>26.5</ele>
			<time>2026-05-22T00:19:24Z</time>
		</trkpt>
		<trkpt lat="59.48131" lon="24.8364717">
			<ele>27</ele>
			<time>2026-05-22T00:19:25Z</time>
		</trkpt>
		<trkpt lat="59.4811933" lon="24.8364167">
			<ele>27.1</ele>
			<time>2026-05-22T00:19:26Z</time>
		</trkpt>
		<trkpt lat="59.481075" lon="24.83636">
			<ele>27.5</ele>
			<time>2026-05-22T00:19:27Z</time>
		</trkpt>
		<trkpt lat="59.4809583" lon="24.8363017">
			<ele>28</ele>
			<time>2026-05-22T00:19:28Z</time>
		</trkpt>
		<trkpt lat="59.4808417" lon="24.8362433">
			<ele>28.7</ele>
			<time>2026-05-22T00:19:29Z</time>
		</trkpt>
		<trkpt lat="59.480725" lon="24.836175">
			<ele>29.4</ele>
			<time>2026-05-22T00:19:30Z</time>
		</trkpt>
		<trkpt lat="59.48061" lon="24.8361033">
			<ele>30.4</ele>
			<time>2026-05-22T00:19:31Z</time>
		</trkpt>
		<trkpt lat="59.4804933" lon="24.8360317">
			<ele>30.7</ele>
			<time>2026-05-22T00:19:32Z</time>
		</trkpt>
		<trkpt lat="59.4803767" lon="24.8359717">
			<ele>31</ele>
			<time>2026-05-22T00:19:33Z</time>
		</trkpt>
		<trkpt lat="59.48026" lon="24.8359183">
			<ele>31</ele>
			<time>2026-05-22T00:19:34Z</time>
		</trkpt>
		<trkpt lat="59.4801467" lon="24.8358683">
			<ele>31.1</ele>
			<time>2026-05-22T00:19:35Z</time>
		</trkpt>
		<trkpt lat="59.4800317" lon="24.8358167">
			<ele>31.5</ele>
			<time>2026-05-22T00:19:36Z</time>
		</trkpt>
		<trkpt lat="59.4799133" lon="24.835775">
			<ele>31.2</ele>
			<time>2026-05-22T00:19:37Z</time>
		</trkpt>
		<trkpt lat="59.4797967" lon="24.8357433">
			<ele>30.7</ele>
			<time>2026-05-22T00:19:38Z</time>
		</trkpt>
		<trkpt lat="59.4796767" lon="24.83572">
			<ele>30.7</ele>
			<time>2026-05-22T00:19:39Z</time>
		</trkpt>
		<trkpt lat="59.4795567" lon="24.8357">
			<ele>30</ele>
			<time>2026-05-22T00:19:40Z</time>
		</trkpt>
		<trkpt lat="59.4794367" lon="24.8356767">
			<ele>29.6</ele>
			<time>2026-05-22T00:19:41Z</time>
		</trkpt>
		<trkpt lat="59.4793167" lon="24.8356333">
			<ele>29.6</ele>
			<time>2026-05-22T00:19:42Z</time>
		</trkpt>
		<trkpt lat="59.4791967" lon="24.8355783">
			<ele>30</ele>
			<time>2026-05-22T00:19:43Z</time>
		</trkpt>
		<trkpt lat="59.47908" lon="24.835505">
			<ele>30.8</ele>
			<time>2026-05-22T00:19:44Z</time>
		</trkpt>
		<trkpt lat="59.4789683" lon="24.8354167">
			<ele>31.6</ele>
			<time>2026-05-22T00:19:45Z</time>
		</trkpt>
		<trkpt lat="59.4788617" lon="24.8353183">
			<ele>32.4</ele>
			<time>2026-05-22T00:19:46Z</time>
		</trkpt>
		<trkpt lat="59.4787567" lon="24.835215">
			<ele>33.3</ele>
			<time>2026-05-22T00:19:47Z</time>
		</trkpt>
		<trkpt lat="59.478655" lon="24.8351">
			<ele>34.3</ele>
			<time>2026-05-22T00:19:48Z</time>
		</trkpt>
		<trkpt lat="59.4785483" lon="24.8349917">
			<ele>34.9</ele>
			<time>2026-05-22T00:19:49Z</time>
		</trkpt>
		<trkpt lat="59.4784367" lon="24.8348967">
			<ele>36</ele>
			<time>2026-05-22T00:19:50Z</time>
		</trkpt>
		<trkpt lat="59.4783167" lon="24.8348317">
			<ele>36.5</ele>
			<time>2026-05-22T00:19:51Z</time>
		</trkpt>
		<trkpt lat="59.4781933" lon="24.834785">
			<ele>37</ele>
			<time>2026-05-22T00:19:52Z</time>
		</trkpt>
		<trkpt lat="59.4780683" lon="24.8347517">
			<ele>37.7</ele>
			<time>2026-05-22T00:19:53Z</time>
		</trkpt>
		<trkpt lat="59.477945" lon="24.8347267">
			<ele>38.1</ele>
			<time>2026-05-22T00:19:54Z</time>
		</trkpt>
		<trkpt lat="59.4778217" lon="24.83471">
			<ele>38.4</ele>
			<time>2026-05-22T00:19:55Z</time>
		</trkpt>
		<trkpt lat="59.4777" lon="24.8346983">
			<ele>39</ele>
			<time>2026-05-22T00:19:56Z</time>
		</trkpt>
		<trkpt lat="59.4775783" lon="24.8346933">
			<ele>39.4</ele>
			<time>2026-05-22T00:19:57Z</time>
		</trkpt>
		<trkpt lat="59.4774533" lon="24.8346833">
			<ele>39.3</ele>
			<time>2026-05-22T00:19:58Z</time>
		</trkpt>
		<trkpt lat="59.47733" lon="24.8346517">
			<ele>39.3</ele>
			<time>2026-05-22T00:19:59Z</time>
		</trkpt>
		<trkpt lat="59.4772133" lon="24.8345783">
			<ele>38.8</ele>
			<time>2026-05-22T00:20:00Z</time>
		</trkpt>
		<trkpt lat="59.4771083" lon="24.8344633">
			<ele>38.6</ele>
			<time>2026-05-22T00:20:01Z</time>
		</trkpt>
		<trkpt lat="59.4770083" lon="24.8343283">
			<ele>38.6</ele>
			<time>2026-05-22T00:20:02Z</time>
		</trkpt>
		<trkpt lat="59.4769067" lon="24.8341933">
			<ele>38.5</ele>
			<time>2026-05-22T00:20:03Z</time>
		</trkpt>
		<trkpt lat="59.476795" lon="24.8340783">
			<ele>38.8</ele>
			<time>2026-05-22T00:20:04Z</time>
		</trkpt>
		<trkpt lat="59.4766833" lon="24.83398">
			<ele>39.4</ele>
			<time>2026-05-22T00:20:05Z</time>
		</trkpt>
		<trkpt lat="59.4765733" lon="24.8338933">
			<ele>39.9</ele>
			<time>2026-05-22T00:20:06Z</time>
		</trkpt>
		<trkpt lat="59.47647" lon="24.8338117">
			<ele>39.9</ele>
			<time>2026-05-22T00:20:07Z</time>
		</trkpt>
		<trkpt lat="59.4763667" lon="24.8337283">
			<ele>38.8</ele>
			<time>2026-05-22T00:20:08Z</time>
		</trkpt>
		<trkpt lat="59.4762583" lon="24.8336433">
			<ele>37.5</ele>
			<time>2026-05-22T00:20:09Z</time>
		</trkpt>
		<trkpt lat="59.4761467" lon="24.8335567">
			<ele>36.8</ele>
			<time>2026-05-22T00:20:10Z</time>
		</trkpt>
		<trkpt lat="59.4760283" lon="24.8334733">
			<ele>37.4</ele>
			<time>2026-05-22T00:20:11Z</time>
		</trkpt>
		<trkpt lat="59.4759067" lon="24.8333983">
			<ele>37</ele>
			<time>2026-05-22T00:20:12Z</time>
		</trkpt>
		<trkpt lat="59.4757883" lon="24.8333217">
			<ele>36.5</ele>
			<time>2026-05-22T00:20:13Z</time>
		</trkpt>
		<trkpt lat="59.4756733" lon="24.8332333">
			<ele>36.1</ele>
			<time>2026-05-22T00:20:14Z</time>
		</trkpt>
		<trkpt lat="59.4755633" lon="24.8331367">
			<ele>35.5</ele>
			<time>2026-05-22T00:20:15Z</time>
		</trkpt>
		<trkpt lat="59.475455" lon="24.833035">
			<ele>34.6</ele>
			<time>2026-05-22T00:20:16Z</time>
		</trkpt>
		<trkpt lat="59.47534" lon="24.8329433">
			<ele>33.6</ele>
			<time>2026-05-22T00:20:17Z</time>
		</trkpt>
		<trkpt lat="59.4752217" lon="24.8328617">
			<ele>33.2</ele>
			<time>2026-05-22T00:20:18Z</time>
		</trkpt>
		<trkpt lat="59.4751033" lon="24.8327833">
			<ele>32.7</ele>
			<time>2026-05-22T00:20:19Z</time>
		</trkpt>
		<trkpt lat="59.4749867" lon="24.8327017">
			<ele>32.9</ele>
			<time>2026-05-22T00:20:20Z</time>
		</trkpt>
		<trkpt lat="59.4748733" lon="24.83261">
			<ele>33.2</ele>
			<time>2026-05-22T00:20:21Z</time>
		</trkpt>
		<trkpt lat="59.474765" lon="24.8325083">
			<ele>33.6</ele>
			<time>2026-05-22T00:20:22Z</time>
		</trkpt>
		<trkpt lat="59.4746583" lon="24.8323967">
			<ele>34</ele>
			<time>2026-05-22T00:20:23Z</time>
		</trkpt>
		<trkpt lat="59.4745533" lon="24.8322833">
			<ele>34.3</ele>
			<time>2026-05-22T00:20:24Z</time>
		</trkpt>
		<trkpt lat="59.4744483" lon="24.8321683">
			<ele>34.6</ele>
			<time>2026-05-22T00:20:25Z</time>
		</trkpt>
		<trkpt lat="59.4743417" lon="24.8320583">
			<ele>34.7</ele>
			<time>2026-05-22T00:20:26Z</time>
		</trkpt>
		<trkpt lat="59.474235" lon="24.831955">
			<ele>34.9</ele>
			<time>2026-05-22T00:20:27Z</time>
		</trkpt>
		<trkpt lat="59.4741233" lon="24.8318617">
			<ele>34.8</ele>
			<time>2026-05-22T00:20:28Z</time>
		</trkpt>
		<trkpt lat="59.47401" lon="24.8317783">
			<ele>34.2</ele>
			<time>2026-05-22T00:20:29Z</time>
		</trkpt>
		<trkpt lat="59.47389" lon="24.8317033">
			<ele>33.3</ele>
			<time>2026-05-22T00:20:30Z</time>
		</trkpt>
		<trkpt lat="59.4737683" lon="24.8316233">
			<ele>33.1</ele>
			<time>2026-05-22T00:20:31Z</time>
		</trkpt>
		<trkpt lat="59.4736483" lon="24.8315367">
			<ele>32.6</ele>
			<time>2026-05-22T00:20:32Z</time>
		</trkpt>
		<trkpt lat="59.473535" lon="24.8314367">
			<ele>32.5</ele>
			<time>2026-05-22T00:20:33Z</time>
		</trkpt>
		<trkpt lat="59.4734233" lon="24.8313283">
			<ele>32.2</ele>
			<time>2026-05-22T00:20:34Z</time>
		</trkpt>
		<trkpt lat="59.473315" lon="24.8312117">
			<ele>32.8</ele>
			<time>2026-05-22T00:20:35Z</time>
		</trkpt>
		<trkpt lat="59.4732067" lon="24.8310967">
			<ele>33.2</ele>
			<time>2026-05-22T00:20:36Z</time>
		</trkpt>
		<trkpt lat="59.4730983" lon="24.830985">
			<ele>34.1</ele>
			<time>2026-05-22T00:20:37Z</time>
		</trkpt>
		<trkpt lat="59.47299" lon="24.830885">
			<ele>34.8</ele>
			<time>2026-05-22T00:20:38Z</time>
		</trkpt>
		<trkpt lat="59.47288" lon="24.8307983">
			<ele>35.6</ele>
			<time>2026-05-22T00:20:39Z</time>
		</trkpt>
		<trkpt lat="59.4727683" lon="24.8307083">
			<ele>35.9</ele>
			<time>2026-05-22T00:20:40Z</time>
		</trkpt>
		<trkpt lat="59.47266" lon="24.8306033">
			<ele>36.8</ele>
			<time>2026-05-22T00:20:41Z</time>
		</trkpt>
		<trkpt lat="59.472555" lon="24.830485">
			<ele>37.3</ele>
			<time>2026-05-22T00:20:42Z</time>
		</trkpt>
		<trkpt lat="59.4724517" lon="24.83036">
			<ele>37.6</ele>
			<time>2026-05-22T00:20:43Z</time>
		</trkpt>
		<trkpt lat="59.4723467" lon="24.8302417">
			<ele>37.4</ele>
			<time>2026-05-22T00:20:44Z</time>
		</trkpt>
		<trkpt lat="59.472235" lon="24.8301433">
			<ele>37</ele>
			<time>2026-05-22T00:20:45Z</time>
		</trkpt>
		<trkpt lat="59.4721183" lon="24.8300583">
			<ele>37.2</ele>
			<time>2026-05-22T00:20:46Z</time>
		</trkpt>
		<trkpt lat="59.4720017" lon="24.8299767">
			<ele>36.6</ele>
			<time>2026-05-22T00:20:47Z</time>
		</trkpt>
		<trkpt lat="59.47189" lon="24.8298683">
			<ele>35.8</ele>
			<time>2026-05-22T00:20:48Z</time>
		</trkpt>
		<trkpt lat="59.4717883" lon="24.8297317">
			<ele>36.1</ele>
			<time>2026-05-22T00:20:49Z</time>
		</trkpt>
		<trkpt lat="59.4716883" lon="24.8295833">
			<ele>36.1</ele>
			<time>2026-05-22T00:20:50Z</time>
		</trkpt>
		<trkpt lat="59.471585" lon="24.829445">
			<ele>35.4</ele>
			<time>2026-05-22T00:20:51Z</time>
		</trkpt>
		<trkpt lat="59.4714767" lon="24.8293267">
			<ele>34.6</ele>
			<time>2026-05-22T00:20:52Z</time>
		</trkpt>
		<trkpt lat="59.4713667" lon="24.829225">
			<ele>34.6</ele>
			<time>2026-05-22T00:20:53Z</time>
		</trkpt>
		<trkpt lat="59.4712533" lon="24.8291283">
			<ele>35.1</ele>
			<time>2026-05-22T00:20:54Z</time>
		</trkpt>
		<trkpt lat="59.4711467" lon="24.82902">
			<ele>35.5</ele>
			<time>2026-05-22T00:20:55Z</time>
		</trkpt>
		<trkpt lat="59.471045" lon="24.8288867">
			<ele>35.7</ele>
			<time>2026-05-22T00:20:56Z</time>
		</trkpt>
		<trkpt lat="59.47095" lon="24.82874">
			<ele>36.5</ele>
			<time>2026-05-22T00:20:57Z</time>
		</trkpt>
		<trkpt lat="59.47085" lon="24.8286017">
			<ele>36.7</ele>
			<time>2026-05-22T00:20:58Z</time>
		</trkpt>
		<trkpt lat="59.4707433" lon="24.8284783">
			<ele>37</ele>
			<time>2026-05-22T00:20:59Z</time>
		</trkpt>
		<trkpt lat="59.4706367" lon="24.828365">
			<ele>38.4</ele>
			<time>2026-05-22T00:21:00Z</time>
		</trkpt>
		<trkpt lat="59.4705267" lon="24.8282617">
			<ele>39.5</ele>
			<time>2026-05-22T00:21:01Z</time>
		</trkpt>
		<trkpt lat="59.4704167" lon="24.8281533">
			<ele>40.7</ele>
			<time>2026-05-22T00:21:02Z</time>
		</trkpt>
		<trkpt lat="59.4703117" lon="24.8280367">
			<ele>41.3</ele>
			<time>2026-05-22T00:21:03Z</time>
		</trkpt>
		<trkpt lat="59.4702133" lon="24.827905">
			<ele>42.1</ele>
			<time>2026-05-22T00:21:04Z</time>
		</trkpt>
		<trkpt lat="59.4701133" lon="24.8277833">
			<ele>42</ele>
			<time>2026-05-22T00:21:05Z</time>
		</trkpt>
		<trkpt lat="59.4700033" lon="24.8276983">
			<ele>41.4</ele>
			<time>2026-05-22T00:21:06Z</time>
		</trkpt>
		<trkpt lat="59.4698867" lon="24.827655">
			<ele>41.1</ele>
			<time>2026-05-22T00:21:07Z</time>
		</trkpt>
		<trkpt lat="59.4697667" lon="24.8276467">
			<ele>40.3</ele>
			<time>2026-05-22T00:21:08Z</time>
		</trkpt>
		<trkpt lat="59.4696467" lon="24.827665">
			<ele>38.7</ele>
			<time>2026-05-22T00:21:09Z</time>
		</trkpt>
		<trkpt lat="59.4695283" lon="24.82769">
			<ele>37.3</ele>
			<time>2026-05-22T00:21:10Z</time>
		</trkpt>
		<trkpt lat="59.4694067" lon="24.8277083">
			<ele>35.4</ele>
			<time>2026-05-22T00:21:11Z</time>
		</trkpt>
		<trkpt lat="59.4692817" lon="24.8277183">
			<ele>33.5</ele>
			<time>2026-05-22T00:21:12Z</time>
		</trkpt>
		<trkpt lat="59.46915" lon="24.82771">
			<ele>33.3</ele>
			<time>2026-05-22T00:21:13Z</time>
		</trkpt>
		<trkpt lat="59.4690167" lon="24.82769">
			<ele>33</ele>
			<time>2026-05-22T00:21:14Z</time>
		</trkpt>
		<trkpt lat="59.4688917" lon="24.8276367">
			<ele>34.8</ele>
			<time>2026-05-22T00:21:15Z</time>
		</trkpt>
		<trkpt lat="59.4687767" lon="24.8275467">
			<ele>36.1</ele>
			<time>2026-05-22T00:21:16Z</time>
		</trkpt>
		<trkpt lat="59.4686833" lon="24.82741">
			<ele>37.5</ele>
			<time>2026-05-22T00:21:17Z</time>
		</trkpt>
		<trkpt lat="59.4686183" lon="24.82722">
			<ele>38.1</ele>
			<time>2026-05-22T00:21:18Z</time>
		</trkpt>
		<trkpt lat="59.4685833" lon="24.82699">
			<ele>38.2</ele>
			<time>2026-05-22T00:21:19Z</time>
		</trkpt>
		<trkpt lat="59.4685883" lon="24.8267467">
			<ele>37.2</ele>
			<time>2026-05-22T00:21:20Z</time>
		</trkpt>
		<trkpt lat="59.4686383" lon="24.8265117">
			<ele>36.8</ele>
			<time>2026-05-22T00:21:21Z</time>
		</trkpt>
		<trkpt lat="59.4687233" lon="24.8263133">
			<ele>37.3</ele>
			<time>2026-05-22T00:21:22Z</time>
		</trkpt>
		<trkpt lat="59.4688267" lon="24.8261783">
			<ele>37.1</ele>
			<time>2026-05-22T00:21:23Z</time>
		</trkpt>
		<trkpt lat="59.4689417" lon="24.8260967">
			<ele>36.7</ele>
			<time>2026-05-22T00:21:24Z</time>
		</trkpt>
		<trkpt lat="59.4690567" lon="24.8260833">
			<ele>36.1</ele>
			<time>2026-05-22T00:21:25Z</time>
		</trkpt>
		<trkpt lat="59.469165" lon="24.826125">
			<ele>35.3</ele>
			<time>2026-05-22T00:21:26Z</time>
		</trkpt>
		<trkpt lat="59.4692683" lon="24.8261933">
			<ele>35.8</ele>
			<time>2026-05-22T00:21:27Z</time>
		</trkpt>
		<trkpt lat="59.4693667" lon="24.8262917">
			<ele>37.3</ele>
			<time>2026-05-22T00:21:28Z</time>
		</trkpt>
		<trkpt lat="59.4694633" lon="24.8264183">
			<ele>37.9</ele>
			<time>2026-05-22T00:21:29Z</time>
		</trkpt>
		<trkpt lat="59.4695567" lon="24.8265617">
			<ele>38.7</ele>
			<time>2026-05-22T00:21:30Z</time>
		</trkpt>
		<trkpt lat="59.46965" lon="24.82671">
			<ele>39.9</ele>
			<time>2026-05-22T00:21:31Z</time>
		</trkpt>
		<trkpt lat="59.469745" lon="24.82685">
			<ele>41.5</ele>
			<time>2026-05-22T00:21:32Z</time>
		</trkpt>
		<trkpt lat="59.4698433" lon="24.8269817">
			<ele>43.3</ele>
			<time>2026-05-22T00:21:33Z</time>
		</trkpt>
		<trkpt lat="59.4699417" lon="24.827105">
			<ele>45.1</ele>
			<time>2026-05-22T00:21:34Z</time>
		</trkpt>
		<trkpt lat="59.47004" lon="24.8272217">
			<ele>46.2</ele>
			<time>2026-05-22T00:21:35Z</time>
		</trkpt>
		<trkpt lat="59.4701433" lon="24.8273267">
			<ele>47.1</ele>
			<time>2026-05-22T00:21:36Z</time>
		</trkpt>
		<trkpt lat="59.47025" lon="24.827425">
			<ele>47.9</ele>
			<time>2026-05-22T00:21:37Z</time>
		</trkpt>
		<trkpt lat="59.4703567" lon="24.8275217">
			<ele>48.9</ele>
			<time>2026-05-22T00:21:38Z</time>
		</trkpt>
		<trkpt lat="59.4704667" lon="24.827615">
			<ele>50</ele>
			<time>2026-05-22T00:21:39Z</time>
		</trkpt>
		<trkpt lat="59.47058" lon="24.827705">
			<ele>51.9</ele>
			<time>2026-05-22T00:21:40Z</time>
		</trkpt>
		<trkpt lat="59.47069" lon="24.8277933">
			<ele>52.7</ele>
			<time>2026-05-22T00:21:41Z</time>
		</trkpt>
		<trkpt lat="59.4707867" lon="24.8278933">
			<ele>53.3</ele>
			<time>2026-05-22T00:21:42Z</time>
		</trkpt>
		<trkpt lat="59.4708667" lon="24.8280367">
			<ele>53.5</ele>
			<time>2026-05-22T00:21:43Z</time>
		</trkpt>
		<trkpt lat="59.470925" lon="24.82822">
			<ele>53.8</ele>
			<time>2026-05-22T00:21:44Z</time>
		</trkpt>
		<trkpt lat="59.47091" lon="24.8284633">
			<ele>53.2</ele>
			<time>2026-05-22T00:21:45Z</time>
		</trkpt>
		<trkpt lat="59.4708317" lon="24.828695">
			<ele>51.8</ele>
			<time>2026-05-22T00:21:46Z</time>
		</trkpt>
		<trkpt lat="59.47069" lon="24.8288517">
			<ele>50.1</ele>
			<time>2026-05-22T00:21:47Z</time>
		</trkpt>
		<trkpt lat="59.47051" lon="24.828895">
			<ele>48.1</ele>
			<time>2026-05-22T00:21:48Z</time>
		</trkpt>
		<trkpt lat="59.4703383" lon="24.8288267">
			<ele>46.3</ele>
			<time>2026-05-22T00:21:49Z</time>
		</trkpt>
		<trkpt lat="59.4702233" lon="24.8286633">
			<ele>46.2</ele>
			<time>2026-05-22T00:21:50Z</time>
		</trkpt>
		<trkpt lat="59.4701517" lon="24.8284617">
			<ele>46.8</ele>
			<time>2026-05-22T00:21:51Z</time>
		</trkpt>
		<trkpt lat="59.470095" lon="24.8282633">
			<ele>48.3</ele>
			<time>2026-05-22T00:21:52Z</time>
		</trkpt>
		<trkpt lat="59.470035" lon="24.8280867">
			<ele>50.1</ele>
			<time>2026-05-22T00:21:53Z</time>
		</trkpt>
		<trkpt lat="59.4699667" lon="24.8279183">
			<ele>50.7</ele>
			<time>2026-05-22T00:21:54Z</time>
		</trkpt>
		<trkpt lat="59.4699" lon="24.8277417">
			<ele>50.8</ele>
			<time>2026-05-22T00:21:55Z</time>
		</trkpt>
		<trkpt lat="59.46984" lon="24.8275383">
			<ele>51.1</ele>
			<time>2026-05-22T00:21:56Z</time>
		</trkpt>
		<trkpt lat="59.4697833" lon="24.8273133">
			<ele>50.8</ele>
			<time>2026-05-22T00:21:57Z</time>
		</trkpt>
		<trkpt lat="59.4697417" lon="24.8270767">
			<ele>52.4</ele>
			<time>2026-05-22T00:21:58Z</time>
		</trkpt>
		<trkpt lat="59.4697083" lon="24.8268333">
			<ele>54.1</ele>
			<time>2026-05-22T00:21:59Z</time>
		</trkpt>
		<trkpt lat="59.4696817" lon="24.8265933">
			<ele>55.4</ele>
			<time>2026-05-22T00:22:00Z</time>
		</trkpt>
		<trkpt lat="59.469655" lon="24.8263617">
			<ele>56.4</ele>
			<time>2026-05-22T00:22:01Z</time>
		</trkpt>
		<trkpt lat="59.4696283" lon="24.8261367">
			<ele>57.1</ele>
			<time>2026-05-22T00:22:02Z</time>
		</trkpt>
		<trkpt lat="59.4695983" lon="24.8259117">
			<ele>57.4</ele>
			<time>2026-05-22T00:22:03Z</time>
		</trkpt>
		<trkpt lat="59.46956" lon="24.825695">
			<ele>58</ele>
			<time>2026-05-22T00:22:04Z</time>
		</trkpt>
		<trkpt lat="59.4695033" lon="24.82549">
			<ele>58.4</ele>
			<time>2026-05-22T00:22:05Z</time>
		</trkpt>
		<trkpt lat="59.4694133" lon="24.8253183">
			<ele>56.3</ele>
			<time>2026-05-22T00:22:06Z</time>
		</trkpt>
		<trkpt lat="59.4692883" lon="24.82523">
			<ele>54.3</ele>
			<time>2026-05-22T00:22:07Z</time>
		</trkpt>
		<trkpt lat="59.4691467" lon="24.8252383">
			<ele>53.8</ele>
			<time>2026-05-22T00:22:08Z</time>
		</trkpt>
		<trkpt lat="59.4690067" lon="24.825355">
			<ele>51.7</ele>
			<time>2026-05-22T00:22:09Z</time>
		</trkpt>
		<trkpt lat="59.4688933" lon="24.8255567">
			<ele>48.2</ele>
			<time>2026-05-22T00:22:10Z</time>
		</trkpt>
		<trkpt lat="59.4688117" lon="24.8257917">
			<ele>46.3</ele>
			<time>2026-05-22T00:22:11Z</time>
		</trkpt>
		<trkpt lat="59.4687433" lon="24.8260167">
			<ele>44.3</ele>
			<time>2026-05-22T00:22:12Z</time>
		</trkpt>
		<trkpt lat="59.4686717" lon="24.8262167">
			<ele>42.8</ele>
			<time>2026-05-22T00:22:13Z</time>
		</trkpt>
		<trkpt lat="59.46859" lon="24.8263883">
			<ele>43.4</ele>
			<time>2026-05-22T00:22:14Z</time>
		</trkpt>
		<trkpt lat="59.4684983" lon="24.82656">
			<ele>43.6</ele>
			<time>2026-05-22T00:22:15Z</time>
		</trkpt>
		<trkpt lat="59.468405" lon="24.8267483">
			<ele>44</ele>
			<time>2026-05-22T00:22:16Z</time>
		</trkpt>
		<trkpt lat="59.4683183" lon="24.8269567">
			<ele>45.2</ele>
			<time>2026-05-22T00:22:17Z</time>
		</trkpt>
		<trkpt lat="59.4682417" lon="24.82718">
			<ele>46.4</ele>
			<time>2026-05-22T00:22:18Z</time>
		</trkpt>
		<trkpt lat="59.468175" lon="24.8274">
			<ele>48.1</ele>
			<time>2026-05-22T00:22:19Z</time>
		</trkpt>
		<trkpt lat="59.4681167" lon="24.8276217">
			<ele>51.1</ele>
			<time>2026-05-22T00:22:20Z</time>
		</trkpt>
		<trkpt lat="59.468055" lon="24.827835">
			<ele>52.1</ele>
			<time>2026-05-22T00:22:21Z</time>
		</trkpt>
		<trkpt lat="59.467995" lon="24.8280567">
			<ele>53.9</ele>
			<time>2026-05-22T00:22:22Z</time>
		</trkpt>
		<trkpt lat="59.4679367" lon="24.8282933">
			<ele>55.1</ele>
			<time>2026-05-22T00:22:23Z</time>
		</trkpt>
		<trkpt lat="59.46788" lon="24.8285283">
			<ele>56.2</ele>
			<time>2026-05-22T00:22:24Z</time>
		</trkpt>
		<trkpt lat="59.46783" lon="24.82876">
			<ele>58.7</ele>
			<time>2026-05-22T00:22:25Z</time>
		</trkpt>
		<trkpt lat="59.4677783" lon="24.8289833">
			<ele>61</ele>
			<time>2026-05-22T00:22:26Z</time>
		</trkpt>
		<trkpt lat="59.46772" lon="24.8291917">
			<ele>62.6</ele>
			<time>2026-05-22T00:22:27Z</time>
		</trkpt>
		<trkpt lat="59.4676433" lon="24.8293883">
			<ele>62.8</ele>
			<time>2026-05-22T00:22:28Z</time>
		</trkpt>
		<trkpt lat="59.467555" lon="24.8295667">
			<ele>63.4</ele>
			<time>2026-05-22T00:22:29Z</time>
		</trkpt>
		<trkpt lat="59.4674533" lon="24.8297167">
			<ele>64.4</ele>
			<time>2026-05-22T00:22:30Z</time>
		</trkpt>
		<trkpt lat="59.4673317" lon="24.8298167">
			<ele>65.2</ele>
			<time>2026-05-22T00:22:31Z</time>
		</trkpt>
		<trkpt lat="59.467205" lon="24.8298617">
			<ele>65.9</ele>
			<time>2026-05-22T00:22:32Z</time>
		</trkpt>
		<trkpt lat="59.4670767" lon="24.829875">
			<ele>67.1</ele>
			<time>2026-05-22T00:22:33Z</time>
		</trkpt>
		<trkpt lat="59.46696" lon="24.8298917">
			<ele>68.5</ele>
			<time>2026-05-22T00:22:34Z</time>
		</trkpt>
		<trkpt lat="59.466845" lon="24.8299167">
			<ele>69.6</ele>
			<time>2026-05-22T00:22:35Z</time>
		</trkpt>
		<trkpt lat="59.46673" lon="24.829965">
			<ele>70</ele>
			<time>2026-05-22T00:22:36Z</time>
		</trkpt>
		<trkpt lat="59.4666083" lon="24.8300317">
			<ele>69.4</ele>
			<time>2026-05-22T00:22:37Z</time>
		</trkpt>
		<trkpt lat="59.4664817" lon="24.830115">
			<ele>68.5</ele>
			<time>2026-05-22T00:22:38Z</time>
		</trkpt>
		<trkpt lat="59.466355" lon="24.8302067">
			<ele>68.3</ele>
			<time>2026-05-22T00:22:39Z</time>
		</trkpt>
		<trkpt lat="59.4662317" lon="24.8303067">
			<ele>68.5</ele>
			<time>2026-05-22T00:22:40Z</time>
		</trkpt>
		<trkpt lat="59.466115" lon="24.83042">
			<ele>69.4</ele>
			<time>2026-05-22T00:22:41Z</time>
		</trkpt>
		<trkpt lat="59.466005" lon="24.83055">
			<ele>70.1</ele>
			<time>2026-05-22T00:22:42Z</time>
		</trkpt>
		<trkpt lat="59.46591" lon="24.8307033">
			<ele>71</ele>
			<time>2026-05-22T00:22:43Z</time>
		</trkpt>
		<trkpt lat="59.4658367" lon="24.8308933">
			<ele>71.5</ele>
			<time>2026-05-22T00:22:44Z</time>
		</trkpt>
		<trkpt lat="59.4657883" lon="24.831125">
			<ele>71.6</ele>
			<time>2026-05-22T00:22:45Z</time>
		</trkpt>
		<trkpt lat="59.46577" lon="24.8313867">
			<ele>71.8</ele>
			<time>2026-05-22T00:22:46Z</time>
		</trkpt>
		<trkpt lat="59.46578" lon="24.8316667">
			<ele>71.1</ele>
			<time>2026-05-22T00:22:47Z</time>
		</trkpt>
		<trkpt lat="59.4658067" lon="24.8319533">
			<ele>67.8</ele>
			<time>2026-05-22T00:22:48Z</time>
		</trkpt>
		<trkpt lat="59.46585" lon="24.832205">
			<ele>68.1</ele>
			<time>2026-05-22T00:22:49Z</time>
		</trkpt>
		<trkpt lat="59.4658917" lon="24.8324267">
			<ele>68.7</ele>
			<time>2026-05-22T00:22:50Z</time>
		</trkpt>
		<trkpt lat="59.4659233" lon="24.832645">
			<ele>67.6</ele>
			<time>2026-05-22T00:22:51Z</time>
		</trkpt>
		<trkpt lat="59.46596" lon="24.8328633">
			<ele>67.5</ele>
			<time>2026-05-22T00:22:52Z</time>
		</trkpt>
		<trkpt lat="59.466" lon="24.833085">
			<ele>66.9</ele>
			<time>2026-05-22T00:22:53Z</time>
		</trkpt>
		<trkpt lat="59.466045" lon="24.8333067">
			<ele>65.1</ele>
			<time>2026-05-22T00:22:54Z</time>
		</trkpt>
		<trkpt lat="59.4661" lon="24.8335167">
			<ele>64.8</ele>
			<time>2026-05-22T00:22:55Z</time>
		</trkpt>
		<trkpt lat="59.4661633" lon="24.8337217">
			<ele>65.3</ele>
			<time>2026-05-22T00:22:56Z</time>
		</trkpt>
		<trkpt lat="59.4662333" lon="24.8339167">
			<ele>67.4</ele>
			<time>2026-05-22T00:22:57Z</time>
		</trkpt>
		<trkpt lat="59.4663" lon="24.8341083">
			<ele>68.2</ele>
			<time>2026-05-22T00:22:58Z</time>
		</trkpt>
		<trkpt lat="59.4663717" lon="24.8342933">
			<ele>69.6</ele>
			<time>2026-05-22T00:22:59Z</time>
		</trkpt>
		<trkpt lat="59.4664483" lon="24.83448">
			<ele>70.5</ele>
			<time>2026-05-22T00:23:00Z</time>
		</trkpt>
		<trkpt lat="59.4665283" lon="24.834665">
			<ele>71.4</ele>
			<time>2026-05-22T00:23:01Z</time>
		</trkpt>
		<trkpt lat="59.4666033" lon="24.8348533">
			<ele>71.7</ele>
			<time>2026-05-22T00:23:02Z</time>
		</trkpt>
		<trkpt lat="59.46667" lon="24.8350517">
			<ele>71.7</ele>
			<time>2026-05-22T00:23:03Z</time>
		</trkpt>
		<trkpt lat="59.46672" lon="24.8352683">
			<ele>71</ele>
			<time>2026-05-22T00:23:04Z</time>
		</trkpt>
		<trkpt lat="59.46675" lon="24.83551">
			<ele>70.4</ele>
			<time>2026-05-22T00:23:05Z</time>
		</trkpt>
		<trkpt lat="59.4667467" lon="24.8357667">
			<ele>70</ele>
			<time>2026-05-22T00:23:06Z</time>
		</trkpt>
		<trkpt lat="59.4666983" lon="24.8360183">
			<ele>70.1</ele>
			<time>2026-05-22T00:23:07Z</time>
		</trkpt>
		<trkpt lat="59.4666133" lon="24.8362283">
			<ele>71</ele>
			<time>2026-05-22T00:23:08Z</time>
		</trkpt>
		<trkpt lat="59.4665033" lon="24.836375">
			<ele>72.7</ele>
			<time>2026-05-22T00:23:09Z</time>
		</trkpt>
		<trkpt lat="59.4663783" lon="24.8364567">
			<ele>74.6</ele>
			<time>2026-05-22T00:23:10Z</time>
		</trkpt>
		<trkpt lat="59.4662517" lon="24.836475">
			<ele>75.8</ele>
			<time>2026-05-22T00:23:11Z</time>
		</trkpt>
		<trkpt lat="59.4661317" lon="24.8364567">
			<ele>77.3</ele>
			<time>2026-05-22T00:23:12Z</time>
		</trkpt>
		<trkpt lat="59.466015" lon="24.8364417">
			<ele>78.5</ele>
			<time>2026-05-22T00:23:13Z</time>
		</trkpt>
		<trkpt lat="59.465895" lon="24.83646">
			<ele>79.2</ele>
			<time>2026-05-22T00:23:14Z</time>
		</trkpt>
		<trkpt lat="59.4657717" lon="24.8365117">
			<ele>79.9</ele>
			<time>2026-05-22T00:23:15Z</time>
		</trkpt>
		<trkpt lat="59.46565" lon="24.836595">
			<ele>79.9</ele>
			<time>2026-05-22T00:23:16Z</time>
		</trkpt>
		<trkpt lat="59.4655283" lon="24.83669">
			<ele>79.8</ele>
			<time>2026-05-22T00:23:17Z</time>
		</trkpt>
		<trkpt lat="59.4654067" lon="24.8367783">
			<ele>78.6</ele>
			<time>2026-05-22T00:23:18Z</time>
		</trkpt>
		<trkpt lat="59.46528" lon="24.8368517">
			<ele>78.3</ele>
			<time>2026-05-22T00:23:19Z</time>
		</trkpt>
		<trkpt lat="59.465155" lon="24.836925">
			<ele>78.4</ele>
			<time>2026-05-22T00:23:20Z</time>
		</trkpt>
		<trkpt lat="59.465025" lon="24.83701">
			<ele>78.5</ele>
			<time>2026-05-22T00:23:21Z</time>
		</trkpt>
		<trkpt lat="59.4649" lon="24.8371033">
			<ele>78.8</ele>
			<time>2026-05-22T00:23:22Z</time>
		</trkpt>
		<trkpt lat="59.4647767" lon="24.837205">
			<ele>79.2</ele>
			<time>2026-05-22T00:23:23Z</time>
		</trkpt>
		<trkpt lat="59.4646533" lon="24.8373017">
			<ele>79.5</ele>
			<time>2026-05-22T00:23:24Z</time>
		</trkpt>
		<trkpt lat="59.4645317" lon="24.837395">
			<ele>79.6</ele>
			<time>2026-05-22T00:23:25Z</time>
		</trkpt>
		<trkpt lat="59.4644117" lon="24.8374783">
			<ele>80.3</ele>
			<time>2026-05-22T00:23:26Z</time>
		</trkpt>
		<trkpt lat="59.4642917" lon="24.8375683">
			<ele>80.9</ele>
			<time>2026-05-22T00:23:27Z</time>
		</trkpt>
		<trkpt lat="59.46417" lon="24.8376633">
			<ele>82.1</ele>
			<time>2026-05-22T00:23:28Z</time>
		</trkpt>
		<trkpt lat="59.4640467" lon="24.83776">
			<ele>83.1</ele>
			<time>2026-05-22T00:23:29Z</time>
		</trkpt>
		<trkpt lat="59.463925" lon="24.83786">
			<ele>84.2</ele>
			<time>2026-05-22T00:23:30Z</time>
		</trkpt>
		<trkpt lat="59.463805" lon="24.837955">
			<ele>85.8</ele>
			<time>2026-05-22T00:23:31Z</time>
		</trkpt>
		<trkpt lat="59.463685" lon="24.8380483">
			<ele>87.6</ele>
			<time>2026-05-22T00:23:32Z</time>
		</trkpt>
		<trkpt lat="59.4635667" lon="24.8381333">
			<ele>89</ele>
			<time>2026-05-22T00:23:33Z</time>
		</trkpt>
		<trkpt lat="59.4634567" lon="24.8382033">
			<ele>90.7</ele>
			<time>2026-05-22T00:23:34Z</time>
		</trkpt>
		<trkpt lat="59.4633483" lon="24.8382767">
			<ele>91.5</ele>
			<time>2026-05-22T00:23:35Z</time>
		</trkpt>
		<trkpt lat="59.463235" lon="24.838365">
			<ele>91.7</ele>
			<time>2026-05-22T00:23:36Z</time>
		</trkpt>
		<trkpt lat="59.4631183" lon="24.838455">
			<ele>91.4</ele>
			<time>2026-05-22T00:23:37Z</time>
		</trkpt>
		<trkpt lat="59.4629933" lon="24.8385483">
			<ele>91</ele>
			<time>2026-05-22T00:23:38Z</time>
		</trkpt>
		<trkpt lat="59.462865" lon="24.8386317">
			<ele>90.8</ele>
			<time>2026-05-22T00:23:39Z</time>
		</trkpt>
		<trkpt lat="59.4627383" lon="24.8386983">
			<ele>91.2</ele>
			<time>2026-05-22T00:23:40Z</time>
		</trkpt>
		<trkpt lat="59.4626133" lon="24.83876">
			<ele>91.9</ele>
			<time>2026-05-22T00:23:41Z</time>
		</trkpt>
		<trkpt lat="59.4624917" lon="24.83882">
			<ele>92.6</ele>
			<time>2026-05-22T00:23:42Z</time>
		</trkpt>
		<trkpt lat="59.462375" lon="24.83887">
			<ele>93.3</ele>
			<time>2026-05-22T00:23:43Z</time>
		</trkpt>
		<trkpt lat="59.462255" lon="24.8389233">
			<ele>93.3</ele>
			<time>2026-05-22T00:23:44Z</time>
		</trkpt>
		<trkpt lat="59.4621417" lon="24.8390033">
			<ele>93.5</ele>
			<time>2026-05-22T00:23:45Z</time>
		</trkpt>
		<trkpt lat="59.4620383" lon="24.8391317">
			<ele>93.7</ele>
			<time>2026-05-22T00:23:46Z</time>
		</trkpt>
		<trkpt lat="59.4619533" lon="24.8393183">
			<ele>93.7</ele>
			<time>2026-05-22T00:23:47Z</time>
		</trkpt>
		<trkpt lat="59.4618883" lon="24.8395517">
			<ele>92.7</ele>
			<time>2026-05-22T00:23:48Z</time>
		</trkpt>
		<trkpt lat="59.46184" lon="24.8398017">
			<ele>94.6</ele>
			<time>2026-05-22T00:23:49Z</time>
		</trkpt>
		<trkpt lat="59.4617967" lon="24.84005">
			<ele>95.4</ele>
			<time>2026-05-22T00:23:50Z</time>
		</trkpt>
		<trkpt lat="59.461765" lon="24.8402867">
			<ele>96.7</ele>
			<time>2026-05-22T00:23:51Z</time>
		</trkpt>
		<trkpt lat="59.4617467" lon="24.840515">
			<ele>97.4</ele>
			<time>2026-05-22T00:23:52Z</time>
		</trkpt>
		<trkpt lat="59.4617483" lon="24.8407517">
			<ele>98.3</ele>
			<time>2026-05-22T00:23:53Z</time>
		</trkpt>
		<trkpt lat="59.461765" lon="24.840995">
			<ele>97.1</ele>
			<time>2026-05-22T00:23:54Z</time>
		</trkpt>
		<trkpt lat="59.46181" lon="24.8412383">
			<ele>95.7</ele>
			<time>2026-05-22T00:23:55Z</time>
		</trkpt>
		<trkpt lat="59.46188" lon="24.8414633">
			<ele>94.6</ele>
			<time>2026-05-22T00:23:56Z</time>
		</trkpt>
		<trkpt lat="59.4619667" lon="24.8416633">
			<ele>93.9</ele>
			<time>2026-05-22T00:23:57Z</time>
		</trkpt>
		<trkpt lat="59.462055" lon="24.8418433">
			<ele>94.7</ele>
			<time>2026-05-22T00:23:58Z</time>
		</trkpt>
		<trkpt lat="59.4621433" lon="24.8420217">
			<ele>95.8</ele>
			<time>2026-05-22T00:23:59Z</time>
		</trkpt>
		<trkpt lat="59.462225" lon="24.84219">
			<ele>96.6</ele>
			<time>2026-05-22T00:24:00Z</time>
		</trkpt>
		<trkpt lat="59.4623067" lon="24.8423483">
			<ele>96.8</ele>
			<time>2026-05-22T00:24:01Z</time>
		</trkpt>
		<trkpt lat="59.4623967" lon="24.8424933">
			<ele>96.8</ele>
			<time>2026-05-22T00:24:02Z</time>
		</trkpt>
		<trkpt lat="59.4624983" lon="24.8426183">
			<ele>96.4</ele>
			<time>2026-05-22T00:24:03Z</time>
		</trkpt>
		<trkpt lat="59.4626033" lon="24.8427233">
			<ele>95.6</ele>
			<time>2026-05-22T00:24:04Z</time>
		</trkpt>
		<trkpt lat="59.4627183" lon="24.8428067">
			<ele>94.4</ele>
			<time>2026-05-22T00:24:05Z</time>
		</trkpt>
		<trkpt lat="59.46284" lon="24.842855">
			<ele>93.7</ele>
			<time>2026-05-22T00:24:06Z</time>
		</trkpt>
		<trkpt lat="59.4629667" lon="24.842865">
			<ele>93.5</ele>
			<time>2026-05-22T00:24:07Z</time>
		</trkpt>
		<trkpt lat="59.46309" lon="24.8428383">
			<ele>93.8</ele>
			<time>2026-05-22T00:24:08Z</time>
		</trkpt>
		<trkpt lat="59.4632033" lon="24.84278">
			<ele>93.5</ele>
			<time>2026-05-22T00:24:09Z</time>
		</trkpt>
		<trkpt lat="59.4633133" lon="24.8426967">
			<ele>92.9</ele>
			<time>2026-05-22T00:24:10Z</time>
		</trkpt>
		<trkpt lat="59.4634183" lon="24.8425883">
			<ele>93.1</ele>
			<time>2026-05-22T00:24:11Z</time>
		</trkpt>
		<trkpt lat="59.4635133" lon="24.84246">
			<ele>93.2</ele>
			<time>2026-05-22T00:24:12Z</time>
		</trkpt>
		<trkpt lat="59.4636083" lon="24.842315">
			<ele>94.6</ele>
			<time>2026-05-22T00:24:13Z</time>
		</trkpt>
		<trkpt lat="59.4636867" lon="24.8421583">
			<ele>93.6</ele>
			<time>2026-05-22T00:24:14Z</time>
		</trkpt>
		<trkpt lat="59.4637617" lon="24.8419767">
			<ele>93.4</ele>
			<time>2026-05-22T00:24:15Z</time>
		</trkpt>
		<trkpt lat="59.4638217" lon="24.8417833">
			<ele>93.3</ele>
			<time>2026-05-22T00:24:16Z</time>
		</trkpt>
		<trkpt lat="59.4638633" lon="24.8415817">
			<ele>93</ele>
			<time>2026-05-22T00:24:17Z</time>
		</trkpt>
		<trkpt lat="59.4638933" lon="24.8413617">
			<ele>93</ele>
			<time>2026-05-22T00:24:18Z</time>
		</trkpt>
		<trkpt lat="59.4639083" lon="24.841135">
			<ele>93.2</ele>
			<time>2026-05-22T00:24:19Z</time>
		</trkpt>
		<trkpt lat="59.4639183" lon="24.8409167">
			<ele>93.7</ele>
			<time>2026-05-22T00:24:20Z</time>
		</trkpt>
		<trkpt lat="59.46393" lon="24.8406967">
			<ele>94</ele>
			<time>2026-05-22T00:24:21Z</time>
		</trkpt>
		<trkpt lat="59.463945" lon="24.8404817">
			<ele>94.5</ele>
			<time>2026-05-22T00:24:22Z</time>
		</trkpt>
		<trkpt lat="59.46396" lon="24.8402733">
			<ele>94.2</ele>
			<time>2026-05-22T00:24:23Z</time>
		</trkpt>
		<trkpt lat="59.4639683" lon="24.8400533">
			<ele>94.3</ele>
			<time>2026-05-22T00:24:24Z</time>
		</trkpt>
		<trkpt lat="59.4639633" lon="24.8398317">
			<ele>94.3</ele>
			<time>2026-05-22T00:24:25Z</time>
		</trkpt>
		<trkpt lat="59.4639467" lon="24.8396033">
			<ele>93.9</ele>
			<time>2026-05-22T00:24:26Z</time>
		</trkpt>
		<trkpt lat="59.46392" lon="24.8393883">
			<ele>94</ele>
			<time>2026-05-22T00:24:27Z</time>
		</trkpt>
		<trkpt lat="59.4638933" lon="24.8391683">
			<ele>95.1</ele>
			<time>2026-05-22T00:24:28Z</time>
		</trkpt>
		<trkpt lat="59.46387" lon="24.83895">
			<ele>96.5</ele>
			<time>2026-05-22T00:24:29Z</time>
		</trkpt>
		<trkpt lat="59.4638533" lon="24.83874">
			<ele>97.7</ele>
			<time>2026-05-22T00:24:30Z</time>
		</trkpt>
		<trkpt lat="59.46384" lon="24.8385217">
			<ele>98.3</ele>
			<time>2026-05-22T00:24:31Z</time>
		</trkpt>
		<trkpt lat="59.463835" lon="24.83831">
			<ele>99.3</ele>
			<time>2026-05-22T00:24:32Z</time>
		</trkpt>
		<trkpt lat="59.4638317" lon="24.8380983">
			<ele>100</ele>
			<time>2026-05-22T00:24:33Z</time>
		</trkpt>
		<trkpt lat="59.4638267" lon="24.8378833">
			<ele>100.6</ele>
			<time>2026-05-22T00:24:34Z</time>
		</trkpt>
		<trkpt lat="59.4638233" lon="24.83767">
			<ele>101.3</ele>
			<time>2026-05-22T00:24:35Z</time>
		</trkpt>
		<trkpt lat="59.4638217" lon="24.8374533">
			<ele>101.4</ele>
			<time>2026-05-22T00:24:36Z</time>
		</trkpt>
		<trkpt lat="59.463815" lon="24.8372383">
			<ele>102</ele>
			<time>2026-05-22T00:24:37Z</time>
		</trkpt>
		<trkpt lat="59.463805" lon="24.8370183">
			<ele>102.3</ele>
			<time>2026-05-22T00:24:38Z</time>
		</trkpt>
		<trkpt lat="59.4637917" lon="24.8367867">
			<ele>103.1</ele>
			<time>2026-05-22T00:24:39Z</time>
		</trkpt>
		<trkpt lat="59.46377" lon="24.8365483">
			<ele>103.2</ele>
			<time>2026-05-22T00:24:40Z</time>
		</trkpt>
		<trkpt lat="59.46375" lon="24.8363167">
			<ele>103.3</ele>
			<time>2026-05-22T00:24:41Z</time>
		</trkpt>
		<trkpt lat="59.46373" lon="24.8360933">
			<ele>103.6</ele>
			<time>2026-05-22T00:24:42Z</time>
		</trkpt>
		<trkpt lat="59.4637117" lon="24.8358883">
			<ele>104.6</ele>
			<time>2026-05-22T00:24:43Z</time>
		</trkpt>
		<trkpt lat="59.4636933" lon="24.835695">
			<ele>105.1</ele>
			<time>2026-05-22T00:24:44Z</time>
		</trkpt>
		<trkpt lat="59.4636717" lon="24.83551">
			<ele>104.6</ele>
			<time>2026-05-22T00:24:45Z</time>
		</trkpt>
		<trkpt lat="59.4636533" lon="24.835315">
			<ele>103.5</ele>
			<time>2026-05-22T00:24:46Z</time>
		</trkpt>
		<trkpt lat="59.463635" lon="24.8351083">
			<ele>101.9</ele>
			<time>2026-05-22T00:24:47Z</time>
		</trkpt>
		<trkpt lat="59.4636217" lon="24.8348883">
			<ele>100.7</ele>
			<time>2026-05-22T00:24:48Z</time>
		</trkpt>
		<trkpt lat="59.4636217" lon="24.8346667">
			<ele>99.6</ele>
			<time>2026-05-22T00:24:49Z</time>
		</trkpt>
		<trkpt lat="59.4636467" lon="24.834445">
			<ele>99.5</ele>
			<time>2026-05-22T00:24:50Z</time>
		</trkpt>
		<trkpt lat="59.4636967" lon="24.83424">
			<ele>98.9</ele>
			<time>2026-05-22T00:24:51Z</time>
		</trkpt>
		<trkpt lat="59.4637567" lon="24.8340367">
			<ele>98.5</ele>
			<time>2026-05-22T00:24:52Z</time>
		</trkpt>
		<trkpt lat="59.463795" lon="24.83383">
			<ele>98</ele>
			<time>2026-05-22T00:24:53Z</time>
		</trkpt>
		<trkpt lat="59.4637817" lon="24.8336183">
			<ele>97.3</ele>
			<time>2026-05-22T00:24:54Z</time>
		</trkpt>
		<trkpt lat="59.4637267" lon="24.8334017">
			<ele>97.2</ele>
			<time>2026-05-22T00:24:55Z</time>
		</trkpt>
		<trkpt lat="59.46366" lon="24.8332017">
			<ele>97.4</ele>
			<time>2026-05-22T00:24:56Z</time>
		</trkpt>
		<trkpt lat="59.4635933" lon="24.833005">
			<ele>97.6</ele>
			<time>2026-05-22T00:24:57Z</time>
		</trkpt>
		<trkpt lat="59.4635383" lon="24.83279">
			<ele>98.3</ele>
			<time>2026-05-22T00:24:58Z</time>
		</trkpt>
		<trkpt lat="59.4634933" lon="24.8325833">
			<ele>98.4</ele>
			<time>2026-05-22T00:24:59Z</time>
		</trkpt>
		<trkpt lat="59.4634533" lon="24.83238">
			<ele>98.8</ele>
			<time>2026-05-22T00:25:00Z</time>
		</trkpt>
		<trkpt lat="59.4634083" lon="24.8321833">
			<ele>99.5</ele>
			<time>2026-05-22T00:25:01Z</time>
		</trkpt>
		<trkpt lat="59.4633533" lon="24.8319967">
			<ele>100.5</ele>
			<time>2026-05-22T00:25:02Z</time>
		</trkpt>
		<trkpt lat="59.46329" lon="24.831815">
			<ele>101.2</ele>
			<time>2026-05-22T00:25:03Z</time>
		</trkpt>
		<trkpt lat="59.4632233" lon="24.8316483">
			<ele>101.9</ele>
			<time>2026-05-22T00:25:04Z</time>
		</trkpt>
		<trkpt lat="59.4631533" lon="24.8314833">
			<ele>103</ele>
			<time>2026-05-22T00:25:05Z</time>
		</trkpt>
		<trkpt lat="59.4630817" lon="24.8313167">
			<ele>103.7</ele>
			<time>2026-05-22T00:25:06Z</time>
		</trkpt>
		<trkpt lat="59.4630133" lon="24.8311517">
			<ele>103.8</ele>
			<time>2026-05-22T00:25:07Z</time>
		</trkpt>
		<trkpt lat="59.4629483" lon="24.83098">
			<ele>104.1</ele>
			<time>2026-05-22T00:25:08Z</time>
		</trkpt>
		<trkpt lat="59.4628917" lon="24.8308017">
			<ele>104.3</ele>
			<time>2026-05-22T00:25:09Z</time>
		</trkpt>
		<trkpt lat="59.46284" lon="24.83061">
			<ele>104</ele>
			<time>2026-05-22T00:25:10Z</time>
		</trkpt>
		<trkpt lat="59.4628" lon="24.83041">
			<ele>103.1</ele>
			<time>2026-05-22T00:25:11Z</time>
		</trkpt>
		<trkpt lat="59.4627567" lon="24.83021">
			<ele>102.6</ele>
			<time>2026-05-22T00:25:12Z</time>
		</trkpt>
		<trkpt lat="59.4626967" lon="24.83003">
			<ele>102.3</ele>
			<time>2026-05-22T00:25:13Z</time>
		</trkpt>
		<trkpt lat="59.46261" lon="24.829875">
			<ele>101.9</ele>
			<time>2026-05-22T00:25:14Z</time>
		</trkpt>
		<trkpt lat="59.4624967" lon="24.8297733">
			<ele>100.6</ele>
			<time>2026-05-22T00:25:15Z</time>
		</trkpt>
		<trkpt lat="59.462375" lon="24.8296833">
			<ele>99.6</ele>
			<time>2026-05-22T00:25:16Z</time>
		</trkpt>
		<trkpt lat="59.46226" lon="24.829575">
			<ele>99</ele>
			<time>2026-05-22T00:25:17Z</time>
		</trkpt>
		<trkpt lat="59.4621667" lon="24.8294283">
			<ele>98</ele>
			<time>2026-05-22T00:25:18Z</time>
		</trkpt>
		<trkpt lat="59.4620967" lon="24.829245">
			<ele>96.1</ele>
			<time>2026-05-22T00:25:19Z</time>
		</trkpt>
		<trkpt lat="59.4620433" lon="24.8290383">
			<ele>94.4</ele>
			<time>2026-05-22T00:25:20Z</time>
		</trkpt>
		<trkpt lat="59.461995" lon="24.8288233">
			<ele>93.1</ele>
			<time>2026-05-22T00:25:21Z</time>
		</trkpt>
		<trkpt lat="59.4619467" lon="24.828615">
			<ele>93</ele>
			<time>2026-05-22T00:25:22Z</time>
		</trkpt>
		<trkpt lat="59.4618967" lon="24.828405">
			<ele>92.8</ele>
			<time>2026-05-22T00:25:23Z</time>
		</trkpt>
		<trkpt lat="59.4618567" lon="24.8281917">
			<ele>92.6</ele>
			<time>2026-05-22T00:25:24Z</time>
		</trkpt>
		<trkpt lat="59.4618333" lon="24.82797">
			<ele>91.9</ele>
			<time>2026-05-22T00:25:25Z</time>
		</trkpt>
		<trkpt lat="59.4618267" lon="24.8277433">
			<ele>90.9</ele>
			<time>2026-05-22T00:25:26Z</time>
		</trkpt>
		<trkpt lat="59.4618383" lon="24.8275117">
			<ele>90.3</ele>
			<time>2026-05-22T00:25:27Z</time>
		</trkpt>
		<trkpt lat="59.461855" lon="24.82728">
			<ele>89.6</ele>
			<time>2026-05-22T00:25:28Z</time>
		</trkpt>
		<trkpt lat="59.4618733" lon="24.8270567">
			<ele>89.4</ele>
			<time>2026-05-22T00:25:29Z</time>
		</trkpt>
		<trkpt lat="59.461885" lon="24.8268417">
			<ele>89.3</ele>
			<time>2026-05-22T00:25:30Z</time>
		</trkpt>
		<trkpt lat="59.4618933" lon="24.82664">
			<ele>89.4</ele>
			<time>2026-05-22T00:25:31Z</time>
		</trkpt>
		<trkpt lat="59.4618967" lon="24.8264433">
			<ele>89.3</ele>
			<time>2026-05-22T00:25:32Z</time>
		</trkpt>
		<trkpt lat="59.4619" lon="24.82624">
			<ele>88.7</ele>
			<time>2026-05-22T00:25:33Z</time>
		</trkpt>
		<trkpt lat="59.4619083" lon="24.8260267">
			<ele>88</ele>
			<time>2026-05-22T00:25:34Z</time>
		</trkpt>
		<trkpt lat="59.4619267" lon="24.82581">
			<ele>87.4</ele>
			<time>2026-05-22T00:25:35Z</time>
		</trkpt>
		<trkpt lat="59.4619483" lon="24.8255967">
			<ele>87</ele>
			<time>2026-05-22T00:25:36Z</time>
		</trkpt>
		<trkpt lat="59.4619683" lon="24.825395">
			<ele>86.5</ele>
			<time>2026-05-22T00:25:37Z</time>
		</trkpt>
		<trkpt lat="59.4619817" lon="24.8252033">
			<ele>85.8</ele>
			<time>2026-05-22T00:25:38Z</time>
		</trkpt>
		<trkpt lat="59.4619883" lon="24.825015">
			<ele>85.2</ele>
			<time>2026-05-22T00:25:39Z</time>
		</trkpt>
		<trkpt lat="59.4619867" lon="24.8248267">
			<ele>84.5</ele>
			<time>2026-05-22T00:25:40Z</time>
		</trkpt>
		<trkpt lat="59.4619833" lon="24.8246217">
			<ele>83.4</ele>
			<time>2026-05-22T00:25:41Z</time>
		</trkpt>
		<trkpt lat="59.461975" lon="24.8244083">
			<ele>82.7</ele>
			<time>2026-05-22T00:25:42Z</time>
		</trkpt>
		<trkpt lat="59.4619633" lon="24.8241933">
			<ele>82.1</ele>
			<time>2026-05-22T00:25:43Z</time>
		</trkpt>
		<trkpt lat="59.4619483" lon="24.8239817">
			<ele>81.9</ele>
			<time>2026-05-22T00:25:44Z</time>
		</trkpt>
		<trkpt lat="59.46193" lon="24.8237767">
			<ele>81.6</ele>
			<time>2026-05-22T00:25:45Z</time>
		</trkpt>
		<trkpt lat="59.4619083" lon="24.82358">
			<ele>81.1</ele>
			<time>2026-05-22T00:25:46Z</time>
		</trkpt>
		<trkpt lat="59.46188" lon="24.8233833">
			<ele>80.3</ele>
			<time>2026-05-22T00:25:47Z</time>
		</trkpt>
		<trkpt lat="59.4618483" lon="24.823185">
			<ele>79.3</ele>
			<time>2026-05-22T00:25:48Z</time>
		</trkpt>
		<trkpt lat="59.4618067" lon="24.8229783">
			<ele>78.1</ele>
			<time>2026-05-22T00:25:49Z</time>
		</trkpt>
		<trkpt lat="59.4617633" lon="24.8227617">
			<ele>76.9</ele>
			<time>2026-05-22T00:25:50Z</time>
		</trkpt>
		<trkpt lat="59.4617117" lon="24.8225333">
			<ele>75.9</ele>
			<time>2026-05-22T00:25:51Z</time>
		</trkpt>
		<trkpt lat="59.4616583" lon="24.8223133">
			<ele>75.6</ele>
			<time>2026-05-22T00:25:52Z</time>
		</trkpt>
		<trkpt lat="59.4616033" lon="24.8221033">
			<ele>75.8</ele>
			<time>2026-05-22T00:25:53Z</time>
		</trkpt>
		<trkpt lat="59.4615467" lon="24.8219083">
			<ele>76</ele>
			<time>2026-05-22T00:25:54Z</time>
		</trkpt>
		<trkpt lat="59.4614933" lon="24.8217183">
			<ele>76.8</ele>
			<time>2026-05-22T00:25:55Z</time>
		</trkpt>
		<trkpt lat="59.46144" lon="24.8215317">
			<ele>76.9</ele>
			<time>2026-05-22T00:25:56Z</time>
		</trkpt>
		<trkpt lat="59.4613867" lon="24.821345">
			<ele>77.4</ele>
			<time>2026-05-22T00:25:57Z</time>
		</trkpt>
		<trkpt lat="59.4613333" lon="24.8211533">
			<ele>78</ele>
			<time>2026-05-22T00:25:58Z</time>
		</trkpt>
		<trkpt lat="59.4612783" lon="24.8209567">
			<ele>78.5</ele>
			<time>2026-05-22T00:25:59Z</time>
		</trkpt>
		<trkpt lat="59.4612233" lon="24.8207533">
			<ele>78.8</ele>
			<time>2026-05-22T00:26:00Z</time>
		</trkpt>
		<trkpt lat="59.4611683" lon="24.8205433">
			<ele>79.5</ele>
			<time>2026-05-22T00:26:01Z</time>
		</trkpt>
		<trkpt lat="59.4611083" lon="24.8203333">
			<ele>80.5</ele>
			<time>2026-05-22T00:26:02Z</time>
		</trkpt>
		<trkpt lat="59.4610517" lon="24.8201267">
			<ele>82.1</ele>
			<time>2026-05-22T00:26:03Z</time>
		</trkpt>
		<trkpt lat="59.4609967" lon="24.819925">
			<ele>83.3</ele>
			<time>2026-05-22T00:26:04Z</time>
		</trkpt>
		<trkpt lat="59.460945" lon="24.81973">
			<ele>84.4</ele>
			<time>2026-05-22T00:26:05Z</time>
		</trkpt>
		<trkpt lat="59.4608933" lon="24.81954">
			<ele>84.7</ele>
			<time>2026-05-22T00:26:06Z</time>
		</trkpt>
		<trkpt lat="59.460845" lon="24.8193533">
			<ele>84.8</ele>
			<time>2026-05-22T00:26:07Z</time>
		</trkpt>
		<trkpt lat="59.4607983" lon="24.8191683">
			<ele>84.7</ele>
			<time>2026-05-22T00:26:08Z</time>
		</trkpt>
		<trkpt lat="59.4607567" lon="24.81897">
			<ele>84.4</ele>
			<time>2026-05-22T00:26:09Z</time>
		</trkpt>
		<trkpt lat="59.4607233" lon="24.8187567">
			<ele>83.7</ele>
			<time>2026-05-22T00:26:10Z</time>
		</trkpt>
		<trkpt lat="59.4607133" lon="24.8185317">
			<ele>82.5</ele>
			<time>2026-05-22T00:26:11Z</time>
		</trkpt>
		<trkpt lat="59.4607217" lon="24.8183133">
			<ele>80.8</ele>
			<time>2026-05-22T00:26:12Z</time>
		</trkpt>
		<trkpt lat="59.4607433" lon="24.818105">
			<ele>79.6</ele>
			<time>2026-05-22T00:26:13Z</time>
		</trkpt>
		<trkpt lat="59.46076" lon="24.817895">
			<ele>77.9</ele>
			<time>2026-05-22T00:26:14Z</time>
		</trkpt>
		<trkpt lat="59.4607683" lon="24.8176867">
			<ele>76.1</ele>
			<time>2026-05-22T00:26:15Z</time>
		</trkpt>
		<trkpt lat="59.46076" lon="24.8174733">
			<ele>74.4</ele>
			<time>2026-05-22T00:26:16Z</time>
		</trkpt>
		<trkpt lat="59.460735" lon="24.8172633">
			<ele>72.5</ele>
			<time>2026-05-22T00:26:17Z</time>
		</trkpt>
		<trkpt lat="59.4606983" lon="24.817055">
			<ele>71.1</ele>
			<time>2026-05-22T00:26:18Z</time>
		</trkpt>
		<trkpt lat="59.4606533" lon="24.816845">
			<ele>69.8</ele>
			<time>2026-05-22T00:26:19Z</time>
		</trkpt>
		<trkpt lat="59.460605" lon="24.8166367">
			<ele>68.5</ele>
			<time>2026-05-22T00:26:20Z</time>
		</trkpt>
		<trkpt lat="59.46056" lon="24.8164267">
			<ele>67.2</ele>
			<time>2026-05-22T00:26:21Z</time>
		</trkpt>
		<trkpt lat="59.4605183" lon="24.8162183">
			<ele>66.2</ele>
			<time>2026-05-22T00:26:22Z</time>
		</trkpt>
		<trkpt lat="59.460475" lon="24.81601">
			<ele>65.2</ele>
			<time>2026-05-22T00:26:23Z</time>
		</trkpt>
		<trkpt lat="59.460425" lon="24.8158033">
			<ele>63.8</ele>
			<time>2026-05-22T00:26:24Z</time>
		</trkpt>
		<trkpt lat="59.46036" lon="24.8156017">
			<ele>62.3</ele>
			<time>2026-05-22T00:26:25Z</time>
		</trkpt>
		<trkpt lat="59.4602867" lon="24.815415">
			<ele>60.5</ele>
			<time>2026-05-22T00:26:26Z</time>
		</trkpt>
		<trkpt lat="59.4602017" lon="24.8152367">
			<ele>59.2</ele>
			<time>2026-05-22T00:26:27Z</time>
		</trkpt>
		<trkpt lat="59.4601133" lon="24.81507">
			<ele>57.8</ele>
			<time>2026-05-22T00:26:28Z</time>
		</trkpt>
		<trkpt lat="59.460025" lon="24.8149083">
			<ele>56.9</ele>
			<time>2026-05-22T00:26:29Z</time>
		</trkpt>
		<trkpt lat="59.4599433" lon="24.8147483">
			<ele>56</ele>
			<time>2026-05-22T00:26:30Z</time>
		</trkpt>
		<trkpt lat="59.4598583" lon="24.8145867">
			<ele>55.4</ele>
			<time>2026-05-22T00:26:31Z</time>
		</trkpt>
		<trkpt lat="59.459775" lon="24.8144267">
			<ele>54.7</ele>
			<time>2026-05-22T00:26:32Z</time>
		</trkpt>
		<trkpt lat="59.45969" lon="24.81427">
			<ele>53.7</ele>
			<time>2026-05-22T00:26:33Z</time>
		</trkpt>
		<trkpt lat="59.4596017" lon="24.814115">
			<ele>52.2</ele>
			<time>2026-05-22T00:26:34Z</time>
		</trkpt>
		<trkpt lat="59.4595083" lon="24.8139583">
			<ele>50.8</ele>
			<time>2026-05-22T00:26:35Z</time>
		</trkpt>
		<trkpt lat="59.4594133" lon="24.8138033">
			<ele>49.5</ele>
			<time>2026-05-22T00:26:36Z</time>
		</trkpt>
		<trkpt lat="59.4593183" lon="24.81365">
			<ele>48.7</ele>
			<time>2026-05-22T00:26:37Z</time>
		</trkpt>
		<trkpt lat="59.459225" lon="24.813495">
			<ele>47.6</ele>
			<time>2026-05-22T00:26:38Z</time>
		</trkpt>
		<trkpt lat="59.4591333" lon="24.8133317">
			<ele>47</ele>
			<time>2026-05-22T00:26:39Z</time>
		</trkpt>
		<trkpt lat="59.4590433" lon="24.8131667">
			<ele>46.6</ele>
			<time>2026-05-22T00:26:40Z</time>
		</trkpt>
		<trkpt lat="59.458955" lon="24.8130033">
			<ele>46.1</ele>
			<time>2026-05-22T00:26:41Z</time>
		</trkpt>
		<trkpt lat="59.458865" lon="24.812845">
			<ele>45.3</ele>
			<time>2026-05-22T00:26:42Z</time>
		</trkpt>
		<trkpt lat="59.4587717" lon="24.8126917">
			<ele>44.5</ele>
			<time>2026-05-22T00:26:43Z</time>
		</trkpt>
		<trkpt lat="59.458675" lon="24.8125417">
			<ele>44</ele>
			<time>2026-05-22T00:26:44Z</time>
		</trkpt>
		<trkpt lat="59.4585767" lon="24.81239">
			<ele>43.3</ele>
			<time>2026-05-22T00:26:45Z</time>
		</trkpt>
		<trkpt lat="59.4584767" lon="24.81224">
			<ele>42.3</ele>
			<time>2026-05-22T00:26:46Z</time>
		</trkpt>
		<trkpt lat="59.4583783" lon="24.8120917">
			<ele>41.8</ele>
			<time>2026-05-22T00:26:47Z</time>
		</trkpt>
		<trkpt lat="59.45828" lon="24.811945">
			<ele>41.3</ele>
			<time>2026-05-22T00:26:48Z</time>
		</trkpt>
		<trkpt lat="59.4581733" lon="24.8118033">
			<ele>41.2</ele>
			<time>2026-05-22T00:26:49Z</time>
		</trkpt>
		<trkpt lat="59.4580617" lon="24.8116683">
			<ele>41</ele>
			<time>2026-05-22T00:26:50Z</time>
		</trkpt>
		<trkpt lat="59.4579483" lon="24.8115417">
			<ele>40.9</ele>
			<time>2026-05-22T00:26:51Z</time>
		</trkpt>
		<trkpt lat="59.4578367" lon="24.81142">
			<ele>41.8</ele>
			<time>2026-05-22T00:26:52Z</time>
		</trkpt>
		<trkpt lat="59.4577217" lon="24.8113033">
			<ele>42.5</ele>
			<time>2026-05-22T00:26:53Z</time>
		</trkpt>
		<trkpt lat="59.457605" lon="24.8111867">
			<ele>43.5</ele>
			<time>2026-05-22T00:26:54Z</time>
		</trkpt>
		<trkpt lat="59.4574917" lon="24.8110717">
			<ele>45.3</ele>
			<time>2026-05-22T00:26:55Z</time>
		</trkpt>
		<trkpt lat="59.4573833" lon="24.8109633">
			<ele>46.7</ele>
			<time>2026-05-22T00:26:56Z</time>
		</trkpt>
		<trkpt lat="59.4572783" lon="24.8108633">
			<ele>47.8</ele>
			<time>2026-05-22T00:26:57Z</time>
		</trkpt>
		<trkpt lat="59.457175" lon="24.8107683">
			<ele>49</ele>
			<time>2026-05-22T00:26:58Z</time>
		</trkpt>
		<trkpt lat="59.457065" lon="24.810685">
			<ele>49.5</ele>
			<time>2026-05-22T00:26:59Z</time>
		</trkpt>
		<trkpt lat="59.4569517" lon="24.8106067">
			<ele>49.9</ele>
			<time>2026-05-22T00:27:00Z</time>
		</trkpt>
		<trkpt lat="59.4568317" lon="24.810535">
			<ele>49.9</ele>
			<time>2026-05-22T00:27:01Z</time>
		</trkpt>
		<trkpt lat="59.45671" lon="24.8104667">
			<ele>49.5</ele>
			<time>2026-05-22T00:27:02Z</time>
		</trkpt>
		<trkpt lat="59.4565917" lon="24.8103883">
			<ele>49.5</ele>
			<time>2026-05-22T00:27:03Z</time>
		</trkpt>
		<trkpt lat="59.4564783" lon="24.8103">
			<ele>49.5</ele>
			<time>2026-05-22T00:27:04Z</time>
		</trkpt>
		<trkpt lat="59.4563717" lon="24.8102">
			<ele>50.4</ele>
			<time>2026-05-22T00:27:05Z</time>
		</trkpt>
		<trkpt lat="59.456265" lon="24.8100933">
			<ele>50.4</ele>
			<time>2026-05-22T00:27:06Z</time>
		</trkpt>
		<trkpt lat="59.456155" lon="24.8099967">
			<ele>50.3</ele>
			<time>2026-05-22T00:27:07Z</time>
		</trkpt>
		<trkpt lat="59.4560433" lon="24.8099">
			<ele>49.9</ele>
			<time>2026-05-22T00:27:08Z</time>
		</trkpt>
		<trkpt lat="59.4559417" lon="24.8097767">
			<ele>48.8</ele>
			<time>2026-05-22T00:27:09Z</time>
		</trkpt>
		<trkpt lat="59.4558617" lon="24.8096">
			<ele>47</ele>
			<time>2026-05-22T00:27:10Z</time>
		</trkpt>
		<trkpt lat="59.4557983" lon="24.8093817">
			<ele>44.8</ele>
			<time>2026-05-22T00:27:11Z</time>
		</trkpt>
		<trkpt lat="59.4557367" lon="24.8091633">
			<ele>44.2</ele>
			<time>2026-05-22T00:27:12Z</time>
		</trkpt>
		<trkpt lat="59.455645" lon="24.8089883">
			<ele>41.6</ele>
			<time>2026-05-22T00:27:13Z</time>
		</trkpt>
		<trkpt lat="59.455525" lon="24.8088783">
			<ele>39.1</ele>
			<time>2026-05-22T00:27:14Z</time>
		</trkpt>
		<trkpt lat="59.45539" lon="24.8088217">
			<ele>38.9</ele>
			<time>2026-05-22T00:27:15Z</time>
		</trkpt>
		<trkpt lat="59.455255" lon="24.8087717">
			<ele>38.4</ele>
			<time>2026-05-22T00:27:16Z</time>
		</trkpt>
		<trkpt lat="59.4551317" lon="24.8086683">
			<ele>37.7</ele>
			<time>2026-05-22T00:27:17Z</time>
		</trkpt>
		<trkpt lat="59.45504" lon="24.808485">
			<ele>36.6</ele>
			<time>2026-05-22T00:27:18Z</time>
		</trkpt>
		<trkpt lat="59.4549667" lon="24.80826">
			<ele>37.1</ele>
			<time>2026-05-22T00:27:19Z</time>
		</trkpt>
		<trkpt lat="59.4548867" lon="24.8080583">
			<ele>37.1</ele>
			<time>2026-05-22T00:27:20Z</time>
		</trkpt>
		<trkpt lat="59.4547833" lon="24.8079167">
			<ele>37</ele>
			<time>2026-05-22T00:27:21Z</time>
		</trkpt>
		<trkpt lat="59.4546583" lon="24.8078683">
			<ele>37.2</ele>
			<time>2026-05-22T00:27:22Z</time>
		</trkpt>
		<trkpt lat="59.454515" lon="24.8078983">
			<ele>36.8</ele>
			<time>2026-05-22T00:27:23Z</time>
		</trkpt>
		<trkpt lat="59.45437" lon="24.807915">
			<ele>37.5</ele>
			<time>2026-05-22T00:27:24Z</time>
		</trkpt>
		<trkpt lat="59.4542367" lon="24.8078567">
			<ele>37.7</ele>
			<time>2026-05-22T00:27:25Z</time>
		</trkpt>
		<trkpt lat="59.4541217" lon="24.8077233">
			<ele>37.6</ele>
			<time>2026-05-22T00:27:26Z</time>
		</trkpt>
		<trkpt lat="59.4540183" lon="24.8075617">
			<ele>38.9</ele>
			<time>2026-05-22T00:27:27Z</time>
		</trkpt>
		<trkpt lat="59.4539167" lon="24.80742">
			<ele>39.1</ele>
			<time>2026-05-22T00:27:28Z</time>
		</trkpt>
		<trkpt lat="59.4538067" lon="24.8073267">
			<ele>38.1</ele>
			<time>2026-05-22T00:27:29Z</time>
		</trkpt>
		<trkpt lat="59.453685" lon="24.80729">
			<ele>37.5</ele>
			<time>2026-05-22T00:27:30Z</time>
		</trkpt>
		<trkpt lat="59.453555" lon="24.8072867">
			<ele>35.9</ele>
			<time>2026-05-22T00:27:31Z</time>
		</trkpt>
		<trkpt lat="59.4534233" lon="24.807275">
			<ele>34</ele>
			<time>2026-05-22T00:27:32Z</time>
		</trkpt>
		<trkpt lat="59.4532917" lon="24.80723">
			<ele>33.7</ele>
			<time>2026-05-22T00:27:33Z</time>
		</trkpt>
		<trkpt lat="59.4531617" lon="24.8071667">
			<ele>33.8</ele>
			<time>2026-05-22T00:27:34Z</time>
		</trkpt>
		<trkpt lat="59.4530367" lon="24.8070917">
			<ele>33.7</ele>
			<time>2026-05-22T00:27:35Z</time>
		</trkpt>
		<trkpt lat="59.4529133" lon="24.807015">
			<ele>33.4</ele>
			<time>2026-05-22T00:27:36Z</time>
		</trkpt>
		<trkpt lat="59.4527933" lon="24.8069333">
			<ele>33.5</ele>
			<time>2026-05-22T00:27:37Z</time>
		</trkpt>
		<trkpt lat="59.452675" lon="24.8068467">
			<ele>34.2</ele>
			<time>2026-05-22T00:27:38Z</time>
		</trkpt>
		<trkpt lat="59.45256" lon="24.8067567">
			<ele>34.1</ele>
			<time>2026-05-22T00:27:39Z</time>
		</trkpt>
		<trkpt lat="59.4524483" lon="24.806665">
			<ele>33.7</ele>
			<time>2026-05-22T00:27:40Z</time>
		</trkpt>
		<trkpt lat="59.4523333" lon="24.8065733">
			<ele>33.7</ele>
			<time>2026-05-22T00:27:41Z</time>
		</trkpt>
		<trkpt lat="59.45222" lon="24.806475">
			<ele>33.5</ele>
			<time>2026-05-22T00:27:42Z</time>
		</trkpt>
		<trkpt lat="59.4521083" lon="24.80637">
			<ele>33.3</ele>
			<time>2026-05-22T00:27:43Z</time>
		</trkpt>
		<trkpt lat="59.451995" lon="24.8062633">
			<ele>33.3</ele>
			<time>2026-05-22T00:27:44Z</time>
		</trkpt>
		<trkpt lat="59.45188" lon="24.8061617">
			<ele>33.5</ele>
			<time>2026-05-22T00:27:45Z</time>
		</trkpt>
		<trkpt lat="59.45176" lon="24.8060717">
			<ele>34</ele>
			<time>2026-05-22T00:27:46Z</time>
		</trkpt>
		<trkpt lat="59.45164" lon="24.8059867">
			<ele>34.6</ele>
			<time>2026-05-22T00:27:47Z</time>
		</trkpt>
		<trkpt lat="59.45152" lon="24.805905">
			<ele>35.1</ele>
			<time>2026-05-22T00:27:48Z</time>
		</trkpt>
		<trkpt lat="59.4514017" lon="24.8058283">
			<ele>36.3</ele>
			<time>2026-05-22T00:27:49Z</time>
		</trkpt>
		<trkpt lat="59.4512833" lon="24.8057517">
			<ele>37.1</ele>
			<time>2026-05-22T00:27:50Z</time>
		</trkpt>
		<trkpt lat="59.4511683" lon="24.8056633">
			<ele>38</ele>
			<time>2026-05-22T00:27:51Z</time>
		</trkpt>
		<trkpt lat="59.4510533" lon="24.8055633">
			<ele>38.5</ele>
			<time>2026-05-22T00:27:52Z</time>
		</trkpt>
		<trkpt lat="59.4509383" lon="24.80545">
			<ele>40</ele>
			<time>2026-05-22T00:27:53Z</time>
		</trkpt>
		<trkpt lat="59.450825" lon="24.805335">
			<ele>40.9</ele>
			<time>2026-05-22T00:27:54Z</time>
		</trkpt>
		<trkpt lat="59.4507117" lon="24.805225">
			<ele>42.2</ele>
			<time>2026-05-22T00:27:55Z</time>
		</trkpt>
		<trkpt lat="59.450595" lon="24.8051233">
			<ele>42.9</ele>
			<time>2026-05-22T00:27:56Z</time>
		</trkpt>
		<trkpt lat="59.450475" lon="24.80503">
			<ele>43.8</ele>
			<time>2026-05-22T00:27:57Z</time>
		</trkpt>
		<trkpt lat="59.4503583" lon="24.8049467">
			<ele>44</ele>
			<time>2026-05-22T00:27:58Z</time>
		</trkpt>
		<trkpt lat="59.4502483" lon="24.804855">
			<ele>44.3</ele>
			<time>2026-05-22T00:27:59Z</time>
		</trkpt>
		<trkpt lat="59.450145" lon="24.8047467">
			<ele>43.5</ele>
			<time>2026-05-22T00:28:00Z</time>
		</trkpt>
		<trkpt lat="59.450045" lon="24.804615">
			<ele>42.5</ele>
			<time>2026-05-22T00:28:01Z</time>
		</trkpt>
		<trkpt lat="59.44995" lon="24.8044567">
			<ele>43.1</ele>
			<time>2026-05-22T00:28:02Z</time>
		</trkpt>
		<trkpt lat="59.4498617" lon="24.8042833">
			<ele>44</ele>
			<time>2026-05-22T00:28:03Z</time>
		</trkpt>
		<trkpt lat="59.4497717" lon="24.8041117">
			<ele>45</ele>
			<time>2026-05-22T00:28:04Z</time>
		</trkpt>
		<trkpt lat="59.4496783" lon="24.803955">
			<ele>45.8</ele>
			<time>2026-05-22T00:28:05Z</time>
		</trkpt>
		<trkpt lat="59.4495783" lon="24.8038133">
			<ele>46.7</ele>
			<time>2026-05-22T00:28:06Z</time>
		</trkpt>
		<trkpt lat="59.44948" lon="24.80368">
			<ele>48.2</ele>
			<time>2026-05-22T00:28:07Z</time>
		</trkpt>
		<trkpt lat="59.4493833" lon="24.8035483">
			<ele>49.4</ele>
			<time>2026-05-22T00:28:08Z</time>
		</trkpt>
		<trkpt lat="59.4492867" lon="24.8034017">
			<ele>49.4</ele>
			<time>2026-05-22T00:28:09Z</time>
		</trkpt>
		<trkpt lat="59.4491967" lon="24.80324">
			<ele>49.4</ele>
			<time>2026-05-22T00:28:10Z</time>
		</trkpt>
		<trkpt lat="59.44911" lon="24.803065">
			<ele>48.7</ele>
			<time>2026-05-22T00:28:11Z</time>
		</trkpt>
		<trkpt lat="59.449025" lon="24.8028883">
			<ele>49.5</ele>
			<time>2026-05-22T00:28:12Z</time>
		</trkpt>
		<trkpt lat="59.4489383" lon="24.8027233">
			<ele>50.3</ele>
			<time>2026-05-22T00:28:13Z</time>
		</trkpt>
		<trkpt lat="59.4488533" lon="24.8025733">
			<ele>50.5</ele>
			<time>2026-05-22T00:28:14Z</time>
		</trkpt>
		<trkpt lat="59.4487617" lon="24.80244">
			<ele>50.9</ele>
			<time>2026-05-22T00:28:15Z</time>
		</trkpt>
		<trkpt lat="59.4486667" lon="24.8023167">
			<ele>50.7</ele>
			<time>2026-05-22T00:28:16Z</time>
		</trkpt>
		<trkpt lat="59.4485683" lon="24.8021883">
			<ele>49.9</ele>
			<time>2026-05-22T00:28:17Z</time>
		</trkpt>
		<trkpt lat="59.4484683" lon="24.8020517">
			<ele>48.8</ele>
			<time>2026-05-22T00:28:18Z</time>
		</trkpt>
		<trkpt lat="59.4483633" lon="24.8019133">
			<ele>47.1</ele>
			<time>2026-05-22T00:28:19Z</time>
		</trkpt>
		<trkpt lat="59.4482517" lon="24.8017767">
			<ele>45.6</ele>
			<time>2026-05-22T00:28:20Z</time>
		</trkpt>
		<trkpt lat="59.44814" lon="24.8016467">
			<ele>44.1</ele>
			<time>2026-05-22T00:28:21Z</time>
		</trkpt>
		<trkpt lat="59.4480283" lon="24.8015167">
			<ele>43.7</ele>
			<time>2026-05-22T00:28:22Z</time>
		</trkpt>
		<trkpt lat="59.447925" lon="24.801375">
			<ele>43.3</ele>
			<time>2026-05-22T00:28:23Z</time>
		</trkpt>
		<trkpt lat="59.447835" lon="24.8012183">
			<ele>42.7</ele>
			<time>2026-05-22T00:28:24Z</time>
		</trkpt>
		<trkpt lat="59.44776" lon="24.8010367">
			<ele>41.9</ele>
			<time>2026-05-22T00:28:25Z</time>
		</trkpt>
		<trkpt lat="59.4476917" lon="24.8008367">
			<ele>41.8</ele>
			<time>2026-05-22T00:28:26Z</time>
		</trkpt>
		<trkpt lat="59.4476217" lon="24.8006383">
			<ele>42.1</ele>
			<time>2026-05-22T00:28:27Z</time>
		</trkpt>
		<trkpt lat="59.4475383" lon="24.8004583">
			<ele>41.6</ele>
			<time>2026-05-22T00:28:28Z</time>
		</trkpt>
		<trkpt lat="59.4474333" lon="24.80031">
			<ele>40.8</ele>
			<time>2026-05-22T00:28:29Z</time>
		</trkpt>
		<trkpt lat="59.4473183" lon="24.8001867">
			<ele>39.6</ele>
			<time>2026-05-22T00:28:30Z</time>
		</trkpt>
		<trkpt lat="59.447205" lon="24.800055">
			<ele>38.8</ele>
			<time>2026-05-22T00:28:31Z</time>
		</trkpt>
		<trkpt lat="59.4471167" lon="24.7998833">
			<ele>37.3</ele>
			<time>2026-05-22T00:28:32Z</time>
		</trkpt>
		<trkpt lat="59.4470583" lon="24.7996633">
			<ele>35.4</ele>
			<time>2026-05-22T00:28:33Z</time>
		</trkpt>
		<trkpt lat="59.4470167" lon="24.79942">
			<ele>34.6</ele>
			<time>2026-05-22T00:28:34Z</time>
		</trkpt>
		<trkpt lat="59.4469733" lon="24.799185">
			<ele>35.2</ele>
			<time>2026-05-22T00:28:35Z</time>
		</trkpt>
		<trkpt lat="59.4469117" lon="24.7989717">
			<ele>35.1</ele>
			<time>2026-05-22T00:28:36Z</time>
		</trkpt>
		<trkpt lat="59.44684" lon="24.79877">
			<ele>35.6</ele>
			<time>2026-05-22T00:28:37Z</time>
		</trkpt>
		<trkpt lat="59.4467533" lon="24.7985867">
			<ele>35.8</ele>
			<time>2026-05-22T00:28:38Z</time>
		</trkpt>
		<trkpt lat="59.446655" lon="24.798415">
			<ele>36</ele>
			<time>2026-05-22T00:28:39Z</time>
		</trkpt>
		<trkpt lat="59.44655" lon="24.7982717">
			<ele>36.4</ele>
			<time>2026-05-22T00:28:40Z</time>
		</trkpt>
		<trkpt lat="59.4464417" lon="24.79816">
			<ele>35.3</ele>
			<time>2026-05-22T00:28:41Z</time>
		</trkpt>
		<trkpt lat="59.446335" lon="24.798055">
			<ele>35.3</ele>
			<time>2026-05-22T00:28:42Z</time>
		</trkpt>
		<trkpt lat="59.4462317" lon="24.797945">
			<ele>34.4</ele>
			<time>2026-05-22T00:28:43Z</time>
		</trkpt>
		<trkpt lat="59.4461283" lon="24.7978233">
			<ele>33.5</ele>
			<time>2026-05-22T00:28:44Z</time>
		</trkpt>
		<trkpt lat="59.4460283" lon="24.79769">
			<ele>32</ele>
			<time>2026-05-22T00:28:45Z</time>
		</trkpt>
		<trkpt lat="59.44593" lon="24.7975267">
			<ele>31.2</ele>
			<time>2026-05-22T00:28:46Z</time>
		</trkpt>
		<trkpt lat="59.445835" lon="24.79735">
			<ele>31</ele>
			<time>2026-05-22T00:28:47Z</time>
		</trkpt>
		<trkpt lat="59.4457433" lon="24.7971733">
			<ele>31.3</ele>
			<time>2026-05-22T00:28:48Z</time>
		</trkpt>
		<trkpt lat="59.4456517" lon="24.7969983">
			<ele>31.8</ele>
			<time>2026-05-22T00:28:49Z</time>
		</trkpt>
		<trkpt lat="59.4455667" lon="24.796825">
			<ele>32.5</ele>
			<time>2026-05-22T00:28:50Z</time>
		</trkpt>
		<trkpt lat="59.44549" lon="24.7966483">
			<ele>33.2</ele>
			<time>2026-05-22T00:28:51Z</time>
		</trkpt>
		<trkpt lat="59.4454267" lon="24.796455">
			<ele>33.5</ele>
			<time>2026-05-22T00:28:52Z</time>
		</trkpt>
		<trkpt lat="59.4453767" lon="24.7962383">
			<ele>33.4</ele>
			<time>2026-05-22T00:28:53Z</time>
		</trkpt>
		<trkpt lat="59.44534" lon="24.7960033">
			<ele>33.5</ele>
			<time>2026-05-22T00:28:54Z</time>
		</trkpt>
		<trkpt lat="59.4453033" lon="24.7957633">
			<ele>34.2</ele>
			<time>2026-05-22T00:28:55Z</time>
		</trkpt>
		<trkpt lat="59.445245" lon="24.7955433">
			<ele>34.9</ele>
			<time>2026-05-22T00:28:56Z</time>
		</trkpt>
		<trkpt lat="59.4451583" lon="24.79536">
			<ele>35.3</ele>
			<time>2026-05-22T00:28:57Z</time>
		</trkpt>
		<trkpt lat="59.4450433" lon="24.7952283">
			<ele>35.2</ele>
			<time>2026-05-22T00:28:58Z</time>
		</trkpt>
		<trkpt lat="59.44492" lon="24.7951133">
			<ele>35.3</ele>
			<time>2026-05-22T00:28:59Z</time>
		</trkpt>
		<trkpt lat="59.444815" lon="24.7949683">
			<ele>35.7</ele>
			<time>2026-05-22T00:29:00Z</time>
		</trkpt>
		<trkpt lat="59.4447467" lon="24.7947567">
			<ele>35.5</ele>
			<time>2026-05-22T00:29:01Z</time>
		</trkpt>
		<trkpt lat="59.44473" lon="24.7944967">
			<ele>34.4</ele>
			<time>2026-05-22T00:29:02Z</time>
		</trkpt>
		<trkpt lat="59.444755" lon="24.7942317">
			<ele>33.9</ele>
			<time>2026-05-22T00:29:03Z</time>
		</trkpt>
		<trkpt lat="59.4447933" lon="24.793965">
			<ele>33.6</ele>
			<time>2026-05-22T00:29:04Z</time>
		</trkpt>
		<trkpt lat="59.444805" lon="24.7937117">
			<ele>34.2</ele>
			<time>2026-05-22T00:29:05Z</time>
		</trkpt>
		<trkpt lat="59.4447667" lon="24.7934867">
			<ele>35.2</ele>
			<time>2026-05-22T00:29:06Z</time>
		</trkpt>
		<trkpt lat="59.4446933" lon="24.7932817">
			<ele>36.2</ele>
			<time>2026-05-22T00:29:07Z</time>
		</trkpt>
		<trkpt lat="59.4446" lon="24.7930967">
			<ele>37.8</ele>
			<time>2026-05-22T00:29:08Z</time>
		</trkpt>
		<trkpt lat="59.4445083" lon="24.7929183">
			<ele>38.9</ele>
			<time>2026-05-22T00:29:09Z</time>
		</trkpt>
		<trkpt lat="59.44443" lon="24.792725">
			<ele>39.9</ele>
			<time>2026-05-22T00:29:10Z</time>
		</trkpt>
		<trkpt lat="59.44438" lon="24.7925033">
			<ele>40.2</ele>
			<time>2026-05-22T00:29:11Z</time>
		</trkpt>
		<trkpt lat="59.4443667" lon="24.792265">
			<ele>38.5</ele>
			<time>2026-05-22T00:29:12Z</time>
		</trkpt>
		<trkpt lat="59.4443817" lon="24.79202">
			<ele>38.6</ele>
			<time>2026-05-22T00:29:13Z</time>
		</trkpt>
		<trkpt lat="59.4443967" lon="24.79178">
			<ele>38.5</ele>
			<time>2026-05-22T00:29:14Z</time>
		</trkpt>
		<trkpt lat="59.4443883" lon="24.79155">
			<ele>38.7</ele>
			<time>2026-05-22T00:29:15Z</time>
		</trkpt>
		<trkpt lat="59.4443317" lon="24.791345">
			<ele>38.9</ele>
			<time>2026-05-22T00:29:16Z</time>
		</trkpt>
		<trkpt lat="59.4442283" lon="24.7911867">
			<ele>37.9</ele>
			<time>2026-05-22T00:29:17Z</time>
		</trkpt>
		<trkpt lat="59.444095" lon="24.7910783">
			<ele>37.6</ele>
			<time>2026-05-22T00:29:18Z</time>
		</trkpt>
		<trkpt lat="59.4439617" lon="24.7909617">
			<ele>37</ele>
			<time>2026-05-22T00:29:19Z</time>
		</trkpt>
		<trkpt lat="59.4438633" lon="24.7907883">
			<ele>35.7</ele>
			<time>2026-05-22T00:29:20Z</time>
		</trkpt>
		<trkpt lat="59.4438217" lon="24.790555">
			<ele>34.3</ele>
			<time>2026-05-22T00:29:21Z</time>
		</trkpt>
		<trkpt lat="59.4438367" lon="24.7903067">
			<ele>33.9</ele>
			<time>2026-05-22T00:29:22Z</time>
		</trkpt>
		<trkpt lat="59.4439167" lon="24.7900833">
			<ele>33.7</ele>
			<time>2026-05-22T00:29:23Z</time>
		</trkpt>
		<trkpt lat="59.44404" lon="24.7899567">
			<ele>32.4</ele>
			<time>2026-05-22T00:29:24Z</time>
		</trkpt>
		<trkpt lat="59.444175" lon="24.789975">
			<ele>30.6</ele>
			<time>2026-05-22T00:29:25Z</time>
		</trkpt>
		<trkpt lat="59.4442983" lon="24.7901683">
			<ele>29.6</ele>
			<time>2026-05-22T00:29:26Z</time>
		</trkpt>
		<trkpt lat="59.4443617" lon="24.790425">
			<ele>29.5</ele>
			<time>2026-05-22T00:29:27Z</time>
		</trkpt>
		<trkpt lat="59.44438" lon="24.7906867">
			<ele>30.8</ele>
			<time>2026-05-22T00:29:28Z</time>
		</trkpt>
		<trkpt lat="59.444375" lon="24.7909267">
			<ele>31.7</ele>
			<time>2026-05-22T00:29:29Z</time>
		</trkpt>
		<trkpt lat="59.4443733" lon="24.79114">
			<ele>32.4</ele>
			<time>2026-05-22T00:29:30Z</time>
		</trkpt>
		<trkpt lat="59.444395" lon="24.7913517">
			<ele>32.6</ele>
			<time>2026-05-22T00:29:31Z</time>
		</trkpt>
		<trkpt lat="59.4444317" lon="24.79156">
			<ele>31.9</ele>
			<time>2026-05-22T00:29:32Z</time>
		</trkpt>
		<trkpt lat="59.4444767" lon="24.7917733">
			<ele>30.6</ele>
			<time>2026-05-22T00:29:33Z</time>
		</trkpt>
		<trkpt lat="59.4445267" lon="24.7920033">
			<ele>29.8</ele>
			<time>2026-05-22T00:29:34Z</time>
		</trkpt>
		<trkpt lat="59.44456" lon="24.79224">
			<ele>29.4</ele>
			<time>2026-05-22T00:29:35Z</time>
		</trkpt>
		<trkpt lat="59.4445683" lon="24.7924867">
			<ele>29.4</ele>
			<time>2026-05-22T00:29:36Z</time>
		</trkpt>
		<trkpt lat="59.4445467" lon="24.7927233">
			<ele>30.8</ele>
			<time>2026-05-22T00:29:37Z</time>
		</trkpt>
		<trkpt lat="59.4444833" lon="24.792935">
			<ele>31.1</ele>
			<time>2026-05-22T00:29:38Z</time>
		</trkpt>
		<trkpt lat="59.4443917" lon="24.793105">
			<ele>32</ele>
			<time>2026-05-22T00:29:39Z</time>
		</trkpt>
		<trkpt lat="59.4442717" lon="24.7931967">
			<ele>32.9</ele>
			<time>2026-05-22T00:29:40Z</time>
		</trkpt>
		<trkpt lat="59.44414" lon="24.7931933">
			<ele>33.5</ele>
			<time>2026-05-22T00:29:41Z</time>
		</trkpt>
		<trkpt lat="59.4440117" lon="24.793075">
			<ele>34.3</ele>
			<time>2026-05-22T00:29:42Z</time>
		</trkpt>
		<trkpt lat="59.4439383" lon="24.792815">
			<ele>34.8</ele>
			<time>2026-05-22T00:29:43Z</time>
		</trkpt>
		<trkpt lat="59.4439117" lon="24.7925217">
			<ele>35.2</ele>
			<time>2026-05-22T00:29:44Z</time>
		</trkpt>
		<trkpt lat="59.4439333" lon="24.792245">
			<ele>35.3</ele>
			<time>2026-05-22T00:29:45Z</time>
		</trkpt>
		<trkpt lat="59.443975" lon="24.7919883">
			<ele>36.6</ele>
			<time>2026-05-22T00:29:46Z</time>
		</trkpt>
		<trkpt lat="59.4440083" lon="24.7917583">
			<ele>38.7</ele>
			<time>2026-05-22T00:29:47Z</time>
		</trkpt>
		<trkpt lat="59.44401" lon="24.7915333">
			<ele>40.5</ele>
			<time>2026-05-22T00:29:48Z</time>
		</trkpt>
		<trkpt lat="59.4439933" lon="24.79132">
			<ele>42.1</ele>
			<time>2026-05-22T00:29:49Z</time>
		</trkpt>
		<trkpt lat="59.443955" lon="24.7911067">
			<ele>43.8</ele>
			<time>2026-05-22T00:29:50Z</time>
		</trkpt>
		<trkpt lat="59.4439033" lon="24.7908967">
			<ele>45.3</ele>
			<time>2026-05-22T00:29:51Z</time>
		</trkpt>
		<trkpt lat="59.4438467" lon="24.79068">
			<ele>47.4</ele>
			<time>2026-05-22T00:29:52Z</time>
		</trkpt>
		<trkpt lat="59.4437833" lon="24.7904667">
			<ele>48.9</ele>
			<time>2026-05-22T00:29:53Z</time>
		</trkpt>
		<trkpt lat="59.443715" lon="24.79026">
			<ele>50.5</ele>
			<time>2026-05-22T00:29:54Z</time>
		</trkpt>
		<trkpt lat="59.443645" lon="24.790055">
			<ele>52.2</ele>
			<time>2026-05-22T00:29:55Z</time>
		</trkpt>
		<trkpt lat="59.44358" lon="24.7898567">
			<ele>54.4</ele>
			<time>2026-05-22T00:29:56Z</time>
		</trkpt>
		<trkpt lat="59.4435267" lon="24.7896583">
			<ele>56.1</ele>
			<time>2026-05-22T00:29:57Z</time>
		</trkpt>
		<trkpt lat="59.4435083" lon="24.7894483">
			<ele>55.6</ele>
			<time>2026-05-22T00:29:58Z</time>
		</trkpt>
		<trkpt lat="59.4435283" lon="24.7892217">
			<ele>55.7</ele>
			<time>2026-05-22T00:29:59Z</time>
		</trkpt>
		<trkpt lat="59.4436017" lon="24.7890117">
			<ele>55.6</ele>
			<time>2026-05-22T00:30:00Z</time>
		</trkpt>
		<trkpt lat="59.443715" lon="24.78884">
			<ele>55.4</ele>
			<time>2026-05-22T00:30:01Z</time>
		</trkpt>
		<trkpt lat="59.4438183" lon="24.7886683">
			<ele>55.7</ele>
			<time>2026-05-22T00:30:02Z</time>
		</trkpt>
		<trkpt lat="59.4438867" lon="24.788475">
			<ele>55.6</ele>
			<time>2026-05-22T00:30:03Z</time>
		</trkpt>
		<trkpt lat="59.4439133" lon="24.78828">
			<ele>56.1</ele>
			<time>2026-05-22T00:30:04Z</time>
		</trkpt>
		<trkpt lat="59.4439133" lon="24.7880817">
			<ele>56.1</ele>
			<time>2026-05-22T00:30:05Z</time>
		</trkpt>
		<trkpt lat="59.4439017" lon="24.787885">
			<ele>56</ele>
			<time>2026-05-22T00:30:06Z</time>
		</trkpt>
		<trkpt lat="59.443885" lon="24.7876817">
			<ele>56.1</ele>
			<time>2026-05-22T00:30:07Z</time>
		</trkpt>
		<trkpt lat="59.4438717" lon="24.7874667">
			<ele>56.4</ele>
			<time>2026-05-22T00:30:08Z</time>
		</trkpt>
		<trkpt lat="59.4438633" lon="24.7872383">
			<ele>57</ele>
			<time>2026-05-22T00:30:09Z</time>
		</trkpt>
		<trkpt lat="59.44386" lon="24.787">
			<ele>56.7</ele>
			<time>2026-05-22T00:30:10Z</time>
		</trkpt>
		<trkpt lat="59.4438617" lon="24.78676">
			<ele>57.2</ele>
			<time>2026-05-22T00:30:11Z</time>
		</trkpt>
		<trkpt lat="59.4438717" lon="24.7865283">
			<ele>57.8</ele>
			<time>2026-05-22T00:30:12Z</time>
		</trkpt>
		<trkpt lat="59.4438933" lon="24.786315">
			<ele>58.5</ele>
			<time>2026-05-22T00:30:13Z</time>
		</trkpt>
		<trkpt lat="59.4439267" lon="24.7861167">
			<ele>59.4</ele>
			<time>2026-05-22T00:30:14Z</time>
		</trkpt>
		<trkpt lat="59.44396" lon="24.7859167">
			<ele>59.5</ele>
			<time>2026-05-22T00:30:15Z</time>
		</trkpt>
		<trkpt lat="59.4439883" lon="24.78571">
			<ele>58.7</ele>
			<time>2026-05-22T00:30:16Z</time>
		</trkpt>
		<trkpt lat="59.4439983" lon="24.7854883">
			<ele>57.2</ele>
			<time>2026-05-22T00:30:17Z</time>
		</trkpt>
		<trkpt lat="59.44399" lon="24.7852633">
			<ele>55.3</ele>
			<time>2026-05-22T00:30:18Z</time>
		</trkpt>
		<trkpt lat="59.4439617" lon="24.7850383">
			<ele>53.9</ele>
			<time>2026-05-22T00:30:19Z</time>
		</trkpt>
		<trkpt lat="59.4439267" lon="24.7848183">
			<ele>52.9</ele>
			<time>2026-05-22T00:30:20Z</time>
		</trkpt>
		<trkpt lat="59.4439" lon="24.7845917">
			<ele>51.3</ele>
			<time>2026-05-22T00:30:21Z</time>
		</trkpt>
		<trkpt lat="59.4439067" lon="24.7843683">
			<ele>50.8</ele>
			<time>2026-05-22T00:30:22Z</time>
		</trkpt>
		<trkpt lat="59.443935" lon="24.784145">
			<ele>50.3</ele>
			<time>2026-05-22T00:30:23Z</time>
		</trkpt>
		<trkpt lat="59.4439533" lon="24.78392">
			<ele>49.7</ele>
			<time>2026-05-22T00:30:24Z</time>
		</trkpt>
		<trkpt lat="59.4439367" lon="24.7837033">
			<ele>50.2</ele>
			<time>2026-05-22T00:30:25Z</time>
		</trkpt>
		<trkpt lat="59.4438833" lon="24.7835">
			<ele>50.9</ele>
			<time>2026-05-22T00:30:26Z</time>
		</trkpt>
		<trkpt lat="59.44379" lon="24.783335">
			<ele>50.7</ele>
			<time>2026-05-22T00:30:27Z</time>
		</trkpt>
		<trkpt lat="59.443665" lon="24.7832267">
			<ele>50.2</ele>
			<time>2026-05-22T00:30:28Z</time>
		</trkpt>
		<trkpt lat="59.4435217" lon="24.783205">
			<ele>50.4</ele>
			<time>2026-05-22T00:30:29Z</time>
		</trkpt>
		<trkpt lat="59.4433833" lon="24.783275">
			<ele>51.3</ele>
			<time>2026-05-22T00:30:30Z</time>
		</trkpt>
		<trkpt lat="59.4432567" lon="24.78342">
			<ele>51.8</ele>
			<time>2026-05-22T00:30:31Z</time>
		</trkpt>
		<trkpt lat="59.443145" lon="24.78358">
			<ele>53.8</ele>
			<time>2026-05-22T00:30:32Z</time>
		</trkpt>
		<trkpt lat="59.4430383" lon="24.78372">
			<ele>54.9</ele>
			<time>2026-05-22T00:30:33Z</time>
		</trkpt>
		<trkpt lat="59.442925" lon="24.7838167">
			<ele>56</ele>
			<time>2026-05-22T00:30:34Z</time>
		</trkpt>
		<trkpt lat="59.4428033" lon="24.783855">
			<ele>56.2</ele>
			<time>2026-05-22T00:30:35Z</time>
		</trkpt>
		<trkpt lat="59.44268" lon="24.7838233">
			<ele>56.3</ele>
			<time>2026-05-22T00:30:36Z</time>
		</trkpt>
		<trkpt lat="59.4425617" lon="24.783705">
			<ele>56.7</ele>
			<time>2026-05-22T00:30:37Z</time>
		</trkpt>
		<trkpt lat="59.44247" lon="24.7835">
			<ele>56</ele>
			<time>2026-05-22T00:30:38Z</time>
		</trkpt>
		<trkpt lat="59.4424283" lon="24.783235">
			<ele>54.8</ele>
			<time>2026-05-22T00:30:39Z</time>
		</trkpt>
		<trkpt lat="59.4424433" lon="24.7829533">
			<ele>55.8</ele>
			<time>2026-05-22T00:30:40Z</time>
		</trkpt>
		<trkpt lat="59.442495" lon="24.7827067">
			<ele>55.3</ele>
			<time>2026-05-22T00:30:41Z</time>
		</trkpt>
		<trkpt lat="59.44255" lon="24.7824883">
			<ele>56.2</ele>
			<time>2026-05-22T00:30:42Z</time>
		</trkpt>
		<trkpt lat="59.44259" lon="24.7822917">
			<ele>56.4</ele>
			<time>2026-05-22T00:30:43Z</time>
		</trkpt>
		<trkpt lat="59.4426067" lon="24.7821017">
			<ele>56.6</ele>
			<time>2026-05-22T00:30:44Z</time>
		</trkpt>
		<trkpt lat="59.4426" lon="24.7819083">
			<ele>55.8</ele>
			<time>2026-05-22T00:30:45Z</time>
		</trkpt>
		<trkpt lat="59.4425683" lon="24.781705">
			<ele>55.4</ele>
			<time>2026-05-22T00:30:46Z</time>
		</trkpt>
		<trkpt lat="59.4425133" lon="24.7814967">
			<ele>56.2</ele>
			<time>2026-05-22T00:30:47Z</time>
		</trkpt>
		<trkpt lat="59.4424317" lon="24.7813033">
			<ele>56.4</ele>
			<time>2026-05-22T00:30:48Z</time>
		</trkpt>
		<trkpt lat="59.4423233" lon="24.78114">
			<ele>56.4</ele>
			<time>2026-05-22T00:30:49Z</time>
		</trkpt>
		<trkpt lat="59.442195" lon="24.7810333">
			<ele>56.3</ele>
			<time>2026-05-22T00:30:50Z</time>
		</trkpt>
		<trkpt lat="59.4420667" lon="24.7809617">
			<ele>55.8</ele>
			<time>2026-05-22T00:30:51Z</time>
		</trkpt>
		<trkpt lat="59.44195" lon="24.7808717">
			<ele>56.8</ele>
			<time>2026-05-22T00:30:52Z</time>
		</trkpt>
		<trkpt lat="59.4418567" lon="24.780725">
			<ele>55.6</ele>
			<time>2026-05-22T00:30:53Z</time>
		</trkpt>
		<trkpt lat="59.441815" lon="24.7805017">
			<ele>54.7</ele>
			<time>2026-05-22T00:30:54Z</time>
		</trkpt>
		<trkpt lat="59.4418483" lon="24.78025">
			<ele>54</ele>
			<time>2026-05-22T00:30:55Z</time>
		</trkpt>
		<trkpt lat="59.4419517" lon="24.7800283">
			<ele>52.1</ele>
			<time>2026-05-22T00:30:56Z</time>
		</trkpt>
		<trkpt lat="59.4420867" lon="24.7798717">
			<ele>51.7</ele>
			<time>2026-05-22T00:30:57Z</time>
		</trkpt>
		<trkpt lat="59.4421967" lon="24.779745">
			<ele>52.8</ele>
			<time>2026-05-22T00:30:58Z</time>
		</trkpt>
		<trkpt lat="59.4422517" lon="24.7795817">
			<ele>53.2</ele>
			<time>2026-05-22T00:30:59Z</time>
		</trkpt>
		<trkpt lat="59.442255" lon="24.7793717">
			<ele>53.5</ele>
			<time>2026-05-22T00:31:00Z</time>
		</trkpt>
		<trkpt lat="59.4422183" lon="24.7791483">
			<ele>54.7</ele>
			<time>2026-05-22T00:31:01Z</time>
		</trkpt>
		<trkpt lat="59.4421333" lon="24.7789433">
			<ele>55.1</ele>
			<time>2026-05-22T00:31:02Z</time>
		</trkpt>
		<trkpt lat="59.44202" lon="24.7787833">
			<ele>56.2</ele>
			<time>2026-05-22T00:31:03Z</time>
		</trkpt>
		<trkpt lat="59.4419" lon="24.7786717">
			<ele>57.6</ele>
			<time>2026-05-22T00:31:04Z</time>
		</trkpt>
		<trkpt lat="59.4417833" lon="24.7785917">
			<ele>57.9</ele>
			<time>2026-05-22T00:31:05Z</time>
		</trkpt>
		<trkpt lat="59.44168" lon="24.7785033">
			<ele>59.3</ele>
			<time>2026-05-22T00:31:06Z</time>
		</trkpt>
		<trkpt lat="59.44159" lon="24.77837">
			<ele>58.7</ele>
			<time>2026-05-22T00:31:07Z</time>
		</trkpt>
		<trkpt lat="59.4415267" lon="24.7781667">
			<ele>58.3</ele>
			<time>2026-05-22T00:31:08Z</time>
		</trkpt>
		<trkpt lat="59.4415183" lon="24.777895">
			<ele>58.6</ele>
			<time>2026-05-22T00:31:09Z</time>
		</trkpt>
		<trkpt lat="59.4415733" lon="24.7776183">
			<ele>59</ele>
			<time>2026-05-22T00:31:10Z</time>
		</trkpt>
		<trkpt lat="59.441705" lon="24.7774433">
			<ele>58.2</ele>
			<time>2026-05-22T00:31:11Z</time>
		</trkpt>
		<trkpt lat="59.4418717" lon="24.7774267">
			<ele>56.1</ele>
			<time>2026-05-22T00:31:12Z</time>
		</trkpt>
		<trkpt lat="59.4419967" lon="24.7775767">
			<ele>51.5</ele>
			<time>2026-05-22T00:31:13Z</time>
		</trkpt>
		<trkpt lat="59.442065" lon="24.77785">
			<ele>49.9</ele>
			<time>2026-05-22T00:31:14Z</time>
		</trkpt>
		<trkpt lat="59.4420683" lon="24.778145">
			<ele>49</ele>
			<time>2026-05-22T00:31:15Z</time>
		</trkpt>
		<trkpt lat="59.4420117" lon="24.7784217">
			<ele>49.5</ele>
			<time>2026-05-22T00:31:16Z</time>
		</trkpt>
		<trkpt lat="59.4419367" lon="24.778635">
			<ele>51.4</ele>
			<time>2026-05-22T00:31:17Z</time>
		</trkpt>
		<trkpt lat="59.44186" lon="24.7788317">
			<ele>51.5</ele>
			<time>2026-05-22T00:31:18Z</time>
		</trkpt>
		<trkpt lat="59.4418" lon="24.7790133">
			<ele>52.3</ele>
			<time>2026-05-22T00:31:19Z</time>
		</trkpt>
		<trkpt lat="59.44175" lon="24.7791917">
			<ele>52</ele>
			<time>2026-05-22T00:31:20Z</time>
		</trkpt>
		<trkpt lat="59.44171" lon="24.7793867">
			<ele>50.9</ele>
			<time>2026-05-22T00:31:21Z</time>
		</trkpt>
		<trkpt lat="59.4416833" lon="24.7796033">
			<ele>48.8</ele>
			<time>2026-05-22T00:31:22Z</time>
		</trkpt>
		<trkpt lat="59.44167" lon="24.779845">
			<ele>45.2</ele>
			<time>2026-05-22T00:31:23Z</time>
		</trkpt>
		<trkpt lat="59.44169" lon="24.7800817">
			<ele>43.8</ele>
			<time>2026-05-22T00:31:24Z</time>
		</trkpt>
		<trkpt lat="59.441755" lon="24.7802883">
			<ele>44.3</ele>
			<time>2026-05-22T00:31:25Z</time>
		</trkpt>
		<trkpt lat="59.4418517" lon="24.78044">
			<ele>44.5</ele>
			<time>2026-05-22T00:31:26Z</time>
		</trkpt>
		<trkpt lat="59.4419783" lon="24.7805083">
			<ele>46.9</ele>
			<time>2026-05-22T00:31:27Z</time>
		</trkpt>
		<trkpt lat="59.4421067" lon="24.780525">
			<ele>50</ele>
			<time>2026-05-22T00:31:28Z</time>
		</trkpt>
		<trkpt lat="59.442225" lon="24.78051">
			<ele>52.5</ele>
			<time>2026-05-22T00:31:29Z</time>
		</trkpt>
		<trkpt lat="59.4423333" lon="24.7805">
			<ele>54.9</ele>
			<time>2026-05-22T00:31:30Z</time>
		</trkpt>
		<trkpt lat="59.4424317" lon="24.7805283">
			<ele>55.5</ele>
			<time>2026-05-22T00:31:31Z</time>
		</trkpt>
		<trkpt lat="59.4425217" lon="24.780635">
			<ele>54.4</ele>
			<time>2026-05-22T00:31:32Z</time>
		</trkpt>
		<trkpt lat="59.4425917" lon="24.7808133">
			<ele>52.3</ele>
			<time>2026-05-22T00:31:33Z</time>
		</trkpt>
		<trkpt lat="59.442625" lon="24.781075">
			<ele>49.7</ele>
			<time>2026-05-22T00:31:34Z</time>
		</trkpt>
		<trkpt lat="59.4426083" lon="24.7813683">
			<ele>48.2</ele>
			<time>2026-05-22T00:31:35Z</time>
		</trkpt>
		<trkpt lat="59.4425767" lon="24.78165">
			<ele>46.1</ele>
			<time>2026-05-22T00:31:36Z</time>
		</trkpt>
		<trkpt lat="59.4425467" lon="24.781895">
			<ele>47.2</ele>
			<time>2026-05-22T00:31:37Z</time>
		</trkpt>
		<trkpt lat="59.4425183" lon="24.7821033">
			<ele>48.1</ele>
			<time>2026-05-22T00:31:38Z</time>
		</trkpt>
		<trkpt lat="59.4424983" lon="24.7822983">
			<ele>48.2</ele>
			<time>2026-05-22T00:31:39Z</time>
		</trkpt>
		<trkpt lat="59.4424983" lon="24.7824867">
			<ele>47.1</ele>
			<time>2026-05-22T00:31:40Z</time>
		</trkpt>
		<trkpt lat="59.4425267" lon="24.78268">
			<ele>44.8</ele>
			<time>2026-05-22T00:31:41Z</time>
		</trkpt>
		<trkpt lat="59.4425883" lon="24.7828783">
			<ele>43</ele>
			<time>2026-05-22T00:31:42Z</time>
		</trkpt>
		<trkpt lat="59.4426517" lon="24.7830867">
			<ele>40.5</ele>
			<time>2026-05-22T00:31:43Z</time>
		</trkpt>
		<trkpt lat="59.4427117" lon="24.7832917">
			<ele>40.7</ele>
			<time>2026-05-22T00:31:44Z</time>
		</trkpt>
		<trkpt lat="59.4427617" lon="24.7834867">
			<ele>40.8</ele>
			<time>2026-05-22T00:31:45Z</time>
		</trkpt>
		<trkpt lat="59.44281" lon="24.7836583">
			<ele>39.7</ele>
			<time>2026-05-22T00:31:46Z</time>
		</trkpt>
		<trkpt lat="59.44288" lon="24.7837917">
			<ele>38</ele>
			<time>2026-05-22T00:31:47Z</time>
		</trkpt>
		<trkpt lat="59.442975" lon="24.78389">
			<ele>37</ele>
			<time>2026-05-22T00:31:48Z</time>
		</trkpt>
		<trkpt lat="59.4430933" lon="24.7839517">
			<ele>36.8</ele>
			<time>2026-05-22T00:31:49Z</time>
		</trkpt>
		<trkpt lat="59.443225" lon="24.783965">
			<ele>38.4</ele>
			<time>2026-05-22T00:31:50Z</time>
		</trkpt>
		<trkpt lat="59.4433567" lon="24.7839467">
			<ele>40.2</ele>
			<time>2026-05-22T00:31:51Z</time>
		</trkpt>
		<trkpt lat="59.44348" lon="24.783935">
			<ele>42.2</ele>
			<time>2026-05-22T00:31:52Z</time>
		</trkpt>
		<trkpt lat="59.4435883" lon="24.7839683">
			<ele>42.7</ele>
			<time>2026-05-22T00:31:53Z</time>
		</trkpt>
		<trkpt lat="59.4436883" lon="24.7840633">
			<ele>42.3</ele>
			<time>2026-05-22T00:31:54Z</time>
		</trkpt>
		<trkpt lat="59.4437717" lon="24.784225">
			<ele>41</ele>
			<time>2026-05-22T00:31:55Z</time>
		</trkpt>
		<trkpt lat="59.4438233" lon="24.7844517">
			<ele>39.9</ele>
			<time>2026-05-22T00:31:56Z</time>
		</trkpt>
		<trkpt lat="59.4438317" lon="24.784735">
			<ele>38.7</ele>
			<time>2026-05-22T00:31:57Z</time>
		</trkpt>
		<trkpt lat="59.44384" lon="24.7850017">
			<ele>36.4</ele>
			<time>2026-05-22T00:31:58Z</time>
		</trkpt>
		<trkpt lat="59.4438917" lon="24.78521">
			<ele>33.2</ele>
			<time>2026-05-22T00:31:59Z</time>
		</trkpt>
		<trkpt lat="59.443995" lon="24.7853433">
			<ele>31.8</ele>
			<time>2026-05-22T00:32:00Z</time>
		</trkpt>
		<trkpt lat="59.444095" lon="24.7854617">
			<ele>30.8</ele>
			<time>2026-05-22T00:32:01Z</time>
		</trkpt>
		<trkpt lat="59.44418" lon="24.7856267">
			<ele>29.8</ele>
			<time>2026-05-22T00:32:02Z</time>
		</trkpt>
		<trkpt lat="59.444225" lon="24.7858367">
			<ele>28.8</ele>
			<time>2026-05-22T00:32:03Z</time>
		</trkpt>
		<trkpt lat="59.4441983" lon="24.786105">
			<ele>28.2</ele>
			<time>2026-05-22T00:32:04Z</time>
		</trkpt>
		<trkpt lat="59.44407" lon="24.78634">
			<ele>28.5</ele>
			<time>2026-05-22T00:32:05Z</time>
		</trkpt>
		<trkpt lat="59.4439433" lon="24.7865333">
			<ele>31</ele>
			<time>2026-05-22T00:32:06Z</time>
		</trkpt>
		<trkpt lat="59.44386" lon="24.7867283">
			<ele>32.2</ele>
			<time>2026-05-22T00:32:07Z</time>
		</trkpt>
		<trkpt lat="59.4438233" lon="24.7869433">
			<ele>32.3</ele>
			<time>2026-05-22T00:32:08Z</time>
		</trkpt>
		<trkpt lat="59.4438567" lon="24.7871433">
			<ele>31.2</ele>
			<time>2026-05-22T00:32:09Z</time>
		</trkpt>
		<trkpt lat="59.44392" lon="24.787365">
			<ele>31.2</ele>
			<time>2026-05-22T00:32:10Z</time>
		</trkpt>
		<trkpt lat="59.443965" lon="24.787615">
			<ele>30.5</ele>
			<time>2026-05-22T00:32:11Z</time>
		</trkpt>
		<trkpt lat="59.4439567" lon="24.787875">
			<ele>30.1</ele>
			<time>2026-05-22T00:32:12Z</time>
		</trkpt>
		<trkpt lat="59.4439017" lon="24.788105">
			<ele>31.3</ele>
			<time>2026-05-22T00:32:13Z</time>
		</trkpt>
		<trkpt lat="59.4438183" lon="24.7883017">
			<ele>32.5</ele>
			<time>2026-05-22T00:32:14Z</time>
		</trkpt>
		<trkpt lat="59.4437417" lon="24.7884983">
			<ele>33.3</ele>
			<time>2026-05-22T00:32:15Z</time>
		</trkpt>
		<trkpt lat="59.44369" lon="24.78871">
			<ele>34</ele>
			<time>2026-05-22T00:32:16Z</time>
		</trkpt>
		<trkpt lat="59.4436633" lon="24.78893">
			<ele>33.1</ele>
			<time>2026-05-22T00:32:17Z</time>
		</trkpt>
		<trkpt lat="59.443665" lon="24.78915">
			<ele>32</ele>
			<time>2026-05-22T00:32:18Z</time>
		</trkpt>
		<trkpt lat="59.4436783" lon="24.7893733">
			<ele>30.5</ele>
			<time>2026-05-22T00:32:19Z</time>
		</trkpt>
		<trkpt lat="59.4436867" lon="24.7896">
			<ele>29.6</ele>
			<time>2026-05-22T00:32:20Z</time>
		</trkpt>
		<trkpt lat="59.443685" lon="24.78983">
			<ele>29.4</ele>
			<time>2026-05-22T00:32:21Z</time>
		</trkpt>
		<trkpt lat="59.4436783" lon="24.79006">
			<ele>28.1</ele>
			<time>2026-05-22T00:32:22Z</time>
		</trkpt>
		<trkpt lat="59.4436817" lon="24.79028">
			<ele>27.1</ele>
			<time>2026-05-22T00:32:23Z</time>
		</trkpt>
		<trkpt lat="59.4437017" lon="24.7904983">
			<ele>24.7</ele>
			<time>2026-05-22T00:32:24Z</time>
		</trkpt>
		<trkpt lat="59.4437517" lon="24.7907017">
			<ele>23.3</ele>
			<time>2026-05-22T00:32:25Z</time>
		</trkpt>
		<trkpt lat="59.4438167" lon="24.7908933">
			<ele>22.1</ele>
			<time>2026-05-22T00:32:26Z</time>
		</trkpt>
		<trkpt lat="59.4438833" lon="24.7910833">
			<ele>21.3</ele>
			<time>2026-05-22T00:32:27Z</time>
		</trkpt>
		<trkpt lat="59.44394" lon="24.79128">
			<ele>20.6</ele>
			<time>2026-05-22T00:32:28Z</time>
		</trkpt>
		<trkpt lat="59.443985" lon="24.7914817">
			<ele>20.5</ele>
			<time>2026-05-22T00:32:29Z</time>
		</trkpt>
		<trkpt lat="59.4440283" lon="24.7916883">
			<ele>20.7</ele>
			<time>2026-05-22T00:32:30Z</time>
		</trkpt>
		<trkpt lat="59.44407" lon="24.7918817">
			<ele>20.8</ele>
			<time>2026-05-22T00:32:31Z</time>
		</trkpt>
		<trkpt lat="59.4441217" lon="24.7920583">
			<ele>21.4</ele>
			<time>2026-05-22T00:32:32Z</time>
		</trkpt>
		<trkpt lat="59.4441917" lon="24.7922033">
			<ele>22.1</ele>
			<time>2026-05-22T00:32:33Z</time>
		</trkpt>
		<trkpt lat="59.4442883" lon="24.7923133">
			<ele>23.7</ele>
			<time>2026-05-22T00:32:34Z</time>
		</trkpt>
		<trkpt lat="59.44439" lon="24.7924167">
			<ele>24.4</ele>
			<time>2026-05-22T00:32:35Z</time>
		</trkpt>
		<trkpt lat="59.4444817" lon="24.7925533">
			<ele>25.2</ele>
			<time>2026-05-22T00:32:36Z</time>
		</trkpt>
		<trkpt lat="59.444525" lon="24.7927767">
			<ele>25.2</ele>
			<time>2026-05-22T00:32:37Z</time>
		</trkpt>
		<trkpt lat="59.4444917" lon="24.7930567">
			<ele>25.5</ele>
			<time>2026-05-22T00:32:38Z</time>
		</trkpt>
		<trkpt lat="59.4443967" lon="24.7932967">
			<ele>26.3</ele>
			<time>2026-05-22T00:32:39Z</time>
		</trkpt>
		<trkpt lat="59.4442683" lon="24.7934617">
			<ele>28.1</ele>
			<time>2026-05-22T00:32:40Z</time>
		</trkpt>
		<trkpt lat="59.444145" lon="24.793535">
			<ele>32.6</ele>
			<time>2026-05-22T00:32:41Z</time>
		</trkpt>
		<trkpt lat="59.4440283" lon="24.7935433">
			<ele>37.2</ele>
			<time>2026-05-22T00:32:42Z</time>
		</trkpt>
		<trkpt lat="59.44393" lon="24.7935617">
			<ele>39.9</ele>
			<time>2026-05-22T00:32:43Z</time>
		</trkpt>
		<trkpt lat="59.44384" lon="24.7936333">
			<ele>41.6</ele>
			<time>2026-05-22T00:32:44Z</time>
		</trkpt>
		<trkpt lat="59.44376" lon="24.7937667">
			<ele>42.2</ele>
			<time>2026-05-22T00:32:45Z</time>
		</trkpt>
		<trkpt lat="59.4436867" lon="24.7939683">
			<ele>42.7</ele>
			<time>2026-05-22T00:32:46Z</time>
		</trkpt>
		<trkpt lat="59.44361" lon="24.7941817">
			<ele>43.9</ele>
			<time>2026-05-22T00:32:47Z</time>
		</trkpt>
		<trkpt lat="59.4435217" lon="24.794365">
			<ele>45.6</ele>
			<time>2026-05-22T00:32:48Z</time>
		</trkpt>
		<trkpt lat="59.443415" lon="24.7944717">
			<ele>47</ele>
			<time>2026-05-22T00:32:49Z</time>
		</trkpt>
		<trkpt lat="59.4432917" lon="24.7944733">
			<ele>48</ele>
			<time>2026-05-22T00:32:50Z</time>
		</trkpt>
		<trkpt lat="59.4431683" lon="24.7943733">
			<ele>49.4</ele>
			<time>2026-05-22T00:32:51Z</time>
		</trkpt>
		<trkpt lat="59.4430717" lon="24.794185">
			<ele>50.7</ele>
			<time>2026-05-22T00:32:52Z</time>
		</trkpt>
		<trkpt lat="59.4430117" lon="24.7939483">
			<ele>52.1</ele>
			<time>2026-05-22T00:32:53Z</time>
		</trkpt>
		<trkpt lat="59.442995" lon="24.7936933">
			<ele>51.6</ele>
			<time>2026-05-22T00:32:54Z</time>
		</trkpt>
		<trkpt lat="59.4430317" lon="24.7934483">
			<ele>52.7</ele>
			<time>2026-05-22T00:32:55Z</time>
		</trkpt>
		<trkpt lat="59.44312" lon="24.7932467">
			<ele>53.3</ele>
			<time>2026-05-22T00:32:56Z</time>
		</trkpt>
		<trkpt lat="59.4432267" lon="24.7931117">
			<ele>53.4</ele>
			<time>2026-05-22T00:32:57Z</time>
		</trkpt>
		<trkpt lat="59.4433433" lon="24.7930433">
			<ele>54.4</ele>
			<time>2026-05-22T00:32:58Z</time>
		</trkpt>
		<trkpt lat="59.443455" lon="24.79302">
			<ele>55</ele>
			<time>2026-05-22T00:32:59Z</time>
		</trkpt>
		<trkpt lat="59.44356" lon="24.793">
			<ele>56.1</ele>
			<time>2026-05-22T00:33:00Z</time>
		</trkpt>
		<trkpt lat="59.44366" lon="24.7929567">
			<ele>57.1</ele>
			<time>2026-05-22T00:33:01Z</time>
		</trkpt>
		<trkpt lat="59.44376" lon="24.792905">
			<ele>56.8</ele>
			<time>2026-05-22T00:33:02Z</time>
		</trkpt>
		<trkpt lat="59.4438667" lon="24.7928767">
			<ele>57.1</ele>
			<time>2026-05-22T00:33:03Z</time>
		</trkpt>
		<trkpt lat="59.4439767" lon="24.7929083">
			<ele>56.7</ele>
			<time>2026-05-22T00:33:04Z</time>
		</trkpt>
		<trkpt lat="59.44408" lon="24.7930117">
			<ele>53.7</ele>
			<time>2026-05-22T00:33:05Z</time>
		</trkpt>
		<trkpt lat="59.4441717" lon="24.79316">
			<ele>53.1</ele>
			<time>2026-05-22T00:33:06Z</time>
		</trkpt>
		<trkpt lat="59.444255" lon="24.793315">
			<ele>52.4</ele>
			<time>2026-05-22T00:33:07Z</time>
		</trkpt>
		<trkpt lat="59.4443483" lon="24.7934267">
			<ele>52.2</ele>
			<time>2026-05-22T00:33:08Z</time>
		</trkpt>
		<trkpt lat="59.4444567" lon="24.793475">
			<ele>53.5</ele>
			<time>2026-05-22T00:33:09Z</time>
		</trkpt>
		<trkpt lat="59.44457" lon="24.79349">
			<ele>54.3</ele>
			<time>2026-05-22T00:33:10Z</time>
		</trkpt>
		<trkpt lat="59.444685" lon="24.7935217">
			<ele>54.1</ele>
			<time>2026-05-22T00:33:11Z</time>
		</trkpt>
		<trkpt lat="59.4447867" lon="24.7936133">
			<ele>52.7</ele>
			<time>2026-05-22T00:33:12Z</time>
		</trkpt>
		<trkpt lat="59.4448667" lon="24.7937833">
			<ele>50.7</ele>
			<time>2026-05-22T00:33:13Z</time>
		</trkpt>
		<trkpt lat="59.444905" lon="24.79403">
			<ele>48.5</ele>
			<time>2026-05-22T00:33:14Z</time>
		</trkpt>
		<trkpt lat="59.4449167" lon="24.79429">
			<ele>45</ele>
			<time>2026-05-22T00:33:15Z</time>
		</trkpt>
		<trkpt lat="59.4449283" lon="24.7945417">
			<ele>43.2</ele>
			<time>2026-05-22T00:33:16Z</time>
		</trkpt>
		<trkpt lat="59.44495" lon="24.79477">
			<ele>39.2</ele>
			<time>2026-05-22T00:33:17Z</time>
		</trkpt>
		<trkpt lat="59.4449867" lon="24.7949517">
			<ele>36.7</ele>
			<time>2026-05-22T00:33:18Z</time>
		</trkpt>
		<trkpt lat="59.4450267" lon="24.7951183">
			<ele>33.3</ele>
			<time>2026-05-22T00:33:19Z</time>
		</trkpt>
		<trkpt lat="59.44506" lon="24.7953017">
			<ele>29.5</ele>
			<time>2026-05-22T00:33:20Z</time>
		</trkpt>
		<trkpt lat="59.4450917" lon="24.79552">
			<ele>28</ele>
			<time>2026-05-22T00:33:21Z</time>
		</trkpt>
		<trkpt lat="59.4451033" lon="24.7957567">
			<ele>25</ele>
			<time>2026-05-22T00:33:22Z</time>
		</trkpt>
		<trkpt lat="59.4451233" lon="24.7959817">
			<ele>23.2</ele>
			<time>2026-05-22T00:33:23Z</time>
		</trkpt>
		<trkpt lat="59.445165" lon="24.7961733">
			<ele>21.9</ele>
			<time>2026-05-22T00:33:24Z</time>
		</trkpt>
		<trkpt lat="59.4452333" lon="24.7963117">
			<ele>20.5</ele>
			<time>2026-05-22T00:33:25Z</time>
		</trkpt>
		<trkpt lat="59.445325" lon="24.7964">
			<ele>19</ele>
			<time>2026-05-22T00:33:26Z</time>
		</trkpt>
		<trkpt lat="59.44542" lon="24.79649">
			<ele>18.3</ele>
			<time>2026-05-22T00:33:27Z</time>
		</trkpt>
		<trkpt lat="59.4455033" lon="24.7966317">
			<ele>16.6</ele>
			<time>2026-05-22T00:33:28Z</time>
		</trkpt>
		<trkpt lat="59.4455567" lon="24.7968283">
			<ele>14.6</ele>
			<time>2026-05-22T00:33:29Z</time>
		</trkpt>
		<trkpt lat="59.4455833" lon="24.7970667">
			<ele>13.6</ele>
			<time>2026-05-22T00:33:30Z</time>
		</trkpt>
		<trkpt lat="59.4456117" lon="24.7972983">
			<ele>12.8</ele>
			<time>2026-05-22T00:33:31Z</time>
		</trkpt>
		<trkpt lat="59.4456783" lon="24.7974833">
			<ele>11.2</ele>
			<time>2026-05-22T00:33:32Z</time>
		</trkpt>
		<trkpt lat="59.445795" lon="24.797565">
			<ele>10.3</ele>
			<time>2026-05-22T00:33:33Z</time>
		</trkpt>
		<trkpt lat="59.4459317" lon="24.797585">
			<ele>10.5</ele>
			<time>2026-05-22T00:33:34Z</time>
		</trkpt>
		<trkpt lat="59.4460667" lon="24.7976333">
			<ele>12.5</ele>
			<time>2026-05-22T00:33:35Z</time>
		</trkpt>
		<trkpt lat="59.4461733" lon="24.7977533">
			<ele>13.7</ele>
			<time>2026-05-22T00:33:36Z</time>
		</trkpt>
		<trkpt lat="59.4462283" lon="24.7979633">
			<ele>13.6</ele>
			<time>2026-05-22T00:33:37Z</time>
		</trkpt>
		<trkpt lat="59.44624" lon="24.7982067">
			<ele>14</ele>
			<time>2026-05-22T00:33:38Z</time>
		</trkpt>
		<trkpt lat="59.4462433" lon="24.798445">
			<ele>14.8</ele>
			<time>2026-05-22T00:33:39Z</time>
		</trkpt>
		<trkpt lat="59.4462733" lon="24.79865">
			<ele>14.4</ele>
			<time>2026-05-22T00:33:40Z</time>
		</trkpt>
		<trkpt lat="59.446335" lon="24.7988083">
			<ele>13</ele>
			<time>2026-05-22T00:33:41Z</time>
		</trkpt>
		<trkpt lat="59.44644" lon="24.7988983">
			<ele>12.6</ele>
			<time>2026-05-22T00:33:42Z</time>
		</trkpt>
		<trkpt lat="59.4465667" lon="24.7989583">
			<ele>13.7</ele>
			<time>2026-05-22T00:33:43Z</time>
		</trkpt>
		<trkpt lat="59.4466833" lon="24.7990533">
			<ele>15.7</ele>
			<time>2026-05-22T00:33:44Z</time>
		</trkpt>
		<trkpt lat="59.446765" lon="24.79922">
			<ele>16.3</ele>
			<time>2026-05-22T00:33:45Z</time>
		</trkpt>
		<trkpt lat="59.4468033" lon="24.7994467">
			<ele>16.6</ele>
			<time>2026-05-22T00:33:46Z</time>
		</trkpt>
		<trkpt lat="59.4468133" lon="24.799685">
			<ele>16.4</ele>
			<time>2026-05-22T00:33:47Z</time>
		</trkpt>
		<trkpt lat="59.4468333" lon="24.7998983">
			<ele>15.9</ele>
			<time>2026-05-22T00:33:48Z</time>
		</trkpt>
		<trkpt lat="59.4468917" lon="24.80006">
			<ele>15.6</ele>
			<time>2026-05-22T00:33:49Z</time>
		</trkpt>
		<trkpt lat="59.44699" lon="24.80016">
			<ele>15.6</ele>
			<time>2026-05-22T00:33:50Z</time>
		</trkpt>
		<trkpt lat="59.4471017" lon="24.8002367">
			<ele>15.8</ele>
			<time>2026-05-22T00:33:51Z</time>
		</trkpt>
		<trkpt lat="59.4472117" lon="24.800335">
			<ele>17</ele>
			<time>2026-05-22T00:33:52Z</time>
		</trkpt>
		<trkpt lat="59.447295" lon="24.8004767">
			<ele>16.5</ele>
			<time>2026-05-22T00:33:53Z</time>
		</trkpt>
		<trkpt lat="59.44736" lon="24.8006483">
			<ele>16.2</ele>
			<time>2026-05-22T00:33:54Z</time>
		</trkpt>
		<trkpt lat="59.44742" lon="24.80083">
			<ele>15.6</ele>
			<time>2026-05-22T00:33:55Z</time>
		</trkpt>
		<trkpt lat="59.44749" lon="24.8009983">
			<ele>15</ele>
			<time>2026-05-22T00:33:56Z</time>
		</trkpt>
		<trkpt lat="59.447575" lon="24.8011483">
			<ele>15.5</ele>
			<time>2026-05-22T00:33:57Z</time>
		</trkpt>
		<trkpt lat="59.4476633" lon="24.8012867">
			<ele>16.7</ele>
			<time>2026-05-22T00:33:58Z</time>
		</trkpt>
		<trkpt lat="59.447745" lon="24.8014233">
			<ele>17.9</ele>
			<time>2026-05-22T00:33:59Z</time>
		</trkpt>
		<trkpt lat="59.4478217" lon="24.8015567">
			<ele>19.2</ele>
			<time>2026-05-22T00:34:00Z</time>
		</trkpt>
		<trkpt lat="59.4479" lon="24.8016867">
			<ele>20.7</ele>
			<time>2026-05-22T00:34:01Z</time>
		</trkpt>
		<trkpt lat="59.4479767" lon="24.8018167">
			<ele>21</ele>
			<time>2026-05-22T00:34:02Z</time>
		</trkpt>
		<trkpt lat="59.448055" lon="24.801945">
			<ele>20.9</ele>
			<time>2026-05-22T00:34:03Z</time>
		</trkpt>
		<trkpt lat="59.4481317" lon="24.8020833">
			<ele>20.4</ele>
			<time>2026-05-22T00:34:04Z</time>
		</trkpt>
		<trkpt lat="59.4482117" lon="24.8022283">
			<ele>19.3</ele>
			<time>2026-05-22T00:34:05Z</time>
		</trkpt>
		<trkpt lat="59.4482883" lon="24.8023767">
			<ele>17.7</ele>
			<time>2026-05-22T00:34:06Z</time>
		</trkpt>
		<trkpt lat="59.44837" lon="24.802525">
			<ele>16.7</ele>
			<time>2026-05-22T00:34:07Z</time>
		</trkpt>
		<trkpt lat="59.4484567" lon="24.802665">
			<ele>15.8</ele>
			<time>2026-05-22T00:34:08Z</time>
		</trkpt>
		<trkpt lat="59.44855" lon="24.8028">
			<ele>15.8</ele>
			<time>2026-05-22T00:34:09Z</time>
		</trkpt>
		<trkpt lat="59.4486417" lon="24.8029267">
			<ele>15.5</ele>
			<time>2026-05-22T00:34:10Z</time>
		</trkpt>
		<trkpt lat="59.4487267" lon="24.8030467">
			<ele>15.2</ele>
			<time>2026-05-22T00:34:11Z</time>
		</trkpt>
		<trkpt lat="59.448815" lon="24.8031617">
			<ele>15.2</ele>
			<time>2026-05-22T00:34:12Z</time>
		</trkpt>
		<trkpt lat="59.4489017" lon="24.8032783">
			<ele>15.5</ele>
			<time>2026-05-22T00:34:13Z</time>
		</trkpt>
		<trkpt lat="59.448985" lon="24.8034033">
			<ele>15.5</ele>
			<time>2026-05-22T00:34:14Z</time>
		</trkpt>
		<trkpt lat="59.4490683" lon="24.803535">
			<ele>15.5</ele>
			<time>2026-05-22T00:34:15Z</time>
		</trkpt>
		<trkpt lat="59.4491517" lon="24.80367">
			<ele>15.7</ele>
			<time>2026-05-22T00:34:16Z</time>
		</trkpt>
		<trkpt lat="59.44924" lon="24.8037967">
			<ele>15.9</ele>
			<time>2026-05-22T00:34:17Z</time>
		</trkpt>
		<trkpt lat="59.4493317" lon="24.80391">
			<ele>16.3</ele>
			<time>2026-05-22T00:34:18Z</time>
		</trkpt>
		<trkpt lat="59.449425" lon="24.80402">
			<ele>17</ele>
			<time>2026-05-22T00:34:19Z</time>
		</trkpt>
		<trkpt lat="59.4495167" lon="24.8041333">
			<ele>18.4</ele>
			<time>2026-05-22T00:34:20Z</time>
		</trkpt>
		<trkpt lat="59.4496017" lon="24.8042567">
			<ele>18.7</ele>
			<time>2026-05-22T00:34:21Z</time>
		</trkpt>
		<trkpt lat="59.4496867" lon="24.8043817">
			<ele>19.1</ele>
			<time>2026-05-22T00:34:22Z</time>
		</trkpt>
		<trkpt lat="59.4497767" lon="24.8045017">
			<ele>19.8</ele>
			<time>2026-05-22T00:34:23Z</time>
		</trkpt>
		<trkpt lat="59.449865" lon="24.8046167">
			<ele>20.3</ele>
			<time>2026-05-22T00:34:24Z</time>
		</trkpt>
		<trkpt lat="59.4499533" lon="24.8047267">
			<ele>20.9</ele>
			<time>2026-05-22T00:34:25Z</time>
		</trkpt>
		<trkpt lat="59.45004" lon="24.804835">
			<ele>20.8</ele>
			<time>2026-05-22T00:34:26Z</time>
		</trkpt>
		<trkpt lat="59.45013" lon="24.8049433">
			<ele>20.8</ele>
			<time>2026-05-22T00:34:27Z</time>
		</trkpt>
		<trkpt lat="59.4502217" lon="24.8050567">
			<ele>20.4</ele>
			<time>2026-05-22T00:34:28Z</time>
		</trkpt>
		<trkpt lat="59.4503167" lon="24.8051667">
			<ele>21</ele>
			<time>2026-05-22T00:34:29Z</time>
		</trkpt>
		<trkpt lat="59.45041" lon="24.8052717">
			<ele>21.3</ele>
			<time>2026-05-22T00:34:30Z</time>
		</trkpt>
		<trkpt lat="59.450505" lon="24.8053633">
			<ele>21.7</ele>
			<time>2026-05-22T00:34:31Z</time>
		</trkpt>
		<trkpt lat="59.4506117" lon="24.80544">
			<ele>22</ele>
			<time>2026-05-22T00:34:32Z</time>
		</trkpt>
		<trkpt lat="59.4507233" lon="24.80552">
			<ele>21.9</ele>
			<time>2026-05-22T00:34:33Z</time>
		</trkpt>
		<trkpt lat="59.4508433" lon="24.80561">
			<ele>21.4</ele>
			<time>2026-05-22T00:34:34Z</time>
		</trkpt>
		<trkpt lat="59.4509733" lon="24.8057117">
			<ele>21.6</ele>
			<time>2026-05-22T00:34:35Z</time>
		</trkpt>
		<trkpt lat="59.451105" lon="24.8058133">
			<ele>22.5</ele>
			<time>2026-05-22T00:34:36Z</time>
		</trkpt>
		<trkpt lat="59.4512317" lon="24.80591">
			<ele>22.4</ele>
			<time>2026-05-22T00:34:37Z</time>
		</trkpt>
		<trkpt lat="59.4513567" lon="24.8060033">
			<ele>23.3</ele>
			<time>2026-05-22T00:34:38Z</time>
		</trkpt>
		<trkpt lat="59.4514767" lon="24.8060967">
			<ele>24</ele>
			<time>2026-05-22T00:34:39Z</time>
		</trkpt>
		<trkpt lat="59.4515917" lon="24.8061833">
			<ele>23.4</ele>
			<time>2026-05-22T00:34:40Z</time>
		</trkpt>
		<trkpt lat="59.45171" lon="24.8062583">
			<ele>23.1</ele>
			<time>2026-05-22T00:34:41Z</time>
		</trkpt>
		<trkpt lat="59.4518317" lon="24.8063283">
			<ele>23.5</ele>
			<time>2026-05-22T00:34:42Z</time>
		</trkpt>
		<trkpt lat="59.451955" lon="24.806405">
			<ele>23</ele>
			<time>2026-05-22T00:34:43Z</time>
		</trkpt>
		<trkpt lat="59.45208" lon="24.806485">
			<ele>23.7</ele>
			<time>2026-05-22T00:34:44Z</time>
		</trkpt>
		<trkpt lat="59.4522017" lon="24.8065733">
			<ele>24</ele>
			<time>2026-05-22T00:34:45Z</time>
		</trkpt>
		<trkpt lat="59.4523217" lon="24.80666">
			<ele>23.9</ele>
			<time>2026-05-22T00:34:46Z</time>
		</trkpt>
		<trkpt lat="59.45244" lon="24.80674">
			<ele>23.8</ele>
			<time>2026-05-22T00:34:47Z</time>
		</trkpt>
		<trkpt lat="59.45256" lon="24.8068133">
			<ele>25.4</ele>
			<time>2026-05-22T00:34:48Z</time>
		</trkpt>
		<trkpt lat="59.4526733" lon="24.806885">
			<ele>27.4</ele>
			<time>2026-05-22T00:34:49Z</time>
		</trkpt>
		<trkpt lat="59.452775" lon="24.8069517">
			<ele>29.6</ele>
			<time>2026-05-22T00:34:50Z</time>
		</trkpt>
		<trkpt lat="59.452875" lon="24.80701">
			<ele>31.1</ele>
			<time>2026-05-22T00:34:51Z</time>
		</trkpt>
		<trkpt lat="59.4529733" lon="24.80706">
			<ele>31.4</ele>
			<time>2026-05-22T00:34:52Z</time>
		</trkpt>
		<trkpt lat="59.4530733" lon="24.8071">
			<ele>31.3</ele>
			<time>2026-05-22T00:34:53Z</time>
		</trkpt>
		<trkpt lat="59.4531833" lon="24.8071283">
			<ele>31.6</ele>
			<time>2026-05-22T00:34:54Z</time>
		</trkpt>
		<trkpt lat="59.4532967" lon="24.8071567">
			<ele>31.9</ele>
			<time>2026-05-22T00:34:55Z</time>
		</trkpt>
		<trkpt lat="59.4534117" lon="24.807195">
			<ele>32.8</ele>
			<time>2026-05-22T00:34:56Z</time>
		</trkpt>
		<trkpt lat="59.4535183" lon="24.8072667">
			<ele>33.5</ele>
			<time>2026-05-22T00:34:57Z</time>
		</trkpt>
		<trkpt lat="59.4536167" lon="24.8073583">
			<ele>34.7</ele>
			<time>2026-05-22T00:34:58Z</time>
		</trkpt>
		<trkpt lat="59.4537067" lon="24.807455">
			<ele>35.8</ele>
			<time>2026-05-22T00:34:59Z</time>
		</trkpt>
		<trkpt lat="59.4537983" lon="24.8075417">
			<ele>36.4</ele>
			<time>2026-05-22T00:35:00Z</time>
		</trkpt>
		<trkpt lat="59.4538883" lon="24.8076367">
			<ele>37</ele>
			<time>2026-05-22T00:35:01Z</time>
		</trkpt>
		<trkpt lat="59.45397" lon="24.8077717">
			<ele>36.8</ele>
			<time>2026-05-22T00:35:02Z</time>
		</trkpt>
		<trkpt lat="59.454025" lon="24.8079683">
			<ele>36</ele>
			<time>2026-05-22T00:35:03Z</time>
		</trkpt>
		<trkpt lat="59.45404" lon="24.8082017">
			<ele>34.8</ele>
			<time>2026-05-22T00:35:04Z</time>
		</trkpt>
		<trkpt lat="59.4540283" lon="24.8084383">
			<ele>36</ele>
			<time>2026-05-22T00:35:05Z</time>
		</trkpt>
		<trkpt lat="59.4539967" lon="24.8086617">
			<ele>37.1</ele>
			<time>2026-05-22T00:35:06Z</time>
		</trkpt>
		<trkpt lat="59.4539617" lon="24.80887">
			<ele>38.2</ele>
			<time>2026-05-22T00:35:07Z</time>
		</trkpt>
		<trkpt lat="59.4539333" lon="24.8090733">
			<ele>38.7</ele>
			<time>2026-05-22T00:35:08Z</time>
		</trkpt>
		<trkpt lat="59.4539117" lon="24.80928">
			<ele>38.4</ele>
			<time>2026-05-22T00:35:09Z</time>
		</trkpt>
		<trkpt lat="59.4539117" lon="24.8094883">
			<ele>37.9</ele>
			<time>2026-05-22T00:35:10Z</time>
		</trkpt>
		<trkpt lat="59.4539283" lon="24.809695">
			<ele>36</ele>
			<time>2026-05-22T00:35:11Z</time>
		</trkpt>
		<trkpt lat="59.4539683" lon="24.8099033">
			<ele>34.1</ele>
			<time>2026-05-22T00:35:12Z</time>
		</trkpt>
		<trkpt lat="59.4540283" lon="24.8100967">
			<ele>32.3</ele>
			<time>2026-05-22T00:35:13Z</time>
		</trkpt>
		<trkpt lat="59.4541" lon="24.8102733">
			<ele>30.8</ele>
			<time>2026-05-22T00:35:14Z</time>
		</trkpt>
		<trkpt lat="59.4541733" lon="24.810435">
			<ele>30.5</ele>
			<time>2026-05-22T00:35:15Z</time>
		</trkpt>
		<trkpt lat="59.4542467" lon="24.810585">
			<ele>30.2</ele>
			<time>2026-05-22T00:35:16Z</time>
		</trkpt>
		<trkpt lat="59.45432" lon="24.8107267">
			<ele>30</ele>
			<time>2026-05-22T00:35:17Z</time>
		</trkpt>
		<trkpt lat="59.454395" lon="24.810865">
			<ele>29.9</ele>
			<time>2026-05-22T00:35:18Z</time>
		</trkpt>
		<trkpt lat="59.4544683" lon="24.8110117">
			<ele>30.2</ele>
			<time>2026-05-22T00:35:19Z</time>
		</trkpt>
		<trkpt lat="59.4545383" lon="24.8111717">
			<ele>30.4</ele>
			<time>2026-05-22T00:35:20Z</time>
		</trkpt>
		<trkpt lat="59.454605" lon="24.811335">
			<ele>30.7</ele>
			<time>2026-05-22T00:35:21Z</time>
		</trkpt>
		<trkpt lat="59.454675" lon="24.8114967">
			<ele>30.7</ele>
			<time>2026-05-22T00:35:22Z</time>
		</trkpt>
		<trkpt lat="59.45475" lon="24.81164">
			<ele>30</ele>
			<time>2026-05-22T00:35:23Z</time>
		</trkpt>
		<trkpt lat="59.45485" lon="24.8117367">
			<ele>29.4</ele>
			<time>2026-05-22T00:35:24Z</time>
		</trkpt>
		<trkpt lat="59.45497" lon="24.8117567">
			<ele>29.7</ele>
			<time>2026-05-22T00:35:25Z</time>
		</trkpt>
		<trkpt lat="59.4551017" lon="24.8117083">
			<ele>30.9</ele>
			<time>2026-05-22T00:35:26Z</time>
		</trkpt>
		<trkpt lat="59.4552283" lon="24.8116167">
			<ele>32.9</ele>
			<time>2026-05-22T00:35:27Z</time>
		</trkpt>
		<trkpt lat="59.45534" lon="24.81152">
			<ele>35.4</ele>
			<time>2026-05-22T00:35:28Z</time>
		</trkpt>
		<trkpt lat="59.455445" lon="24.8114267">
			<ele>38.3</ele>
			<time>2026-05-22T00:35:29Z</time>
		</trkpt>
		<trkpt lat="59.4555433" lon="24.8113517">
			<ele>40</ele>
			<time>2026-05-22T00:35:30Z</time>
		</trkpt>
		<trkpt lat="59.455645" lon="24.8112867">
			<ele>40.7</ele>
			<time>2026-05-22T00:35:31Z</time>
		</trkpt>
		<trkpt lat="59.4557533" lon="24.8112267">
			<ele>40.5</ele>
			<time>2026-05-22T00:35:32Z</time>
		</trkpt>
		<trkpt lat="59.4558717" lon="24.8111733">
			<ele>41.2</ele>
			<time>2026-05-22T00:35:33Z</time>
		</trkpt>
		<trkpt lat="59.4559967" lon="24.8111333">
			<ele>41.4</ele>
			<time>2026-05-22T00:35:34Z</time>
		</trkpt>
		<trkpt lat="59.4561217" lon="24.8111217">
			<ele>42.2</ele>
			<time>2026-05-22T00:35:35Z</time>
		</trkpt>
		<trkpt lat="59.4562417" lon="24.81115">
			<ele>42.4</ele>
			<time>2026-05-22T00:35:36Z</time>
		</trkpt>
		<trkpt lat="59.4563533" lon="24.8112083">
			<ele>43.5</ele>
			<time>2026-05-22T00:35:37Z</time>
		</trkpt>
		<trkpt lat="59.4564617" lon="24.81127">
			<ele>44.4</ele>
			<time>2026-05-22T00:35:38Z</time>
		</trkpt>
		<trkpt lat="59.4565683" lon="24.8113217">
			<ele>44.8</ele>
			<time>2026-05-22T00:35:39Z</time>
		</trkpt>
		<trkpt lat="59.456675" lon="24.8113683">
			<ele>45.1</ele>
			<time>2026-05-22T00:35:40Z</time>
		</trkpt>
		<trkpt lat="59.4567783" lon="24.811425">
			<ele>45.4</ele>
			<time>2026-05-22T00:35:41Z</time>
		</trkpt>
		<trkpt lat="59.45688" lon="24.8115017">
			<ele>45.6</ele>
			<time>2026-05-22T00:35:42Z</time>
		</trkpt>
		<trkpt lat="59.4569833" lon="24.8115917">
			<ele>45.1</ele>
			<time>2026-05-22T00:35:43Z</time>
		</trkpt>
		<trkpt lat="59.4570833" lon="24.8116817">
			<ele>44.3</ele>
			<time>2026-05-22T00:35:44Z</time>
		</trkpt>
		<trkpt lat="59.4571833" lon="24.81177">
			<ele>43.7</ele>
			<time>2026-05-22T00:35:45Z</time>
		</trkpt>
		<trkpt lat="59.4572833" lon="24.8118633">
			<ele>42.7</ele>
			<time>2026-05-22T00:35:46Z</time>
		</trkpt>
		<trkpt lat="59.4573867" lon="24.811955">
			<ele>42</ele>
			<time>2026-05-22T00:35:47Z</time>
		</trkpt>
		<trkpt lat="59.45749" lon="24.8120567">
			<ele>41.6</ele>
			<time>2026-05-22T00:35:48Z</time>
		</trkpt>
		<trkpt lat="59.4575933" lon="24.8121617">
			<ele>41.2</ele>
			<time>2026-05-22T00:35:49Z</time>
		</trkpt>
		<trkpt lat="59.4576967" lon="24.812265">
			<ele>40.7</ele>
			<time>2026-05-22T00:35:50Z</time>
		</trkpt>
		<trkpt lat="59.4577933" lon="24.8123767">
			<ele>40</ele>
			<time>2026-05-22T00:35:51Z</time>
		</trkpt>
		<trkpt lat="59.4578867" lon="24.8124983">
			<ele>39.7</ele>
			<time>2026-05-22T00:35:52Z</time>
		</trkpt>
		<trkpt lat="59.457975" lon="24.8126383">
			<ele>39.4</ele>
			<time>2026-05-22T00:35:53Z</time>
		</trkpt>
		<trkpt lat="59.4580633" lon="24.8127867">
			<ele>38.8</ele>
			<time>2026-05-22T00:35:54Z</time>
		</trkpt>
		<trkpt lat="59.4581467" lon="24.8129417">
			<ele>37.8</ele>
			<time>2026-05-22T00:35:55Z</time>
		</trkpt>
		<trkpt lat="59.45823" lon="24.8130983">
			<ele>37.4</ele>
			<time>2026-05-22T00:35:56Z</time>
		</trkpt>
		<trkpt lat="59.4583117" lon="24.8132517">
			<ele>37.3</ele>
			<time>2026-05-22T00:35:57Z</time>
		</trkpt>
		<trkpt lat="59.4583917" lon="24.8133933">
			<ele>36.2</ele>
			<time>2026-05-22T00:35:58Z</time>
		</trkpt>
		<trkpt lat="59.4584817" lon="24.8135083">
			<ele>35.6</ele>
			<time>2026-05-22T00:35:59Z</time>
		</trkpt>
		<trkpt lat="59.458585" lon="24.8135833">
			<ele>35</ele>
			<time>2026-05-22T00:36:00Z</time>
		</trkpt>
		<trkpt lat="59.4587017" lon="24.81362">
			<ele>34.1</ele>
			<time>2026-05-22T00:36:01Z</time>
		</trkpt>
		<trkpt lat="59.4588233" lon="24.81365">
			<ele>34</ele>
			<time>2026-05-22T00:36:02Z</time>
		</trkpt>
		<trkpt lat="59.4589417" lon="24.8136933">
			<ele>34.1</ele>
			<time>2026-05-22T00:36:03Z</time>
		</trkpt>
		<trkpt lat="59.459045" lon="24.81378">
			<ele>33.1</ele>
			<time>2026-05-22T00:36:04Z</time>
		</trkpt>
		<trkpt lat="59.4591467" lon="24.8138917">
			<ele>33</ele>
			<time>2026-05-22T00:36:05Z</time>
		</trkpt>
		<trkpt lat="59.4592433" lon="24.81401">
			<ele>32.6</ele>
			<time>2026-05-22T00:36:06Z</time>
		</trkpt>
		<trkpt lat="59.4593367" lon="24.8141167">
			<ele>32.1</ele>
			<time>2026-05-22T00:36:07Z</time>
		</trkpt>
		<trkpt lat="59.4594317" lon="24.8142133">
			<ele>31.4</ele>
			<time>2026-05-22T00:36:08Z</time>
		</trkpt>
		<trkpt lat="59.4595283" lon="24.814315">
			<ele>31.3</ele>
			<time>2026-05-22T00:36:09Z</time>
		</trkpt>
		<trkpt lat="59.4596167" lon="24.81444">
			<ele>30.5</ele>
			<time>2026-05-22T00:36:10Z</time>
		</trkpt>
		<trkpt lat="59.4596967" lon="24.8145967">
			<ele>30.3</ele>
			<time>2026-05-22T00:36:11Z</time>
		</trkpt>
		<trkpt lat="59.4597667" lon="24.8147633">
			<ele>30</ele>
			<time>2026-05-22T00:36:12Z</time>
		</trkpt>
		<trkpt lat="59.4598383" lon="24.8149183">
			<ele>29</ele>
			<time>2026-05-22T00:36:13Z</time>
		</trkpt>
		<trkpt lat="59.4599217" lon="24.8150583">
			<ele>28.1</ele>
			<time>2026-05-22T00:36:14Z</time>
		</trkpt>
		<trkpt lat="59.4600117" lon="24.8152">
			<ele>28.1</ele>
			<time>2026-05-22T00:36:15Z</time>
		</trkpt>
		<trkpt lat="59.4600917" lon="24.815355">
			<ele>27.6</ele>
			<time>2026-05-22T00:36:16Z</time>
		</trkpt>
		<trkpt lat="59.4601667" lon="24.8155283">
			<ele>27.9</ele>
			<time>2026-05-22T00:36:17Z</time>
		</trkpt>
		<trkpt lat="59.4602317" lon="24.8157083">
			<ele>28.9</ele>
			<time>2026-05-22T00:36:18Z</time>
		</trkpt>
		<trkpt lat="59.4602883" lon="24.8158833">
			<ele>29.6</ele>
			<time>2026-05-22T00:36:19Z</time>
		</trkpt>
		<trkpt lat="59.4603517" lon="24.8160367">
			<ele>29.7</ele>
			<time>2026-05-22T00:36:20Z</time>
		</trkpt>
		<trkpt lat="59.460425" lon="24.8161717">
			<ele>29.6</ele>
			<time>2026-05-22T00:36:21Z</time>
		</trkpt>
		<trkpt lat="59.4605117" lon="24.81629">
			<ele>30</ele>
			<time>2026-05-22T00:36:22Z</time>
		</trkpt>
		<trkpt lat="59.460605" lon="24.8164">
			<ele>30.6</ele>
			<time>2026-05-22T00:36:23Z</time>
		</trkpt>
		<trkpt lat="59.4607017" lon="24.816515">
			<ele>31.5</ele>
			<time>2026-05-22T00:36:24Z</time>
		</trkpt>
		<trkpt lat="59.460795" lon="24.816645">
			<ele>32.9</ele>
			<time>2026-05-22T00:36:25Z</time>
		</trkpt>
		<trkpt lat="59.460885" lon="24.8167867">
			<ele>35.3</ele>
			<time>2026-05-22T00:36:26Z</time>
		</trkpt>
		<trkpt lat="59.460965" lon="24.816945">
			<ele>37</ele>
			<time>2026-05-22T00:36:27Z</time>
		</trkpt>
		<trkpt lat="59.46103" lon="24.8171217">
			<ele>38.4</ele>
			<time>2026-05-22T00:36:28Z</time>
		</trkpt>
		<trkpt lat="59.4610783" lon="24.8173167">
			<ele>39.8</ele>
			<time>2026-05-22T00:36:29Z</time>
		</trkpt>
		<trkpt lat="59.461115" lon="24.817525">
			<ele>40.9</ele>
			<time>2026-05-22T00:36:30Z</time>
		</trkpt>
		<trkpt lat="59.461145" lon="24.8177333">
			<ele>41.5</ele>
			<time>2026-05-22T00:36:31Z</time>
		</trkpt>
		<trkpt lat="59.4611767" lon="24.8179433">
			<ele>41.9</ele>
			<time>2026-05-22T00:36:32Z</time>
		</trkpt>
		<trkpt lat="59.46121" lon="24.818145">
			<ele>42.3</ele>
			<time>2026-05-22T00:36:33Z</time>
		</trkpt>
		<trkpt lat="59.461245" lon="24.8183467">
			<ele>42.4</ele>
			<time>2026-05-22T00:36:34Z</time>
		</trkpt>
		<trkpt lat="59.4612767" lon="24.8185517">
			<ele>42.5</ele>
			<time>2026-05-22T00:36:35Z</time>
		</trkpt>
		<trkpt lat="59.461305" lon="24.8187617">
			<ele>42.9</ele>
			<time>2026-05-22T00:36:36Z</time>
		</trkpt>
		<trkpt lat="59.4613283" lon="24.818975">
			<ele>43.3</ele>
			<time>2026-05-22T00:36:37Z</time>
		</trkpt>
		<trkpt lat="59.4613517" lon="24.8191933">
			<ele>43.8</ele>
			<time>2026-05-22T00:36:38Z</time>
		</trkpt>
		<trkpt lat="59.4613733" lon="24.8194083">
			<ele>44.3</ele>
			<time>2026-05-22T00:36:39Z</time>
		</trkpt>
		<trkpt lat="59.4613933" lon="24.8196217">
			<ele>44.6</ele>
			<time>2026-05-22T00:36:40Z</time>
		</trkpt>
		<trkpt lat="59.4614167" lon="24.8198267">
			<ele>44.8</ele>
			<time>2026-05-22T00:36:41Z</time>
		</trkpt>
		<trkpt lat="59.4614467" lon="24.820035">
			<ele>44.8</ele>
			<time>2026-05-22T00:36:42Z</time>
		</trkpt>
		<trkpt lat="59.4614783" lon="24.820245">
			<ele>45</ele>
			<time>2026-05-22T00:36:43Z</time>
		</trkpt>
		<trkpt lat="59.46151" lon="24.8204583">
			<ele>45.2</ele>
			<time>2026-05-22T00:36:44Z</time>
		</trkpt>
		<trkpt lat="59.46154" lon="24.8206733">
			<ele>45.8</ele>
			<time>2026-05-22T00:36:45Z</time>
		</trkpt>
		<trkpt lat="59.4615667" lon="24.820885">
			<ele>46.2</ele>
			<time>2026-05-22T00:36:46Z</time>
		</trkpt>
		<trkpt lat="59.461595" lon="24.821095">
			<ele>46.8</ele>
			<time>2026-05-22T00:36:47Z</time>
		</trkpt>
		<trkpt lat="59.461625" lon="24.8213017">
			<ele>46.8</ele>
			<time>2026-05-22T00:36:48Z</time>
		</trkpt>
		<trkpt lat="59.4616567" lon="24.8215033">
			<ele>46.5</ele>
			<time>2026-05-22T00:36:49Z</time>
		</trkpt>
		<trkpt lat="59.4616933" lon="24.821705">
			<ele>46.8</ele>
			<time>2026-05-22T00:36:50Z</time>
		</trkpt>
		<trkpt lat="59.4617367" lon="24.8219">
			<ele>47.2</ele>
			<time>2026-05-22T00:36:51Z</time>
		</trkpt>
		<trkpt lat="59.4617867" lon="24.822095">
			<ele>46.8</ele>
			<time>2026-05-22T00:36:52Z</time>
		</trkpt>
		<trkpt lat="59.4618383" lon="24.82229">
			<ele>46.4</ele>
			<time>2026-05-22T00:36:53Z</time>
		</trkpt>
		<trkpt lat="59.4618883" lon="24.8224883">
			<ele>46</ele>
			<time>2026-05-22T00:36:54Z</time>
		</trkpt>
		<trkpt lat="59.4619383" lon="24.822685">
			<ele>46.6</ele>
			<time>2026-05-22T00:36:55Z</time>
		</trkpt>
		<trkpt lat="59.4619883" lon="24.822885">
			<ele>46.5</ele>
			<time>2026-05-22T00:36:56Z</time>
		</trkpt>
		<trkpt lat="59.4620483" lon="24.82308">
			<ele>46.6</ele>
			<time>2026-05-22T00:36:57Z</time>
		</trkpt>
		<trkpt lat="59.4621133" lon="24.8232667">
			<ele>47</ele>
			<time>2026-05-22T00:36:58Z</time>
		</trkpt>
		<trkpt lat="59.4621817" lon="24.8234417">
			<ele>48.1</ele>
			<time>2026-05-22T00:36:59Z</time>
		</trkpt>
		<trkpt lat="59.462245" lon="24.82361">
			<ele>49</ele>
			<time>2026-05-22T00:37:00Z</time>
		</trkpt>
		<trkpt lat="59.46231" lon="24.823775">
			<ele>49.9</ele>
			<time>2026-05-22T00:37:01Z</time>
		</trkpt>
		<trkpt lat="59.4623733" lon="24.8239433">
			<ele>49.9</ele>
			<time>2026-05-22T00:37:02Z</time>
		</trkpt>
		<trkpt lat="59.4624383" lon="24.8241167">
			<ele>49.9</ele>
			<time>2026-05-22T00:37:03Z</time>
		</trkpt>
		<trkpt lat="59.4625083" lon="24.8243017">
			<ele>50.5</ele>
			<time>2026-05-22T00:37:04Z</time>
		</trkpt>
		<trkpt lat="59.462575" lon="24.8244983">
			<ele>49.9</ele>
			<time>2026-05-22T00:37:05Z</time>
		</trkpt>
		<trkpt lat="59.46264" lon="24.8246967">
			<ele>49.7</ele>
			<time>2026-05-22T00:37:06Z</time>
		</trkpt>
		<trkpt lat="59.4627017" lon="24.824895">
			<ele>48.9</ele>
			<time>2026-05-22T00:37:07Z</time>
		</trkpt>
		<trkpt lat="59.4627633" lon="24.8250933">
			<ele>47.8</ele>
			<time>2026-05-22T00:37:08Z</time>
		</trkpt>
		<trkpt lat="59.4628233" lon="24.8252867">
			<ele>47.5</ele>
			<time>2026-05-22T00:37:09Z</time>
		</trkpt>
		<trkpt lat="59.4628883" lon="24.8254783">
			<ele>46.8</ele>
			<time>2026-05-22T00:37:10Z</time>
		</trkpt>
		<trkpt lat="59.4629567" lon="24.8256667">
			<ele>46.2</ele>
			<time>2026-05-22T00:37:11Z</time>
		</trkpt>
		<trkpt lat="59.46303" lon="24.82585">
			<ele>46.1</ele>
			<time>2026-05-22T00:37:12Z</time>
		</trkpt>
		<trkpt lat="59.4631033" lon="24.82603">
			<ele>45.8</ele>
			<time>2026-05-22T00:37:13Z</time>
		</trkpt>
		<trkpt lat="59.4631767" lon="24.8262083">
			<ele>45.8</ele>
			<time>2026-05-22T00:37:14Z</time>
		</trkpt>
		<trkpt lat="59.4632517" lon="24.8263817">
			<ele>45.9</ele>
			<time>2026-05-22T00:37:15Z</time>
		</trkpt>
		<trkpt lat="59.4633283" lon="24.8265533">
			<ele>45.4</ele>
			<time>2026-05-22T00:37:16Z</time>
		</trkpt>
		<trkpt lat="59.463405" lon="24.8267217">
			<ele>44.8</ele>
			<time>2026-05-22T00:37:17Z</time>
		</trkpt>
		<trkpt lat="59.4634883" lon="24.8268867">
			<ele>45.7</ele>
			<time>2026-05-22T00:37:18Z</time>
		</trkpt>
		<trkpt lat="59.4635783" lon="24.82705">
			<ele>47.5</ele>
			<time>2026-05-22T00:37:19Z</time>
		</trkpt>
		<trkpt lat="59.463665" lon="24.82721">
			<ele>49.3</ele>
			<time>2026-05-22T00:37:20Z</time>
		</trkpt>
		<trkpt lat="59.46375" lon="24.8273717">
			<ele>51.2</ele>
			<time>2026-05-22T00:37:21Z</time>
		</trkpt>
		<trkpt lat="59.4638383" lon="24.82754">
			<ele>53.4</ele>
			<time>2026-05-22T00:37:22Z</time>
		</trkpt>
		<trkpt lat="59.46393" lon="24.8277067">
			<ele>55.9</ele>
			<time>2026-05-22T00:37:23Z</time>
		</trkpt>
		<trkpt lat="59.46402" lon="24.8278717">
			<ele>57.7</ele>
			<time>2026-05-22T00:37:24Z</time>
		</trkpt>
		<trkpt lat="59.46411" lon="24.82803">
			<ele>59.6</ele>
			<time>2026-05-22T00:37:25Z</time>
		</trkpt>
		<trkpt lat="59.4641967" lon="24.82819">
			<ele>60.7</ele>
			<time>2026-05-22T00:37:26Z</time>
		</trkpt>
		<trkpt lat="59.4642767" lon="24.82835">
			<ele>60.7</ele>
			<time>2026-05-22T00:37:27Z</time>
		</trkpt>
		<trkpt lat="59.4643583" lon="24.82851">
			<ele>60.6</ele>
			<time>2026-05-22T00:37:28Z</time>
		</trkpt>
		<trkpt lat="59.464435" lon="24.82867">
			<ele>60.5</ele>
			<time>2026-05-22T00:37:29Z</time>
		</trkpt>
		<trkpt lat="59.4645117" lon="24.82884">
			<ele>60.4</ele>
			<time>2026-05-22T00:37:30Z</time>
		</trkpt>
		<trkpt lat="59.4645833" lon="24.829015">
			<ele>59.9</ele>
			<time>2026-05-22T00:37:31Z</time>
		</trkpt>
		<trkpt lat="59.4646567" lon="24.8291917">
			<ele>59.2</ele>
			<time>2026-05-22T00:37:32Z</time>
		</trkpt>
		<trkpt lat="59.464735" lon="24.82936">
			<ele>59.1</ele>
			<time>2026-05-22T00:37:33Z</time>
		</trkpt>
		<trkpt lat="59.4648133" lon="24.82952">
			<ele>58.4</ele>
			<time>2026-05-22T00:37:34Z</time>
		</trkpt>
		<trkpt lat="59.4648933" lon="24.8296733">
			<ele>58</ele>
			<time>2026-05-22T00:37:35Z</time>
		</trkpt>
		<trkpt lat="59.4649767" lon="24.82982">
			<ele>57.9</ele>
			<time>2026-05-22T00:37:36Z</time>
		</trkpt>
		<trkpt lat="59.4650617" lon="24.8299667">
			<ele>57.8</ele>
			<time>2026-05-22T00:37:37Z</time>
		</trkpt>
		<trkpt lat="59.465145" lon="24.83011">
			<ele>57.3</ele>
			<time>2026-05-22T00:37:38Z</time>
		</trkpt>
		<trkpt lat="59.4652317" lon="24.8302517">
			<ele>56.7</ele>
			<time>2026-05-22T00:37:39Z</time>
		</trkpt>
		<trkpt lat="59.4653183" lon="24.83039">
			<ele>56</ele>
			<time>2026-05-22T00:37:40Z</time>
		</trkpt>
		<trkpt lat="59.4654083" lon="24.8305283">
			<ele>56</ele>
			<time>2026-05-22T00:37:41Z</time>
		</trkpt>
		<trkpt lat="59.4654967" lon="24.8306717">
			<ele>56</ele>
			<time>2026-05-22T00:37:42Z</time>
		</trkpt>
		<trkpt lat="59.4655817" lon="24.8308117">
			<ele>56.1</ele>
			<time>2026-05-22T00:37:43Z</time>
		</trkpt>
		<trkpt lat="59.4656617" lon="24.83095">
			<ele>56.2</ele>
			<time>2026-05-22T00:37:44Z</time>
		</trkpt>
		<trkpt lat="59.46574" lon="24.831095">
			<ele>55.7</ele>
			<time>2026-05-22T00:37:45Z</time>
		</trkpt>
		<trkpt lat="59.4658083" lon="24.8312683">
			<ele>55.4</ele>
			<time>2026-05-22T00:37:46Z</time>
		</trkpt>
		<trkpt lat="59.4658517" lon="24.8314867">
			<ele>54.3</ele>
			<time>2026-05-22T00:37:47Z</time>
		</trkpt>
		<trkpt lat="59.465865" lon="24.8317333">
			<ele>53.3</ele>
			<time>2026-05-22T00:37:48Z</time>
		</trkpt>
		<trkpt lat="59.4658617" lon="24.8319867">
			<ele>55.4</ele>
			<time>2026-05-22T00:37:49Z</time>
		</trkpt>
		<trkpt lat="59.46583" lon="24.8322233">
			<ele>58.2</ele>
			<time>2026-05-22T00:37:50Z</time>
		</trkpt>
		<trkpt lat="59.46578" lon="24.8324383">
			<ele>60.1</ele>
			<time>2026-05-22T00:37:51Z</time>
		</trkpt>
		<trkpt lat="59.4657283" lon="24.8326333">
			<ele>61.3</ele>
			<time>2026-05-22T00:37:52Z</time>
		</trkpt>
		<trkpt lat="59.46567" lon="24.83282">
			<ele>61.4</ele>
			<time>2026-05-22T00:37:53Z</time>
		</trkpt>
		<trkpt lat="59.4656117" lon="24.8330033">
			<ele>61.4</ele>
			<time>2026-05-22T00:37:54Z</time>
		</trkpt>
		<trkpt lat="59.4655433" lon="24.8331867">
			<ele>60.7</ele>
			<time>2026-05-22T00:37:55Z</time>
		</trkpt>
		<trkpt lat="59.46547" lon="24.83337">
			<ele>60</ele>
			<time>2026-05-22T00:37:56Z</time>
		</trkpt>
		<trkpt lat="59.4653883" lon="24.8335483">
			<ele>59.6</ele>
			<time>2026-05-22T00:37:57Z</time>
		</trkpt>
		<trkpt lat="59.465305" lon="24.8337233">
			<ele>60.3</ele>
			<time>2026-05-22T00:37:58Z</time>
		</trkpt>
		<trkpt lat="59.465225" lon="24.8339033">
			<ele>60.8</ele>
			<time>2026-05-22T00:37:59Z</time>
		</trkpt>
		<trkpt lat="59.46515" lon="24.8340817">
			<ele>61.6</ele>
			<time>2026-05-22T00:38:00Z</time>
		</trkpt>
		<trkpt lat="59.4650767" lon="24.8342617">
			<ele>62.1</ele>
			<time>2026-05-22T00:38:01Z</time>
		</trkpt>
		<trkpt lat="59.465005" lon="24.8344367">
			<ele>62.5</ele>
			<time>2026-05-22T00:38:02Z</time>
		</trkpt>
		<trkpt lat="59.4649283" lon="24.8346017">
			<ele>63</ele>
			<time>2026-05-22T00:38:03Z</time>
		</trkpt>
		<trkpt lat="59.4648433" lon="24.834755">
			<ele>63.5</ele>
			<time>2026-05-22T00:38:04Z</time>
		</trkpt>
		<trkpt lat="59.4647517" lon="24.834905">
			<ele>63.2</ele>
			<time>2026-05-22T00:38:05Z</time>
		</trkpt>
		<trkpt lat="59.4646533" lon="24.83505">
			<ele>62.5</ele>
			<time>2026-05-22T00:38:06Z</time>
		</trkpt>
		<trkpt lat="59.4645517" lon="24.8352">
			<ele>61</ele>
			<time>2026-05-22T00:38:07Z</time>
		</trkpt>
		<trkpt lat="59.4644417" lon="24.8353683">
			<ele>59.3</ele>
			<time>2026-05-22T00:38:08Z</time>
		</trkpt>
		<trkpt lat="59.4643317" lon="24.835545">
			<ele>58.6</ele>
			<time>2026-05-22T00:38:09Z</time>
		</trkpt>
		<trkpt lat="59.4642133" lon="24.8357283">
			<ele>58.1</ele>
			<time>2026-05-22T00:38:10Z</time>
		</trkpt>
		<trkpt lat="59.4641033" lon="24.8358983">
			<ele>58.9</ele>
			<time>2026-05-22T00:38:11Z</time>
		</trkpt>
		<trkpt lat="59.4639933" lon="24.8360617">
			<ele>59.5</ele>
			<time>2026-05-22T00:38:12Z</time>
		</trkpt>
		<trkpt lat="59.4638883" lon="24.8362217">
			<ele>59.6</ele>
			<time>2026-05-22T00:38:13Z</time>
		</trkpt>
		<trkpt lat="59.4637867" lon="24.836385">
			<ele>59.7</ele>
			<time>2026-05-22T00:38:14Z</time>
		</trkpt>
		<trkpt lat="59.46369" lon="24.8365567">
			<ele>59.4</ele>
			<time>2026-05-22T00:38:15Z</time>
		</trkpt>
		<trkpt lat="59.4636017" lon="24.8367433">
			<ele>58.9</ele>
			<time>2026-05-22T00:38:16Z</time>
		</trkpt>
		<trkpt lat="59.463515" lon="24.8369383">
			<ele>58.1</ele>
			<time>2026-05-22T00:38:17Z</time>
		</trkpt>
		<trkpt lat="59.4634283" lon="24.837145">
			<ele>57.9</ele>
			<time>2026-05-22T00:38:18Z</time>
		</trkpt>
		<trkpt lat="59.46334" lon="24.8373367">
			<ele>59.1</ele>
			<time>2026-05-22T00:38:19Z</time>
		</trkpt>
		<trkpt lat="59.4632517" lon="24.8375083">
			<ele>60.4</ele>
			<time>2026-05-22T00:38:20Z</time>
		</trkpt>
		<trkpt lat="59.4631683" lon="24.8376617">
			<ele>61.5</ele>
			<time>2026-05-22T00:38:21Z</time>
		</trkpt>
		<trkpt lat="59.4630883" lon="24.8378017">
			<ele>61.7</ele>
			<time>2026-05-22T00:38:22Z</time>
		</trkpt>
		<trkpt lat="59.463005" lon="24.83794">
			<ele>61.1</ele>
			<time>2026-05-22T00:38:23Z</time>
		</trkpt>
		<trkpt lat="59.462915" lon="24.8380767">
			<ele>60.5</ele>
			<time>2026-05-22T00:38:24Z</time>
		</trkpt>
		<trkpt lat="59.4628183" lon="24.8382117">
			<ele>59.9</ele>
			<time>2026-05-22T00:38:25Z</time>
		</trkpt>
		<trkpt lat="59.4627167" lon="24.8383433">
			<ele>59.9</ele>
			<time>2026-05-22T00:38:26Z</time>
		</trkpt>
		<trkpt lat="59.4626117" lon="24.8384683">
			<ele>60.3</ele>
			<time>2026-05-22T00:38:27Z</time>
		</trkpt>
		<trkpt lat="59.4625067" lon="24.838595">
			<ele>61</ele>
			<time>2026-05-22T00:38:28Z</time>
		</trkpt>
		<trkpt lat="59.46241" lon="24.8387167">
			<ele>61.6</ele>
			<time>2026-05-22T00:38:29Z</time>
		</trkpt>
		<trkpt lat="59.46232" lon="24.8388517">
			<ele>62.3</ele>
			<time>2026-05-22T00:38:30Z</time>
		</trkpt>
		<trkpt lat="59.46224" lon="24.8389933">
			<ele>62.9</ele>
			<time>2026-05-22T00:38:31Z</time>
		</trkpt>
		<trkpt lat="59.4621633" lon="24.8391467">
			<ele>63.3</ele>
			<time>2026-05-22T00:38:32Z</time>
		</trkpt>
		<trkpt lat="59.4620967" lon="24.8393233">
			<ele>63.8</ele>
			<time>2026-05-22T00:38:33Z</time>
		</trkpt>
		<trkpt lat="59.4620467" lon="24.8395233">
			<ele>64</ele>
			<time>2026-05-22T00:38:34Z</time>
		</trkpt>
		<trkpt lat="59.4620233" lon="24.8397417">
			<ele>64.9</ele>
			<time>2026-05-22T00:38:35Z</time>
		</trkpt>
		<trkpt lat="59.46203" lon="24.8399683">
			<ele>64.6</ele>
			<time>2026-05-22T00:38:36Z</time>
		</trkpt>
		<trkpt lat="59.4620667" lon="24.8401883">
			<ele>64.8</ele>
			<time>2026-05-22T00:38:37Z</time>
		</trkpt>
		<trkpt lat="59.4621217" lon="24.84039">
			<ele>64.5</ele>
			<time>2026-05-22T00:38:38Z</time>
		</trkpt>
		<trkpt lat="59.462185" lon="24.8405767">
			<ele>64.1</ele>
			<time>2026-05-22T00:38:39Z</time>
		</trkpt>
		<trkpt lat="59.4622567" lon="24.840745">
			<ele>63.4</ele>
			<time>2026-05-22T00:38:40Z</time>
		</trkpt>
		<trkpt lat="59.4623383" lon="24.8408983">
			<ele>62.1</ele>
			<time>2026-05-22T00:38:41Z</time>
		</trkpt>
		<trkpt lat="59.4624317" lon="24.8410283">
			<ele>61.4</ele>
			<time>2026-05-22T00:38:42Z</time>
		</trkpt>
		<trkpt lat="59.46253" lon="24.8411433">
			<ele>60.2</ele>
			<time>2026-05-22T00:38:43Z</time>
		</trkpt>
		<trkpt lat="59.4626367" lon="24.8412467">
			<ele>59.7</ele>
			<time>2026-05-22T00:38:44Z</time>
		</trkpt>
		<trkpt lat="59.4627533" lon="24.8413417">
			<ele>60.5</ele>
			<time>2026-05-22T00:38:45Z</time>
		</trkpt>
		<trkpt lat="59.4628667" lon="24.841425">
			<ele>61.3</ele>
			<time>2026-05-22T00:38:46Z</time>
		</trkpt>
		<trkpt lat="59.4629817" lon="24.8414917">
			<ele>61.8</ele>
			<time>2026-05-22T00:38:47Z</time>
		</trkpt>
		<trkpt lat="59.463095" lon="24.8415433">
			<ele>62.2</ele>
			<time>2026-05-22T00:38:48Z</time>
		</trkpt>
		<trkpt lat="59.4632067" lon="24.8415783">
			<ele>62.4</ele>
			<time>2026-05-22T00:38:49Z</time>
		</trkpt>
		<trkpt lat="59.4633217" lon="24.8415983">
			<ele>62.4</ele>
			<time>2026-05-22T00:38:50Z</time>
		</trkpt>
		<trkpt lat="59.4634383" lon="24.8416083">
			<ele>63.4</ele>
			<time>2026-05-22T00:38:51Z</time>
		</trkpt>
		<trkpt lat="59.4635583" lon="24.8416083">
			<ele>64.1</ele>
			<time>2026-05-22T00:38:52Z</time>
		</trkpt>
		<trkpt lat="59.4636783" lon="24.841615">
			<ele>64.9</ele>
			<time>2026-05-22T00:38:53Z</time>
		</trkpt>
		<trkpt lat="59.4637933" lon="24.84165">
			<ele>65.7</ele>
			<time>2026-05-22T00:38:54Z</time>
		</trkpt>
		<trkpt lat="59.463895" lon="24.8417367">
			<ele>65.4</ele>
			<time>2026-05-22T00:38:55Z</time>
		</trkpt>
		<trkpt lat="59.4639867" lon="24.84188">
			<ele>65.2</ele>
			<time>2026-05-22T00:38:56Z</time>
		</trkpt>
		<trkpt lat="59.4640583" lon="24.8420733">
			<ele>64.8</ele>
			<time>2026-05-22T00:38:57Z</time>
		</trkpt>
		<trkpt lat="59.4641083" lon="24.842285">
			<ele>64.4</ele>
			<time>2026-05-22T00:38:58Z</time>
		</trkpt>
		<trkpt lat="59.4641633" lon="24.84249">
			<ele>65.5</ele>
			<time>2026-05-22T00:38:59Z</time>
		</trkpt>
		<trkpt lat="59.46421" lon="24.84269">
			<ele>66.5</ele>
			<time>2026-05-22T00:39:00Z</time>
		</trkpt>
		<trkpt lat="59.46425" lon="24.8428933">
			<ele>65.9</ele>
			<time>2026-05-22T00:39:01Z</time>
		</trkpt>
		<trkpt lat="59.4642883" lon="24.8431067">
			<ele>64.8</ele>
			<time>2026-05-22T00:39:02Z</time>
		</trkpt>
		<trkpt lat="59.4643267" lon="24.843335">
			<ele>63.6</ele>
			<time>2026-05-22T00:39:03Z</time>
		</trkpt>
		<trkpt lat="59.464365" lon="24.84358">
			<ele>62.3</ele>
			<time>2026-05-22T00:39:04Z</time>
		</trkpt>
		<trkpt lat="59.4643917" lon="24.843835">
			<ele>61.2</ele>
			<time>2026-05-22T00:39:05Z</time>
		</trkpt>
		<trkpt lat="59.46441" lon="24.84409">
			<ele>60.7</ele>
			<time>2026-05-22T00:39:06Z</time>
		</trkpt>
		<trkpt lat="59.4644183" lon="24.8443433">
			<ele>60.5</ele>
			<time>2026-05-22T00:39:07Z</time>
		</trkpt>
		<trkpt lat="59.4644183" lon="24.8445917">
			<ele>60.5</ele>
			<time>2026-05-22T00:39:08Z</time>
		</trkpt>
		<trkpt lat="59.4644083" lon="24.8448417">
			<ele>58.4</ele>
			<time>2026-05-22T00:39:09Z</time>
		</trkpt>
		<trkpt lat="59.4644" lon="24.8450883">
			<ele>56.5</ele>
			<time>2026-05-22T00:39:10Z</time>
		</trkpt>
		<trkpt lat="59.4643933" lon="24.84533">
			<ele>56.7</ele>
			<time>2026-05-22T00:39:11Z</time>
		</trkpt>
		<trkpt lat="59.4643817" lon="24.8455733">
			<ele>57.4</ele>
			<time>2026-05-22T00:39:12Z</time>
		</trkpt>
		<trkpt lat="59.4643583" lon="24.845815">
			<ele>57.4</ele>
			<time>2026-05-22T00:39:13Z</time>
		</trkpt>
		<trkpt lat="59.4643367" lon="24.8460567">
			<ele>58.3</ele>
			<time>2026-05-22T00:39:14Z</time>
		</trkpt>
		<trkpt lat="59.4643117" lon="24.8462983">
			<ele>58.7</ele>
			<time>2026-05-22T00:39:15Z</time>
		</trkpt>
		<trkpt lat="59.464285" lon="24.84654">
			<ele>59.1</ele>
			<time>2026-05-22T00:39:16Z</time>
		</trkpt>
		<trkpt lat="59.46425" lon="24.8467767">
			<ele>59.2</ele>
			<time>2026-05-22T00:39:17Z</time>
		</trkpt>
		<trkpt lat="59.464215" lon="24.8470083">
			<ele>58.9</ele>
			<time>2026-05-22T00:39:18Z</time>
		</trkpt>
		<trkpt lat="59.464175" lon="24.847235">
			<ele>58.8</ele>
			<time>2026-05-22T00:39:19Z</time>
		</trkpt>
		<trkpt lat="59.4641333" lon="24.8474633">
			<ele>58.9</ele>
			<time>2026-05-22T00:39:20Z</time>
		</trkpt>
		<trkpt lat="59.46409" lon="24.8476933">
			<ele>57.9</ele>
			<time>2026-05-22T00:39:21Z</time>
		</trkpt>
		<trkpt lat="59.464045" lon="24.8479267">
			<ele>56.7</ele>
			<time>2026-05-22T00:39:22Z</time>
		</trkpt>
		<trkpt lat="59.4640033" lon="24.8481567">
			<ele>55.9</ele>
			<time>2026-05-22T00:39:23Z</time>
		</trkpt>
		<trkpt lat="59.463965" lon="24.8483917">
			<ele>55.3</ele>
			<time>2026-05-22T00:39:24Z</time>
		</trkpt>
		<trkpt lat="59.4639283" lon="24.848625">
			<ele>55.4</ele>
			<time>2026-05-22T00:39:25Z</time>
		</trkpt>
		<trkpt lat="59.46389" lon="24.8488583">
			<ele>55.7</ele>
			<time>2026-05-22T00:39:26Z</time>
		</trkpt>
		<trkpt lat="59.4638467" lon="24.84909">
			<ele>55.7</ele>
			<time>2026-05-22T00:39:27Z</time>
		</trkpt>
		<trkpt lat="59.463805" lon="24.8493183">
			<ele>55.6</ele>
			<time>2026-05-22T00:39:28Z</time>
		</trkpt>
		<trkpt lat="59.46376" lon="24.84954">
			<ele>55.8</ele>
			<time>2026-05-22T00:39:29Z</time>
		</trkpt>
		<trkpt lat="59.4637133" lon="24.849755">
			<ele>56.3</ele>
			<time>2026-05-22T00:39:30Z</time>
		</trkpt>
		<trkpt lat="59.4636583" lon="24.8499667">
			<ele>56.4</ele>
			<time>2026-05-22T00:39:31Z</time>
		</trkpt>
		<trkpt lat="59.4636017" lon="24.850175">
			<ele>56.5</ele>
			<time>2026-05-22T00:39:32Z</time>
		</trkpt>
		<trkpt lat="59.46354" lon="24.8503817">
			<ele>56.5</ele>
			<time>2026-05-22T00:39:33Z</time>
		</trkpt>
		<trkpt lat="59.46348" lon="24.85058">
			<ele>56.7</ele>
			<time>2026-05-22T00:39:34Z</time>
		</trkpt>
		<trkpt lat="59.4634217" lon="24.850775">
			<ele>57.2</ele>
			<time>2026-05-22T00:39:35Z</time>
		</trkpt>
		<trkpt lat="59.46336" lon="24.850965">
			<ele>57.3</ele>
			<time>2026-05-22T00:39:36Z</time>
		</trkpt>
		<trkpt lat="59.4632967" lon="24.8511467">
			<ele>57.2</ele>
			<time>2026-05-22T00:39:37Z</time>
		</trkpt>
		<trkpt lat="59.46323" lon="24.851325">
			<ele>57.1</ele>
			<time>2026-05-22T00:39:38Z</time>
		</trkpt>
		<trkpt lat="59.46316" lon="24.851505">
			<ele>56.6</ele>
			<time>2026-05-22T00:39:39Z</time>
		</trkpt>
		<trkpt lat="59.4630867" lon="24.8516917">
			<ele>56.7</ele>
			<time>2026-05-22T00:39:40Z</time>
		</trkpt>
		<trkpt lat="59.46301" lon="24.8518733">
			<ele>57</ele>
			<time>2026-05-22T00:39:41Z</time>
		</trkpt>
		<trkpt lat="59.4629333" lon="24.85205">
			<ele>57.3</ele>
			<time>2026-05-22T00:39:42Z</time>
		</trkpt>
		<trkpt lat="59.4628517" lon="24.85222">
			<ele>57.4</ele>
			<time>2026-05-22T00:39:43Z</time>
		</trkpt>
		<trkpt lat="59.4627683" lon="24.8523833">
			<ele>57.6</ele>
			<time>2026-05-22T00:39:44Z</time>
		</trkpt>
		<trkpt lat="59.4626817" lon="24.8525467">
			<ele>57.3</ele>
			<time>2026-05-22T00:39:45Z</time>
		</trkpt>
		<trkpt lat="59.4626017" lon="24.85272">
			<ele>57.3</ele>
			<time>2026-05-22T00:39:46Z</time>
		</trkpt>
		<trkpt lat="59.4625233" lon="24.8528983">
			<ele>57.6</ele>
			<time>2026-05-22T00:39:47Z</time>
		</trkpt>
		<trkpt lat="59.46245" lon="24.8530833">
			<ele>58.1</ele>
			<time>2026-05-22T00:39:48Z</time>
		</trkpt>
		<trkpt lat="59.4623817" lon="24.85327">
			<ele>58.7</ele>
			<time>2026-05-22T00:39:49Z</time>
		</trkpt>
		<trkpt lat="59.4623083" lon="24.8534517">
			<ele>59.1</ele>
			<time>2026-05-22T00:39:50Z</time>
		</trkpt>
		<trkpt lat="59.4622317" lon="24.8536217">
			<ele>59.7</ele>
			<time>2026-05-22T00:39:51Z</time>
		</trkpt>
		<trkpt lat="59.462145" lon="24.8537817">
			<ele>60.1</ele>
			<time>2026-05-22T00:39:52Z</time>
		</trkpt>
		<trkpt lat="59.4620567" lon="24.8539333">
			<ele>60.9</ele>
			<time>2026-05-22T00:39:53Z</time>
		</trkpt>
		<trkpt lat="59.4619767" lon="24.85409">
			<ele>61.7</ele>
			<time>2026-05-22T00:39:54Z</time>
		</trkpt>
		<trkpt lat="59.4619033" lon="24.8542667">
			<ele>62.5</ele>
			<time>2026-05-22T00:39:55Z</time>
		</trkpt>
		<trkpt lat="59.4618383" lon="24.8544517">
			<ele>63.2</ele>
			<time>2026-05-22T00:39:56Z</time>
		</trkpt>
		<trkpt lat="59.4617783" lon="24.8546417">
			<ele>63.9</ele>
			<time>2026-05-22T00:39:57Z</time>
		</trkpt>
		<trkpt lat="59.461715" lon="24.854835">
			<ele>64.5</ele>
			<time>2026-05-22T00:39:58Z</time>
		</trkpt>
		<trkpt lat="59.4616467" lon="24.8550283">
			<ele>64.9</ele>
			<time>2026-05-22T00:39:59Z</time>
		</trkpt>
		<trkpt lat="59.4615767" lon="24.8552167">
			<ele>65.6</ele>
			<time>2026-05-22T00:40:00Z</time>
		</trkpt>
		<trkpt lat="59.4615083" lon="24.8554017">
			<ele>66.5</ele>
			<time>2026-05-22T00:40:01Z</time>
		</trkpt>
		<trkpt lat="59.4614383" lon="24.855585">
			<ele>67</ele>
			<time>2026-05-22T00:40:02Z</time>
		</trkpt>
		<trkpt lat="59.46137" lon="24.8557667">
			<ele>67.6</ele>
			<time>2026-05-22T00:40:03Z</time>
		</trkpt>
		<trkpt lat="59.4613083" lon="24.8559517">
			<ele>68</ele>
			<time>2026-05-22T00:40:04Z</time>
		</trkpt>
		<trkpt lat="59.4612517" lon="24.856145">
			<ele>68.3</ele>
			<time>2026-05-22T00:40:05Z</time>
		</trkpt>
		<trkpt lat="59.4611983" lon="24.856345">
			<ele>68.7</ele>
			<time>2026-05-22T00:40:06Z</time>
		</trkpt>
		<trkpt lat="59.4611417" lon="24.8565433">
			<ele>69.1</ele>
			<time>2026-05-22T00:40:07Z</time>
		</trkpt>
		<trkpt lat="59.4610783" lon="24.856735">
			<ele>69.4</ele>
			<time>2026-05-22T00:40:08Z</time>
		</trkpt>
		<trkpt lat="59.4610117" lon="24.8569233">
			<ele>69.7</ele>
			<time>2026-05-22T00:40:09Z</time>
		</trkpt>
		<trkpt lat="59.4609417" lon="24.8571083">
			<ele>69.8</ele>
			<time>2026-05-22T00:40:10Z</time>
		</trkpt>
		<trkpt lat="59.4608633" lon="24.8572817">
			<ele>69.8</ele>
			<time>2026-05-22T00:40:11Z</time>
		</trkpt>
		<trkpt lat="59.4607733" lon="24.857435">
			<ele>69.8</ele>
			<time>2026-05-22T00:40:12Z</time>
		</trkpt>
		<trkpt lat="59.4606717" lon="24.8575683">
			<ele>69.6</ele>
			<time>2026-05-22T00:40:13Z</time>
		</trkpt>
		<trkpt lat="59.46057" lon="24.8576867">
			<ele>70.1</ele>
			<time>2026-05-22T00:40:14Z</time>
		</trkpt>
		<trkpt lat="59.460465" lon="24.8578">
			<ele>70</ele>
			<time>2026-05-22T00:40:15Z</time>
		</trkpt>
		<trkpt lat="59.460365" lon="24.8579167">
			<ele>70</ele>
			<time>2026-05-22T00:40:16Z</time>
		</trkpt>
		<trkpt lat="59.4602683" lon="24.8580433">
			<ele>69.5</ele>
			<time>2026-05-22T00:40:17Z</time>
		</trkpt>
		<trkpt lat="59.4601817" lon="24.8582">
			<ele>69</ele>
			<time>2026-05-22T00:40:18Z</time>
		</trkpt>
		<trkpt lat="59.4601217" lon="24.85839">
			<ele>68.9</ele>
			<time>2026-05-22T00:40:19Z</time>
		</trkpt>
		<trkpt lat="59.4600883" lon="24.85861">
			<ele>68.9</ele>
			<time>2026-05-22T00:40:20Z</time>
		</trkpt>
		<trkpt lat="59.4600767" lon="24.858845">
			<ele>67.8</ele>
			<time>2026-05-22T00:40:21Z</time>
		</trkpt>
		<trkpt lat="59.4600883" lon="24.8590867">
			<ele>66.6</ele>
			<time>2026-05-22T00:40:22Z</time>
		</trkpt>
		<trkpt lat="59.4601067" lon="24.8593217">
			<ele>65.5</ele>
			<time>2026-05-22T00:40:23Z</time>
		</trkpt>
		<trkpt lat="59.4601183" lon="24.859545">
			<ele>64.8</ele>
			<time>2026-05-22T00:40:24Z</time>
		</trkpt>
		<trkpt lat="59.4601283" lon="24.8597633">
			<ele>64.5</ele>
			<time>2026-05-22T00:40:25Z</time>
		</trkpt>
		<trkpt lat="59.4601367" lon="24.85998">
			<ele>64</ele>
			<time>2026-05-22T00:40:26Z</time>
		</trkpt>
		<trkpt lat="59.4601467" lon="24.8601967">
			<ele>62.7</ele>
			<time>2026-05-22T00:40:27Z</time>
		</trkpt>
		<trkpt lat="59.46016" lon="24.8604183">
			<ele>61.3</ele>
			<time>2026-05-22T00:40:28Z</time>
		</trkpt>
		<trkpt lat="59.4601783" lon="24.8606433">
			<ele>59.9</ele>
			<time>2026-05-22T00:40:29Z</time>
		</trkpt>
		<trkpt lat="59.4602" lon="24.8608683">
			<ele>59.3</ele>
			<time>2026-05-22T00:40:30Z</time>
		</trkpt>
		<trkpt lat="59.460225" lon="24.8610917">
			<ele>58.9</ele>
			<time>2026-05-22T00:40:31Z</time>
		</trkpt>
		<trkpt lat="59.46025" lon="24.8613133">
			<ele>58.7</ele>
			<time>2026-05-22T00:40:32Z</time>
		</trkpt>
		<trkpt lat="59.4602733" lon="24.86153">
			<ele>58.2</ele>
			<time>2026-05-22T00:40:33Z</time>
		</trkpt>
		<trkpt lat="59.460295" lon="24.8617533">
			<ele>58</ele>
			<time>2026-05-22T00:40:34Z</time>
		</trkpt>
		<trkpt lat="59.460315" lon="24.86198">
			<ele>58</ele>
			<time>2026-05-22T00:40:35Z</time>
		</trkpt>
		<trkpt lat="59.4603317" lon="24.862205">
			<ele>57.7</ele>
			<time>2026-05-22T00:40:36Z</time>
		</trkpt>
		<trkpt lat="59.4603467" lon="24.8624317">
			<ele>57.7</ele>
			<time>2026-05-22T00:40:37Z</time>
		</trkpt>
		<trkpt lat="59.4603633" lon="24.8626633">
			<ele>57.8</ele>
			<time>2026-05-22T00:40:38Z</time>
		</trkpt>
		<trkpt lat="59.4603817" lon="24.8628917">
			<ele>58</ele>
			<time>2026-05-22T00:40:39Z</time>
		</trkpt>
		<trkpt lat="59.4604017" lon="24.863115">
			<ele>58.5</ele>
			<time>2026-05-22T00:40:40Z</time>
		</trkpt>
		<trkpt lat="59.4604233" lon="24.8633367">
			<ele>58.8</ele>
			<time>2026-05-22T00:40:41Z</time>
		</trkpt>
		<trkpt lat="59.460445" lon="24.8635533">
			<ele>59.1</ele>
			<time>2026-05-22T00:40:42Z</time>
		</trkpt>
		<trkpt lat="59.4604667" lon="24.8637667">
			<ele>59.8</ele>
			<time>2026-05-22T00:40:43Z</time>
		</trkpt>
		<trkpt lat="59.4604883" lon="24.863985">
			<ele>59.8</ele>
			<time>2026-05-22T00:40:44Z</time>
		</trkpt>
		<trkpt lat="59.4605083" lon="24.8642017">
			<ele>60.6</ele>
			<time>2026-05-22T00:40:45Z</time>
		</trkpt>
		<trkpt lat="59.4605283" lon="24.8644183">
			<ele>61.4</ele>
			<time>2026-05-22T00:40:46Z</time>
		</trkpt>
		<trkpt lat="59.4605467" lon="24.86464">
			<ele>61.8</ele>
			<time>2026-05-22T00:40:47Z</time>
		</trkpt>
		<trkpt lat="59.460565" lon="24.86486">
			<ele>62.2</ele>
			<time>2026-05-22T00:40:48Z</time>
		</trkpt>
		<trkpt lat="59.4605867" lon="24.8650783">
			<ele>62.7</ele>
			<time>2026-05-22T00:40:49Z</time>
		</trkpt>
		<trkpt lat="59.4606083" lon="24.8652883">
			<ele>63.4</ele>
			<time>2026-05-22T00:40:50Z</time>
		</trkpt>
		<trkpt lat="59.4606283" lon="24.865495">
			<ele>63.5</ele>
			<time>2026-05-22T00:40:51Z</time>
		</trkpt>
		<trkpt lat="59.460645" lon="24.865705">
			<ele>64</ele>
			<time>2026-05-22T00:40:52Z</time>
		</trkpt>
		<trkpt lat="59.4606517" lon="24.8659217">
			<ele>63.6</ele>
			<time>2026-05-22T00:40:53Z</time>
		</trkpt>
		<trkpt lat="59.460655" lon="24.8661517">
			<ele>63.6</ele>
			<time>2026-05-22T00:40:54Z</time>
		</trkpt>
		<trkpt lat="59.460655" lon="24.8663883">
			<ele>63.3</ele>
			<time>2026-05-22T00:40:55Z</time>
		</trkpt>
		<trkpt lat="59.46066" lon="24.866625">
			<ele>62.1</ele>
			<time>2026-05-22T00:40:56Z</time>
		</trkpt>
		<trkpt lat="59.4606833" lon="24.8668517">
			<ele>61.9</ele>
			<time>2026-05-22T00:40:57Z</time>
		</trkpt>
		<trkpt lat="59.4607183" lon="24.8670617">
			<ele>61.6</ele>
			<time>2026-05-22T00:40:58Z</time>
		</trkpt>
		<trkpt lat="59.4607683" lon="24.86725">
			<ele>61.3</ele>
			<time>2026-05-22T00:40:59Z</time>
		</trkpt>
		<trkpt lat="59.4608333" lon="24.8674067">
			<ele>60.9</ele>
			<time>2026-05-22T00:41:00Z</time>
		</trkpt>
		<trkpt lat="59.4609217" lon="24.867515">
			<ele>60.1</ele>
			<time>2026-05-22T00:41:01Z</time>
		</trkpt>
		<trkpt lat="59.46103" lon="24.8675583">
			<ele>58.1</ele>
			<time>2026-05-22T00:41:02Z</time>
		</trkpt>
		<trkpt lat="59.4611583" lon="24.86754">
			<ele>58.2</ele>
			<time>2026-05-22T00:41:03Z</time>
		</trkpt>
		<trkpt lat="59.4612883" lon="24.867495">
			<ele>59.5</ele>
			<time>2026-05-22T00:41:04Z</time>
		</trkpt>
		<trkpt lat="59.461415" lon="24.8674717">
			<ele>60.8</ele>
			<time>2026-05-22T00:41:05Z</time>
		</trkpt>
		<trkpt lat="59.4615333" lon="24.8674933">
			<ele>61.3</ele>
			<time>2026-05-22T00:41:06Z</time>
		</trkpt>
		<trkpt lat="59.4616383" lon="24.867565">
			<ele>61.3</ele>
			<time>2026-05-22T00:41:07Z</time>
		</trkpt>
		<trkpt lat="59.4617383" lon="24.8676633">
			<ele>61.3</ele>
			<time>2026-05-22T00:41:08Z</time>
		</trkpt>
		<trkpt lat="59.46183" lon="24.8677883">
			<ele>61.1</ele>
			<time>2026-05-22T00:41:09Z</time>
		</trkpt>
		<trkpt lat="59.461915" lon="24.8679367">
			<ele>60.9</ele>
			<time>2026-05-22T00:41:10Z</time>
		</trkpt>
		<trkpt lat="59.4619883" lon="24.868105">
			<ele>60.7</ele>
			<time>2026-05-22T00:41:11Z</time>
		</trkpt>
		<trkpt lat="59.4620467" lon="24.8682967">
			<ele>60</ele>
			<time>2026-05-22T00:41:12Z</time>
		</trkpt>
		<trkpt lat="59.46209" lon="24.8685117">
			<ele>59.5</ele>
			<time>2026-05-22T00:41:13Z</time>
		</trkpt>
		<trkpt lat="59.4621117" lon="24.8687417">
			<ele>58.5</ele>
			<time>2026-05-22T00:41:14Z</time>
		</trkpt>
		<trkpt lat="59.4621167" lon="24.8689783">
			<ele>58.4</ele>
			<time>2026-05-22T00:41:15Z</time>
		</trkpt>
		<trkpt lat="59.4621017" lon="24.869215">
			<ele>57.9</ele>
			<time>2026-05-22T00:41:16Z</time>
		</trkpt>
		<trkpt lat="59.4620783" lon="24.8694467">
			<ele>57.4</ele>
			<time>2026-05-22T00:41:17Z</time>
		</trkpt>
		<trkpt lat="59.4620467" lon="24.8696733">
			<ele>56.8</ele>
			<time>2026-05-22T00:41:18Z</time>
		</trkpt>
		<trkpt lat="59.4620117" lon="24.8698867">
			<ele>56.9</ele>
			<time>2026-05-22T00:41:19Z</time>
		</trkpt>
		<trkpt lat="59.4619767" lon="24.8701017">
			<ele>56.6</ele>
			<time>2026-05-22T00:41:20Z</time>
		</trkpt>
		<trkpt lat="59.4619417" lon="24.870315">
			<ele>56.8</ele>
			<time>2026-05-22T00:41:21Z</time>
		</trkpt>
		<trkpt lat="59.461905" lon="24.8705333">
			<ele>56.5</ele>
			<time>2026-05-22T00:41:22Z</time>
		</trkpt>
		<trkpt lat="59.4618733" lon="24.8707583">
			<ele>55.8</ele>
			<time>2026-05-22T00:41:23Z</time>
		</trkpt>
		<trkpt lat="59.4618467" lon="24.87099">
			<ele>53.6</ele>
			<time>2026-05-22T00:41:24Z</time>
		</trkpt>
		<trkpt lat="59.46183" lon="24.8712217">
			<ele>50.9</ele>
			<time>2026-05-22T00:41:25Z</time>
		</trkpt>
		<trkpt lat="59.46184" lon="24.8714483">
			<ele>49.8</ele>
			<time>2026-05-22T00:41:26Z</time>
		</trkpt>
		<trkpt lat="59.4618733" lon="24.8716567">
			<ele>49.1</ele>
			<time>2026-05-22T00:41:27Z</time>
		</trkpt>
		<trkpt lat="59.4619317" lon="24.87184">
			<ele>47.9</ele>
			<time>2026-05-22T00:41:28Z</time>
		</trkpt>
		<trkpt lat="59.4620117" lon="24.87199">
			<ele>46.1</ele>
			<time>2026-05-22T00:41:29Z</time>
		</trkpt>
		<trkpt lat="59.4621133" lon="24.8721017">
			<ele>47.4</ele>
			<time>2026-05-22T00:41:30Z</time>
		</trkpt>
		<trkpt lat="59.4622217" lon="24.8721917">
			<ele>48.1</ele>
			<time>2026-05-22T00:41:31Z</time>
		</trkpt>
		<trkpt lat="59.46233" lon="24.8722683">
			<ele>49.5</ele>
			<time>2026-05-22T00:41:32Z</time>
		</trkpt>
		<trkpt lat="59.4624333" lon="24.8723433">
			<ele>50.7</ele>
			<time>2026-05-22T00:41:33Z</time>
		</trkpt>
		<trkpt lat="59.462535" lon="24.8724167">
			<ele>52</ele>
			<time>2026-05-22T00:41:34Z</time>
		</trkpt>
		<trkpt lat="59.462635" lon="24.8724933">
			<ele>52.2</ele>
			<time>2026-05-22T00:41:35Z</time>
		</trkpt>
		<trkpt lat="59.46274" lon="24.8725733">
			<ele>53</ele>
			<time>2026-05-22T00:41:36Z</time>
		</trkpt>
		<trkpt lat="59.4628517" lon="24.8726483">
			<ele>54.3</ele>
			<time>2026-05-22T00:41:37Z</time>
		</trkpt>
		<trkpt lat="59.4629667" lon="24.8727183">
			<ele>55</ele>
			<time>2026-05-22T00:41:38Z</time>
		</trkpt>
		<trkpt lat="59.46308" lon="24.8727817">
			<ele>56.2</ele>
			<time>2026-05-22T00:41:39Z</time>
		</trkpt>
		<trkpt lat="59.46319" lon="24.87285">
			<ele>57.2</ele>
			<time>2026-05-22T00:41:40Z</time>
		</trkpt>
		<trkpt lat="59.4632933" lon="24.87293">
			<ele>57.9</ele>
			<time>2026-05-22T00:41:41Z</time>
		</trkpt>
		<trkpt lat="59.463395" lon="24.873015">
			<ele>58.6</ele>
			<time>2026-05-22T00:41:42Z</time>
		</trkpt>
		<trkpt lat="59.463495" lon="24.8731017">
			<ele>59.3</ele>
			<time>2026-05-22T00:41:43Z</time>
		</trkpt>
		<trkpt lat="59.463595" lon="24.87319">
			<ele>59.9</ele>
			<time>2026-05-22T00:41:44Z</time>
		</trkpt>
		<trkpt lat="59.4636967" lon="24.87328">
			<ele>60.7</ele>
			<time>2026-05-22T00:41:45Z</time>
		</trkpt>
		<trkpt lat="59.4637983" lon="24.87337">
			<ele>61.3</ele>
			<time>2026-05-22T00:41:46Z</time>
		</trkpt>
		<trkpt lat="59.4639017" lon="24.8734583">
			<ele>61.7</ele>
			<time>2026-05-22T00:41:47Z</time>
		</trkpt>
		<trkpt lat="59.4640067" lon="24.873535">
			<ele>62.7</ele>
			<time>2026-05-22T00:41:48Z</time>
		</trkpt>
		<trkpt lat="59.4641133" lon="24.8735917">
			<ele>63.3</ele>
			<time>2026-05-22T00:41:49Z</time>
		</trkpt>
		<trkpt lat="59.464225" lon="24.8736183">
			<ele>63.7</ele>
			<time>2026-05-22T00:41:50Z</time>
		</trkpt>
		<trkpt lat="59.4643383" lon="24.8736117">
			<ele>63.9</ele>
			<time>2026-05-22T00:41:51Z</time>
		</trkpt>
		<trkpt lat="59.4644517" lon="24.87358">
			<ele>64.6</ele>
			<time>2026-05-22T00:41:52Z</time>
		</trkpt>
		<trkpt lat="59.4645617" lon="24.873535">
			<ele>65.2</ele>
			<time>2026-05-22T00:41:53Z</time>
		</trkpt>
		<trkpt lat="59.4646683" lon="24.87348">
			<ele>65.9</ele>
			<time>2026-05-22T00:41:54Z</time>
		</trkpt>
		<trkpt lat="59.4647717" lon="24.8734183">
			<ele>66.2</ele>
			<time>2026-05-22T00:41:55Z</time>
		</trkpt>
		<trkpt lat="59.4648717" lon="24.8733467">
			<ele>65.8</ele>
			<time>2026-05-22T00:41:56Z</time>
		</trkpt>
		<trkpt lat="59.4649667" lon="24.8732583">
			<ele>65.1</ele>
			<time>2026-05-22T00:41:57Z</time>
		</trkpt>
		<trkpt lat="59.4650617" lon="24.873155">
			<ele>64.5</ele>
			<time>2026-05-22T00:41:58Z</time>
		</trkpt>
		<trkpt lat="59.4651583" lon="24.8730433">
			<ele>63.5</ele>
			<time>2026-05-22T00:41:59Z</time>
		</trkpt>
		<trkpt lat="59.4652567" lon="24.872925">
			<ele>62.6</ele>
			<time>2026-05-22T00:42:00Z</time>
		</trkpt>
		<trkpt lat="59.4653533" lon="24.872805">
			<ele>61.9</ele>
			<time>2026-05-22T00:42:01Z</time>
		</trkpt>
		<trkpt lat="59.4654467" lon="24.8726883">
			<ele>61</ele>
			<time>2026-05-22T00:42:02Z</time>
		</trkpt>
		<trkpt lat="59.4655383" lon="24.872575">
			<ele>60</ele>
			<time>2026-05-22T00:42:03Z</time>
		</trkpt>
		<trkpt lat="59.4656283" lon="24.87246">
			<ele>58.8</ele>
			<time>2026-05-22T00:42:04Z</time>
		</trkpt>
		<trkpt lat="59.4657183" lon="24.872345">
			<ele>57.6</ele>
			<time>2026-05-22T00:42:05Z</time>
		</trkpt>
		<trkpt lat="59.46581" lon="24.8722317">
			<ele>56.3</ele>
			<time>2026-05-22T00:42:06Z</time>
		</trkpt>
		<trkpt lat="59.465905" lon="24.8721233">
			<ele>55.2</ele>
			<time>2026-05-22T00:42:07Z</time>
		</trkpt>
		<trkpt lat="59.46601" lon="24.872035">
			<ele>54.2</ele>
			<time>2026-05-22T00:42:08Z</time>
		</trkpt>
		<trkpt lat="59.46612" lon="24.8719783">
			<ele>53.2</ele>
			<time>2026-05-22T00:42:09Z</time>
		</trkpt>
		<trkpt lat="59.4662333" lon="24.8719667">
			<ele>51.8</ele>
			<time>2026-05-22T00:42:10Z</time>
		</trkpt>
		<trkpt lat="59.466345" lon="24.8720117">
			<ele>50.6</ele>
			<time>2026-05-22T00:42:11Z</time>
		</trkpt>
		<trkpt lat="59.46645" lon="24.8721133">
			<ele>48.7</ele>
			<time>2026-05-22T00:42:12Z</time>
		</trkpt>
		<trkpt lat="59.4665333" lon="24.8722817">
			<ele>47</ele>
			<time>2026-05-22T00:42:13Z</time>
		</trkpt>
		<trkpt lat="59.4665933" lon="24.8724983">
			<ele>45.9</ele>
			<time>2026-05-22T00:42:14Z</time>
		</trkpt>
		<trkpt lat="59.4666217" lon="24.8727367">
			<ele>45.1</ele>
			<time>2026-05-22T00:42:15Z</time>
		</trkpt>
		<trkpt lat="59.4666267" lon="24.8729817">
			<ele>44.9</ele>
			<time>2026-05-22T00:42:16Z</time>
		</trkpt>
		<trkpt lat="59.46662" lon="24.8732217">
			<ele>45.5</ele>
			<time>2026-05-22T00:42:17Z</time>
		</trkpt>
		<trkpt lat="59.4666083" lon="24.8734517">
			<ele>46.2</ele>
			<time>2026-05-22T00:42:18Z</time>
		</trkpt>
		<trkpt lat="59.46659" lon="24.8736717">
			<ele>46.2</ele>
			<time>2026-05-22T00:42:19Z</time>
		</trkpt>
		<trkpt lat="59.4665717" lon="24.87389">
			<ele>46.6</ele>
			<time>2026-05-22T00:42:20Z</time>
		</trkpt>
		<trkpt lat="59.4665483" lon="24.874105">
			<ele>47.1</ele>
			<time>2026-05-22T00:42:21Z</time>
		</trkpt>
		<trkpt lat="59.4665183" lon="24.87432">
			<ele>46.8</ele>
			<time>2026-05-22T00:42:22Z</time>
		</trkpt>
		<trkpt lat="59.4664717" lon="24.8745417">
			<ele>45.9</ele>
			<time>2026-05-22T00:42:23Z</time>
		</trkpt>
		<trkpt lat="59.4664317" lon="24.874765">
			<ele>46</ele>
			<time>2026-05-22T00:42:24Z</time>
		</trkpt>
		<trkpt lat="59.4664033" lon="24.874995">
			<ele>45.2</ele>
			<time>2026-05-22T00:42:25Z</time>
		</trkpt>
		<trkpt lat="59.4663983" lon="24.8752233">
			<ele>44.7</ele>
			<time>2026-05-22T00:42:26Z</time>
		</trkpt>
		<trkpt lat="59.46642" lon="24.875445">
			<ele>43.7</ele>
			<time>2026-05-22T00:42:27Z</time>
		</trkpt>
		<trkpt lat="59.4664617" lon="24.8756533">
			<ele>42.1</ele>
			<time>2026-05-22T00:42:28Z</time>
		</trkpt>
		<trkpt lat="59.4665183" lon="24.87585">
			<ele>40.3</ele>
			<time>2026-05-22T00:42:29Z</time>
		</trkpt>
		<trkpt lat="59.4665817" lon="24.8760433">
			<ele>38.5</ele>
			<time>2026-05-22T00:42:30Z</time>
		</trkpt>
		<trkpt lat="59.4666483" lon="24.8762333">
			<ele>38.1</ele>
			<time>2026-05-22T00:42:31Z</time>
		</trkpt>
		<trkpt lat="59.4667117" lon="24.8764167">
			<ele>38</ele>
			<time>2026-05-22T00:42:32Z</time>
		</trkpt>
		<trkpt lat="59.4667733" lon="24.87659">
			<ele>37.8</ele>
			<time>2026-05-22T00:42:33Z</time>
		</trkpt>
		<trkpt lat="59.4668417" lon="24.8767583">
			<ele>38.3</ele>
			<time>2026-05-22T00:42:34Z</time>
		</trkpt>
		<trkpt lat="59.46691" lon="24.8769267">
			<ele>38.4</ele>
			<time>2026-05-22T00:42:35Z</time>
		</trkpt>
		<trkpt lat="59.4669783" lon="24.8771">
			<ele>38.9</ele>
			<time>2026-05-22T00:42:36Z</time>
		</trkpt>
		<trkpt lat="59.4670483" lon="24.8772783">
			<ele>39.8</ele>
			<time>2026-05-22T00:42:37Z</time>
		</trkpt>
		<trkpt lat="59.4671167" lon="24.8774583">
			<ele>40.9</ele>
			<time>2026-05-22T00:42:38Z</time>
		</trkpt>
		<trkpt lat="59.4671867" lon="24.8776317">
			<ele>42</ele>
			<time>2026-05-22T00:42:39Z</time>
		</trkpt>
		<trkpt lat="59.467255" lon="24.8778033">
			<ele>43.2</ele>
			<time>2026-05-22T00:42:40Z</time>
		</trkpt>
		<trkpt lat="59.467315" lon="24.8779817">
			<ele>44.1</ele>
			<time>2026-05-22T00:42:41Z</time>
		</trkpt>
		<trkpt lat="59.46736" lon="24.87818">
			<ele>44.5</ele>
			<time>2026-05-22T00:42:42Z</time>
		</trkpt>
		<trkpt lat="59.4673767" lon="24.8784017">
			<ele>44.4</ele>
			<time>2026-05-22T00:42:43Z</time>
		</trkpt>
		<trkpt lat="59.4673583" lon="24.8786367">
			<ele>44.4</ele>
			<time>2026-05-22T00:42:44Z</time>
		</trkpt>
		<trkpt lat="59.4673033" lon="24.8788667">
			<ele>45.8</ele>
			<time>2026-05-22T00:42:45Z</time>
		</trkpt>
		<trkpt lat="59.4672067" lon="24.8790567">
			<ele>46.8</ele>
			<time>2026-05-22T00:42:46Z</time>
		</trkpt>
		<trkpt lat="59.4670883" lon="24.879195">
			<ele>48.5</ele>
			<time>2026-05-22T00:42:47Z</time>
		</trkpt>
		<trkpt lat="59.4669717" lon="24.8792983">
			<ele>51.2</ele>
			<time>2026-05-22T00:42:48Z</time>
		</trkpt>
		<trkpt lat="59.4668633" lon="24.87939">
			<ele>52.5</ele>
			<time>2026-05-22T00:42:49Z</time>
		</trkpt>
		<trkpt lat="59.466765" lon="24.879485">
			<ele>53</ele>
			<time>2026-05-22T00:42:50Z</time>
		</trkpt>
		<trkpt lat="59.46668" lon="24.8796017">
			<ele>53.3</ele>
			<time>2026-05-22T00:42:51Z</time>
		</trkpt>
		<trkpt lat="59.4666133" lon="24.8797633">
			<ele>53.4</ele>
			<time>2026-05-22T00:42:52Z</time>
		</trkpt>
		<trkpt lat="59.46657" lon="24.8799817">
			<ele>52.6</ele>
			<time>2026-05-22T00:42:53Z</time>
		</trkpt>
		<trkpt lat="59.46656" lon="24.88023">
			<ele>51.3</ele>
			<time>2026-05-22T00:42:54Z</time>
		</trkpt>
		<trkpt lat="59.4665867" lon="24.8804833">
			<ele>49.8</ele>
			<time>2026-05-22T00:42:55Z</time>
		</trkpt>
		<trkpt lat="59.46665" lon="24.8807033">
			<ele>48.1</ele>
			<time>2026-05-22T00:42:56Z</time>
		</trkpt>
		<trkpt lat="59.4667317" lon="24.880875">
			<ele>47.7</ele>
			<time>2026-05-22T00:42:57Z</time>
		</trkpt>
		<trkpt lat="59.4668133" lon="24.8810233">
			<ele>49.5</ele>
			<time>2026-05-22T00:42:58Z</time>
		</trkpt>
		<trkpt lat="59.4668783" lon="24.8811867">
			<ele>48.6</ele>
			<time>2026-05-22T00:42:59Z</time>
		</trkpt>
		<trkpt lat="59.4669183" lon="24.8813917">
			<ele>46.4</ele>
			<time>2026-05-22T00:43:00Z</time>
		</trkpt>
		<trkpt lat="59.466925" lon="24.8816317">
			<ele>44.2</ele>
			<time>2026-05-22T00:43:01Z</time>
		</trkpt>
		<trkpt lat="59.46691" lon="24.881895">
			<ele>43.1</ele>
			<time>2026-05-22T00:43:02Z</time>
		</trkpt>
		<trkpt lat="59.4668917" lon="24.88216">
			<ele>43.2</ele>
			<time>2026-05-22T00:43:03Z</time>
		</trkpt>
		<trkpt lat="59.4668783" lon="24.8824067">
			<ele>44.4</ele>
			<time>2026-05-22T00:43:04Z</time>
		</trkpt>
		<trkpt lat="59.466875" lon="24.8826367">
			<ele>45.8</ele>
			<time>2026-05-22T00:43:05Z</time>
		</trkpt>
		<trkpt lat="59.4668567" lon="24.8828533">
			<ele>46.4</ele>
			<time>2026-05-22T00:43:06Z</time>
		</trkpt>
		<trkpt lat="59.4668183" lon="24.8830633">
			<ele>46.7</ele>
			<time>2026-05-22T00:43:07Z</time>
		</trkpt>
		<trkpt lat="59.46675" lon="24.8832667">
			<ele>45.5</ele>
			<time>2026-05-22T00:43:08Z</time>
		</trkpt>
		<trkpt lat="59.4666567" lon="24.8834533">
			<ele>45.4</ele>
			<time>2026-05-22T00:43:09Z</time>
		</trkpt>
		<trkpt lat="59.4665433" lon="24.8836083">
			<ele>45.9</ele>
			<time>2026-05-22T00:43:10Z</time>
		</trkpt>
		<trkpt lat="59.4664317" lon="24.8837517">
			<ele>47.3</ele>
			<time>2026-05-22T00:43:11Z</time>
		</trkpt>
		<trkpt lat="59.4663333" lon="24.8839033">
			<ele>48.3</ele>
			<time>2026-05-22T00:43:12Z</time>
		</trkpt>
		<trkpt lat="59.46626" lon="24.8840867">
			<ele>50</ele>
			<time>2026-05-22T00:43:13Z</time>
		</trkpt>
		<trkpt lat="59.466205" lon="24.884295">
			<ele>51.5</ele>
			<time>2026-05-22T00:43:14Z</time>
		</trkpt>
		<trkpt lat="59.4661583" lon="24.8845083">
			<ele>53.1</ele>
			<time>2026-05-22T00:43:15Z</time>
		</trkpt>
		<trkpt lat="59.46611" lon="24.8847233">
			<ele>54.4</ele>
			<time>2026-05-22T00:43:16Z</time>
		</trkpt>
		<trkpt lat="59.4660567" lon="24.8849333">
			<ele>55.2</ele>
			<time>2026-05-22T00:43:17Z</time>
		</trkpt>
		<trkpt lat="59.4659967" lon="24.8851383">
			<ele>55.2</ele>
			<time>2026-05-22T00:43:18Z</time>
		</trkpt>
		<trkpt lat="59.4659333" lon="24.88534">
			<ele>55.5</ele>
			<time>2026-05-22T00:43:19Z</time>
		</trkpt>
		<trkpt lat="59.465865" lon="24.8855367">
			<ele>56.1</ele>
			<time>2026-05-22T00:43:20Z</time>
		</trkpt>
		<trkpt lat="59.465795" lon="24.8857317">
			<ele>57</ele>
			<time>2026-05-22T00:43:21Z</time>
		</trkpt>
		<trkpt lat="59.4657167" lon="24.885915">
			<ele>57.9</ele>
			<time>2026-05-22T00:43:22Z</time>
		</trkpt>
		<trkpt lat="59.4656267" lon="24.8860817">
			<ele>58.2</ele>
			<time>2026-05-22T00:43:23Z</time>
		</trkpt>
		<trkpt lat="59.4655283" lon="24.8862317">
			<ele>58.6</ele>
			<time>2026-05-22T00:43:24Z</time>
		</trkpt>
		<trkpt lat="59.465435" lon="24.8863833">
			<ele>58.6</ele>
			<time>2026-05-22T00:43:25Z</time>
		</trkpt>
		<trkpt lat="59.46536" lon="24.88656">
			<ele>58.3</ele>
			<time>2026-05-22T00:43:26Z</time>
		</trkpt>
		<trkpt lat="59.4653033" lon="24.88677">
			<ele>58.3</ele>
			<time>2026-05-22T00:43:27Z</time>
		</trkpt>
		<trkpt lat="59.465245" lon="24.8869883">
			<ele>58.3</ele>
			<time>2026-05-22T00:43:28Z</time>
		</trkpt>
		<trkpt lat="59.465165" lon="24.887185">
			<ele>57.6</ele>
			<time>2026-05-22T00:43:29Z</time>
		</trkpt>
		<trkpt lat="59.4650517" lon="24.887335">
			<ele>56.1</ele>
			<time>2026-05-22T00:43:30Z</time>
		</trkpt>
		<trkpt lat="59.46493" lon="24.8874533">
			<ele>55.2</ele>
			<time>2026-05-22T00:43:31Z</time>
		</trkpt>
		<trkpt lat="59.4648183" lon="24.8875783">
			<ele>55.1</ele>
			<time>2026-05-22T00:43:32Z</time>
		</trkpt>
		<trkpt lat="59.4647267" lon="24.88773">
			<ele>54.3</ele>
			<time>2026-05-22T00:43:33Z</time>
		</trkpt>
		<trkpt lat="59.4646633" lon="24.887925">
			<ele>52.8</ele>
			<time>2026-05-22T00:43:34Z</time>
		</trkpt>
		<trkpt lat="59.4646183" lon="24.8881567">
			<ele>51.3</ele>
			<time>2026-05-22T00:43:35Z</time>
		</trkpt>
		<trkpt lat="59.4645867" lon="24.8884083">
			<ele>49.6</ele>
			<time>2026-05-22T00:43:36Z</time>
		</trkpt>
		<trkpt lat="59.4645533" lon="24.888665">
			<ele>48</ele>
			<time>2026-05-22T00:43:37Z</time>
		</trkpt>
		<trkpt lat="59.4645117" lon="24.8889017">
			<ele>47.8</ele>
			<time>2026-05-22T00:43:38Z</time>
		</trkpt>
		<trkpt lat="59.4644583" lon="24.8891183">
			<ele>47.3</ele>
			<time>2026-05-22T00:43:39Z</time>
		</trkpt>
		<trkpt lat="59.4644033" lon="24.8893217">
			<ele>47.5</ele>
			<time>2026-05-22T00:43:40Z</time>
		</trkpt>
		<trkpt lat="59.4643467" lon="24.8895217">
			<ele>47.5</ele>
			<time>2026-05-22T00:43:41Z</time>
		</trkpt>
		<trkpt lat="59.4642833" lon="24.8897117">
			<ele>47.5</ele>
			<time>2026-05-22T00:43:42Z</time>
		</trkpt>
		<trkpt lat="59.4642133" lon="24.8898967">
			<ele>47.2</ele>
			<time>2026-05-22T00:43:43Z</time>
		</trkpt>
		<trkpt lat="59.464135" lon="24.8900783">
			<ele>47.2</ele>
			<time>2026-05-22T00:43:44Z</time>
		</trkpt>
		<trkpt lat="59.4640467" lon="24.8902567">
			<ele>47.3</ele>
			<time>2026-05-22T00:43:45Z</time>
		</trkpt>
		<trkpt lat="59.4639567" lon="24.890435">
			<ele>48</ele>
			<time>2026-05-22T00:43:46Z</time>
		</trkpt>
		<trkpt lat="59.4638633" lon="24.8905933">
			<ele>48.5</ele>
			<time>2026-05-22T00:43:47Z</time>
		</trkpt>
		<trkpt lat="59.46376" lon="24.8907033">
			<ele>48.7</ele>
			<time>2026-05-22T00:43:48Z</time>
		</trkpt>
		<trkpt lat="59.46365" lon="24.8907417">
			<ele>48.2</ele>
			<time>2026-05-22T00:43:49Z</time>
		</trkpt>
		<trkpt lat="59.4635317" lon="24.8906967">
			<ele>47.6</ele>
			<time>2026-05-22T00:43:50Z</time>
		</trkpt>
		<trkpt lat="59.4634233" lon="24.8905533">
			<ele>46.7</ele>
			<time>2026-05-22T00:43:51Z</time>
		</trkpt>
		<trkpt lat="59.4633467" lon="24.890325">
			<ele>47.3</ele>
			<time>2026-05-22T00:43:52Z</time>
		</trkpt>
		<trkpt lat="59.463305" lon="24.89006">
			<ele>48.8</ele>
			<time>2026-05-22T00:43:53Z</time>
		</trkpt>
		<trkpt lat="59.4632917" lon="24.8898083">
			<ele>50.6</ele>
			<time>2026-05-22T00:43:54Z</time>
		</trkpt>
		<trkpt lat="59.4632933" lon="24.8895817">
			<ele>51.9</ele>
			<time>2026-05-22T00:43:55Z</time>
		</trkpt>
		<trkpt lat="59.4633017" lon="24.889375">
			<ele>53</ele>
			<time>2026-05-22T00:43:56Z</time>
		</trkpt>
		<trkpt lat="59.4633083" lon="24.889185">
			<ele>53.9</ele>
			<time>2026-05-22T00:43:57Z</time>
		</trkpt>
		<trkpt lat="59.46331" lon="24.8889917">
			<ele>53.6</ele>
			<time>2026-05-22T00:43:58Z</time>
		</trkpt>
		<trkpt lat="59.463305" lon="24.8887933">
			<ele>53.4</ele>
			<time>2026-05-22T00:43:59Z</time>
		</trkpt>
		<trkpt lat="59.463285" lon="24.888575">
			<ele>52.9</ele>
			<time>2026-05-22T00:44:00Z</time>
		</trkpt>
		<trkpt lat="59.4632467" lon="24.88836">
			<ele>52.6</ele>
			<time>2026-05-22T00:44:01Z</time>
		</trkpt>
		<trkpt lat="59.4631817" lon="24.8881617">
			<ele>52.5</ele>
			<time>2026-05-22T00:44:02Z</time>
		</trkpt>
		<trkpt lat="59.4630833" lon="24.8879933">
			<ele>52.7</ele>
			<time>2026-05-22T00:44:03Z</time>
		</trkpt>
		<trkpt lat="59.4629667" lon="24.88788">
			<ele>52.8</ele>
			<time>2026-05-22T00:44:04Z</time>
		</trkpt>
		<trkpt lat="59.4628433" lon="24.88782">
			<ele>53.5</ele>
			<time>2026-05-22T00:44:05Z</time>
		</trkpt>
		<trkpt lat="59.46272" lon="24.8878133">
			<ele>55.1</ele>
			<time>2026-05-22T00:44:06Z</time>
		</trkpt>
		<trkpt lat="59.4625967" lon="24.887855">
			<ele>56.7</ele>
			<time>2026-05-22T00:44:07Z</time>
		</trkpt>
		<trkpt lat="59.4624733" lon="24.8879267">
			<ele>57.4</ele>
			<time>2026-05-22T00:44:08Z</time>
		</trkpt>
		<trkpt lat="59.4623517" lon="24.8880067">
			<ele>57.5</ele>
			<time>2026-05-22T00:44:09Z</time>
		</trkpt>
		<trkpt lat="59.4622283" lon="24.8880783">
			<ele>57.6</ele>
			<time>2026-05-22T00:44:10Z</time>
		</trkpt>
		<trkpt lat="59.4621083" lon="24.8881417">
			<ele>57.8</ele>
			<time>2026-05-22T00:44:11Z</time>
		</trkpt>
		<trkpt lat="59.4619917" lon="24.8882067">
			<ele>58.1</ele>
			<time>2026-05-22T00:44:12Z</time>
		</trkpt>
		<trkpt lat="59.46188" lon="24.8882867">
			<ele>58</ele>
			<time>2026-05-22T00:44:13Z</time>
		</trkpt>
		<trkpt lat="59.46177" lon="24.8883933">
			<ele>57.7</ele>
			<time>2026-05-22T00:44:14Z</time>
		</trkpt>
		<trkpt lat="59.461675" lon="24.88854">
			<ele>57.4</ele>
			<time>2026-05-22T00:44:15Z</time>
		</trkpt>
		<trkpt lat="59.4616017" lon="24.8887417">
			<ele>56.3</ele>
			<time>2026-05-22T00:44:16Z</time>
		</trkpt>
		<trkpt lat="59.4615583" lon="24.8889783">
			<ele>55.5</ele>
			<time>2026-05-22T00:44:17Z</time>
		</trkpt>
		<trkpt lat="59.4615433" lon="24.8892367">
			<ele>53.9</ele>
			<time>2026-05-22T00:44:18Z</time>
		</trkpt>
		<trkpt lat="59.4615533" lon="24.8894867">
			<ele>52.2</ele>
			<time>2026-05-22T00:44:19Z</time>
		</trkpt>
		<trkpt lat="59.4615733" lon="24.889735">
			<ele>49.8</ele>
			<time>2026-05-22T00:44:20Z</time>
		</trkpt>
		<trkpt lat="59.4616" lon="24.8899583">
			<ele>45.6</ele>
			<time>2026-05-22T00:44:21Z</time>
		</trkpt>
		<trkpt lat="59.46163" lon="24.8901633">
			<ele>44.4</ele>
			<time>2026-05-22T00:44:22Z</time>
		</trkpt>
		<trkpt lat="59.4616617" lon="24.890365">
			<ele>43.5</ele>
			<time>2026-05-22T00:44:23Z</time>
		</trkpt>
		<trkpt lat="59.4616917" lon="24.890575">
			<ele>42.2</ele>
			<time>2026-05-22T00:44:24Z</time>
		</trkpt>
		<trkpt lat="59.461725" lon="24.89079">
			<ele>40.6</ele>
			<time>2026-05-22T00:44:25Z</time>
		</trkpt>
		<trkpt lat="59.4617633" lon="24.8910133">
			<ele>38.1</ele>
			<time>2026-05-22T00:44:26Z</time>
		</trkpt>
		<trkpt lat="59.4618033" lon="24.89124">
			<ele>37.1</ele>
			<time>2026-05-22T00:44:27Z</time>
		</trkpt>
		<trkpt lat="59.46184" lon="24.8914683">
			<ele>37.1</ele>
			<time>2026-05-22T00:44:28Z</time>
		</trkpt>
		<trkpt lat="59.4618667" lon="24.8916983">
			<ele>36.6</ele>
			<time>2026-05-22T00:44:29Z</time>
		</trkpt>
		<trkpt lat="59.46188" lon="24.8919317">
			<ele>36.4</ele>
			<time>2026-05-22T00:44:30Z</time>
		</trkpt>
		<trkpt lat="59.4618817" lon="24.892165">
			<ele>36.7</ele>
			<time>2026-05-22T00:44:31Z</time>
		</trkpt>
		<trkpt lat="59.46187" lon="24.8924033">
			<ele>37.1</ele>
			<time>2026-05-22T00:44:32Z</time>
		</trkpt>
		<trkpt lat="59.4618483" lon="24.8926467">
			<ele>36.7</ele>
			<time>2026-05-22T00:44:33Z</time>
		</trkpt>
		<trkpt lat="59.4618167" lon="24.89289">
			<ele>37.2</ele>
			<time>2026-05-22T00:44:34Z</time>
		</trkpt>
		<trkpt lat="59.46178" lon="24.89313">
			<ele>37.7</ele>
			<time>2026-05-22T00:44:35Z</time>
		</trkpt>
		<trkpt lat="59.4617417" lon="24.893365">
			<ele>37.9</ele>
			<time>2026-05-22T00:44:36Z</time>
		</trkpt>
		<trkpt lat="59.46171" lon="24.8935933">
			<ele>38.9</ele>
			<time>2026-05-22T00:44:37Z</time>
		</trkpt>
		<trkpt lat="59.4616867" lon="24.8938167">
			<ele>40</ele>
			<time>2026-05-22T00:44:38Z</time>
		</trkpt>
		<trkpt lat="59.46166" lon="24.89404">
			<ele>39.4</ele>
			<time>2026-05-22T00:44:39Z</time>
		</trkpt>
		<trkpt lat="59.461635" lon="24.894265">
			<ele>39.5</ele>
			<time>2026-05-22T00:44:40Z</time>
		</trkpt>
		<trkpt lat="59.4616133" lon="24.894495">
			<ele>39</ele>
			<time>2026-05-22T00:44:41Z</time>
		</trkpt>
		<trkpt lat="59.4616017" lon="24.89473">
			<ele>38.4</ele>
			<time>2026-05-22T00:44:42Z</time>
		</trkpt>
		<trkpt lat="59.461605" lon="24.8949617">
			<ele>37.8</ele>
			<time>2026-05-22T00:44:43Z</time>
		</trkpt>
		<trkpt lat="59.4616283" lon="24.8951867">
			<ele>37.4</ele>
			<time>2026-05-22T00:44:44Z</time>
		</trkpt>
		<trkpt lat="59.46167" lon="24.89539">
			<ele>36.3</ele>
			<time>2026-05-22T00:44:45Z</time>
		</trkpt>
		<trkpt lat="59.461725" lon="24.895585">
			<ele>34.6</ele>
			<time>2026-05-22T00:44:46Z</time>
		</trkpt>
		<trkpt lat="59.4617917" lon="24.895775">
			<ele>33.8</ele>
			<time>2026-05-22T00:44:47Z</time>
		</trkpt>
		<trkpt lat="59.46187" lon="24.8959583">
			<ele>34.8</ele>
			<time>2026-05-22T00:44:48Z</time>
		</trkpt>
		<trkpt lat="59.4619483" lon="24.89613">
			<ele>34.9</ele>
			<time>2026-05-22T00:44:49Z</time>
		</trkpt>
		<trkpt lat="59.4620317" lon="24.89628">
			<ele>35.5</ele>
			<time>2026-05-22T00:44:50Z</time>
		</trkpt>
		<trkpt lat="59.46212" lon="24.896415">
			<ele>36.6</ele>
			<time>2026-05-22T00:44:51Z</time>
		</trkpt>
		<trkpt lat="59.4622067" lon="24.896555">
			<ele>37.8</ele>
			<time>2026-05-22T00:44:52Z</time>
		</trkpt>
		<trkpt lat="59.4622867" lon="24.89672">
			<ele>39.6</ele>
			<time>2026-05-22T00:44:53Z</time>
		</trkpt>
		<trkpt lat="59.4623467" lon="24.8969217">
			<ele>41.8</ele>
			<time>2026-05-22T00:44:54Z</time>
		</trkpt>
		<trkpt lat="59.4623717" lon="24.8971517">
			<ele>42.7</ele>
			<time>2026-05-22T00:44:55Z</time>
		</trkpt>
		<trkpt lat="59.4623667" lon="24.8974">
			<ele>43</ele>
			<time>2026-05-22T00:44:56Z</time>
		</trkpt>
		<trkpt lat="59.4623417" lon="24.89765">
			<ele>43.9</ele>
			<time>2026-05-22T00:44:57Z</time>
		</trkpt>
		<trkpt lat="59.462305" lon="24.8978867">
			<ele>46.9</ele>
			<time>2026-05-22T00:44:58Z</time>
		</trkpt>
		<trkpt lat="59.4622467" lon="24.8981">
			<ele>49.3</ele>
			<time>2026-05-22T00:44:59Z</time>
		</trkpt>
		<trkpt lat="59.4621733" lon="24.8982883">
			<ele>51.1</ele>
			<time>2026-05-22T00:45:00Z</time>
		</trkpt>
		<trkpt lat="59.4620883" lon="24.89845">
			<ele>52.1</ele>
			<time>2026-05-22T00:45:01Z</time>
		</trkpt>
		<trkpt lat="59.4619867" lon="24.8985817">
			<ele>52.6</ele>
			<time>2026-05-22T00:45:02Z</time>
		</trkpt>
		<trkpt lat="59.4618733" lon="24.8986817">
			<ele>52.4</ele>
			<time>2026-05-22T00:45:03Z</time>
		</trkpt>
		<trkpt lat="59.4617517" lon="24.8987483">
			<ele>53.2</ele>
			<time>2026-05-22T00:45:04Z</time>
		</trkpt>
		<trkpt lat="59.4616283" lon="24.8987933">
			<ele>54.1</ele>
			<time>2026-05-22T00:45:05Z</time>
		</trkpt>
		<trkpt lat="59.461505" lon="24.8988267">
			<ele>54.4</ele>
			<time>2026-05-22T00:45:06Z</time>
		</trkpt>
		<trkpt lat="59.4613833" lon="24.89884">
			<ele>55.2</ele>
			<time>2026-05-22T00:45:07Z</time>
		</trkpt>
		<trkpt lat="59.461265" lon="24.8988317">
			<ele>56.1</ele>
			<time>2026-05-22T00:45:08Z</time>
		</trkpt>
		<trkpt lat="59.4611483" lon="24.8988017">
			<ele>57.2</ele>
			<time>2026-05-22T00:45:09Z</time>
		</trkpt>
		<trkpt lat="59.46103" lon="24.8987767">
			<ele>57.8</ele>
			<time>2026-05-22T00:45:10Z</time>
		</trkpt>
		<trkpt lat="59.4609117" lon="24.8987567">
			<ele>58.7</ele>
			<time>2026-05-22T00:45:11Z</time>
		</trkpt>
		<trkpt lat="59.4607883" lon="24.8987267">
			<ele>60</ele>
			<time>2026-05-22T00:45:12Z</time>
		</trkpt>
		<trkpt lat="59.46067" lon="24.8986583">
			<ele>60</ele>
			<time>2026-05-22T00:45:13Z</time>
		</trkpt>
		<trkpt lat="59.460565" lon="24.8985267">
			<ele>59.7</ele>
			<time>2026-05-22T00:45:14Z</time>
		</trkpt>
		<trkpt lat="59.4604833" lon="24.8983333">
			<ele>58.7</ele>
			<time>2026-05-22T00:45:15Z</time>
		</trkpt>
		<trkpt lat="59.4604433" lon="24.898085">
			<ele>57</ele>
			<time>2026-05-22T00:45:16Z</time>
		</trkpt>
		<trkpt lat="59.4604483" lon="24.89782">
			<ele>56.6</ele>
			<time>2026-05-22T00:45:17Z</time>
		</trkpt>
		<trkpt lat="59.4604833" lon="24.89757">
			<ele>56.5</ele>
			<time>2026-05-22T00:45:18Z</time>
		</trkpt>
		<trkpt lat="59.4605217" lon="24.8973367">
			<ele>56.4</ele>
			<time>2026-05-22T00:45:19Z</time>
		</trkpt>
		<trkpt lat="59.46055" lon="24.89712">
			<ele>56.5</ele>
			<time>2026-05-22T00:45:20Z</time>
		</trkpt>
		<trkpt lat="59.46056" lon="24.8969133">
			<ele>56.6</ele>
			<time>2026-05-22T00:45:21Z</time>
		</trkpt>
		<trkpt lat="59.4605483" lon="24.8967067">
			<ele>56.6</ele>
			<time>2026-05-22T00:45:22Z</time>
		</trkpt>
		<trkpt lat="59.460505" lon="24.8965">
			<ele>56</ele>
			<time>2026-05-22T00:45:23Z</time>
		</trkpt>
		<trkpt lat="59.4604283" lon="24.8963083">
			<ele>56</ele>
			<time>2026-05-22T00:45:24Z</time>
		</trkpt>
		<trkpt lat="59.4603167" lon="24.8961567">
			<ele>55.9</ele>
			<time>2026-05-22T00:45:25Z</time>
		</trkpt>
		<trkpt lat="59.4601933" lon="24.8960467">
			<ele>56.3</ele>
			<time>2026-05-22T00:45:26Z</time>
		</trkpt>
		<trkpt lat="59.4600733" lon="24.89595">
			<ele>56.8</ele>
			<time>2026-05-22T00:45:27Z</time>
		</trkpt>
		<trkpt lat="59.459965" lon="24.8958483">
			<ele>57.5</ele>
			<time>2026-05-22T00:45:28Z</time>
		</trkpt>
		<trkpt lat="59.4598683" lon="24.89573">
			<ele>58</ele>
			<time>2026-05-22T00:45:29Z</time>
		</trkpt>
		<trkpt lat="59.459775" lon="24.8956033">
			<ele>57.8</ele>
			<time>2026-05-22T00:45:30Z</time>
		</trkpt>
		<trkpt lat="59.4596833" lon="24.8954683">
			<ele>57.5</ele>
			<time>2026-05-22T00:45:31Z</time>
		</trkpt>
		<trkpt lat="59.4595867" lon="24.8953283">
			<ele>57.4</ele>
			<time>2026-05-22T00:45:32Z</time>
		</trkpt>
		<trkpt lat="59.4594867" lon="24.8951917">
			<ele>57.4</ele>
			<time>2026-05-22T00:45:33Z</time>
		</trkpt>
		<trkpt lat="59.45938" lon="24.8950783">
			<ele>56.7</ele>
			<time>2026-05-22T00:45:34Z</time>
		</trkpt>
		<trkpt lat="59.459265" lon="24.8950033">
			<ele>55.8</ele>
			<time>2026-05-22T00:45:35Z</time>
		</trkpt>
		<trkpt lat="59.4591433" lon="24.89497">
			<ele>54.7</ele>
			<time>2026-05-22T00:45:36Z</time>
		</trkpt>
		<trkpt lat="59.4590217" lon="24.894975">
			<ele>53.2</ele>
			<time>2026-05-22T00:45:37Z</time>
		</trkpt>
		<trkpt lat="59.4588983" lon="24.89501">
			<ele>52.1</ele>
			<time>2026-05-22T00:45:38Z</time>
		</trkpt>
		<trkpt lat="59.458775" lon="24.89506">
			<ele>51.4</ele>
			<time>2026-05-22T00:45:39Z</time>
		</trkpt>
		<trkpt lat="59.458655" lon="24.8951067">
			<ele>51.2</ele>
			<time>2026-05-22T00:45:40Z</time>
		</trkpt>
		<trkpt lat="59.458535" lon="24.8951483">
			<ele>51.2</ele>
			<time>2026-05-22T00:45:41Z</time>
		</trkpt>
		<trkpt lat="59.458415" lon="24.895185">
			<ele>51.5</ele>
			<time>2026-05-22T00:45:42Z</time>
		</trkpt>
		<trkpt lat="59.4582967" lon="24.89522">
			<ele>51.2</ele>
			<time>2026-05-22T00:45:43Z</time>
		</trkpt>
		<trkpt lat="59.4581783" lon="24.8952483">
			<ele>51.3</ele>
			<time>2026-05-22T00:45:44Z</time>
		</trkpt>
		<trkpt lat="59.4580567" lon="24.8952767">
			<ele>51.2</ele>
			<time>2026-05-22T00:45:45Z</time>
		</trkpt>
		<trkpt lat="59.457935" lon="24.8953067">
			<ele>51.6</ele>
			<time>2026-05-22T00:45:46Z</time>
		</trkpt>
		<trkpt lat="59.4578133" lon="24.89535">
			<ele>52.2</ele>
			<time>2026-05-22T00:45:47Z</time>
		</trkpt>
		<trkpt lat="59.4576967" lon="24.8954033">
			<ele>52.8</ele>
			<time>2026-05-22T00:45:48Z</time>
		</trkpt>
		<trkpt lat="59.4575833" lon="24.895465">
			<ele>53.3</ele>
			<time>2026-05-22T00:45:49Z</time>
		</trkpt>
		<trkpt lat="59.4574733" lon="24.8955417">
			<ele>53.8</ele>
			<time>2026-05-22T00:45:50Z</time>
		</trkpt>
		<trkpt lat="59.4573667" lon="24.8956283">
			<ele>54.5</ele>
			<time>2026-05-22T00:45:51Z</time>
		</trkpt>
		<trkpt lat="59.45726" lon="24.89574">
			<ele>54.8</ele>
			<time>2026-05-22T00:45:52Z</time>
		</trkpt>
		<trkpt lat="59.457155" lon="24.895875">
			<ele>54.9</ele>
			<time>2026-05-22T00:45:53Z</time>
		</trkpt>
		<trkpt lat="59.45706" lon="24.8960183">
			<ele>54.8</ele>
			<time>2026-05-22T00:45:54Z</time>
		</trkpt>
		<trkpt lat="59.4569733" lon="24.8961783">
			<ele>55.1</ele>
			<time>2026-05-22T00:45:55Z</time>
		</trkpt>
		<trkpt lat="59.456895" lon="24.8963667">
			<ele>54.6</ele>
			<time>2026-05-22T00:45:56Z</time>
		</trkpt>
		<trkpt lat="59.45683" lon="24.896565">
			<ele>54.6</ele>
			<time>2026-05-22T00:45:57Z</time>
		</trkpt>
		<trkpt lat="59.4567767" lon="24.896775">
			<ele>54.4</ele>
			<time>2026-05-22T00:45:58Z</time>
		</trkpt>
		<trkpt lat="59.456735" lon="24.896995">
			<ele>52.9</ele>
			<time>2026-05-22T00:45:59Z</time>
		</trkpt>
		<trkpt lat="59.456705" lon="24.89722">
			<ele>50.7</ele>
			<time>2026-05-22T00:46:00Z</time>
		</trkpt>
		<trkpt lat="59.4566933" lon="24.8974467">
			<ele>49.8</ele>
			<time>2026-05-22T00:46:01Z</time>
		</trkpt>
		<trkpt lat="59.45671" lon="24.8976717">
			<ele>48.9</ele>
			<time>2026-05-22T00:46:02Z</time>
		</trkpt>
		<trkpt lat="59.45676" lon="24.8978717">
			<ele>47</ele>
			<time>2026-05-22T00:46:03Z</time>
		</trkpt>
		<trkpt lat="59.4568433" lon="24.8980367">
			<ele>44.8</ele>
			<time>2026-05-22T00:46:04Z</time>
		</trkpt>
		<trkpt lat="59.45696" lon="24.8981483">
			<ele>44.2</ele>
			<time>2026-05-22T00:46:05Z</time>
		</trkpt>
		<trkpt lat="59.457085" lon="24.8982283">
			<ele>46.2</ele>
			<time>2026-05-22T00:46:06Z</time>
		</trkpt>
		<trkpt lat="59.4571983" lon="24.8983117">
			<ele>48.5</ele>
			<time>2026-05-22T00:46:07Z</time>
		</trkpt>
		<trkpt lat="59.457295" lon="24.8984217">
			<ele>50</ele>
			<time>2026-05-22T00:46:08Z</time>
		</trkpt>
		<trkpt lat="59.457375" lon="24.8985617">
			<ele>51</ele>
			<time>2026-05-22T00:46:09Z</time>
		</trkpt>
		<trkpt lat="59.4574483" lon="24.8987183">
			<ele>50.2</ele>
			<time>2026-05-22T00:46:10Z</time>
		</trkpt>
		<trkpt lat="59.457525" lon="24.898875">
			<ele>49.5</ele>
			<time>2026-05-22T00:46:11Z</time>
		</trkpt>
		<trkpt lat="59.4576133" lon="24.8990233">
			<ele>49.3</ele>
			<time>2026-05-22T00:46:12Z</time>
		</trkpt>
		<trkpt lat="59.4577067" lon="24.89917">
			<ele>49.1</ele>
			<time>2026-05-22T00:46:13Z</time>
		</trkpt>
		<trkpt lat="59.4577967" lon="24.8993267">
			<ele>48.6</ele>
			<time>2026-05-22T00:46:14Z</time>
		</trkpt>
		<trkpt lat="59.4578767" lon="24.8995017">
			<ele>48.3</ele>
			<time>2026-05-22T00:46:15Z</time>
		</trkpt>
		<trkpt lat="59.457945" lon="24.8996917">
			<ele>48.7</ele>
			<time>2026-05-22T00:46:16Z</time>
		</trkpt>
		<trkpt lat="59.458005" lon="24.89989">
			<ele>49.7</ele>
			<time>2026-05-22T00:46:17Z</time>
		</trkpt>
		<trkpt lat="59.45806" lon="24.9000883">
			<ele>49.9</ele>
			<time>2026-05-22T00:46:18Z</time>
		</trkpt>
		<trkpt lat="59.458115" lon="24.9002833">
			<ele>49.9</ele>
			<time>2026-05-22T00:46:19Z</time>
		</trkpt>
		<trkpt lat="59.4581667" lon="24.900485">
			<ele>49.8</ele>
			<time>2026-05-22T00:46:20Z</time>
		</trkpt>
		<trkpt lat="59.4582083" lon="24.9007067">
			<ele>49.6</ele>
			<time>2026-05-22T00:46:21Z</time>
		</trkpt>
		<trkpt lat="59.4582367" lon="24.900945">
			<ele>49.3</ele>
			<time>2026-05-22T00:46:22Z</time>
		</trkpt>
		<trkpt lat="59.4582517" lon="24.90119">
			<ele>49.6</ele>
			<time>2026-05-22T00:46:23Z</time>
		</trkpt>
		<trkpt lat="59.4582483" lon="24.9014367">
			<ele>49</ele>
			<time>2026-05-22T00:46:24Z</time>
		</trkpt>
		<trkpt lat="59.4582383" lon="24.90168">
			<ele>50.6</ele>
			<time>2026-05-22T00:46:25Z</time>
		</trkpt>
		<trkpt lat="59.45821" lon="24.901915">
			<ele>51.7</ele>
			<time>2026-05-22T00:46:26Z</time>
		</trkpt>
		<trkpt lat="59.4581633" lon="24.9021433">
			<ele>52.7</ele>
			<time>2026-05-22T00:46:27Z</time>
		</trkpt>
		<trkpt lat="59.4581033" lon="24.902355">
			<ele>54.5</ele>
			<time>2026-05-22T00:46:28Z</time>
		</trkpt>
		<trkpt lat="59.458025" lon="24.9025417">
			<ele>55.8</ele>
			<time>2026-05-22T00:46:29Z</time>
		</trkpt>
		<trkpt lat="59.4579367" lon="24.9027017">
			<ele>57.6</ele>
			<time>2026-05-22T00:46:30Z</time>
		</trkpt>
		<trkpt lat="59.4578367" lon="24.9028333">
			<ele>58.8</ele>
			<time>2026-05-22T00:46:31Z</time>
		</trkpt>
		<trkpt lat="59.4577283" lon="24.9029367">
			<ele>59.5</ele>
			<time>2026-05-22T00:46:32Z</time>
		</trkpt>
		<trkpt lat="59.45761" lon="24.9030183">
			<ele>60.1</ele>
			<time>2026-05-22T00:46:33Z</time>
		</trkpt>
		<trkpt lat="59.4574933" lon="24.90309">
			<ele>61.4</ele>
			<time>2026-05-22T00:46:34Z</time>
		</trkpt>
		<trkpt lat="59.45738" lon="24.9031667">
			<ele>62.8</ele>
			<time>2026-05-22T00:46:35Z</time>
		</trkpt>
		<trkpt lat="59.4572733" lon="24.9032633">
			<ele>63.7</ele>
			<time>2026-05-22T00:46:36Z</time>
		</trkpt>
		<trkpt lat="59.45717" lon="24.9033867">
			<ele>64.3</ele>
			<time>2026-05-22T00:46:37Z</time>
		</trkpt>
		<trkpt lat="59.4570633" lon="24.9035167">
			<ele>64.4</ele>
			<time>2026-05-22T00:46:38Z</time>
		</trkpt>
		<trkpt lat="59.4569517" lon="24.9036383">
			<ele>64.7</ele>
			<time>2026-05-22T00:46:39Z</time>
		</trkpt>
		<trkpt lat="59.456835" lon="24.9037417">
			<ele>64.8</ele>
			<time>2026-05-22T00:46:40Z</time>
		</trkpt>
		<trkpt lat="59.456715" lon="24.9038183">
			<ele>64.8</ele>
			<time>2026-05-22T00:46:41Z</time>
		</trkpt>
		<trkpt lat="59.4565917" lon="24.9038467">
			<ele>65.3</ele>
			<time>2026-05-22T00:46:42Z</time>
		</trkpt>
		<trkpt lat="59.45647" lon="24.9038183">
			<ele>65.5</ele>
			<time>2026-05-22T00:46:43Z</time>
		</trkpt>
		<trkpt lat="59.456355" lon="24.9037333">
			<ele>65.2</ele>
			<time>2026-05-22T00:46:44Z</time>
		</trkpt>
		<trkpt lat="59.45625" lon="24.903605">
			<ele>64.9</ele>
			<time>2026-05-22T00:46:45Z</time>
		</trkpt>
		<trkpt lat="59.4561517" lon="24.90346">
			<ele>66</ele>
			<time>2026-05-22T00:46:46Z</time>
		</trkpt>
		<trkpt lat="59.4560517" lon="24.9033217">
			<ele>66.8</ele>
			<time>2026-05-22T00:46:47Z</time>
		</trkpt>
		<trkpt lat="59.4559483" lon="24.9032033">
			<ele>67.4</ele>
			<time>2026-05-22T00:46:48Z</time>
		</trkpt>
		<trkpt lat="59.4558433" lon="24.9031117">
			<ele>67.7</ele>
			<time>2026-05-22T00:46:49Z</time>
		</trkpt>
		<trkpt lat="59.4557333" lon="24.9030333">
			<ele>68.3</ele>
			<time>2026-05-22T00:46:50Z</time>
		</trkpt>
		<trkpt lat="59.4556183" lon="24.9029567">
			<ele>68.7</ele>
			<time>2026-05-22T00:46:51Z</time>
		</trkpt>
		<trkpt lat="59.4555" lon="24.902875">
			<ele>69.3</ele>
			<time>2026-05-22T00:46:52Z</time>
		</trkpt>
		<trkpt lat="59.4553833" lon="24.90278">
			<ele>70.4</ele>
			<time>2026-05-22T00:46:53Z</time>
		</trkpt>
		<trkpt lat="59.4552683" lon="24.9026683">
			<ele>71.8</ele>
			<time>2026-05-22T00:46:54Z</time>
		</trkpt>
		<trkpt lat="59.455165" lon="24.9025417">
			<ele>73.2</ele>
			<time>2026-05-22T00:46:55Z</time>
		</trkpt>
		<trkpt lat="59.4550683" lon="24.90241">
			<ele>74.2</ele>
			<time>2026-05-22T00:46:56Z</time>
		</trkpt>
		<trkpt lat="59.4549717" lon="24.9022817">
			<ele>75.3</ele>
			<time>2026-05-22T00:46:57Z</time>
		</trkpt>
		<trkpt lat="59.4548733" lon="24.9021483">
			<ele>75.7</ele>
			<time>2026-05-22T00:46:58Z</time>
		</trkpt>
		<trkpt lat="59.4547717" lon="24.9020117">
			<ele>76.3</ele>
			<time>2026-05-22T00:46:59Z</time>
		</trkpt>
		<trkpt lat="59.4546717" lon="24.90187">
			<ele>76.6</ele>
			<time>2026-05-22T00:47:00Z</time>
		</trkpt>
		<trkpt lat="59.4545683" lon="24.90173">
			<ele>77.1</ele>
			<time>2026-05-22T00:47:01Z</time>
		</trkpt>
		<trkpt lat="59.454465" lon="24.9015883">
			<ele>78</ele>
			<time>2026-05-22T00:47:02Z</time>
		</trkpt>
		<trkpt lat="59.4543667" lon="24.9014467">
			<ele>78.7</ele>
			<time>2026-05-22T00:47:03Z</time>
		</trkpt>
		<trkpt lat="59.4542717" lon="24.901305">
			<ele>79.6</ele>
			<time>2026-05-22T00:47:04Z</time>
		</trkpt>
		<trkpt lat="59.45418" lon="24.9011567">
			<ele>80.6</ele>
			<time>2026-05-22T00:47:05Z</time>
		</trkpt>
		<trkpt lat="59.45409" lon="24.9010033">
			<ele>81.1</ele>
			<time>2026-05-22T00:47:06Z</time>
		</trkpt>
		<trkpt lat="59.454" lon="24.9008433">
			<ele>81.5</ele>
			<time>2026-05-22T00:47:07Z</time>
		</trkpt>
		<trkpt lat="59.4539117" lon="24.9006783">
			<ele>81.9</ele>
			<time>2026-05-22T00:47:08Z</time>
		</trkpt>
		<trkpt lat="59.4538267" lon="24.9005033">
			<ele>82.2</ele>
			<time>2026-05-22T00:47:09Z</time>
		</trkpt>
		<trkpt lat="59.4537483" lon="24.9003267">
			<ele>82.5</ele>
			<time>2026-05-22T00:47:10Z</time>
		</trkpt>
		<trkpt lat="59.4536717" lon="24.9001417">
			<ele>83.5</ele>
			<time>2026-05-22T00:47:11Z</time>
		</trkpt>
		<trkpt lat="59.4536" lon="24.89995">
			<ele>84.4</ele>
			<time>2026-05-22T00:47:12Z</time>
		</trkpt>
		<trkpt lat="59.4535317" lon="24.8997533">
			<ele>85.1</ele>
			<time>2026-05-22T00:47:13Z</time>
		</trkpt>
		<trkpt lat="59.453465" lon="24.8995567">
			<ele>85.9</ele>
			<time>2026-05-22T00:47:14Z</time>
		</trkpt>
		<trkpt lat="59.4534" lon="24.8993617">
			<ele>86.8</ele>
			<time>2026-05-22T00:47:15Z</time>
		</trkpt>
		<trkpt lat="59.45334" lon="24.899165">
			<ele>87.6</ele>
			<time>2026-05-22T00:47:16Z</time>
		</trkpt>
		<trkpt lat="59.45328" lon="24.8989667">
			<ele>88.6</ele>
			<time>2026-05-22T00:47:17Z</time>
		</trkpt>
		<trkpt lat="59.4532233" lon="24.89877">
			<ele>89.1</ele>
			<time>2026-05-22T00:47:18Z</time>
		</trkpt>
		<trkpt lat="59.453165" lon="24.8985733">
			<ele>89.6</ele>
			<time>2026-05-22T00:47:19Z</time>
		</trkpt>
		<trkpt lat="59.4531067" lon="24.898375">
			<ele>90.1</ele>
			<time>2026-05-22T00:47:20Z</time>
		</trkpt>
		<trkpt lat="59.453055" lon="24.8981733">
			<ele>90.6</ele>
			<time>2026-05-22T00:47:21Z</time>
		</trkpt>
		<trkpt lat="59.4530067" lon="24.8979633">
			<ele>91.4</ele>
			<time>2026-05-22T00:47:22Z</time>
		</trkpt>
		<trkpt lat="59.4529633" lon="24.897745">
			<ele>92.7</ele>
			<time>2026-05-22T00:47:23Z</time>
		</trkpt>
		<trkpt lat="59.452925" lon="24.8975317">
			<ele>93.3</ele>
			<time>2026-05-22T00:47:24Z</time>
		</trkpt>
		<trkpt lat="59.4528867" lon="24.8973167">
			<ele>93.9</ele>
			<time>2026-05-22T00:47:25Z</time>
		</trkpt>
		<trkpt lat="59.4528517" lon="24.8971">
			<ele>94.1</ele>
			<time>2026-05-22T00:47:26Z</time>
		</trkpt>
		<trkpt lat="59.4528217" lon="24.89688">
			<ele>94.6</ele>
			<time>2026-05-22T00:47:27Z</time>
		</trkpt>
		<trkpt lat="59.452795" lon="24.8966633">
			<ele>94.6</ele>
			<time>2026-05-22T00:47:28Z</time>
		</trkpt>
		<trkpt lat="59.4527717" lon="24.8964483">
			<ele>94.1</ele>
			<time>2026-05-22T00:47:29Z</time>
		</trkpt>
		<trkpt lat="59.45275" lon="24.8962283">
			<ele>94.1</ele>
			<time>2026-05-22T00:47:30Z</time>
		</trkpt>
		<trkpt lat="59.45273" lon="24.8960033">
			<ele>93.5</ele>
			<time>2026-05-22T00:47:31Z</time>
		</trkpt>
		<trkpt lat="59.4527117" lon="24.8957717">
			<ele>93.5</ele>
			<time>2026-05-22T00:47:32Z</time>
		</trkpt>
		<trkpt lat="59.4527017" lon="24.8955383">
			<ele>94</ele>
			<time>2026-05-22T00:47:33Z</time>
		</trkpt>
		<trkpt lat="59.452705" lon="24.8953">
			<ele>94.5</ele>
			<time>2026-05-22T00:47:34Z</time>
		</trkpt>
		<trkpt lat="59.45273" lon="24.8950733">
			<ele>96.1</ele>
			<time>2026-05-22T00:47:35Z</time>
		</trkpt>
		<trkpt lat="59.4527717" lon="24.8948833">
			<ele>97.6</ele>
			<time>2026-05-22T00:47:36Z</time>
		</trkpt>
		<trkpt lat="59.4528217" lon="24.8947267">
			<ele>98.6</ele>
			<time>2026-05-22T00:47:37Z</time>
		</trkpt>
		<trkpt lat="59.45287" lon="24.8945783">
			<ele>99.7</ele>
			<time>2026-05-22T00:47:38Z</time>
		</trkpt>
		<trkpt lat="59.4529167" lon="24.8944267">
			<ele>99.5</ele>
			<time>2026-05-22T00:47:39Z</time>
		</trkpt>
		<trkpt lat="59.452965" lon="24.89426">
			<ele>99.1</ele>
			<time>2026-05-22T00:47:40Z</time>
		</trkpt>
		<trkpt lat="59.4530283" lon="24.8940917">
			<ele>98.7</ele>
			<time>2026-05-22T00:47:41Z</time>
		</trkpt>
		<trkpt lat="59.4531033" lon="24.89394">
			<ele>98.7</ele>
			<time>2026-05-22T00:47:42Z</time>
		</trkpt>
		<trkpt lat="59.4531867" lon="24.8938233">
			<ele>99.1</ele>
			<time>2026-05-22T00:47:43Z</time>
		</trkpt>
		<trkpt lat="59.4532683" lon="24.8937267">
			<ele>99.6</ele>
			<time>2026-05-22T00:47:44Z</time>
		</trkpt>
		<trkpt lat="59.4533483" lon="24.8936517">
			<ele>99.7</ele>
			<time>2026-05-22T00:47:45Z</time>
		</trkpt>
		<trkpt lat="59.4534283" lon="24.893595">
			<ele>99.4</ele>
			<time>2026-05-22T00:47:46Z</time>
		</trkpt>
		<trkpt lat="59.4535183" lon="24.8935667">
			<ele>99.7</ele>
			<time>2026-05-22T00:47:47Z</time>
		</trkpt>
		<trkpt lat="59.4536183" lon="24.8936">
			<ele>98.8</ele>
			<time>2026-05-22T00:47:48Z</time>
		</trkpt>
		<trkpt lat="59.45372" lon="24.8937133">
			<ele>96.8</ele>
			<time>2026-05-22T00:47:49Z</time>
		</trkpt>
		<trkpt lat="59.4538033" lon="24.893895">
			<ele>93.4</ele>
			<time>2026-05-22T00:47:50Z</time>
		</trkpt>
		<trkpt lat="59.4538617" lon="24.894115">
			<ele>91.7</ele>
			<time>2026-05-22T00:47:51Z</time>
		</trkpt>
		<trkpt lat="59.45391" lon="24.8943267">
			<ele>90.5</ele>
			<time>2026-05-22T00:47:52Z</time>
		</trkpt>
		<trkpt lat="59.4539583" lon="24.894515">
			<ele>89.5</ele>
			<time>2026-05-22T00:47:53Z</time>
		</trkpt>
		<trkpt lat="59.4540133" lon="24.8946867">
			<ele>89</ele>
			<time>2026-05-22T00:47:54Z</time>
		</trkpt>
		<trkpt lat="59.4540633" lon="24.8948667">
			<ele>88</ele>
			<time>2026-05-22T00:47:55Z</time>
		</trkpt>
		<trkpt lat="59.4541083" lon="24.8950617">
			<ele>86.8</ele>
			<time>2026-05-22T00:47:56Z</time>
		</trkpt>
		<trkpt lat="59.45415" lon="24.89527">
			<ele>86.1</ele>
			<time>2026-05-22T00:47:57Z</time>
		</trkpt>
		<trkpt lat="59.4541933" lon="24.895485">
			<ele>86.4</ele>
			<time>2026-05-22T00:47:58Z</time>
		</trkpt>
		<trkpt lat="59.454235" lon="24.89569">
			<ele>86.3</ele>
			<time>2026-05-22T00:47:59Z</time>
		</trkpt>
		<trkpt lat="59.4542783" lon="24.8958717">
			<ele>86</ele>
			<time>2026-05-22T00:48:00Z</time>
		</trkpt>
		<trkpt lat="59.4543317" lon="24.8960267">
			<ele>85.4</ele>
			<time>2026-05-22T00:48:01Z</time>
		</trkpt>
		<trkpt lat="59.4543983" lon="24.89616">
			<ele>84.6</ele>
			<time>2026-05-22T00:48:02Z</time>
		</trkpt>
		<trkpt lat="59.454475" lon="24.8962733">
			<ele>83.6</ele>
			<time>2026-05-22T00:48:03Z</time>
		</trkpt>
		<trkpt lat="59.4545667" lon="24.8963417">
			<ele>82.7</ele>
			<time>2026-05-22T00:48:04Z</time>
		</trkpt>
		<trkpt lat="59.45467" lon="24.89635">
			<ele>82</ele>
			<time>2026-05-22T00:48:05Z</time>
		</trkpt>
		<trkpt lat="59.4547717" lon="24.8962867">
			<ele>81.2</ele>
			<time>2026-05-22T00:48:06Z</time>
		</trkpt>
		<trkpt lat="59.4548683" lon="24.8961767">
			<ele>80.8</ele>
			<time>2026-05-22T00:48:07Z</time>
		</trkpt>
		<trkpt lat="59.4549633" lon="24.8960617">
			<ele>81.6</ele>
			<time>2026-05-22T00:48:08Z</time>
		</trkpt>
		<trkpt lat="59.455055" lon="24.89597">
			<ele>81.3</ele>
			<time>2026-05-22T00:48:09Z</time>
		</trkpt>
		<trkpt lat="59.45515" lon="24.8959017">
			<ele>81</ele>
			<time>2026-05-22T00:48:10Z</time>
		</trkpt>
		<trkpt lat="59.4552467" lon="24.89584">
			<ele>80</ele>
			<time>2026-05-22T00:48:11Z</time>
		</trkpt>
		<trkpt lat="59.4553483" lon="24.8957683">
			<ele>79</ele>
			<time>2026-05-22T00:48:12Z</time>
		</trkpt>
		<trkpt lat="59.4554533" lon="24.895695">
			<ele>78.8</ele>
			<time>2026-05-22T00:48:13Z</time>
		</trkpt>
		<trkpt lat="59.4555567" lon="24.895645">
			<ele>79</ele>
			<time>2026-05-22T00:48:14Z</time>
		</trkpt>
		<trkpt lat="59.4556567" lon="24.89564">
			<ele>79</ele>
			<time>2026-05-22T00:48:15Z</time>
		</trkpt>
		<trkpt lat="59.455745" lon="24.895695">
			<ele>78.6</ele>
			<time>2026-05-22T00:48:16Z</time>
		</trkpt>
		<trkpt lat="59.4558183" lon="24.895815">
			<ele>77.2</ele>
			<time>2026-05-22T00:48:17Z</time>
		</trkpt>
		<trkpt lat="59.455875" lon="24.8959983">
			<ele>76.6</ele>
			<time>2026-05-22T00:48:18Z</time>
		</trkpt>
		<trkpt lat="59.455905" lon="24.8962267">
			<ele>77.3</ele>
			<time>2026-05-22T00:48:19Z</time>
		</trkpt>
		<trkpt lat="59.4558883" lon="24.8964717">
			<ele>77.3</ele>
			<time>2026-05-22T00:48:20Z</time>
		</trkpt>
		<trkpt lat="59.4558383" lon="24.89669">
			<ele>78.1</ele>
			<time>2026-05-22T00:48:21Z</time>
		</trkpt>
		<trkpt lat="59.4557633" lon="24.89687">
			<ele>77.9</ele>
			<time>2026-05-22T00:48:22Z</time>
		</trkpt>
		<trkpt lat="59.455675" lon="24.8970083">
			<ele>78.5</ele>
			<time>2026-05-22T00:48:23Z</time>
		</trkpt>
		<trkpt lat="59.4555783" lon="24.8970967">
			<ele>78.8</ele>
			<time>2026-05-22T00:48:24Z</time>
		</trkpt>
		<trkpt lat="59.45547" lon="24.8971217">
			<ele>79.2</ele>
			<time>2026-05-22T00:48:25Z</time>
		</trkpt>
		<trkpt lat="59.4553567" lon="24.897075">
			<ele>79.3</ele>
			<time>2026-05-22T00:48:26Z</time>
		</trkpt>
		<trkpt lat="59.4552533" lon="24.8969633">
			<ele>79.4</ele>
			<time>2026-05-22T00:48:27Z</time>
		</trkpt>
		<trkpt lat="59.4551683" lon="24.8968067">
			<ele>79.8</ele>
			<time>2026-05-22T00:48:28Z</time>
		</trkpt>
		<trkpt lat="59.4551033" lon="24.8966333">
			<ele>80.3</ele>
			<time>2026-05-22T00:48:29Z</time>
		</trkpt>
		<trkpt lat="59.4550717" lon="24.8964433">
			<ele>81</ele>
			<time>2026-05-22T00:48:30Z</time>
		</trkpt>
		<trkpt lat="59.455075" lon="24.8962467">
			<ele>81.1</ele>
			<time>2026-05-22T00:48:31Z</time>
		</trkpt>
		<trkpt lat="59.4551117" lon="24.8960567">
			<ele>80.6</ele>
			<time>2026-05-22T00:48:32Z</time>
		</trkpt>
		<trkpt lat="59.4551617" lon="24.8958767">
			<ele>80.2</ele>
			<time>2026-05-22T00:48:33Z</time>
		</trkpt>
		<trkpt lat="59.45521" lon="24.89569">
			<ele>80.4</ele>
			<time>2026-05-22T00:48:34Z</time>
		</trkpt>
		<trkpt lat="59.455235" lon="24.8954933">
			<ele>81.1</ele>
			<time>2026-05-22T00:48:35Z</time>
		</trkpt>
		<trkpt lat="59.455225" lon="24.8953">
			<ele>81.9</ele>
			<time>2026-05-22T00:48:36Z</time>
		</trkpt>
		<trkpt lat="59.45518" lon="24.8951133">
			<ele>82.3</ele>
			<time>2026-05-22T00:48:37Z</time>
		</trkpt>
		<trkpt lat="59.4551233" lon="24.8949217">
			<ele>83.4</ele>
			<time>2026-05-22T00:48:38Z</time>
		</trkpt>
		<trkpt lat="59.4550883" lon="24.894725">
			<ele>83.8</ele>
			<time>2026-05-22T00:48:39Z</time>
		</trkpt>
		<trkpt lat="59.4551" lon="24.89453">
			<ele>82.8</ele>
			<time>2026-05-22T00:48:40Z</time>
		</trkpt>
		<trkpt lat="59.4551783" lon="24.8943667">
			<ele>81.1</ele>
			<time>2026-05-22T00:48:41Z</time>
		</trkpt>
		<trkpt lat="59.4553033" lon="24.8942483">
			<ele>79.7</ele>
			<time>2026-05-22T00:48:42Z</time>
		</trkpt>
		<trkpt lat="59.45542" lon="24.894125">
			<ele>78.9</ele>
			<time>2026-05-22T00:48:43Z</time>
		</trkpt>
		<trkpt lat="59.455475" lon="24.8939483">
			<ele>78.1</ele>
			<time>2026-05-22T00:48:44Z</time>
		</trkpt>
		<trkpt lat="59.4554683" lon="24.8937367">
			<ele>77.3</ele>
			<time>2026-05-22T00:48:45Z</time>
		</trkpt>
		<trkpt lat="59.4553933" lon="24.89352">
			<ele>76.7</ele>
			<time>2026-05-22T00:48:46Z</time>
		</trkpt>
		<trkpt lat="59.455325" lon="24.8932967">
			<ele>76.7</ele>
			<time>2026-05-22T00:48:47Z</time>
		</trkpt>
		<trkpt lat="59.4552967" lon="24.8930533">
			<ele>76.4</ele>
			<time>2026-05-22T00:48:48Z</time>
		</trkpt>
		<trkpt lat="59.4553467" lon="24.8928483">
			<ele>73.9</ele>
			<time>2026-05-22T00:48:49Z</time>
		</trkpt>
		<trkpt lat="59.4554533" lon="24.892745">
			<ele>70.8</ele>
			<time>2026-05-22T00:48:50Z</time>
		</trkpt>
		<trkpt lat="59.4556" lon="24.8928283">
			<ele>67.3</ele>
			<time>2026-05-22T00:48:51Z</time>
		</trkpt>
		<trkpt lat="59.455695" lon="24.8930783">
			<ele>65</ele>
			<time>2026-05-22T00:48:52Z</time>
		</trkpt>
		<trkpt lat="59.45573" lon="24.893345">
			<ele>66</ele>
			<time>2026-05-22T00:48:53Z</time>
		</trkpt>
		<trkpt lat="59.4557467" lon="24.8935517">
			<ele>67.3</ele>
			<time>2026-05-22T00:48:54Z</time>
		</trkpt>
		<trkpt lat="59.4557867" lon="24.893675">
			<ele>67.6</ele>
			<time>2026-05-22T00:48:55Z</time>
		</trkpt>
		<trkpt lat="59.4558517" lon="24.893755">
			<ele>68.8</ele>
			<time>2026-05-22T00:48:56Z</time>
		</trkpt>
		<trkpt lat="59.45596" lon="24.89373">
			<ele>68.7</ele>
			<time>2026-05-22T00:48:57Z</time>
		</trkpt>
		<trkpt lat="59.45608" lon="24.8937083">
			<ele>68.1</ele>
			<time>2026-05-22T00:48:58Z</time>
		</trkpt>
		<trkpt lat="59.4562017" lon="24.89373">
			<ele>68.2</ele>
			<time>2026-05-22T00:48:59Z</time>
		</trkpt>
		<trkpt lat="59.456305" lon="24.8938217">
			<ele>68</ele>
			<time>2026-05-22T00:49:00Z</time>
		</trkpt>
		<trkpt lat="59.4563717" lon="24.893995">
			<ele>66.6</ele>
			<time>2026-05-22T00:49:01Z</time>
		</trkpt>
		<trkpt lat="59.4564017" lon="24.89422">
			<ele>65.4</ele>
			<time>2026-05-22T00:49:02Z</time>
		</trkpt>
		<trkpt lat="59.4564067" lon="24.89445">
			<ele>66.1</ele>
			<time>2026-05-22T00:49:03Z</time>
		</trkpt>
		<trkpt lat="59.4563883" lon="24.8946667">
			<ele>66.8</ele>
			<time>2026-05-22T00:49:04Z</time>
		</trkpt>
		<trkpt lat="59.4563517" lon="24.8948617">
			<ele>67.1</ele>
			<time>2026-05-22T00:49:05Z</time>
		</trkpt>
		<trkpt lat="59.4562983" lon="24.8950367">
			<ele>65.9</ele>
			<time>2026-05-22T00:49:06Z</time>
		</trkpt>
		<trkpt lat="59.4562317" lon="24.8952">
			<ele>65.5</ele>
			<time>2026-05-22T00:49:07Z</time>
		</trkpt>
		<trkpt lat="59.4561483" lon="24.8953467">
			<ele>65.3</ele>
			<time>2026-05-22T00:49:08Z</time>
		</trkpt>
		<trkpt lat="59.4560483" lon="24.895475">
			<ele>65.7</ele>
			<time>2026-05-22T00:49:09Z</time>
		</trkpt>
		<trkpt lat="59.4559433" lon="24.8955883">
			<ele>67.1</ele>
			<time>2026-05-22T00:49:10Z</time>
		</trkpt>
		<trkpt lat="59.4558417" lon="24.8956833">
			<ele>68.4</ele>
			<time>2026-05-22T00:49:11Z</time>
		</trkpt>
		<trkpt lat="59.4557417" lon="24.8957683">
			<ele>69.8</ele>
			<time>2026-05-22T00:49:12Z</time>
		</trkpt>
		<trkpt lat="59.45564" lon="24.8958517">
			<ele>70.9</ele>
			<time>2026-05-22T00:49:13Z</time>
		</trkpt>
		<trkpt lat="59.4555367" lon="24.89593">
			<ele>72.2</ele>
			<time>2026-05-22T00:49:14Z</time>
		</trkpt>
		<trkpt lat="59.4554283" lon="24.895995">
			<ele>73.2</ele>
			<time>2026-05-22T00:49:15Z</time>
		</trkpt>
		<trkpt lat="59.4553183" lon="24.8960433">
			<ele>74.3</ele>
			<time>2026-05-22T00:49:16Z</time>
		</trkpt>
		<trkpt lat="59.4552083" lon="24.8960617">
			<ele>75</ele>
			<time>2026-05-22T00:49:17Z</time>
		</trkpt>
		<trkpt lat="59.4551033" lon="24.896025">
			<ele>75.5</ele>
			<time>2026-05-22T00:49:18Z</time>
		</trkpt>
		<trkpt lat="59.4550117" lon="24.895925">
			<ele>76.2</ele>
			<time>2026-05-22T00:49:19Z</time>
		</trkpt>
		<trkpt lat="59.4549283" lon="24.8957733">
			<ele>77.3</ele>
			<time>2026-05-22T00:49:20Z</time>
		</trkpt>
		<trkpt lat="59.4548633" lon="24.8955817">
			<ele>77.9</ele>
			<time>2026-05-22T00:49:21Z</time>
		</trkpt>
		<trkpt lat="59.4548183" lon="24.8953667">
			<ele>77.9</ele>
			<time>2026-05-22T00:49:22Z</time>
		</trkpt>
		<trkpt lat="59.4547867" lon="24.8951467">
			<ele>79.1</ele>
			<time>2026-05-22T00:49:23Z</time>
		</trkpt>
		<trkpt lat="59.4547567" lon="24.8949283">
			<ele>80.3</ele>
			<time>2026-05-22T00:49:24Z</time>
		</trkpt>
		<trkpt lat="59.45473" lon="24.894725">
			<ele>81.1</ele>
			<time>2026-05-22T00:49:25Z</time>
		</trkpt>
		<trkpt lat="59.454705" lon="24.894525">
			<ele>81.3</ele>
			<time>2026-05-22T00:49:26Z</time>
		</trkpt>
		<trkpt lat="59.4546817" lon="24.8943233">
			<ele>80.1</ele>
			<time>2026-05-22T00:49:27Z</time>
		</trkpt>
		<trkpt lat="59.4546717" lon="24.8941067">
			<ele>79.1</ele>
			<time>2026-05-22T00:49:28Z</time>
		</trkpt>
		<trkpt lat="59.4546783" lon="24.8938817">
			<ele>78.1</ele>
			<time>2026-05-22T00:49:29Z</time>
		</trkpt>
		<trkpt lat="59.4547167" lon="24.89369">
			<ele>76.9</ele>
			<time>2026-05-22T00:49:30Z</time>
		</trkpt>
		<trkpt lat="59.4547883" lon="24.8935633">
			<ele>75</ele>
			<time>2026-05-22T00:49:31Z</time>
		</trkpt>
		<trkpt lat="59.45491" lon="24.8935333">
			<ele>72.8</ele>
			<time>2026-05-22T00:49:32Z</time>
		</trkpt>
		<trkpt lat="59.455035" lon="24.893605">
			<ele>70.3</ele>
			<time>2026-05-22T00:49:33Z</time>
		</trkpt>
		<trkpt lat="59.45514" lon="24.8937533">
			<ele>65.5</ele>
			<time>2026-05-22T00:49:34Z</time>
		</trkpt>
		<trkpt lat="59.4552117" lon="24.8939467">
			<ele>63.9</ele>
			<time>2026-05-22T00:49:35Z</time>
		</trkpt>
		<trkpt lat="59.4552667" lon="24.8941367">
			<ele>64.1</ele>
			<time>2026-05-22T00:49:36Z</time>
		</trkpt>
		<trkpt lat="59.45532" lon="24.8942967">
			<ele>64.8</ele>
			<time>2026-05-22T00:49:37Z</time>
		</trkpt>
		<trkpt lat="59.4553783" lon="24.8944283">
			<ele>65.4</ele>
			<time>2026-05-22T00:49:38Z</time>
		</trkpt>
		<trkpt lat="59.4554433" lon="24.8945483">
			<ele>65.4</ele>
			<time>2026-05-22T00:49:39Z</time>
		</trkpt>
		<trkpt lat="59.45551" lon="24.894685">
			<ele>64.7</ele>
			<time>2026-05-22T00:49:40Z</time>
		</trkpt>
		<trkpt lat="59.4555783" lon="24.894845">
			<ele>64.2</ele>
			<time>2026-05-22T00:49:41Z</time>
		</trkpt>
		<trkpt lat="59.4556417" lon="24.8950233">
			<ele>63.1</ele>
			<time>2026-05-22T00:49:42Z</time>
		</trkpt>
		<trkpt lat="59.4557017" lon="24.895215">
			<ele>62.7</ele>
			<time>2026-05-22T00:49:43Z</time>
		</trkpt>
		<trkpt lat="59.4557567" lon="24.8954033">
			<ele>63.5</ele>
			<time>2026-05-22T00:49:44Z</time>
		</trkpt>
		<trkpt lat="59.4558083" lon="24.89558">
			<ele>64.4</ele>
			<time>2026-05-22T00:49:45Z</time>
		</trkpt>
		<trkpt lat="59.4558533" lon="24.8957517">
			<ele>64</ele>
			<time>2026-05-22T00:49:46Z</time>
		</trkpt>
		<trkpt lat="59.4558867" lon="24.89593">
			<ele>63</ele>
			<time>2026-05-22T00:49:47Z</time>
		</trkpt>
		<trkpt lat="59.455905" lon="24.8961267">
			<ele>62.3</ele>
			<time>2026-05-22T00:49:48Z</time>
		</trkpt>
		<trkpt lat="59.4558983" lon="24.8963367">
			<ele>62.1</ele>
			<time>2026-05-22T00:49:49Z</time>
		</trkpt>
		<trkpt lat="59.455855" lon="24.896545">
			<ele>61.7</ele>
			<time>2026-05-22T00:49:50Z</time>
		</trkpt>
		<trkpt lat="59.45578" lon="24.8967333">
			<ele>62.1</ele>
			<time>2026-05-22T00:49:51Z</time>
		</trkpt>
		<trkpt lat="59.4556817" lon="24.89688">
			<ele>62.5</ele>
			<time>2026-05-22T00:49:52Z</time>
		</trkpt>
		<trkpt lat="59.4555733" lon="24.8969767">
			<ele>63.8</ele>
			<time>2026-05-22T00:49:53Z</time>
		</trkpt>
		<trkpt lat="59.4554617" lon="24.8970233">
			<ele>64.6</ele>
			<time>2026-05-22T00:49:54Z</time>
		</trkpt>
		<trkpt lat="59.4553583" lon="24.8970233">
			<ele>66</ele>
			<time>2026-05-22T00:49:55Z</time>
		</trkpt>
		<trkpt lat="59.45526" lon="24.896975">
			<ele>66.6</ele>
			<time>2026-05-22T00:49:56Z</time>
		</trkpt>
		<trkpt lat="59.4551767" lon="24.896855">
			<ele>67.8</ele>
			<time>2026-05-22T00:49:57Z</time>
		</trkpt>
		<trkpt lat="59.4551133" lon="24.8966717">
			<ele>69.4</ele>
			<time>2026-05-22T00:49:58Z</time>
		</trkpt>
		<trkpt lat="59.4550733" lon="24.8964583">
			<ele>69.7</ele>
			<time>2026-05-22T00:49:59Z</time>
		</trkpt>
		<trkpt lat="59.4550483" lon="24.8962433">
			<ele>69.8</ele>
			<time>2026-05-22T00:50:00Z</time>
		</trkpt>
		<trkpt lat="59.4550367" lon="24.8960333">
			<ele>70.4</ele>
			<time>2026-05-22T00:50:01Z</time>
		</trkpt>
		<trkpt lat="59.45503" lon="24.89583">
			<ele>71.3</ele>
			<time>2026-05-22T00:50:02Z</time>
		</trkpt>
		<trkpt lat="59.4550233" lon="24.89564">
			<ele>71.5</ele>
			<time>2026-05-22T00:50:03Z</time>
		</trkpt>
		<trkpt lat="59.455005" lon="24.895455">
			<ele>71.7</ele>
			<time>2026-05-22T00:50:04Z</time>
		</trkpt>
		<trkpt lat="59.4549717" lon="24.895275">
			<ele>72</ele>
			<time>2026-05-22T00:50:05Z</time>
		</trkpt>
		<trkpt lat="59.454925" lon="24.8950817">
			<ele>72.8</ele>
			<time>2026-05-22T00:50:06Z</time>
		</trkpt>
		<trkpt lat="59.4548783" lon="24.89488">
			<ele>73.6</ele>
			<time>2026-05-22T00:50:07Z</time>
		</trkpt>
		<trkpt lat="59.4548467" lon="24.8946767">
			<ele>73.8</ele>
			<time>2026-05-22T00:50:08Z</time>
		</trkpt>
		<trkpt lat="59.45484" lon="24.8944733">
			<ele>73.7</ele>
			<time>2026-05-22T00:50:09Z</time>
		</trkpt>
		<trkpt lat="59.4548633" lon="24.894275">
			<ele>73.2</ele>
			<time>2026-05-22T00:50:10Z</time>
		</trkpt>
		<trkpt lat="59.4549167" lon="24.8940817">
			<ele>73</ele>
			<time>2026-05-22T00:50:11Z</time>
		</trkpt>
		<trkpt lat="59.4549967" lon="24.893925">
			<ele>73.4</ele>
			<time>2026-05-22T00:50:12Z</time>
		</trkpt>
		<trkpt lat="59.4550917" lon="24.8938283">
			<ele>74.6</ele>
			<time>2026-05-22T00:50:13Z</time>
		</trkpt>
		<trkpt lat="59.4551883" lon="24.8937883">
			<ele>75.3</ele>
			<time>2026-05-22T00:50:14Z</time>
		</trkpt>
		<trkpt lat="59.4552767" lon="24.8937817">
			<ele>75.7</ele>
			<time>2026-05-22T00:50:15Z</time>
		</trkpt>
		<trkpt lat="59.45536" lon="24.8938083">
			<ele>75.9</ele>
			<time>2026-05-22T00:50:16Z</time>
		</trkpt>
		<trkpt lat="59.4554433" lon="24.8938717">
			<ele>76.3</ele>
			<time>2026-05-22T00:50:17Z</time>
		</trkpt>
		<trkpt lat="59.455525" lon="24.8939767">
			<ele>76</ele>
			<time>2026-05-22T00:50:18Z</time>
		</trkpt>
		<trkpt lat="59.45561" lon="24.8941067">
			<ele>75.8</ele>
			<time>2026-05-22T00:50:19Z</time>
		</trkpt>
		<trkpt lat="59.4556833" lon="24.8942667">
			<ele>75.3</ele>
			<time>2026-05-22T00:50:20Z</time>
		</trkpt>
		<trkpt lat="59.455735" lon="24.8944433">
			<ele>74.3</ele>
			<time>2026-05-22T00:50:21Z</time>
		</trkpt>
		<trkpt lat="59.4557833" lon="24.894625">
			<ele>73.8</ele>
			<time>2026-05-22T00:50:22Z</time>
		</trkpt>
		<trkpt lat="59.4558183" lon="24.8948">
			<ele>72.9</ele>
			<time>2026-05-22T00:50:23Z</time>
		</trkpt>
		<trkpt lat="59.4558533" lon="24.8949633">
			<ele>72.1</ele>
			<time>2026-05-22T00:50:24Z</time>
		</trkpt>
		<trkpt lat="59.4558867" lon="24.8951383">
			<ele>70.7</ele>
			<time>2026-05-22T00:50:25Z</time>
		</trkpt>
		<trkpt lat="59.4559033" lon="24.89534">
			<ele>68.7</ele>
			<time>2026-05-22T00:50:26Z</time>
		</trkpt>
		<trkpt lat="59.45591" lon="24.89557">
			<ele>67.4</ele>
			<time>2026-05-22T00:50:27Z</time>
		</trkpt>
		<trkpt lat="59.455895" lon="24.8958067">
			<ele>66.1</ele>
			<time>2026-05-22T00:50:28Z</time>
		</trkpt>
		<trkpt lat="59.4558683" lon="24.8960317">
			<ele>65.4</ele>
			<time>2026-05-22T00:50:29Z</time>
		</trkpt>
		<trkpt lat="59.4558333" lon="24.89624">
			<ele>64.9</ele>
			<time>2026-05-22T00:50:30Z</time>
		</trkpt>
		<trkpt lat="59.4557933" lon="24.8964367">
			<ele>64.8</ele>
			<time>2026-05-22T00:50:31Z</time>
		</trkpt>
		<trkpt lat="59.4557383" lon="24.896615">
			<ele>64.3</ele>
			<time>2026-05-22T00:50:32Z</time>
		</trkpt>
		<trkpt lat="59.455665" lon="24.8967683">
			<ele>64.4</ele>
			<time>2026-05-22T00:50:33Z</time>
		</trkpt>
		<trkpt lat="59.4555667" lon="24.8968767">
			<ele>64.9</ele>
			<time>2026-05-22T00:50:34Z</time>
		</trkpt>
		<trkpt lat="59.4554467" lon="24.896915">
			<ele>65.7</ele>
			<time>2026-05-22T00:50:35Z</time>
		</trkpt>
		<trkpt lat="59.45533" lon="24.8968767">
			<ele>67.9</ele>
			<time>2026-05-22T00:50:36Z</time>
		</trkpt>
		<trkpt lat="59.4552283" lon="24.8967767">
			<ele>69.1</ele>
			<time>2026-05-22T00:50:37Z</time>
		</trkpt>
		<trkpt lat="59.4551533" lon="24.8966433">
			<ele>70.1</ele>
			<time>2026-05-22T00:50:38Z</time>
		</trkpt>
		<trkpt lat="59.45509" lon="24.8964983">
			<ele>70.4</ele>
			<time>2026-05-22T00:50:39Z</time>
		</trkpt>
		<trkpt lat="59.4550283" lon="24.8963533">
			<ele>70.1</ele>
			<time>2026-05-22T00:50:40Z</time>
		</trkpt>
		<trkpt lat="59.454975" lon="24.8962067">
			<ele>70.3</ele>
			<time>2026-05-22T00:50:41Z</time>
		</trkpt>
		<trkpt lat="59.4549283" lon="24.896055">
			<ele>70.3</ele>
			<time>2026-05-22T00:50:42Z</time>
		</trkpt>
		<trkpt lat="59.454895" lon="24.8958933">
			<ele>70</ele>
			<time>2026-05-22T00:50:43Z</time>
		</trkpt>
		<trkpt lat="59.4548717" lon="24.8957217">
			<ele>69.4</ele>
			<time>2026-05-22T00:50:44Z</time>
		</trkpt>
		<trkpt lat="59.4548567" lon="24.8955417">
			<ele>68.3</ele>
			<time>2026-05-22T00:50:45Z</time>
		</trkpt>
		<trkpt lat="59.4548483" lon="24.8953417">
			<ele>67.2</ele>
			<time>2026-05-22T00:50:46Z</time>
		</trkpt>
		<trkpt lat="59.4548383" lon="24.8951467">
			<ele>65.8</ele>
			<time>2026-05-22T00:50:47Z</time>
		</trkpt>
		<trkpt lat="59.45483" lon="24.89498">
			<ele>65.4</ele>
			<time>2026-05-22T00:50:48Z</time>
		</trkpt>
		<trkpt lat="59.45482" lon="24.894835">
			<ele>65.1</ele>
			<time>2026-05-22T00:50:49Z</time>
		</trkpt>
		<trkpt lat="59.4548133" lon="24.8947333">
			<ele>64.2</ele>
			<time>2026-05-22T00:50:50Z</time>
		</trkpt>
		<trkpt lat="59.4548067" lon="24.894665">
			<ele>63.3</ele>
			<time>2026-05-22T00:50:51Z</time>
		</trkpt>
		<trkpt lat="59.4548017" lon="24.8946267">
			<ele>62.8</ele>
			<time>2026-05-22T00:50:52Z</time>
		</trkpt>
		<trkpt lat="59.4547967" lon="24.8946333">
			<ele>62.2</ele>
			<time>2026-05-22T00:50:53Z</time>
		</trkpt>
		<trkpt lat="59.454795" lon="24.8946383">
			<ele>61.7</ele>
			<time>2026-05-22T00:50:54Z</time>
		</trkpt>
		<trkpt lat="59.454795" lon="24.8946383">
			<ele>61.7</ele>
			<time>2026-05-22T00:50:54Z</time>
		</trkpt>
		<trkpt lat="59.4545983" lon="24.8949417">
			<ele>61.7</ele>
			<time>2026-05-22T00:50:59Z</time>
		</trkpt>
		<trkpt lat="59.45471" lon="24.8948817">
			<ele>61.7</ele>
			<time>2026-05-22T00:51:01Z</time>
		</trkpt>
		<trkpt lat="59.454755" lon="24.8948267">
			<ele>61.7</ele>
			<time>2026-05-22T00:51:02Z</time>
		</trkpt>
		<trkpt lat="59.4547817" lon="24.8947667">
			<ele>61.8</ele>
			<time>2026-05-22T00:51:03Z</time>
		</trkpt>
		<trkpt lat="59.454795" lon="24.8947933">
			<ele>61.8</ele>
			<time>2026-05-22T00:51:04Z</time>
		</trkpt>
		<trkpt lat="59.4547967" lon="24.8947867">
			<ele>61.8</ele>
			<time>2026-05-22T00:51:05Z</time>
		</trkpt>
		<trkpt lat="59.4547967" lon="24.89478">
			<ele>61.8</ele>
			<time>2026-05-22T00:51:06Z</time>
		</trkpt>
		<trkpt lat="59.4547967" lon="24.8947683">
			<ele>61.8</ele>
			<time>2026-05-22T00:51:07Z</time>
		</trkpt>
		<trkpt lat="59.4548" lon="24.8947617">
			<ele>61.8</ele>
			<time>2026-05-22T00:51:08Z</time>
		</trkpt>
		<trkpt lat="59.4548" lon="24.8947483">
			<ele>61.8</ele>
			<time>2026-05-22T00:51:09Z</time>
		</trkpt>
		<trkpt lat="59.4548033" lon="24.8947433">
			<ele>61.9</ele>
			<time>2026-05-22T00:51:10Z</time>
		</trkpt>
		<trkpt lat="59.4548017" lon="24.8947317">
			<ele>61.9</ele>
			<time>2026-05-22T00:51:11Z</time>
		</trkpt>
		<trkpt lat="59.4548017" lon="24.8947267">
			<ele>61.8</ele>
			<time>2026-05-22T00:51:12Z</time>
		</trkpt>
		<trkpt lat="59.4547983" lon="24.8947283">
			<ele>61.8</ele>
			<time>2026-05-22T00:51:13Z</time>
		</trkpt>
		<trkpt lat="59.4547983" lon="24.8947317">
			<ele>61.7</ele>
			<time>2026-05-22T00:51:14Z</time>
		</trkpt>
		<trkpt lat="59.4548017" lon="24.8947333">
			<ele>61.7</ele>
			<time>2026-05-22T00:51:15Z</time>
		</trkpt>
	</trkseg>
</trk>

</gpx>