<?xml version="1.0" encoding="UTF-8" standalone="no"?>
<gpx version="1.1" creator="GPX Editor 1.7.14.1740" xmlns="http://www.topografix.com/GPX/1/1" xmlns:xsi="http://www.w3.org/2001/XMLSchema-instance" xsi:schemaLocation="http://www.topografix.com/GPX/1/1 http://www.topografix.com/GPX/1/1/gpx.xsd">
<trk>
	<name>ACTIVE LOG201730</name>
	<trkseg>
		<trkpt lat="59.397362" lon="24.403796">
			<ele>-28.923</ele>
			<time>2022-05-29T17:17:30Z</time>
		</trkpt>
		<trkpt lat="59.397363" lon="24.403799">
			<ele>-25.784</ele>
			<time>2022-05-29T17:20:38Z</time>
		</trkpt>
		<trkpt lat="59.397365" lon="24.403786">
			<ele>-22.767</ele>
			<time>2022-05-29T17:22:43Z</time>
		</trkpt>
		<trkpt lat="59.397366" lon="24.403769">
			<ele>-19.708</ele>
			<time>2022-05-29T17:24:23Z</time>
		</trkpt>
		<trkpt lat="59.397372" lon="24.403725">
			<ele>-20.041</ele>
			<time>2022-05-29T17:24:27Z</time>
		</trkpt>
		<trkpt lat="59.397385" lon="24.403604">
			<ele>-20.038</ele>
			<time>2022-05-29T17:24:37Z</time>
		</trkpt>
		<trkpt lat="59.397475" lon="24.403585">
			<ele>-20.164</ele>
			<time>2022-05-29T17:24:48Z</time>
		</trkpt>
		<trkpt lat="59.397541" lon="24.403592">
			<ele>-19.48</ele>
			<time>2022-05-29T17:24:57Z</time>
		</trkpt>
		<trkpt lat="59.397553" lon="24.403584">
			<ele>-19.586</ele>
			<time>2022-05-29T17:24:59Z</time>
		</trkpt>
		<trkpt lat="59.397539" lon="24.403501">
			<ele>-19.128</ele>
			<time>2022-05-29T17:25:11Z</time>
		</trkpt>
		<trkpt lat="59.397528" lon="24.40353">
			<ele>-18.745</ele>
			<time>2022-05-29T17:25:48Z</time>
		</trkpt>
		<trkpt lat="59.39752" lon="24.403531">
			<ele>-15.498</ele>
			<time>2022-05-29T17:29:01Z</time>
		</trkpt>
		<trkpt lat="59.397519" lon="24.403527">
			<ele>-12.49</ele>
			<time>2022-05-29T17:32:09Z</time>
		</trkpt>
		<trkpt lat="59.397516" lon="24.403525">
			<ele>-11.641</ele>
			<time>2022-05-29T17:33:38Z</time>
		</trkpt>
		<trkpt lat="59.397517" lon="24.403511">
			<ele>-10.047</ele>
			<time>2022-05-29T17:33:40Z</time>
		</trkpt>
		<trkpt lat="59.397523" lon="24.403501">
			<ele>-10.325</ele>
			<time>2022-05-29T17:33:56Z</time>
		</trkpt>
		<trkpt lat="59.397514" lon="24.403491">
			<ele>-10.216</ele>
			<time>2022-05-29T17:34:16Z</time>
		</trkpt>
		<trkpt lat="59.397514" lon="24.403466">
			<ele>-10.86</ele>
			<time>2022-05-29T17:34:54Z</time>
		</trkpt>
		<trkpt lat="59.39752" lon="24.403479">
			<ele>-10.136</ele>
			<time>2022-05-29T17:35:21Z</time>
		</trkpt>
		<trkpt lat="59.397517" lon="24.40349">
			<ele>-10.012</ele>
			<time>2022-05-29T17:35:47Z</time>
		</trkpt>
		<trkpt lat="59.397533" lon="24.403466">
			<ele>-10.188</ele>
			<time>2022-05-29T17:36:09Z</time>
		</trkpt>
		<trkpt lat="59.397525" lon="24.403448">
			<ele>-9.71</ele>
			<time>2022-05-29T17:36:36Z</time>
		</trkpt>
		<trkpt lat="59.397566" lon="24.403326">
			<ele>-9.676</ele>
			<time>2022-05-29T17:36:40Z</time>
		</trkpt>
		<trkpt lat="59.397631" lon="24.403918">
			<ele>-9.685</ele>
			<time>2022-05-29T17:36:42Z</time>
		</trkpt>
		<trkpt lat="59.397823" lon="24.402641">
			<ele>-11.404</ele>
			<time>2022-05-29T17:36:46Z</time>
		</trkpt>
		<trkpt lat="59.397921" lon="24.402025">
			<ele>-7.584</ele>
			<time>2022-05-29T17:36:49Z</time>
		</trkpt>
		<trkpt lat="59.397932" lon="24.401825">
			<ele>-3.341</ele>
			<time>2022-05-29T17:36:50Z</time>
		</trkpt>
		<trkpt lat="59.397945" lon="24.401632">
			<ele>-0.25</ele>
			<time>2022-05-29T17:36:51Z</time>
		</trkpt>
		<trkpt lat="59.397974" lon="24.401246">
			<ele>5.605</ele>
			<time>2022-05-29T17:36:53Z</time>
		</trkpt>
		<trkpt lat="59.397788" lon="24.399967">
			<ele>12.03</ele>
			<time>2022-05-29T17:36:59Z</time>
		</trkpt>
		<trkpt lat="59.397649" lon="24.399409">
			<ele>14.581</ele>
			<time>2022-05-29T17:37:02Z</time>
		</trkpt>
		<trkpt lat="59.397472" lon="24.39882">
			<ele>15.514</ele>
			<time>2022-05-29T17:37:05Z</time>
		</trkpt>
		<trkpt lat="59.397241" lon="24.398338">
			<ele>20.926</ele>
			<time>2022-05-29T17:37:08Z</time>
		</trkpt>
		<trkpt lat="59.397056" lon="24.398104">
			<ele>24.33</ele>
			<time>2022-05-29T17:37:10Z</time>
		</trkpt>
		<trkpt lat="59.396949" lon="24.398007">
			<ele>24.379</ele>
			<time>2022-05-29T17:37:11Z</time>
		</trkpt>
		<trkpt lat="59.39646" lon="24.397837">
			<ele>27.792</ele>
			<time>2022-05-29T17:37:15Z</time>
		</trkpt>
		<trkpt lat="59.396033" lon="24.398763">
			<ele>29.562</ele>
			<time>2022-05-29T17:37:20Z</time>
		</trkpt>
		<trkpt lat="59.395914" lon="24.399669">
			<ele>34.777</ele>
			<time>2022-05-29T17:37:24Z</time>
		</trkpt>
		<trkpt lat="59.395899" lon="24.401293">
			<ele>38.877</ele>
			<time>2022-05-29T17:37:31Z</time>
		</trkpt>
		<trkpt lat="59.395905" lon="24.401738">
			<ele>39.666</ele>
			<time>2022-05-29T17:37:33Z</time>
		</trkpt>
		<trkpt lat="59.395913" lon="24.402877">
			<ele>38.303</ele>
			<time>2022-05-29T17:37:38Z</time>
		</trkpt>
		<trkpt lat="59.395896" lon="24.403573">
			<ele>35.138</ele>
			<time>2022-05-29T17:37:41Z</time>
		</trkpt>
		<trkpt lat="59.395892" lon="24.403812">
			<ele>31.657</ele>
			<time>2022-05-29T17:37:42Z</time>
		</trkpt>
		<trkpt lat="59.395886" lon="24.404047">
			<ele>31.643</ele>
			<time>2022-05-29T17:37:43Z</time>
		</trkpt>
		<trkpt lat="59.39588" lon="24.404283">
			<ele>34.751</ele>
			<time>2022-05-29T17:37:44Z</time>
		</trkpt>
		<trkpt lat="59.395877" lon="24.404523">
			<ele>33.525</ele>
			<time>2022-05-29T17:37:45Z</time>
		</trkpt>
		<trkpt lat="59.395872" lon="24.405224">
			<ele>35.025</ele>
			<time>2022-05-29T17:37:48Z</time>
		</trkpt>
		<trkpt lat="59.395874" lon="24.405931">
			<ele>35.945</ele>
			<time>2022-05-29T17:37:51Z</time>
		</trkpt>
		<trkpt lat="59.396076" lon="24.406603">
			<ele>34.021</ele>
			<time>2022-05-29T17:37:55Z</time>
		</trkpt>
		<trkpt lat="59.396861" lon="24.406927">
			<ele>33.844</ele>
			<time>2022-05-29T17:37:59Z</time>
		</trkpt>
		<trkpt lat="59.396891" lon="24.406731">
			<ele>34.687</ele>
			<time>2022-05-29T17:38:01Z</time>
		</trkpt>
		<trkpt lat="59.396923" lon="24.406522">
			<ele>35.654</ele>
			<time>2022-05-29T17:38:03Z</time>
		</trkpt>
		<trkpt lat="59.397" lon="24.405955">
			<ele>38.131</ele>
			<time>2022-05-29T17:38:07Z</time>
		</trkpt>
		<trkpt lat="59.397037" lon="24.405645">
			<ele>39.262</ele>
			<time>2022-05-29T17:38:09Z</time>
		</trkpt>
		<trkpt lat="59.397076" lon="24.405327">
			<ele>35.969</ele>
			<time>2022-05-29T17:38:11Z</time>
		</trkpt>
		<trkpt lat="59.398219" lon="24.403918">
			<ele>35.392</ele>
			<time>2022-05-29T17:38:19Z</time>
		</trkpt>
		<trkpt lat="59.398719" lon="24.403884">
			<ele>34.174</ele>
			<time>2022-05-29T17:38:25Z</time>
		</trkpt>
		<trkpt lat="59.399077" lon="24.403848">
			<ele>25.514</ele>
			<time>2022-05-29T17:38:29Z</time>
		</trkpt>
		<trkpt lat="59.399134" lon="24.403842">
			<ele>21.921</ele>
			<time>2022-05-29T17:38:30Z</time>
		</trkpt>
		<trkpt lat="59.399055" lon="24.40385">
			<ele>17.333</ele>
			<time>2022-05-29T17:38:32Z</time>
		</trkpt>
		<trkpt lat="59.39858" lon="24.403898">
			<ele>20.695</ele>
			<time>2022-05-29T17:38:36Z</time>
		</trkpt>
		<trkpt lat="59.398477" lon="24.403908">
			<ele>20.643</ele>
			<time>2022-05-29T17:38:37Z</time>
		</trkpt>
		<trkpt lat="59.398339" lon="24.403918">
			<ele>23.778</ele>
			<time>2022-05-29T17:38:39Z</time>
		</trkpt>
		<trkpt lat="59.398153" lon="24.403918">
			<ele>29.262</ele>
			<time>2022-05-29T17:38:42Z</time>
		</trkpt>
		<trkpt lat="59.397958" lon="24.403918">
			<ele>30.486</ele>
			<time>2022-05-29T17:38:44Z</time>
		</trkpt>
		<trkpt lat="59.397728" lon="24.403918">
			<ele>25.543</ele>
			<time>2022-05-29T17:38:46Z</time>
		</trkpt>
		<trkpt lat="59.397317" lon="24.402567">
			<ele>31.546</ele>
			<time>2022-05-29T17:38:50Z</time>
		</trkpt>
		<trkpt lat="59.397121" lon="24.402301">
			<ele>33.512</ele>
			<time>2022-05-29T17:38:52Z</time>
		</trkpt>
		<trkpt lat="59.396866" lon="24.401833">
			<ele>35.662</ele>
			<time>2022-05-29T17:38:55Z</time>
		</trkpt>
		<trkpt lat="59.396501" lon="24.400926">
			<ele>38.201</ele>
			<time>2022-05-29T17:39:00Z</time>
		</trkpt>
		<trkpt lat="59.396178" lon="24.399503">
			<ele>41.944</ele>
			<time>2022-05-29T17:39:07Z</time>
		</trkpt>
		<trkpt lat="59.396146" lon="24.399292">
			<ele>41.887</ele>
			<time>2022-05-29T17:39:08Z</time>
		</trkpt>
		<trkpt lat="59.396047" lon="24.397565">
			<ele>45.349</ele>
			<time>2022-05-29T17:39:16Z</time>
		</trkpt>
		<trkpt lat="59.396083" lon="24.396963">
			<ele>47.151</ele>
			<time>2022-05-29T17:39:19Z</time>
		</trkpt>
		<trkpt lat="59.396187" lon="24.396133">
			<ele>47.796</ele>
			<time>2022-05-29T17:39:23Z</time>
		</trkpt>
		<trkpt lat="59.396332" lon="24.395363">
			<ele>51.448</ele>
			<time>2022-05-29T17:39:27Z</time>
		</trkpt>
		<trkpt lat="59.396437" lon="24.394777">
			<ele>53.882</ele>
			<time>2022-05-29T17:39:30Z</time>
		</trkpt>
		<trkpt lat="59.396648" lon="24.394098">
			<ele>58.331</ele>
			<time>2022-05-29T17:39:34Z</time>
		</trkpt>
		<trkpt lat="59.396766" lon="24.393791">
			<ele>59.057</ele>
			<time>2022-05-29T17:39:36Z</time>
		</trkpt>
		<trkpt lat="59.397131" lon="24.393088">
			<ele>62.833</ele>
			<time>2022-05-29T17:39:41Z</time>
		</trkpt>
		<trkpt lat="59.397372" lon="24.392726">
			<ele>62.57</ele>
			<time>2022-05-29T17:39:44Z</time>
		</trkpt>
		<trkpt lat="59.398061" lon="24.390518">
			<ele>64.967</ele>
			<time>2022-05-29T17:39:57Z</time>
		</trkpt>
		<trkpt lat="59.398175" lon="24.38935">
			<ele>65.711</ele>
			<time>2022-05-29T17:40:03Z</time>
		</trkpt>
		<trkpt lat="59.398048" lon="24.388607">
			<ele>69.094</ele>
			<time>2022-05-29T17:40:07Z</time>
		</trkpt>
		<trkpt lat="59.397374" lon="24.388511">
			<ele>66.848</ele>
			<time>2022-05-29T17:40:12Z</time>
		</trkpt>
		<trkpt lat="59.397259" lon="24.388604">
			<ele>68.608</ele>
			<time>2022-05-29T17:40:13Z</time>
		</trkpt>
		<trkpt lat="59.39584" lon="24.390327">
			<ele>69.489</ele>
			<time>2022-05-29T17:40:26Z</time>
		</trkpt>
		<trkpt lat="59.395349" lon="24.391174">
			<ele>73.716</ele>
			<time>2022-05-29T17:40:31Z</time>
		</trkpt>
		<trkpt lat="59.394768" lon="24.39221">
			<ele>74.778</ele>
			<time>2022-05-29T17:40:37Z</time>
		</trkpt>
		<trkpt lat="59.394387" lon="24.392927">
			<ele>77.809</ele>
			<time>2022-05-29T17:40:41Z</time>
		</trkpt>
		<trkpt lat="59.393811" lon="24.394264">
			<ele>80.909</ele>
			<time>2022-05-29T17:40:48Z</time>
		</trkpt>
		<trkpt lat="59.393638" lon="24.394599">
			<ele>81.702</ele>
			<time>2022-05-29T17:40:50Z</time>
		</trkpt>
		<trkpt lat="59.393392" lon="24.394664">
			<ele>83.287</ele>
			<time>2022-05-29T17:40:52Z</time>
		</trkpt>
		<trkpt lat="59.393167" lon="24.394425">
			<ele>82.23</ele>
			<time>2022-05-29T17:40:54Z</time>
		</trkpt>
		<trkpt lat="59.393037" lon="24.393812">
			<ele>84.179</ele>
			<time>2022-05-29T17:40:57Z</time>
		</trkpt>
		<trkpt lat="59.393277" lon="24.393012">
			<ele>88.845</ele>
			<time>2022-05-29T17:41:02Z</time>
		</trkpt>
		<trkpt lat="59.393874" lon="24.392058">
			<ele>93.83</ele>
			<time>2022-05-29T17:41:10Z</time>
		</trkpt>
		<trkpt lat="59.394043" lon="24.391859">
			<ele>95.46</ele>
			<time>2022-05-29T17:41:12Z</time>
		</trkpt>
		<trkpt lat="59.394452" lon="24.391372">
			<ele>98.498</ele>
			<time>2022-05-29T17:41:17Z</time>
		</trkpt>
		<trkpt lat="59.394797" lon="24.390995">
			<ele>103.357</ele>
			<time>2022-05-29T17:41:21Z</time>
		</trkpt>
		<trkpt lat="59.39488" lon="24.390898">
			<ele>101.522</ele>
			<time>2022-05-29T17:41:22Z</time>
		</trkpt>
		<trkpt lat="59.395364" lon="24.39025">
			<ele>102.796</ele>
			<time>2022-05-29T17:41:28Z</time>
		</trkpt>
		<trkpt lat="59.395513" lon="24.389988">
			<ele>106.019</ele>
			<time>2022-05-29T17:41:30Z</time>
		</trkpt>
		<trkpt lat="59.395582" lon="24.389851">
			<ele>105.486</ele>
			<time>2022-05-29T17:41:31Z</time>
		</trkpt>
		<trkpt lat="59.395716" lon="24.38957">
			<ele>107.86</ele>
			<time>2022-05-29T17:41:33Z</time>
		</trkpt>
		<trkpt lat="59.395847" lon="24.389273">
			<ele>108.818</ele>
			<time>2022-05-29T17:41:35Z</time>
		</trkpt>
		<trkpt lat="59.396158" lon="24.388264">
			<ele>112.298</ele>
			<time>2022-05-29T17:41:41Z</time>
		</trkpt>
		<trkpt lat="59.396256" lon="24.38792">
			<ele>113.626</ele>
			<time>2022-05-29T17:41:43Z</time>
		</trkpt>
		<trkpt lat="59.396435" lon="24.387227">
			<ele>115.236</ele>
			<time>2022-05-29T17:41:47Z</time>
		</trkpt>
		<trkpt lat="59.396561" lon="24.386683">
			<ele>119.455</ele>
			<time>2022-05-29T17:41:50Z</time>
		</trkpt>
		<trkpt lat="59.396598" lon="24.386498">
			<ele>119.736</ele>
			<time>2022-05-29T17:41:51Z</time>
		</trkpt>
		<trkpt lat="59.396795" lon="24.385369">
			<ele>123.404</ele>
			<time>2022-05-29T17:41:57Z</time>
		</trkpt>
		<trkpt lat="59.396852" lon="24.384983">
			<ele>126.446</ele>
			<time>2022-05-29T17:41:59Z</time>
		</trkpt>
		<trkpt lat="59.396979" lon="24.383814">
			<ele>129.92</ele>
			<time>2022-05-29T17:42:05Z</time>
		</trkpt>
		<trkpt lat="59.397037" lon="24.382612">
			<ele>132.972</ele>
			<time>2022-05-29T17:42:11Z</time>
		</trkpt>
		<trkpt lat="59.397016" lon="24.381369">
			<ele>135.993</ele>
			<time>2022-05-29T17:42:17Z</time>
		</trkpt>
		<trkpt lat="59.397005" lon="24.38116">
			<ele>136.164</ele>
			<time>2022-05-29T17:42:18Z</time>
		</trkpt>
		<trkpt lat="59.396929" lon="24.380109">
			<ele>140.569</ele>
			<time>2022-05-29T17:42:23Z</time>
		</trkpt>
		<trkpt lat="59.39689" lon="24.379695">
			<ele>144.545</ele>
			<time>2022-05-29T17:42:25Z</time>
		</trkpt>
		<trkpt lat="59.396868" lon="24.379495">
			<ele>143.591</ele>
			<time>2022-05-29T17:42:26Z</time>
		</trkpt>
		<trkpt lat="59.396819" lon="24.379098">
			<ele>139.759</ele>
			<time>2022-05-29T17:42:28Z</time>
		</trkpt>
		<trkpt lat="59.39677" lon="24.378705">
			<ele>146.209</ele>
			<time>2022-05-29T17:42:30Z</time>
		</trkpt>
		<trkpt lat="59.396715" lon="24.37831">
			<ele>148.422</ele>
			<time>2022-05-29T17:42:32Z</time>
		</trkpt>
		<trkpt lat="59.396565" lon="24.377533">
			<ele>151.65</ele>
			<time>2022-05-29T17:42:36Z</time>
		</trkpt>
		<trkpt lat="59.39652" lon="24.377345">
			<ele>151.732</ele>
			<time>2022-05-29T17:42:37Z</time>
		</trkpt>
		<trkpt lat="59.395658" lon="24.375506">
			<ele>154.734</ele>
			<time>2022-05-29T17:42:46Z</time>
		</trkpt>
		<trkpt lat="59.395716" lon="24.375145">
			<ele>156.841</ele>
			<time>2022-05-29T17:42:49Z</time>
		</trkpt>
		<trkpt lat="59.395793" lon="24.374668">
			<ele>158.513</ele>
			<time>2022-05-29T17:42:52Z</time>
		</trkpt>
		<trkpt lat="59.395853" lon="24.374297">
			<ele>156.599</ele>
			<time>2022-05-29T17:42:54Z</time>
		</trkpt>
		<trkpt lat="59.395892" lon="24.374053">
			<ele>158.57</ele>
			<time>2022-05-29T17:42:56Z</time>
		</trkpt>
		<trkpt lat="59.395948" lon="24.373704">
			<ele>160.396</ele>
			<time>2022-05-29T17:42:59Z</time>
		</trkpt>
		<trkpt lat="59.395968" lon="24.373579">
			<ele>160.096</ele>
			<time>2022-05-29T17:43:00Z</time>
		</trkpt>
		<trkpt lat="59.396667" lon="24.373765">
			<ele>158.395</ele>
			<time>2022-05-29T17:43:02Z</time>
		</trkpt>
		<trkpt lat="59.397339" lon="24.373477">
			<ele>157.092</ele>
			<time>2022-05-29T17:43:08Z</time>
		</trkpt>
		<trkpt lat="59.397672" lon="24.373413">
			<ele>158.903</ele>
			<time>2022-05-29T17:43:11Z</time>
		</trkpt>
		<trkpt lat="59.397988" lon="24.373179">
			<ele>160.198</ele>
			<time>2022-05-29T17:43:14Z</time>
		</trkpt>
		<trkpt lat="59.398085" lon="24.373051">
			<ele>160.789</ele>
			<time>2022-05-29T17:43:15Z</time>
		</trkpt>
		<trkpt lat="59.398271" lon="24.372789">
			<ele>164.44</ele>
			<time>2022-05-29T17:43:17Z</time>
		</trkpt>
		<trkpt lat="59.398449" lon="24.372537">
			<ele>164.52</ele>
			<time>2022-05-29T17:43:19Z</time>
		</trkpt>
		<trkpt lat="59.398718" lon="24.371827">
			<ele>164.261</ele>
			<time>2022-05-29T17:43:23Z</time>
		</trkpt>
		<trkpt lat="59.398811" lon="24.371427">
			<ele>167.438</ele>
			<time>2022-05-29T17:43:25Z</time>
		</trkpt>
		<trkpt lat="59.399275" lon="24.370852">
			<ele>166.926</ele>
			<time>2022-05-29T17:43:26Z</time>
		</trkpt>
		<trkpt lat="59.399423" lon="24.369919">
			<ele>168.041</ele>
			<time>2022-05-29T17:43:34Z</time>
		</trkpt>
		<trkpt lat="59.399667" lon="24.369512">
			<ele>167.722</ele>
			<time>2022-05-29T17:43:37Z</time>
		</trkpt>
		<trkpt lat="59.400266" lon="24.367594">
			<ele>168.353</ele>
			<time>2022-05-29T17:43:48Z</time>
		</trkpt>
		<trkpt lat="59.400951" lon="24.364577">
			<ele>163.619</ele>
			<time>2022-05-29T17:44:05Z</time>
		</trkpt>
		<trkpt lat="59.401045" lon="24.364174">
			<ele>159.431</ele>
			<time>2022-05-29T17:44:07Z</time>
		</trkpt>
		<trkpt lat="59.401145" lon="24.363716">
			<ele>155.107</ele>
			<time>2022-05-29T17:44:09Z</time>
		</trkpt>
		<trkpt lat="59.401482" lon="24.361639">
			<ele>151.979</ele>
			<time>2022-05-29T17:44:18Z</time>
		</trkpt>
		<trkpt lat="59.402215" lon="24.358359">
			<ele>153.861</ele>
			<time>2022-05-29T17:44:30Z</time>
		</trkpt>
		<trkpt lat="59.402042" lon="24.357884">
			<ele>153.689</ele>
			<time>2022-05-29T17:44:34Z</time>
		</trkpt>
		<trkpt lat="59.401939" lon="24.357698">
			<ele>151.909</ele>
			<time>2022-05-29T17:44:38Z</time>
		</trkpt>
		<trkpt lat="59.40196" lon="24.356525">
			<ele>153.776</ele>
			<time>2022-05-29T17:44:40Z</time>
		</trkpt>
		<trkpt lat="59.402103" lon="24.353972">
			<ele>154.334</ele>
			<time>2022-05-29T17:44:51Z</time>
		</trkpt>
		<trkpt lat="59.402558" lon="24.351842">
			<ele>159.198</ele>
			<time>2022-05-29T17:45:01Z</time>
		</trkpt>
		<trkpt lat="59.402666" lon="24.351464">
			<ele>162.747</ele>
			<time>2022-05-29T17:45:03Z</time>
		</trkpt>
		<trkpt lat="59.402759" lon="24.351132">
			<ele>164.58</ele>
			<time>2022-05-29T17:45:05Z</time>
		</trkpt>
		<trkpt lat="59.402846" lon="24.350801">
			<ele>165.706</ele>
			<time>2022-05-29T17:45:07Z</time>
		</trkpt>
		<trkpt lat="59.403106" lon="24.349683">
			<ele>168.938</ele>
			<time>2022-05-29T17:45:13Z</time>
		</trkpt>
		<trkpt lat="59.403139" lon="24.3495">
			<ele>168.698</ele>
			<time>2022-05-29T17:45:14Z</time>
		</trkpt>
		<trkpt lat="59.403523" lon="24.347898">
			<ele>171.373</ele>
			<time>2022-05-29T17:45:23Z</time>
		</trkpt>
		<trkpt lat="59.403907" lon="24.346528">
			<ele>175.232</ele>
			<time>2022-05-29T17:45:31Z</time>
		</trkpt>
		<trkpt lat="59.404107" lon="24.345631">
			<ele>175.963</ele>
			<time>2022-05-29T17:45:36Z</time>
		</trkpt>
		<trkpt lat="59.404129" lon="24.344633">
			<ele>175.478</ele>
			<time>2022-05-29T17:45:41Z</time>
		</trkpt>
		<trkpt lat="59.404446" lon="24.343445">
			<ele>175.695</ele>
			<time>2022-05-29T17:45:48Z</time>
		</trkpt>
		<trkpt lat="59.404971" lon="24.342255">
			<ele>176.242</ele>
			<time>2022-05-29T17:45:56Z</time>
		</trkpt>
		<trkpt lat="59.405131" lon="24.341772">
			<ele>173.336</ele>
			<time>2022-05-29T17:45:59Z</time>
		</trkpt>
		<trkpt lat="59.405029" lon="24.340732">
			<ele>176.642</ele>
			<time>2022-05-29T17:46:02Z</time>
		</trkpt>
		<trkpt lat="59.405165" lon="24.34101">
			<ele>174.185</ele>
			<time>2022-05-29T17:46:03Z</time>
		</trkpt>
		<trkpt lat="59.405315" lon="24.34004">
			<ele>177.035</ele>
			<time>2022-05-29T17:46:08Z</time>
		</trkpt>
		<trkpt lat="59.405329" lon="24.339647">
			<ele>175.033</ele>
			<time>2022-05-29T17:46:11Z</time>
		</trkpt>
		<trkpt lat="59.405323" lon="24.339569">
			<ele>177.274</ele>
			<time>2022-05-29T17:46:13Z</time>
		</trkpt>
		<trkpt lat="59.405243" lon="24.339202">
			<ele>172.751</ele>
			<time>2022-05-29T17:46:16Z</time>
		</trkpt>
		<trkpt lat="59.4051" lon="24.338781">
			<ele>172.498</ele>
			<time>2022-05-29T17:46:18Z</time>
		</trkpt>
		<trkpt lat="59.404912" lon="24.338223">
			<ele>176.142</ele>
			<time>2022-05-29T17:46:21Z</time>
		</trkpt>
		<trkpt lat="59.404797" lon="24.337883">
			<ele>176.863</ele>
			<time>2022-05-29T17:46:23Z</time>
		</trkpt>
		<trkpt lat="59.404626" lon="24.33738">
			<ele>169.836</ele>
			<time>2022-05-29T17:46:26Z</time>
		</trkpt>
		<trkpt lat="59.404583" lon="24.337252">
			<ele>170.067</ele>
			<time>2022-05-29T17:46:27Z</time>
		</trkpt>
		<trkpt lat="59.403374" lon="24.337435">
			<ele>173.218</ele>
			<time>2022-05-29T17:46:34Z</time>
		</trkpt>
		<trkpt lat="59.402855" lon="24.338085">
			<ele>171.762</ele>
			<time>2022-05-29T17:46:38Z</time>
		</trkpt>
		<trkpt lat="59.402561" lon="24.340403">
			<ele>170.177</ele>
			<time>2022-05-29T17:46:44Z</time>
		</trkpt>
		<trkpt lat="59.40359" lon="24.341561">
			<ele>173.226</ele>
			<time>2022-05-29T17:46:49Z</time>
		</trkpt>
		<trkpt lat="59.403704" lon="24.341595">
			<ele>177.258</ele>
			<time>2022-05-29T17:46:50Z</time>
		</trkpt>
		<trkpt lat="59.403817" lon="24.34161">
			<ele>177.316</ele>
			<time>2022-05-29T17:46:51Z</time>
		</trkpt>
		<trkpt lat="59.404757" lon="24.341077">
			<ele>178.984</ele>
			<time>2022-05-29T17:47:00Z</time>
		</trkpt>
		<trkpt lat="59.405329" lon="24.339845">
			<ele>177.341</ele>
			<time>2022-05-29T17:47:09Z</time>
		</trkpt>
		<trkpt lat="59.405329" lon="24.339609">
			<ele>178.105</ele>
			<time>2022-05-29T17:47:11Z</time>
		</trkpt>
		<trkpt lat="59.405847" lon="24.338921">
			<ele>180.249</ele>
			<time>2022-05-29T17:47:15Z</time>
		</trkpt>
		<trkpt lat="59.406227" lon="24.338212">
			<ele>177.756</ele>
			<time>2022-05-29T17:47:20Z</time>
		</trkpt>
		<trkpt lat="59.407744" lon="24.33611">
			<ele>173.881</ele>
			<time>2022-05-29T17:47:38Z</time>
		</trkpt>
		<trkpt lat="59.408255" lon="24.335436">
			<ele>174.939</ele>
			<time>2022-05-29T17:47:44Z</time>
		</trkpt>
		<trkpt lat="59.410216" lon="24.332247">
			<ele>174.941</ele>
			<time>2022-05-29T17:48:09Z</time>
		</trkpt>
		<trkpt lat="59.410659" lon="24.33173">
			<ele>171.999</ele>
			<time>2022-05-29T17:48:14Z</time>
		</trkpt>
		<trkpt lat="59.410753" lon="24.331642">
			<ele>168.185</ele>
			<time>2022-05-29T17:48:15Z</time>
		</trkpt>
		<trkpt lat="59.41085" lon="24.331557">
			<ele>168.433</ele>
			<time>2022-05-29T17:48:16Z</time>
		</trkpt>
		<trkpt lat="59.411423" lon="24.331219">
			<ele>170.914</ele>
			<time>2022-05-29T17:48:23Z</time>
		</trkpt>
		<trkpt lat="59.411423" lon="24.331219">
			<ele>168.116</ele>
			<time>2022-05-29T17:48:25Z</time>
		</trkpt>
		<trkpt lat="59.411702" lon="24.330254">
			<ele>166.977</ele>
			<time>2022-05-29T17:48:29Z</time>
		</trkpt>
		<trkpt lat="59.412462" lon="24.329134">
			<ele>164.234</ele>
			<time>2022-05-29T17:48:36Z</time>
		</trkpt>
		<trkpt lat="59.41256" lon="24.328558">
			<ele>165.733</ele>
			<time>2022-05-29T17:48:40Z</time>
		</trkpt>
		<trkpt lat="59.412888" lon="24.327803">
			<ele>162.463</ele>
			<time>2022-05-29T17:48:45Z</time>
		</trkpt>
		<trkpt lat="59.413043" lon="24.327225">
			<ele>160.736</ele>
			<time>2022-05-29T17:48:48Z</time>
		</trkpt>
		<trkpt lat="59.413419" lon="24.325041">
			<ele>156.446</ele>
			<time>2022-05-29T17:49:00Z</time>
		</trkpt>
		<trkpt lat="59.413477" lon="24.324878">
			<ele>156.513</ele>
			<time>2022-05-29T17:49:01Z</time>
		</trkpt>
		<trkpt lat="59.413589" lon="24.324554">
			<ele>152.011</ele>
			<time>2022-05-29T17:49:03Z</time>
		</trkpt>
		<trkpt lat="59.413641" lon="24.324384">
			<ele>148.993</ele>
			<time>2022-05-29T17:49:04Z</time>
		</trkpt>
		<trkpt lat="59.413685" lon="24.324207">
			<ele>149.412</ele>
			<time>2022-05-29T17:49:05Z</time>
		</trkpt>
		<trkpt lat="59.413827" lon="24.32347">
			<ele>150.187</ele>
			<time>2022-05-29T17:49:09Z</time>
		</trkpt>
		<trkpt lat="59.414022" lon="24.322559">
			<ele>148.497</ele>
			<time>2022-05-29T17:49:14Z</time>
		</trkpt>
		<trkpt lat="59.414267" lon="24.321693">
			<ele>144.793</ele>
			<time>2022-05-29T17:49:20Z</time>
		</trkpt>
		<trkpt lat="59.414571" lon="24.321308">
			<ele>141.402</ele>
			<time>2022-05-29T17:49:24Z</time>
		</trkpt>
		<trkpt lat="59.414812" lon="24.321069">
			<ele>137.573</ele>
			<time>2022-05-29T17:49:27Z</time>
		</trkpt>
		<trkpt lat="59.415066" lon="24.320815">
			<ele>135.9</ele>
			<time>2022-05-29T17:49:30Z</time>
		</trkpt>
		<trkpt lat="59.415606" lon="24.320224">
			<ele>132.684</ele>
			<time>2022-05-29T17:49:37Z</time>
		</trkpt>
		<trkpt lat="59.415904" lon="24.319842">
			<ele>129.66</ele>
			<time>2022-05-29T17:49:41Z</time>
		</trkpt>
		<trkpt lat="59.416113" lon="24.319533">
			<ele>125.034</ele>
			<time>2022-05-29T17:49:44Z</time>
		</trkpt>
		<trkpt lat="59.416381" lon="24.319055">
			<ele>118.346</ele>
			<time>2022-05-29T17:49:48Z</time>
		</trkpt>
		<trkpt lat="59.416511" lon="24.318812">
			<ele>116.995</ele>
			<time>2022-05-29T17:49:50Z</time>
		</trkpt>
		<trkpt lat="59.416644" lon="24.318562">
			<ele>118.705</ele>
			<time>2022-05-29T17:49:52Z</time>
		</trkpt>
		<trkpt lat="59.416772" lon="24.3183">
			<ele>115.355</ele>
			<time>2022-05-29T17:49:54Z</time>
		</trkpt>
		<trkpt lat="59.416893" lon="24.318032">
			<ele>111.891</ele>
			<time>2022-05-29T17:49:56Z</time>
		</trkpt>
		<trkpt lat="59.417142" lon="24.31728">
			<ele>112.053</ele>
			<time>2022-05-29T17:50:01Z</time>
		</trkpt>
		<trkpt lat="59.417445" lon="24.316642">
			<ele>107.609</ele>
			<time>2022-05-29T17:50:06Z</time>
		</trkpt>
		<trkpt lat="59.417703" lon="24.316522">
			<ele>104.925</ele>
			<time>2022-05-29T17:50:11Z</time>
		</trkpt>
		<trkpt lat="59.417736" lon="24.316586">
			<ele>101.973</ele>
			<time>2022-05-29T17:50:12Z</time>
		</trkpt>
		<trkpt lat="59.418233" lon="24.31626">
			<ele>98.514</ele>
			<time>2022-05-29T17:50:17Z</time>
		</trkpt>
		<trkpt lat="59.418262" lon="24.316328">
			<ele>99.525</ele>
			<time>2022-05-29T17:50:18Z</time>
		</trkpt>
		<trkpt lat="59.418452" lon="24.316772">
			<ele>95.427</ele>
			<time>2022-05-29T17:50:22Z</time>
		</trkpt>
		<trkpt lat="59.418524" lon="24.316938">
			<ele>93.889</ele>
			<time>2022-05-29T17:50:23Z</time>
		</trkpt>
		<trkpt lat="59.418724" lon="24.317405">
			<ele>89.329</ele>
			<time>2022-05-29T17:50:26Z</time>
		</trkpt>
		<trkpt lat="59.419178" lon="24.31855">
			<ele>85.996</ele>
			<time>2022-05-29T17:50:33Z</time>
		</trkpt>
		<trkpt lat="59.419404" lon="24.318992">
			<ele>83.629</ele>
			<time>2022-05-29T17:50:36Z</time>
		</trkpt>
		<trkpt lat="59.420448" lon="24.319261">
			<ele>79.456</ele>
			<time>2022-05-29T17:50:44Z</time>
		</trkpt>
		<trkpt lat="59.420707" lon="24.319567">
			<ele>75.96</ele>
			<time>2022-05-29T17:50:47Z</time>
		</trkpt>
		<trkpt lat="59.420891" lon="24.319776">
			<ele>71.522</ele>
			<time>2022-05-29T17:50:49Z</time>
		</trkpt>
		<trkpt lat="59.421085" lon="24.319981">
			<ele>67.823</ele>
			<time>2022-05-29T17:50:51Z</time>
		</trkpt>
		<trkpt lat="59.421276" lon="24.320191">
			<ele>66.414</ele>
			<time>2022-05-29T17:50:53Z</time>
		</trkpt>
		<trkpt lat="59.421555" lon="24.320526">
			<ele>64.446</ele>
			<time>2022-05-29T17:50:56Z</time>
		</trkpt>
		<trkpt lat="59.42246" lon="24.322047">
			<ele>64.631</ele>
			<time>2022-05-29T17:51:07Z</time>
		</trkpt>
		<trkpt lat="59.422514" lon="24.322768">
			<ele>61.101</ele>
			<time>2022-05-29T17:51:11Z</time>
		</trkpt>
		<trkpt lat="59.42233" lon="24.323103">
			<ele>57.655</ele>
			<time>2022-05-29T17:51:13Z</time>
		</trkpt>
		<trkpt lat="59.422035" lon="24.323994">
			<ele>56.258</ele>
			<time>2022-05-29T17:51:18Z</time>
		</trkpt>
		<trkpt lat="59.421998" lon="24.324649">
			<ele>55.26</ele>
			<time>2022-05-29T17:51:21Z</time>
		</trkpt>
		<trkpt lat="59.422197" lon="24.326952">
			<ele>52.563</ele>
			<time>2022-05-29T17:51:32Z</time>
		</trkpt>
		<trkpt lat="59.421769" lon="24.328101">
			<ele>53.494</ele>
			<time>2022-05-29T17:51:36Z</time>
		</trkpt>
		<trkpt lat="59.421906" lon="24.328647">
			<ele>47.475</ele>
			<time>2022-05-29T17:51:39Z</time>
		</trkpt>
		<trkpt lat="59.422452" lon="24.329481">
			<ele>48.107</ele>
			<time>2022-05-29T17:51:44Z</time>
		</trkpt>
		<trkpt lat="59.422452" lon="24.329481">
			<ele>46.581</ele>
			<time>2022-05-29T17:51:45Z</time>
		</trkpt>
		<trkpt lat="59.422468" lon="24.329573">
			<ele>45.007</ele>
			<time>2022-05-29T17:51:47Z</time>
		</trkpt>
		<trkpt lat="59.423873" lon="24.32994">
			<ele>47.076</ele>
			<time>2022-05-29T17:51:57Z</time>
		</trkpt>
		<trkpt lat="59.42389" lon="24.330929">
			<ele>46.526</ele>
			<time>2022-05-29T17:52:03Z</time>
		</trkpt>
		<trkpt lat="59.423792" lon="24.331082">
			<ele>46.391</ele>
			<time>2022-05-29T17:52:04Z</time>
		</trkpt>
		<trkpt lat="59.42369" lon="24.331198">
			<ele>46.387</ele>
			<time>2022-05-29T17:52:05Z</time>
		</trkpt>
		<trkpt lat="59.423246" lon="24.332314">
			<ele>48.975</ele>
			<time>2022-05-29T17:52:08Z</time>
		</trkpt>
		<trkpt lat="59.42301" lon="24.332871">
			<ele>48.389</ele>
			<time>2022-05-29T17:52:14Z</time>
		</trkpt>
		<trkpt lat="59.422997" lon="24.333374">
			<ele>43.106</ele>
			<time>2022-05-29T17:52:17Z</time>
		</trkpt>
		<trkpt lat="59.422985" lon="24.333562">
			<ele>44.149</ele>
			<time>2022-05-29T17:52:18Z</time>
		</trkpt>
		<trkpt lat="59.422946" lon="24.33406">
			<ele>44.807</ele>
			<time>2022-05-29T17:52:20Z</time>
		</trkpt>
		<trkpt lat="59.422947" lon="24.334711">
			<ele>45.554</ele>
			<time>2022-05-29T17:52:23Z</time>
		</trkpt>
		<trkpt lat="59.422975" lon="24.3355">
			<ele>44.103</ele>
			<time>2022-05-29T17:52:27Z</time>
		</trkpt>
		<trkpt lat="59.423659" lon="24.335817">
			<ele>42.8</ele>
			<time>2022-05-29T17:52:29Z</time>
		</trkpt>
		<trkpt lat="59.423866" lon="24.336574">
			<ele>39.121</ele>
			<time>2022-05-29T17:52:33Z</time>
		</trkpt>
		<trkpt lat="59.424119" lon="24.337805">
			<ele>36.458</ele>
			<time>2022-05-29T17:52:39Z</time>
		</trkpt>
		<trkpt lat="59.424289" lon="24.338586">
			<ele>33.816</ele>
			<time>2022-05-29T17:52:43Z</time>
		</trkpt>
		<trkpt lat="59.424394" lon="24.338961">
			<ele>31.766</ele>
			<time>2022-05-29T17:52:45Z</time>
		</trkpt>
		<trkpt lat="59.424607" lon="24.339498">
			<ele>25.413</ele>
			<time>2022-05-29T17:52:48Z</time>
		</trkpt>
		<trkpt lat="59.424677" lon="24.339671">
			<ele>24.537</ele>
			<time>2022-05-29T17:52:49Z</time>
		</trkpt>
		<trkpt lat="59.424876" lon="24.340422">
			<ele>22.133</ele>
			<time>2022-05-29T17:52:53Z</time>
		</trkpt>
		<trkpt lat="59.42506" lon="24.340913">
			<ele>17.542</ele>
			<time>2022-05-29T17:52:56Z</time>
		</trkpt>
		<trkpt lat="59.425136" lon="24.341067">
			<ele>17.553</ele>
			<time>2022-05-29T17:52:57Z</time>
		</trkpt>
		<trkpt lat="59.425388" lon="24.341516">
			<ele>14.797</ele>
			<time>2022-05-29T17:53:00Z</time>
		</trkpt>
		<trkpt lat="59.425763" lon="24.341775">
			<ele>14.402</ele>
			<time>2022-05-29T17:53:04Z</time>
		</trkpt>
		<trkpt lat="59.426067" lon="24.341818">
			<ele>13.15</ele>
			<time>2022-05-29T17:53:07Z</time>
		</trkpt>
		<trkpt lat="59.426288" lon="24.342207">
			<ele>10.931</ele>
			<time>2022-05-29T17:53:10Z</time>
		</trkpt>
		<trkpt lat="59.426165" lon="24.343386">
			<ele>9.521</ele>
			<time>2022-05-29T17:53:13Z</time>
		</trkpt>
		<trkpt lat="59.426829" lon="24.342447">
			<ele>5.219</ele>
			<time>2022-05-29T17:53:16Z</time>
		</trkpt>
		<trkpt lat="59.426919" lon="24.342397">
			<ele>5.794</ele>
			<time>2022-05-29T17:53:17Z</time>
		</trkpt>
		<trkpt lat="59.427169" lon="24.342788">
			<ele>4.458</ele>
			<time>2022-05-29T17:53:20Z</time>
		</trkpt>
		<trkpt lat="59.427346" lon="24.34328">
			<ele>5.818</ele>
			<time>2022-05-29T17:53:23Z</time>
		</trkpt>
		<trkpt lat="59.42759" lon="24.34346">
			<ele>5</ele>
			<time>2022-05-29T17:53:26Z</time>
		</trkpt>
		<trkpt lat="59.427937" lon="24.343669">
			<ele>4.606</ele>
			<time>2022-05-29T17:53:30Z</time>
		</trkpt>
		<trkpt lat="59.428105" lon="24.343725">
			<ele>5.891</ele>
			<time>2022-05-29T17:53:32Z</time>
		</trkpt>
		<trkpt lat="59.428602" lon="24.343952">
			<ele>4.24</ele>
			<time>2022-05-29T17:53:38Z</time>
		</trkpt>
		<trkpt lat="59.42866" lon="24.344114">
			<ele>4.393</ele>
			<time>2022-05-29T17:53:39Z</time>
		</trkpt>
		<trkpt lat="59.428877" lon="24.344695">
			<ele>6.951</ele>
			<time>2022-05-29T17:53:43Z</time>
		</trkpt>
		<trkpt lat="59.429001" lon="24.345205">
			<ele>6.478</ele>
			<time>2022-05-29T17:53:46Z</time>
		</trkpt>
		<trkpt lat="59.429514" lon="24.345414">
			<ele>6.621</ele>
			<time>2022-05-29T17:53:52Z</time>
		</trkpt>
		<trkpt lat="59.429611" lon="24.345426">
			<ele>6.91</ele>
			<time>2022-05-29T17:53:53Z</time>
		</trkpt>
		<trkpt lat="59.429704" lon="24.345486">
			<ele>7.485</ele>
			<time>2022-05-29T17:53:54Z</time>
		</trkpt>
		<trkpt lat="59.430195" lon="24.345773">
			<ele>5.58</ele>
			<time>2022-05-29T17:53:59Z</time>
		</trkpt>
		<trkpt lat="59.430487" lon="24.345956">
			<ele>7.351</ele>
			<time>2022-05-29T17:54:02Z</time>
		</trkpt>
		<trkpt lat="59.430573" lon="24.346035">
			<ele>7.429</ele>
			<time>2022-05-29T17:54:03Z</time>
		</trkpt>
		<trkpt lat="59.430918" lon="24.34667">
			<ele>8.922</ele>
			<time>2022-05-29T17:54:08Z</time>
		</trkpt>
		<trkpt lat="59.43103" lon="24.347038">
			<ele>7.829</ele>
			<time>2022-05-29T17:54:10Z</time>
		</trkpt>
		<trkpt lat="59.431089" lon="24.347219">
			<ele>8.071</ele>
			<time>2022-05-29T17:54:11Z</time>
		</trkpt>
		<trkpt lat="59.432078" lon="24.348551">
			<ele>11.108</ele>
			<time>2022-05-29T17:54:23Z</time>
		</trkpt>
		<trkpt lat="59.43309" lon="24.349324">
			<ele>14.333</ele>
			<time>2022-05-29T17:54:34Z</time>
		</trkpt>
		<trkpt lat="59.433815" lon="24.349864">
			<ele>17.473</ele>
			<time>2022-05-29T17:54:42Z</time>
		</trkpt>
		<trkpt lat="59.434468" lon="24.350464">
			<ele>20.922</ele>
			<time>2022-05-29T17:54:49Z</time>
		</trkpt>
		<trkpt lat="59.435226" lon="24.350896">
			<ele>20.754</ele>
			<time>2022-05-29T17:54:57Z</time>
		</trkpt>
		<trkpt lat="59.436601" lon="24.351575">
			<ele>19.279</ele>
			<time>2022-05-29T17:55:11Z</time>
		</trkpt>
		<trkpt lat="59.436886" lon="24.351805">
			<ele>20.717</ele>
			<time>2022-05-29T17:55:14Z</time>
		</trkpt>
		<trkpt lat="59.437651" lon="24.352295">
			<ele>23.648</ele>
			<time>2022-05-29T17:55:22Z</time>
		</trkpt>
		<trkpt lat="59.437948" lon="24.352359">
			<ele>19.753</ele>
			<time>2022-05-29T17:55:25Z</time>
		</trkpt>
		<trkpt lat="59.438451" lon="24.352184">
			<ele>24.357</ele>
			<time>2022-05-29T17:55:30Z</time>
		</trkpt>
		<trkpt lat="59.439061" lon="24.352419">
			<ele>25.814</ele>
			<time>2022-05-29T17:55:32Z</time>
		</trkpt>
		<trkpt lat="59.43891" lon="24.351415">
			<ele>26.027</ele>
			<time>2022-05-29T17:55:36Z</time>
		</trkpt>
		<trkpt lat="59.438555" lon="24.350556">
			<ele>27.63</ele>
			<time>2022-05-29T17:55:41Z</time>
		</trkpt>
		<trkpt lat="59.438317" lon="24.350501">
			<ele>26.432</ele>
			<time>2022-05-29T17:55:43Z</time>
		</trkpt>
		<trkpt lat="59.436525" lon="24.349788">
			<ele>27.162</ele>
			<time>2022-05-29T17:55:58Z</time>
		</trkpt>
		<trkpt lat="59.435481" lon="24.349058">
			<ele>27.221</ele>
			<time>2022-05-29T17:56:07Z</time>
		</trkpt>
		<trkpt lat="59.433998" lon="24.348072">
			<ele>29.31</ele>
			<time>2022-05-29T17:56:20Z</time>
		</trkpt>
		<trkpt lat="59.433534" lon="24.347895">
			<ele>28.145</ele>
			<time>2022-05-29T17:56:24Z</time>
		</trkpt>
		<trkpt lat="59.432722" lon="24.347477">
			<ele>28.897</ele>
			<time>2022-05-29T17:56:31Z</time>
		</trkpt>
		<trkpt lat="59.432134" lon="24.347507">
			<ele>27.086</ele>
			<time>2022-05-29T17:56:36Z</time>
		</trkpt>
		<trkpt lat="59.431901" lon="24.347475">
			<ele>25.797</ele>
			<time>2022-05-29T17:56:38Z</time>
		</trkpt>
		<trkpt lat="59.431604" lon="24.347179">
			<ele>23.058</ele>
			<time>2022-05-29T17:56:41Z</time>
		</trkpt>
		<trkpt lat="59.431223" lon="24.346839">
			<ele>21.799</ele>
			<time>2022-05-29T17:56:45Z</time>
		</trkpt>
		<trkpt lat="59.430991" lon="24.347056">
			<ele>20.675</ele>
			<time>2022-05-29T17:56:47Z</time>
		</trkpt>
		<trkpt lat="59.430899" lon="24.347212">
			<ele>21.529</ele>
			<time>2022-05-29T17:56:48Z</time>
		</trkpt>
		<trkpt lat="59.430282" lon="24.346989">
			<ele>23.146</ele>
			<time>2022-05-29T17:56:55Z</time>
		</trkpt>
		<trkpt lat="59.430236" lon="24.346782">
			<ele>24.639</ele>
			<time>2022-05-29T17:56:56Z</time>
		</trkpt>
		<trkpt lat="59.430161" lon="24.346404">
			<ele>23.971</ele>
			<time>2022-05-29T17:56:58Z</time>
		</trkpt>
		<trkpt lat="59.429327" lon="24.344896">
			<ele>23.034</ele>
			<time>2022-05-29T17:57:08Z</time>
		</trkpt>
		<trkpt lat="59.428789" lon="24.343987">
			<ele>23.565</ele>
			<time>2022-05-29T17:57:14Z</time>
		</trkpt>
		<trkpt lat="59.428357" lon="24.343655">
			<ele>24.407</ele>
			<time>2022-05-29T17:57:18Z</time>
		</trkpt>
		<trkpt lat="59.427984" lon="24.342644">
			<ele>22.162</ele>
			<time>2022-05-29T17:57:25Z</time>
		</trkpt>
		<trkpt lat="59.428374" lon="24.342542">
			<ele>21.114</ele>
			<time>2022-05-29T17:57:29Z</time>
		</trkpt>
		<trkpt lat="59.428568" lon="24.342618">
			<ele>22.349</ele>
			<time>2022-05-29T17:57:31Z</time>
		</trkpt>
		<trkpt lat="59.428661" lon="24.342641">
			<ele>22.969</ele>
			<time>2022-05-29T17:57:32Z</time>
		</trkpt>
		<trkpt lat="59.428934" lon="24.34351">
			<ele>19.858</ele>
			<time>2022-05-29T17:57:38Z</time>
		</trkpt>
		<trkpt lat="59.428542" lon="24.343792">
			<ele>16.739</ele>
			<time>2022-05-29T17:57:41Z</time>
		</trkpt>
		<trkpt lat="59.428416" lon="24.343697">
			<ele>16.679</ele>
			<time>2022-05-29T17:57:42Z</time>
		</trkpt>
		<trkpt lat="59.427548" lon="24.342614">
			<ele>17.213</ele>
			<time>2022-05-29T17:57:51Z</time>
		</trkpt>
		<trkpt lat="59.427458" lon="24.342466">
			<ele>17.27</ele>
			<time>2022-05-29T17:57:52Z</time>
		</trkpt>
		<trkpt lat="59.427184" lon="24.342079">
			<ele>18.999</ele>
			<time>2022-05-29T17:57:55Z</time>
		</trkpt>
		<trkpt lat="59.426047" lon="24.340899">
			<ele>22.26</ele>
			<time>2022-05-29T17:58:06Z</time>
		</trkpt>
		<trkpt lat="59.42584" lon="24.340687">
			<ele>23.255</ele>
			<time>2022-05-29T17:58:08Z</time>
		</trkpt>
		<trkpt lat="59.425503" lon="24.339894">
			<ele>24.259</ele>
			<time>2022-05-29T17:58:13Z</time>
		</trkpt>
		<trkpt lat="59.425224" lon="24.337847">
			<ele>26.466</ele>
			<time>2022-05-29T17:58:23Z</time>
		</trkpt>
		<trkpt lat="59.42514" lon="24.337244">
			<ele>30.236</ele>
			<time>2022-05-29T17:58:26Z</time>
		</trkpt>
		<trkpt lat="59.425106" lon="24.337044">
			<ele>30.214</ele>
			<time>2022-05-29T17:58:27Z</time>
		</trkpt>
		<trkpt lat="59.424992" lon="24.336442">
			<ele>33.888</ele>
			<time>2022-05-29T17:58:30Z</time>
		</trkpt>
		<trkpt lat="59.424865" lon="24.335847">
			<ele>35.219</ele>
			<time>2022-05-29T17:58:33Z</time>
		</trkpt>
		<trkpt lat="59.424776" lon="24.335454">
			<ele>36.347</ele>
			<time>2022-05-29T17:58:35Z</time>
		</trkpt>
		<trkpt lat="59.424642" lon="24.334867">
			<ele>39.257</ele>
			<time>2022-05-29T17:58:38Z</time>
		</trkpt>
		<trkpt lat="59.424321" lon="24.333496">
			<ele>42.459</ele>
			<time>2022-05-29T17:58:45Z</time>
		</trkpt>
		<trkpt lat="59.424272" lon="24.333304">
			<ele>42.638</ele>
			<time>2022-05-29T17:58:46Z</time>
		</trkpt>
		<trkpt lat="59.423848" lon="24.331511">
			<ele>46.337</ele>
			<time>2022-05-29T17:58:55Z</time>
		</trkpt>
		<trkpt lat="59.423788" lon="24.331327">
			<ele>46.14</ele>
			<time>2022-05-29T17:58:56Z</time>
		</trkpt>
		<trkpt lat="59.423593" lon="24.330777">
			<ele>47.968</ele>
			<time>2022-05-29T17:58:59Z</time>
		</trkpt>
		<trkpt lat="59.423394" lon="24.330234">
			<ele>49.823</ele>
			<time>2022-05-29T17:59:02Z</time>
		</trkpt>
		<trkpt lat="59.422897" lon="24.328739">
			<ele>53.76</ele>
			<time>2022-05-29T17:59:10Z</time>
		</trkpt>
		<trkpt lat="59.422843" lon="24.328542">
			<ele>53.418</ele>
			<time>2022-05-29T17:59:11Z</time>
		</trkpt>
		<trkpt lat="59.422683" lon="24.327944">
			<ele>54.747</ele>
			<time>2022-05-29T17:59:14Z</time>
		</trkpt>
		<trkpt lat="59.422522" lon="24.327384">
			<ele>56.007</ele>
			<time>2022-05-29T17:59:17Z</time>
		</trkpt>
		<trkpt lat="59.422418" lon="24.327006">
			<ele>57.154</ele>
			<time>2022-05-29T17:59:19Z</time>
		</trkpt>
		<trkpt lat="59.422023" lon="24.325691">
			<ele>61.117</ele>
			<time>2022-05-29T17:59:26Z</time>
		</trkpt>
		<trkpt lat="59.421604" lon="24.324149">
			<ele>64.057</ele>
			<time>2022-05-29T17:59:34Z</time>
		</trkpt>
		<trkpt lat="59.420989" lon="24.321854">
			<ele>65.149</ele>
			<time>2022-05-29T17:59:46Z</time>
		</trkpt>
		<trkpt lat="59.420811" lon="24.321299">
			<ele>69.694</ele>
			<time>2022-05-29T17:59:49Z</time>
		</trkpt>
		<trkpt lat="59.420584" lon="24.320545">
			<ele>66.477</ele>
			<time>2022-05-29T17:59:53Z</time>
		</trkpt>
		<trkpt lat="59.420485" lon="24.320166">
			<ele>70.057</ele>
			<time>2022-05-29T17:59:55Z</time>
		</trkpt>
		<trkpt lat="59.420434" lon="24.319976">
			<ele>70.341</ele>
			<time>2022-05-29T17:59:56Z</time>
		</trkpt>
		<trkpt lat="59.420026" lon="24.318913">
			<ele>73.008</ele>
			<time>2022-05-29T18:00:02Z</time>
		</trkpt>
		<trkpt lat="59.419605" lon="24.317864">
			<ele>76.763</ele>
			<time>2022-05-29T18:00:08Z</time>
		</trkpt>
		<trkpt lat="59.419392" lon="24.317369">
			<ele>79.216</ele>
			<time>2022-05-29T18:00:11Z</time>
		</trkpt>
		<trkpt lat="59.418554" lon="24.317008">
			<ele>82.417</ele>
			<time>2022-05-29T18:00:17Z</time>
		</trkpt>
		<trkpt lat="59.41805" lon="24.315832">
			<ele>85.988</ele>
			<time>2022-05-29T18:00:24Z</time>
		</trkpt>
		<trkpt lat="59.417623" lon="24.314799">
			<ele>90.261</ele>
			<time>2022-05-29T18:00:30Z</time>
		</trkpt>
		<trkpt lat="59.417303" lon="24.314177">
			<ele>93.58</ele>
			<time>2022-05-29T18:00:34Z</time>
		</trkpt>
		<trkpt lat="59.416952" lon="24.313452">
			<ele>96.783</ele>
			<time>2022-05-29T18:00:39Z</time>
		</trkpt>
		<trkpt lat="59.416216" lon="24.313712">
			<ele>100.299</ele>
			<time>2022-05-29T18:00:43Z</time>
		</trkpt>
		<trkpt lat="59.415995" lon="24.31331">
			<ele>101.759</ele>
			<time>2022-05-29T18:00:46Z</time>
		</trkpt>
		<trkpt lat="59.415188" lon="24.312726">
			<ele>106.478</ele>
			<time>2022-05-29T18:00:52Z</time>
		</trkpt>
		<trkpt lat="59.415068" lon="24.312738">
			<ele>105.522</ele>
			<time>2022-05-29T18:00:53Z</time>
		</trkpt>
		<trkpt lat="59.414921" lon="24.312772">
			<ele>108.857</ele>
			<time>2022-05-29T18:00:54Z</time>
		</trkpt>
		<trkpt lat="59.414678" lon="24.312854">
			<ele>112.42</ele>
			<time>2022-05-29T18:00:56Z</time>
		</trkpt>
		<trkpt lat="59.414063" lon="24.313061">
			<ele>116.397</ele>
			<time>2022-05-29T18:01:01Z</time>
		</trkpt>
		<trkpt lat="59.413172" lon="24.313365">
			<ele>120.092</ele>
			<time>2022-05-29T18:01:08Z</time>
		</trkpt>
		<trkpt lat="59.412289" lon="24.313699">
			<ele>123.629</ele>
			<time>2022-05-29T18:01:15Z</time>
		</trkpt>
		<trkpt lat="59.411912" lon="24.313842">
			<ele>127.741</ele>
			<time>2022-05-29T18:01:18Z</time>
		</trkpt>
		<trkpt lat="59.411286" lon="24.314118">
			<ele>131.765</ele>
			<time>2022-05-29T18:01:23Z</time>
		</trkpt>
		<trkpt lat="59.411033" lon="24.314233">
			<ele>133.162</ele>
			<time>2022-05-29T18:01:25Z</time>
		</trkpt>
		<trkpt lat="59.410159" lon="24.314655">
			<ele>137.062</ele>
			<time>2022-05-29T18:01:32Z</time>
		</trkpt>
		<trkpt lat="59.409542" lon="24.314957">
			<ele>140.147</ele>
			<time>2022-05-29T18:01:37Z</time>
		</trkpt>
		<trkpt lat="59.409059" lon="24.315193">
			<ele>143.706</ele>
			<time>2022-05-29T18:01:41Z</time>
		</trkpt>
		<trkpt lat="59.408917" lon="24.31525">
			<ele>143.99</ele>
			<time>2022-05-29T18:01:42Z</time>
		</trkpt>
		<trkpt lat="59.408404" lon="24.315358">
			<ele>147.013</ele>
			<time>2022-05-29T18:01:46Z</time>
		</trkpt>
		<trkpt lat="59.408129" lon="24.315348">
			<ele>148.619</ele>
			<time>2022-05-29T18:01:48Z</time>
		</trkpt>
		<trkpt lat="59.407453" lon="24.31511">
			<ele>150.85</ele>
			<time>2022-05-29T18:01:53Z</time>
		</trkpt>
		<trkpt lat="59.406831" lon="24.314525">
			<ele>154.652</ele>
			<time>2022-05-29T18:01:58Z</time>
		</trkpt>
		<trkpt lat="59.406752" lon="24.314439">
			<ele>154.595</ele>
			<time>2022-05-29T18:01:59Z</time>
		</trkpt>
		<trkpt lat="59.405972" lon="24.313236">
			<ele>157.145</ele>
			<time>2022-05-29T18:02:07Z</time>
		</trkpt>
		<trkpt lat="59.40559" lon="24.312053">
			<ele>160.262</ele>
			<time>2022-05-29T18:02:13Z</time>
		</trkpt>
		<trkpt lat="59.40554" lon="24.311869">
			<ele>160.268</ele>
			<time>2022-05-29T18:02:14Z</time>
		</trkpt>
		<trkpt lat="59.405416" lon="24.311335">
			<ele>163.127</ele>
			<time>2022-05-29T18:02:17Z</time>
		</trkpt>
		<trkpt lat="59.404847" lon="24.310747">
			<ele>165.824</ele>
			<time>2022-05-29T18:02:22Z</time>
		</trkpt>
		<trkpt lat="59.404341" lon="24.308522">
			<ele>168.771</ele>
			<time>2022-05-29T18:02:35Z</time>
		</trkpt>
		<trkpt lat="59.40402" lon="24.308474">
			<ele>168.869</ele>
			<time>2022-05-29T18:02:36Z</time>
		</trkpt>
		<trkpt lat="59.403939" lon="24.308018">
			<ele>168.037</ele>
			<time>2022-05-29T18:02:41Z</time>
		</trkpt>
		<trkpt lat="59.403944" lon="24.308049">
			<ele>172.651</ele>
			<time>2022-05-29T18:02:43Z</time>
		</trkpt>
		<trkpt lat="59.403946" lon="24.308061">
			<ele>172.517</ele>
			<time>2022-05-29T18:02:44Z</time>
		</trkpt>
		<trkpt lat="59.402224" lon="24.305805">
			<ele>168.839</ele>
			<time>2022-05-29T18:02:56Z</time>
		</trkpt>
		<trkpt lat="59.401876" lon="24.305236">
			<ele>165.145</ele>
			<time>2022-05-29T18:03:00Z</time>
		</trkpt>
		<trkpt lat="59.401794" lon="24.305081">
			<ele>165.27</ele>
			<time>2022-05-29T18:03:01Z</time>
		</trkpt>
		<trkpt lat="59.401482" lon="24.304447">
			<ele>159.937</ele>
			<time>2022-05-29T18:03:05Z</time>
		</trkpt>
		<trkpt lat="59.400961" lon="24.303312">
			<ele>156.042</ele>
			<time>2022-05-29T18:03:12Z</time>
		</trkpt>
		<trkpt lat="59.400801" lon="24.302221">
			<ele>155.924</ele>
			<time>2022-05-29T18:03:13Z</time>
		</trkpt>
		<trkpt lat="59.400532" lon="24.302333">
			<ele>154.072</ele>
			<time>2022-05-29T18:03:18Z</time>
		</trkpt>
		<trkpt lat="59.400346" lon="24.30215">
			<ele>150.331</ele>
			<time>2022-05-29T18:03:21Z</time>
		</trkpt>
		<trkpt lat="59.400014" lon="24.301146">
			<ele>146.698</ele>
			<time>2022-05-29T18:03:25Z</time>
		</trkpt>
		<trkpt lat="59.399786" lon="24.300642">
			<ele>143.625</ele>
			<time>2022-05-29T18:03:28Z</time>
		</trkpt>
		<trkpt lat="59.399709" lon="24.300476">
			<ele>139.369</ele>
			<time>2022-05-29T18:03:29Z</time>
		</trkpt>
		<trkpt lat="59.399631" lon="24.30031">
			<ele>139.31</ele>
			<time>2022-05-29T18:03:30Z</time>
		</trkpt>
		<trkpt lat="59.398935" lon="24.299955">
			<ele>135.761</ele>
			<time>2022-05-29T18:03:35Z</time>
		</trkpt>
		<trkpt lat="59.398935" lon="24.299955">
			<ele>131.965</ele>
			<time>2022-05-29T18:03:38Z</time>
		</trkpt>
		<trkpt lat="59.399021" lon="24.298024">
			<ele>127.342</ele>
			<time>2022-05-29T18:03:40Z</time>
		</trkpt>
		<trkpt lat="59.398164" lon="24.298366">
			<ele>122.296</ele>
			<time>2022-05-29T18:03:43Z</time>
		</trkpt>
		<trkpt lat="59.398153" lon="24.298189">
			<ele>119.198</ele>
			<time>2022-05-29T18:03:44Z</time>
		</trkpt>
		<trkpt lat="59.398141" lon="24.298011">
			<ele>119.273</ele>
			<time>2022-05-29T18:03:45Z</time>
		</trkpt>
		<trkpt lat="59.39793" lon="24.297045">
			<ele>114.905</ele>
			<time>2022-05-29T18:03:50Z</time>
		</trkpt>
		<trkpt lat="59.397915" lon="24.296879">
			<ele>110.909</ele>
			<time>2022-05-29T18:03:52Z</time>
		</trkpt>
		<trkpt lat="59.397356" lon="24.296495">
			<ele>108.437</ele>
			<time>2022-05-29T18:03:55Z</time>
		</trkpt>
		<trkpt lat="59.396853" lon="24.29605">
			<ele>104.953</ele>
			<time>2022-05-29T18:03:57Z</time>
		</trkpt>
		<trkpt lat="59.396853" lon="24.29605">
			<ele>101.162</ele>
			<time>2022-05-29T18:03:59Z</time>
		</trkpt>
		<trkpt lat="59.396839" lon="24.296035">
			<ele>101.32</ele>
			<time>2022-05-29T18:04:00Z</time>
		</trkpt>
		<trkpt lat="59.396382" lon="24.295762">
			<ele>98.582</ele>
			<time>2022-05-29T18:04:05Z</time>
		</trkpt>
		<trkpt lat="59.396338" lon="24.295771">
			<ele>95.866</ele>
			<time>2022-05-29T18:04:08Z</time>
		</trkpt>
		<trkpt lat="59.395934" lon="24.295793">
			<ele>96.072</ele>
			<time>2022-05-29T18:04:09Z</time>
		</trkpt>
		<trkpt lat="59.395722" lon="24.295868">
			<ele>94.137</ele>
			<time>2022-05-29T18:04:11Z</time>
		</trkpt>
		<trkpt lat="59.395223" lon="24.295878">
			<ele>91.05</ele>
			<time>2022-05-29T18:04:16Z</time>
		</trkpt>
		<trkpt lat="59.395311" lon="24.29692">
			<ele>91.346</ele>
			<time>2022-05-29T18:04:17Z</time>
		</trkpt>
		<trkpt lat="59.395396" lon="24.297554">
			<ele>89.081</ele>
			<time>2022-05-29T18:04:20Z</time>
		</trkpt>
		<trkpt lat="59.395523" lon="24.298496">
			<ele>88.424</ele>
			<time>2022-05-29T18:04:25Z</time>
		</trkpt>
		<trkpt lat="59.396137" lon="24.29834">
			<ele>90.181</ele>
			<time>2022-05-29T18:04:32Z</time>
		</trkpt>
		<trkpt lat="59.396231" lon="24.298316">
			<ele>89.779</ele>
			<time>2022-05-29T18:04:33Z</time>
		</trkpt>
		<trkpt lat="59.3965" lon="24.298247">
			<ele>88.207</ele>
			<time>2022-05-29T18:04:36Z</time>
		</trkpt>
		<trkpt lat="59.396667" lon="24.298202">
			<ele>87.085</ele>
			<time>2022-05-29T18:04:38Z</time>
		</trkpt>
		<trkpt lat="59.396742" lon="24.29818">
			<ele>87.234</ele>
			<time>2022-05-29T18:04:39Z</time>
		</trkpt>
		<trkpt lat="59.397178" lon="24.297382">
			<ele>84.85</ele>
			<time>2022-05-29T18:04:44Z</time>
		</trkpt>
		<trkpt lat="59.396853" lon="24.296694">
			<ele>85.274</ele>
			<time>2022-05-29T18:04:46Z</time>
		</trkpt>
		<trkpt lat="59.396811" lon="24.296501">
			<ele>86.778</ele>
			<time>2022-05-29T18:04:48Z</time>
		</trkpt>
		<trkpt lat="59.396491" lon="24.295741">
			<ele>85.373</ele>
			<time>2022-05-29T18:04:51Z</time>
		</trkpt>
		<trkpt lat="59.396722" lon="24.295428">
			<ele>87.959</ele>
			<time>2022-05-29T18:04:56Z</time>
		</trkpt>
		<trkpt lat="59.397261" lon="24.294505">
			<ele>92.137</ele>
			<time>2022-05-29T18:05:04Z</time>
		</trkpt>
		<trkpt lat="59.397096" lon="24.292488">
			<ele>94.648</ele>
			<time>2022-05-29T18:05:11Z</time>
		</trkpt>
		<trkpt lat="59.397729" lon="24.291865">
			<ele>98.304</ele>
			<time>2022-05-29T18:05:15Z</time>
		</trkpt>
		<trkpt lat="59.397922" lon="24.291417">
			<ele>94.62</ele>
			<time>2022-05-29T18:05:19Z</time>
		</trkpt>
		<trkpt lat="59.398138" lon="24.291194">
			<ele>94.632</ele>
			<time>2022-05-29T18:05:21Z</time>
		</trkpt>
		<trkpt lat="59.398562" lon="24.289927">
			<ele>98.827</ele>
			<time>2022-05-29T18:05:28Z</time>
		</trkpt>
		<trkpt lat="59.39857" lon="24.289692">
			<ele>101.317</ele>
			<time>2022-05-29T18:05:29Z</time>
		</trkpt>
		<trkpt lat="59.398594" lon="24.289016">
			<ele>103.449</ele>
			<time>2022-05-29T18:05:32Z</time>
		</trkpt>
		<trkpt lat="59.398813" lon="24.288217">
			<ele>104.427</ele>
			<time>2022-05-29T18:05:36Z</time>
		</trkpt>
		<trkpt lat="59.398995" lon="24.286437">
			<ele>108.733</ele>
			<time>2022-05-29T18:05:42Z</time>
		</trkpt>
		<trkpt lat="59.399086" lon="24.286328">
			<ele>109</ele>
			<time>2022-05-29T18:05:43Z</time>
		</trkpt>
		<trkpt lat="59.400225" lon="24.284321">
			<ele>108.617</ele>
			<time>2022-05-29T18:05:58Z</time>
		</trkpt>
		<trkpt lat="59.400875" lon="24.283329">
			<ele>107.713</ele>
			<time>2022-05-29T18:06:05Z</time>
		</trkpt>
		<trkpt lat="59.401976" lon="24.282237">
			<ele>107.491</ele>
			<time>2022-05-29T18:06:15Z</time>
		</trkpt>
		<trkpt lat="59.402586" lon="24.28099">
			<ele>104.327</ele>
			<time>2022-05-29T18:06:23Z</time>
		</trkpt>
		<trkpt lat="59.402735" lon="24.280663">
			<ele>100.761</ele>
			<time>2022-05-29T18:06:25Z</time>
		</trkpt>
		<trkpt lat="59.402889" lon="24.280336">
			<ele>99.4</ele>
			<time>2022-05-29T18:06:27Z</time>
		</trkpt>
		<trkpt lat="59.403246" lon="24.279455">
			<ele>95.689</ele>
			<time>2022-05-29T18:06:32Z</time>
		</trkpt>
		<trkpt lat="59.403299" lon="24.279257">
			<ele>95.794</ele>
			<time>2022-05-29T18:06:33Z</time>
		</trkpt>
		<trkpt lat="59.403636" lon="24.276417">
			<ele>92.26</ele>
			<time>2022-05-29T18:06:46Z</time>
		</trkpt>
		<trkpt lat="59.403571" lon="24.273849">
			<ele>90.482</ele>
			<time>2022-05-29T18:06:57Z</time>
		</trkpt>
		<trkpt lat="59.403509" lon="24.270082">
			<ele>88.616</ele>
			<time>2022-05-29T18:07:13Z</time>
		</trkpt>
		<trkpt lat="59.402945" lon="24.266375">
			<ele>85</ele>
			<time>2022-05-29T18:07:28Z</time>
		</trkpt>
		<trkpt lat="59.402728" lon="24.265418">
			<ele>81.759</ele>
			<time>2022-05-29T18:07:35Z</time>
		</trkpt>
		<trkpt lat="59.403137" lon="24.264193">
			<ele>79.979</ele>
			<time>2022-05-29T18:07:38Z</time>
		</trkpt>
		<trkpt lat="59.402911" lon="24.263044">
			<ele>76.363</ele>
			<time>2022-05-29T18:07:43Z</time>
		</trkpt>
		<trkpt lat="59.402785" lon="24.262373">
			<ele>79.758</ele>
			<time>2022-05-29T18:07:46Z</time>
		</trkpt>
		<trkpt lat="59.402737" lon="24.262168">
			<ele>78.797</ele>
			<time>2022-05-29T18:07:47Z</time>
		</trkpt>
		<trkpt lat="59.402961" lon="24.261195">
			<ele>70.001</ele>
			<time>2022-05-29T18:07:49Z</time>
		</trkpt>
		<trkpt lat="59.402878" lon="24.260985">
			<ele>64.947</ele>
			<time>2022-05-29T18:07:50Z</time>
		</trkpt>
		<trkpt lat="59.40273" lon="24.260658">
			<ele>59.914</ele>
			<time>2022-05-29T18:07:51Z</time>
		</trkpt>
		<trkpt lat="59.402619" lon="24.260484">
			<ele>56.854</ele>
			<time>2022-05-29T18:07:52Z</time>
		</trkpt>
		<trkpt lat="59.402508" lon="24.26031">
			<ele>57.326</ele>
			<time>2022-05-29T18:07:53Z</time>
		</trkpt>
		<trkpt lat="59.401535" lon="24.259054">
			<ele>55.52</ele>
			<time>2022-05-29T18:08:02Z</time>
		</trkpt>
		<trkpt lat="59.401354" lon="24.256936">
			<ele>52.445</ele>
			<time>2022-05-29T18:08:08Z</time>
		</trkpt>
		<trkpt lat="59.401213" lon="24.256417">
			<ele>51.403</ele>
			<time>2022-05-29T18:08:10Z</time>
		</trkpt>
		<trkpt lat="59.400936" lon="24.255437">
			<ele>55.161</ele>
			<time>2022-05-29T18:08:14Z</time>
		</trkpt>
		<trkpt lat="59.400806" lon="24.254949">
			<ele>55.819</ele>
			<time>2022-05-29T18:08:16Z</time>
		</trkpt>
		<trkpt lat="59.400583" lon="24.254009">
			<ele>55.829</ele>
			<time>2022-05-29T18:08:20Z</time>
		</trkpt>
		<trkpt lat="59.400319" lon="24.252644">
			<ele>54.646</ele>
			<time>2022-05-29T18:08:26Z</time>
		</trkpt>
		<trkpt lat="59.39996" lon="24.250808">
			<ele>56.648</ele>
			<time>2022-05-29T18:08:34Z</time>
		</trkpt>
		<trkpt lat="59.399774" lon="24.249906">
			<ele>56.185</ele>
			<time>2022-05-29T18:08:38Z</time>
		</trkpt>
		<trkpt lat="59.399505" lon="24.248796">
			<ele>59.346</ele>
			<time>2022-05-29T18:08:43Z</time>
		</trkpt>
		<trkpt lat="59.3993" lon="24.247884">
			<ele>55.858</ele>
			<time>2022-05-29T18:08:47Z</time>
		</trkpt>
		<trkpt lat="59.399248" lon="24.24766">
			<ele>57.057</ele>
			<time>2022-05-29T18:08:48Z</time>
		</trkpt>
		<trkpt lat="59.399144" lon="24.247221">
			<ele>60.61</ele>
			<time>2022-05-29T18:08:50Z</time>
		</trkpt>
		<trkpt lat="59.398366" lon="24.244089">
			<ele>57.025</ele>
			<time>2022-05-29T18:09:04Z</time>
		</trkpt>
		<trkpt lat="59.398109" lon="24.243517">
			<ele>61.097</ele>
			<time>2022-05-29T18:09:07Z</time>
		</trkpt>
		<trkpt lat="59.397424" lon="24.242365">
			<ele>60.278</ele>
			<time>2022-05-29T18:09:14Z</time>
		</trkpt>
		<trkpt lat="59.396521" lon="24.241591">
			<ele>62.894</ele>
			<time>2022-05-29T18:09:21Z</time>
		</trkpt>
		<trkpt lat="59.396365" lon="24.241361">
			<ele>61.593</ele>
			<time>2022-05-29T18:09:23Z</time>
		</trkpt>
		<trkpt lat="59.395974" lon="24.240797">
			<ele>59.278</ele>
			<time>2022-05-29T18:09:27Z</time>
		</trkpt>
		<trkpt lat="59.394729" lon="24.237041">
			<ele>60.108</ele>
			<time>2022-05-29T18:09:41Z</time>
		</trkpt>
		<trkpt lat="59.394729" lon="24.237041">
			<ele>59.737</ele>
			<time>2022-05-29T18:09:42Z</time>
		</trkpt>
		<trkpt lat="59.394451" lon="24.233993">
			<ele>58.87</ele>
			<time>2022-05-29T18:09:55Z</time>
		</trkpt>
		<trkpt lat="59.393927" lon="24.230752">
			<ele>60.168</ele>
			<time>2022-05-29T18:10:09Z</time>
		</trkpt>
		<trkpt lat="59.39393" lon="24.230333">
			<ele>61.695</ele>
			<time>2022-05-29T18:10:11Z</time>
		</trkpt>
		<trkpt lat="59.393999" lon="24.229302">
			<ele>59.76</ele>
			<time>2022-05-29T18:10:16Z</time>
		</trkpt>
		<trkpt lat="59.394064" lon="24.228658">
			<ele>58.536</ele>
			<time>2022-05-29T18:10:19Z</time>
		</trkpt>
		<trkpt lat="59.394099" lon="24.228017">
			<ele>56.004</ele>
			<time>2022-05-29T18:10:22Z</time>
		</trkpt>
		<trkpt lat="59.394079" lon="24.226935">
			<ele>54.733</ele>
			<time>2022-05-29T18:10:27Z</time>
		</trkpt>
		<trkpt lat="59.393963" lon="24.226116">
			<ele>52.382</ele>
			<time>2022-05-29T18:10:31Z</time>
		</trkpt>
		<trkpt lat="59.393853" lon="24.225725">
			<ele>51.613</ele>
			<time>2022-05-29T18:10:33Z</time>
		</trkpt>
		<trkpt lat="59.393614" lon="24.224996">
			<ele>48.396</ele>
			<time>2022-05-29T18:10:37Z</time>
		</trkpt>
		<trkpt lat="59.393555" lon="24.224814">
			<ele>48.127</ele>
			<time>2022-05-29T18:10:38Z</time>
		</trkpt>
		<trkpt lat="59.393309" lon="24.224086">
			<ele>45.429</ele>
			<time>2022-05-29T18:10:42Z</time>
		</trkpt>
		<trkpt lat="59.393307" lon="24.223299">
			<ele>41.072</ele>
			<time>2022-05-29T18:10:46Z</time>
		</trkpt>
		<trkpt lat="59.393392" lon="24.223073">
			<ele>39.404</ele>
			<time>2022-05-29T18:10:47Z</time>
		</trkpt>
		<trkpt lat="59.393637" lon="24.222049">
			<ele>38.681</ele>
			<time>2022-05-29T18:10:53Z</time>
		</trkpt>
		<trkpt lat="59.393585" lon="24.22162">
			<ele>37.102</ele>
			<time>2022-05-29T18:10:55Z</time>
		</trkpt>
		<trkpt lat="59.393709" lon="24.220622">
			<ele>33.962</ele>
			<time>2022-05-29T18:11:00Z</time>
		</trkpt>
		<trkpt lat="59.393923" lon="24.219743">
			<ele>32.62</ele>
			<time>2022-05-29T18:11:05Z</time>
		</trkpt>
		<trkpt lat="59.393924" lon="24.21863">
			<ele>38.107</ele>
			<time>2022-05-29T18:11:10Z</time>
		</trkpt>
		<trkpt lat="59.393766" lon="24.217844">
			<ele>40.144</ele>
			<time>2022-05-29T18:11:14Z</time>
		</trkpt>
		<trkpt lat="59.393692" lon="24.216628">
			<ele>36.636</ele>
			<time>2022-05-29T18:11:21Z</time>
		</trkpt>
		<trkpt lat="59.393727" lon="24.216519">
			<ele>37.61</ele>
			<time>2022-05-29T18:11:22Z</time>
		</trkpt>
		<trkpt lat="59.393821" lon="24.216228">
			<ele>40.211</ele>
			<time>2022-05-29T18:11:25Z</time>
		</trkpt>
		<trkpt lat="59.394463" lon="24.216691">
			<ele>41.716</ele>
			<time>2022-05-29T18:11:27Z</time>
		</trkpt>
		<trkpt lat="59.395418" lon="24.216533">
			<ele>43.978</ele>
			<time>2022-05-29T18:11:36Z</time>
		</trkpt>
		<trkpt lat="59.395631" lon="24.216538">
			<ele>41.422</ele>
			<time>2022-05-29T18:11:38Z</time>
		</trkpt>
		<trkpt lat="59.396048" lon="24.216567">
			<ele>44.825</ele>
			<time>2022-05-29T18:11:42Z</time>
		</trkpt>
		<trkpt lat="59.396356" lon="24.216579">
			<ele>47.302</ele>
			<time>2022-05-29T18:11:45Z</time>
		</trkpt>
		<trkpt lat="59.396771" lon="24.216576">
			<ele>52.556</ele>
			<time>2022-05-29T18:11:49Z</time>
		</trkpt>
		<trkpt lat="59.396873" lon="24.216569">
			<ele>52.439</ele>
			<time>2022-05-29T18:11:50Z</time>
		</trkpt>
		<trkpt lat="59.397388" lon="24.216525">
			<ele>55.305</ele>
			<time>2022-05-29T18:11:55Z</time>
		</trkpt>
		<trkpt lat="59.397791" lon="24.216518">
			<ele>58.652</ele>
			<time>2022-05-29T18:11:59Z</time>
		</trkpt>
		<trkpt lat="59.398194" lon="24.216556">
			<ele>61.909</ele>
			<time>2022-05-29T18:12:03Z</time>
		</trkpt>
		<trkpt lat="59.398391" lon="24.216583">
			<ele>61.24</ele>
			<time>2022-05-29T18:12:05Z</time>
		</trkpt>
		<trkpt lat="59.398832" lon="24.215802">
			<ele>63.938</ele>
			<time>2022-05-29T18:12:12Z</time>
		</trkpt>
		<trkpt lat="59.398487" lon="24.214761">
			<ele>67.144</ele>
			<time>2022-05-29T18:12:18Z</time>
		</trkpt>
		<trkpt lat="59.398389" lon="24.214636">
			<ele>66.333</ele>
			<time>2022-05-29T18:12:19Z</time>
		</trkpt>
		<trkpt lat="59.397926" lon="24.214326">
			<ele>67.633</ele>
			<time>2022-05-29T18:12:23Z</time>
		</trkpt>
		<trkpt lat="59.397519" lon="24.215344">
			<ele>66.141</ele>
			<time>2022-05-29T18:12:28Z</time>
		</trkpt>
		<trkpt lat="59.397529" lon="24.215577">
			<ele>66.529</ele>
			<time>2022-05-29T18:12:29Z</time>
		</trkpt>
		<trkpt lat="59.397572" lon="24.216201">
			<ele>71.029</ele>
			<time>2022-05-29T18:12:32Z</time>
		</trkpt>
		<trkpt lat="59.397799" lon="24.216865">
			<ele>70.188</ele>
			<time>2022-05-29T18:12:36Z</time>
		</trkpt>
		<trkpt lat="59.39796" lon="24.217118">
			<ele>69.289</ele>
			<time>2022-05-29T18:12:38Z</time>
		</trkpt>
		<trkpt lat="59.39823" lon="24.21723">
			<ele>72.544</ele>
			<time>2022-05-29T18:12:41Z</time>
		</trkpt>
		<trkpt lat="59.398509" lon="24.216465">
			<ele>72.438</ele>
			<time>2022-05-29T18:12:46Z</time>
		</trkpt>
		<trkpt lat="59.3985" lon="24.216269">
			<ele>73.752</ele>
			<time>2022-05-29T18:12:47Z</time>
		</trkpt>
		<trkpt lat="59.398449" lon="24.214212">
			<ele>77.863</ele>
			<time>2022-05-29T18:12:57Z</time>
		</trkpt>
		<trkpt lat="59.398251" lon="24.210452">
			<ele>80.32</ele>
			<time>2022-05-29T18:13:15Z</time>
		</trkpt>
		<trkpt lat="59.398093" lon="24.208419">
			<ele>83.144</ele>
			<time>2022-05-29T18:13:25Z</time>
		</trkpt>
		<trkpt lat="59.398055" lon="24.207405">
			<ele>85.864</ele>
			<time>2022-05-29T18:13:30Z</time>
		</trkpt>
		<trkpt lat="59.398056" lon="24.206821">
			<ele>87.16</ele>
			<time>2022-05-29T18:13:33Z</time>
		</trkpt>
		<trkpt lat="59.398102" lon="24.206273">
			<ele>87.395</ele>
			<time>2022-05-29T18:13:36Z</time>
		</trkpt>
		<trkpt lat="59.398274" lon="24.205641">
			<ele>89.414</ele>
			<time>2022-05-29T18:13:40Z</time>
		</trkpt>
		<trkpt lat="59.398453" lon="24.20519">
			<ele>88.806</ele>
			<time>2022-05-29T18:13:43Z</time>
		</trkpt>
		<trkpt lat="59.398994" lon="24.204444">
			<ele>91.076</ele>
			<time>2022-05-29T18:13:50Z</time>
		</trkpt>
		<trkpt lat="59.399696" lon="24.203878">
			<ele>94.43</ele>
			<time>2022-05-29T18:13:58Z</time>
		</trkpt>
		<trkpt lat="59.401332" lon="24.203559">
			<ele>95.281</ele>
			<time>2022-05-29T18:14:15Z</time>
		</trkpt>
		<trkpt lat="59.401711" lon="24.203554">
			<ele>94.913</ele>
			<time>2022-05-29T18:14:19Z</time>
		</trkpt>
		<trkpt lat="59.40229" lon="24.203648">
			<ele>91.594</ele>
			<time>2022-05-29T18:14:25Z</time>
		</trkpt>
		<trkpt lat="59.403044" lon="24.203546">
			<ele>89.937</ele>
			<time>2022-05-29T18:14:33Z</time>
		</trkpt>
		<trkpt lat="59.404321" lon="24.201915">
			<ele>89.275</ele>
			<time>2022-05-29T18:14:49Z</time>
		</trkpt>
		<trkpt lat="59.404694" lon="24.199767">
			<ele>89.297</ele>
			<time>2022-05-29T18:15:02Z</time>
		</trkpt>
		<trkpt lat="59.40475" lon="24.197799">
			<ele>87.342</ele>
			<time>2022-05-29T18:15:14Z</time>
		</trkpt>
		<trkpt lat="59.404792" lon="24.197137">
			<ele>89.221</ele>
			<time>2022-05-29T18:15:17Z</time>
		</trkpt>
		<trkpt lat="59.404793" lon="24.19713">
			<ele>86.939</ele>
			<time>2022-05-29T18:15:18Z</time>
		</trkpt>
		<trkpt lat="59.404763" lon="24.194187">
			<ele>84.331</ele>
			<time>2022-05-29T18:15:33Z</time>
		</trkpt>
		<trkpt lat="59.404611" lon="24.193626">
			<ele>87.756</ele>
			<time>2022-05-29T18:15:36Z</time>
		</trkpt>
		<trkpt lat="59.404499" lon="24.193266">
			<ele>88.386</ele>
			<time>2022-05-29T18:15:38Z</time>
		</trkpt>
		<trkpt lat="59.404114" lon="24.192232">
			<ele>85.046</ele>
			<time>2022-05-29T18:15:44Z</time>
		</trkpt>
		<trkpt lat="59.403498" lon="24.191615">
			<ele>88.565</ele>
			<time>2022-05-29T18:15:50Z</time>
		</trkpt>
		<trkpt lat="59.403125" lon="24.191497">
			<ele>86.179</ele>
			<time>2022-05-29T18:15:53Z</time>
		</trkpt>
		<trkpt lat="59.402997" lon="24.191461">
			<ele>89.684</ele>
			<time>2022-05-29T18:15:54Z</time>
		</trkpt>
		<trkpt lat="59.402619" lon="24.191401">
			<ele>88.449</ele>
			<time>2022-05-29T18:15:57Z</time>
		</trkpt>
		<trkpt lat="59.402239" lon="24.191406">
			<ele>91.439</ele>
			<time>2022-05-29T18:16:00Z</time>
		</trkpt>
		<trkpt lat="59.400996" lon="24.191668">
			<ele>92.544</ele>
			<time>2022-05-29T18:16:10Z</time>
		</trkpt>
		<trkpt lat="59.400759" lon="24.191605">
			<ele>92.516</ele>
			<time>2022-05-29T18:16:12Z</time>
		</trkpt>
		<trkpt lat="59.399982" lon="24.19093">
			<ele>95.652</ele>
			<time>2022-05-29T18:16:19Z</time>
		</trkpt>
		<trkpt lat="59.39979" lon="24.190683">
			<ele>97.084</ele>
			<time>2022-05-29T18:16:21Z</time>
		</trkpt>
		<trkpt lat="59.398799" lon="24.189969">
			<ele>100.652</ele>
			<time>2022-05-29T18:16:30Z</time>
		</trkpt>
		<trkpt lat="59.398681" lon="24.189924">
			<ele>100.845</ele>
			<time>2022-05-29T18:16:31Z</time>
		</trkpt>
		<trkpt lat="59.398349" lon="24.189743">
			<ele>104.981</ele>
			<time>2022-05-29T18:16:34Z</time>
		</trkpt>
		<trkpt lat="59.398123" lon="24.189687">
			<ele>105.83</ele>
			<time>2022-05-29T18:16:36Z</time>
		</trkpt>
		<trkpt lat="59.397876" lon="24.18971">
			<ele>106.211</ele>
			<time>2022-05-29T18:16:38Z</time>
		</trkpt>
		<trkpt lat="59.397057" lon="24.189383">
			<ele>107.422</ele>
			<time>2022-05-29T18:16:44Z</time>
		</trkpt>
		<trkpt lat="59.397026" lon="24.18912">
			<ele>107.841</ele>
			<time>2022-05-29T18:16:46Z</time>
		</trkpt>
		<trkpt lat="59.396815" lon="24.188436">
			<ele>109.09</ele>
			<time>2022-05-29T18:16:50Z</time>
		</trkpt>
		<trkpt lat="59.396217" lon="24.188834">
			<ele>111.822</ele>
			<time>2022-05-29T18:16:53Z</time>
		</trkpt>
		<trkpt lat="59.395758" lon="24.188336">
			<ele>113.203</ele>
			<time>2022-05-29T18:16:58Z</time>
		</trkpt>
		<trkpt lat="59.395649" lon="24.188029">
			<ele>114.295</ele>
			<time>2022-05-29T18:17:00Z</time>
		</trkpt>
		<trkpt lat="59.394835" lon="24.187523">
			<ele>114.287</ele>
			<time>2022-05-29T18:17:05Z</time>
		</trkpt>
		<trkpt lat="59.394815" lon="24.187281">
			<ele>115.086</ele>
			<time>2022-05-29T18:17:09Z</time>
		</trkpt>
		<trkpt lat="59.394815" lon="24.187281">
			<ele>115.337</ele>
			<time>2022-05-29T18:17:12Z</time>
		</trkpt>
		<trkpt lat="59.394321" lon="24.185822">
			<ele>117.977</ele>
			<time>2022-05-29T18:17:22Z</time>
		</trkpt>
		<trkpt lat="59.393445" lon="24.185231">
			<ele>114.244</ele>
			<time>2022-05-29T18:17:27Z</time>
		</trkpt>
		<trkpt lat="59.393248" lon="24.185971">
			<ele>115.628</ele>
			<time>2022-05-29T18:17:30Z</time>
		</trkpt>
		<trkpt lat="59.393217" lon="24.186465">
			<ele>116.337</ele>
			<time>2022-05-29T18:17:32Z</time>
		</trkpt>
		<trkpt lat="59.393204" lon="24.188239">
			<ele>121.151</ele>
			<time>2022-05-29T18:17:39Z</time>
		</trkpt>
		<trkpt lat="59.393656" lon="24.188976">
			<ele>124.248</ele>
			<time>2022-05-29T18:17:41Z</time>
		</trkpt>
		<trkpt lat="59.393656" lon="24.189">
			<ele>124.512</ele>
			<time>2022-05-29T18:17:42Z</time>
		</trkpt>
		<trkpt lat="59.393721" lon="24.189835">
			<ele>123.309</ele>
			<time>2022-05-29T18:17:47Z</time>
		</trkpt>
		<trkpt lat="59.393844" lon="24.190005">
			<ele>121.776</ele>
			<time>2022-05-29T18:17:49Z</time>
		</trkpt>
		<trkpt lat="59.393658" lon="24.192651">
			<ele>120.707</ele>
			<time>2022-05-29T18:17:57Z</time>
		</trkpt>
		<trkpt lat="59.393729" lon="24.19311">
			<ele>124.432</ele>
			<time>2022-05-29T18:17:59Z</time>
		</trkpt>
		<trkpt lat="59.39376" lon="24.193336">
			<ele>124.128</ele>
			<time>2022-05-29T18:18:00Z</time>
		</trkpt>
		<trkpt lat="59.393816" lon="24.1938">
			<ele>120.986</ele>
			<time>2022-05-29T18:18:02Z</time>
		</trkpt>
		<trkpt lat="59.393956" lon="24.194912">
			<ele>124.447</ele>
			<time>2022-05-29T18:18:07Z</time>
		</trkpt>
		<trkpt lat="59.394094" lon="24.195495">
			<ele>122.789</ele>
			<time>2022-05-29T18:18:10Z</time>
		</trkpt>
		<trkpt lat="59.394566" lon="24.197272">
			<ele>126.203</ele>
			<time>2022-05-29T18:18:19Z</time>
		</trkpt>
		<trkpt lat="59.394614" lon="24.197468">
			<ele>126.143</ele>
			<time>2022-05-29T18:18:20Z</time>
		</trkpt>
		<trkpt lat="59.394875" lon="24.198717">
			<ele>128.808</ele>
			<time>2022-05-29T18:18:26Z</time>
		</trkpt>
		<trkpt lat="59.394949" lon="24.199379">
			<ele>130.129</ele>
			<time>2022-05-29T18:18:29Z</time>
		</trkpt>
		<trkpt lat="59.395018" lon="24.200062">
			<ele>133.44</ele>
			<time>2022-05-29T18:18:32Z</time>
		</trkpt>
		<trkpt lat="59.395076" lon="24.200753">
			<ele>134.986</ele>
			<time>2022-05-29T18:18:35Z</time>
		</trkpt>
		<trkpt lat="59.395127" lon="24.201201">
			<ele>136.572</ele>
			<time>2022-05-29T18:18:37Z</time>
		</trkpt>
		<trkpt lat="59.395144" lon="24.202982">
			<ele>139.625</ele>
			<time>2022-05-29T18:18:45Z</time>
		</trkpt>
		<trkpt lat="59.394972" lon="24.203229">
			<ele>141.794</ele>
			<time>2022-05-29T18:18:48Z</time>
		</trkpt>
		<trkpt lat="59.395201" lon="24.204663">
			<ele>141.951</ele>
			<time>2022-05-29T18:18:51Z</time>
		</trkpt>
		<trkpt lat="59.395318" lon="24.205556">
			<ele>145.823</ele>
			<time>2022-05-29T18:18:55Z</time>
		</trkpt>
		<trkpt lat="59.39522" lon="24.207175">
			<ele>147.882</ele>
			<time>2022-05-29T18:19:02Z</time>
		</trkpt>
		<trkpt lat="59.39504" lon="24.207541">
			<ele>150.191</ele>
			<time>2022-05-29T18:19:04Z</time>
		</trkpt>
		<trkpt lat="59.394747" lon="24.208014">
			<ele>151.451</ele>
			<time>2022-05-29T18:19:07Z</time>
		</trkpt>
		<trkpt lat="59.394393" lon="24.209425">
			<ele>153.039</ele>
			<time>2022-05-29T18:19:13Z</time>
		</trkpt>
		<trkpt lat="59.394375" lon="24.209675">
			<ele>153.354</ele>
			<time>2022-05-29T18:19:14Z</time>
		</trkpt>
		<trkpt lat="59.394178" lon="24.212291">
			<ele>155.994</ele>
			<time>2022-05-29T18:19:22Z</time>
		</trkpt>
		<trkpt lat="59.394571" lon="24.213398">
			<ele>158.825</ele>
			<time>2022-05-29T18:19:27Z</time>
		</trkpt>
		<trkpt lat="59.394269" lon="24.214476">
			<ele>161.93</ele>
			<time>2022-05-29T18:19:32Z</time>
		</trkpt>
		<trkpt lat="59.394213" lon="24.214685">
			<ele>161.789</ele>
			<time>2022-05-29T18:19:33Z</time>
		</trkpt>
		<trkpt lat="59.393872" lon="24.216028">
			<ele>165.203</ele>
			<time>2022-05-29T18:19:39Z</time>
		</trkpt>
		<trkpt lat="59.393755" lon="24.216431">
			<ele>165.906</ele>
			<time>2022-05-29T18:19:41Z</time>
		</trkpt>
		<trkpt lat="59.393613" lon="24.216871">
			<ele>168.629</ele>
			<time>2022-05-29T18:19:44Z</time>
		</trkpt>
		<trkpt lat="59.394045" lon="24.217746">
			<ele>169.2</ele>
			<time>2022-05-29T18:19:46Z</time>
		</trkpt>
		<trkpt lat="59.394282" lon="24.218597">
			<ele>171.045</ele>
			<time>2022-05-29T18:19:50Z</time>
		</trkpt>
		<trkpt lat="59.394484" lon="24.219152">
			<ele>173.185</ele>
			<time>2022-05-29T18:19:53Z</time>
		</trkpt>
		<trkpt lat="59.394889" lon="24.218901">
			<ele>173.384</ele>
			<time>2022-05-29T18:19:58Z</time>
		</trkpt>
		<trkpt lat="59.394968" lon="24.218593">
			<ele>175.385</ele>
			<time>2022-05-29T18:20:00Z</time>
		</trkpt>
		<trkpt lat="59.395032" lon="24.218132">
			<ele>177.466</ele>
			<time>2022-05-29T18:20:03Z</time>
		</trkpt>
		<trkpt lat="59.395078" lon="24.21727">
			<ele>181.811</ele>
			<time>2022-05-29T18:20:08Z</time>
		</trkpt>
		<trkpt lat="59.395094" lon="24.21711">
			<ele>181.883</ele>
			<time>2022-05-29T18:20:09Z</time>
		</trkpt>
		<trkpt lat="59.395248" lon="24.216595">
			<ele>184.292</ele>
			<time>2022-05-29T18:20:13Z</time>
		</trkpt>
		<trkpt lat="59.395767" lon="24.216426">
			<ele>187.401</ele>
			<time>2022-05-29T18:20:19Z</time>
		</trkpt>
		<trkpt lat="59.395952" lon="24.216567">
			<ele>188.516</ele>
			<time>2022-05-29T18:20:21Z</time>
		</trkpt>
		<trkpt lat="59.396186" lon="24.217748">
			<ele>188.792</ele>
			<time>2022-05-29T18:20:26Z</time>
		</trkpt>
		<trkpt lat="59.39612" lon="24.218293">
			<ele>189.305</ele>
			<time>2022-05-29T18:20:28Z</time>
		</trkpt>
		<trkpt lat="59.395889" lon="24.219648">
			<ele>190.785</ele>
			<time>2022-05-29T18:20:33Z</time>
		</trkpt>
		<trkpt lat="59.395764" lon="24.220456">
			<ele>193.18</ele>
			<time>2022-05-29T18:20:36Z</time>
		</trkpt>
		<trkpt lat="59.395624" lon="24.221552">
			<ele>196.395</ele>
			<time>2022-05-29T18:20:40Z</time>
		</trkpt>
		<trkpt lat="59.39559" lon="24.221825">
			<ele>196.212</ele>
			<time>2022-05-29T18:20:41Z</time>
		</trkpt>
		<trkpt lat="59.395456" lon="24.222919">
			<ele>198.233</ele>
			<time>2022-05-29T18:20:45Z</time>
		</trkpt>
		<trkpt lat="59.395243" lon="24.224581">
			<ele>201.289</ele>
			<time>2022-05-29T18:20:51Z</time>
		</trkpt>
		<trkpt lat="59.395135" lon="24.225412">
			<ele>203.488</ele>
			<time>2022-05-29T18:20:54Z</time>
		</trkpt>
		<trkpt lat="59.395037" lon="24.226246">
			<ele>206.592</ele>
			<time>2022-05-29T18:20:57Z</time>
		</trkpt>
		<trkpt lat="59.394895" lon="24.227648">
			<ele>210.817</ele>
			<time>2022-05-29T18:21:02Z</time>
		</trkpt>
		<trkpt lat="59.394825" lon="24.229063">
			<ele>215.117</ele>
			<time>2022-05-29T18:21:07Z</time>
		</trkpt>
		<trkpt lat="59.394823" lon="24.229616">
			<ele>218.795</ele>
			<time>2022-05-29T18:21:09Z</time>
		</trkpt>
		<trkpt lat="59.394898" lon="24.231548">
			<ele>222.258</ele>
			<time>2022-05-29T18:21:16Z</time>
		</trkpt>
		<trkpt lat="59.39492" lon="24.232111">
			<ele>223.001</ele>
			<time>2022-05-29T18:21:18Z</time>
		</trkpt>
		<trkpt lat="59.394943" lon="24.23294">
			<ele>227.219</ele>
			<time>2022-05-29T18:21:21Z</time>
		</trkpt>
		<trkpt lat="59.394972" lon="24.233484">
			<ele>229.066</ele>
			<time>2022-05-29T18:21:23Z</time>
		</trkpt>
		<trkpt lat="59.395061" lon="24.234552">
			<ele>232.469</ele>
			<time>2022-05-29T18:21:27Z</time>
		</trkpt>
		<trkpt lat="59.395091" lon="24.234816">
			<ele>232.59</ele>
			<time>2022-05-29T18:21:28Z</time>
		</trkpt>
		<trkpt lat="59.395199" lon="24.235594">
			<ele>235.82</ele>
			<time>2022-05-29T18:21:31Z</time>
		</trkpt>
		<trkpt lat="59.395285" lon="24.236097">
			<ele>237.332</ele>
			<time>2022-05-29T18:21:33Z</time>
		</trkpt>
		<trkpt lat="59.395527" lon="24.237626">
			<ele>242.207</ele>
			<time>2022-05-29T18:21:39Z</time>
		</trkpt>
		<trkpt lat="59.395573" lon="24.237871">
			<ele>242.141</ele>
			<time>2022-05-29T18:21:40Z</time>
		</trkpt>
		<trkpt lat="59.39567" lon="24.238363">
			<ele>243.966</ele>
			<time>2022-05-29T18:21:42Z</time>
		</trkpt>
		<trkpt lat="59.395823" lon="24.239086">
			<ele>247.106</ele>
			<time>2022-05-29T18:21:45Z</time>
		</trkpt>
		<trkpt lat="59.395755" lon="24.240539">
			<ele>249.217</ele>
			<time>2022-05-29T18:21:48Z</time>
		</trkpt>
		<trkpt lat="59.396117" lon="24.241004">
			<ele>252.408</ele>
			<time>2022-05-29T18:21:52Z</time>
		</trkpt>
		<trkpt lat="59.396684" lon="24.241903">
			<ele>254.794</ele>
			<time>2022-05-29T18:21:58Z</time>
		</trkpt>
		<trkpt lat="59.39691" lon="24.242588">
			<ele>259.847</ele>
			<time>2022-05-29T18:22:01Z</time>
		</trkpt>
		<trkpt lat="59.397015" lon="24.242987">
			<ele>260.579</ele>
			<time>2022-05-29T18:22:03Z</time>
		</trkpt>
		<trkpt lat="59.397369" lon="24.243668">
			<ele>263.67</ele>
			<time>2022-05-29T18:22:07Z</time>
		</trkpt>
		<trkpt lat="59.397774" lon="24.244761">
			<ele>267.332</ele>
			<time>2022-05-29T18:22:12Z</time>
		</trkpt>
		<trkpt lat="59.398039" lon="24.245495">
			<ele>270.409</ele>
			<time>2022-05-29T18:22:16Z</time>
		</trkpt>
		<trkpt lat="59.398319" lon="24.246558">
			<ele>273.798</ele>
			<time>2022-05-29T18:22:20Z</time>
		</trkpt>
		<trkpt lat="59.398366" lon="24.246794">
			<ele>274.027</ele>
			<time>2022-05-29T18:22:21Z</time>
		</trkpt>
		<trkpt lat="59.398624" lon="24.247757">
			<ele>277.087</ele>
			<time>2022-05-29T18:22:26Z</time>
		</trkpt>
		<trkpt lat="59.398466" lon="24.249135">
			<ele>279.301</ele>
			<time>2022-05-29T18:22:30Z</time>
		</trkpt>
		<trkpt lat="59.398531" lon="24.249855">
			<ele>282.8</ele>
			<time>2022-05-29T18:22:33Z</time>
		</trkpt>
		<trkpt lat="59.398553" lon="24.250091">
			<ele>282.364</ele>
			<time>2022-05-29T18:22:34Z</time>
		</trkpt>
		<trkpt lat="59.398623" lon="24.250796">
			<ele>284.525</ele>
			<time>2022-05-29T18:22:37Z</time>
		</trkpt>
		<trkpt lat="59.399232" lon="24.251771">
			<ele>287.806</ele>
			<time>2022-05-29T18:22:42Z</time>
		</trkpt>
		<trkpt lat="59.399353" lon="24.252981">
			<ele>291.355</ele>
			<time>2022-05-29T18:22:47Z</time>
		</trkpt>
		<trkpt lat="59.399592" lon="24.253898">
			<ele>294.227</ele>
			<time>2022-05-29T18:22:51Z</time>
		</trkpt>
		<trkpt lat="59.399743" lon="24.254266">
			<ele>295.419</ele>
			<time>2022-05-29T18:22:53Z</time>
		</trkpt>
		<trkpt lat="59.399913" lon="24.255219">
			<ele>299.366</ele>
			<time>2022-05-29T18:22:57Z</time>
		</trkpt>
		<trkpt lat="59.399986" lon="24.255908">
			<ele>302.483</ele>
			<time>2022-05-29T18:23:00Z</time>
		</trkpt>
		<trkpt lat="59.399986" lon="24.256603">
			<ele>306.265</ele>
			<time>2022-05-29T18:23:03Z</time>
		</trkpt>
		<trkpt lat="59.4" lon="24.25761">
			<ele>309.281</ele>
			<time>2022-05-29T18:23:07Z</time>
		</trkpt>
		<trkpt lat="59.400037" lon="24.258088">
			<ele>311.688</ele>
			<time>2022-05-29T18:23:09Z</time>
		</trkpt>
		<trkpt lat="59.400092" lon="24.258801">
			<ele>315.654</ele>
			<time>2022-05-29T18:23:12Z</time>
		</trkpt>
		<trkpt lat="59.400113" lon="24.259455">
			<ele>309.599</ele>
			<time>2022-05-29T18:23:15Z</time>
		</trkpt>
		<trkpt lat="59.400121" lon="24.259693">
			<ele>313.492</ele>
			<time>2022-05-29T18:23:16Z</time>
		</trkpt>
		<trkpt lat="59.400509" lon="24.259998">
			<ele>317.612</ele>
			<time>2022-05-29T18:23:18Z</time>
		</trkpt>
		<trkpt lat="59.400437" lon="24.260409">
			<ele>315.815</ele>
			<time>2022-05-29T18:23:21Z</time>
		</trkpt>
		<trkpt lat="59.401119" lon="24.26169">
			<ele>320.181</ele>
			<time>2022-05-29T18:23:25Z</time>
		</trkpt>
		<trkpt lat="59.401164" lon="24.261922">
			<ele>323.534</ele>
			<time>2022-05-29T18:23:26Z</time>
		</trkpt>
		<trkpt lat="59.401258" lon="24.262369">
			<ele>324.734</ele>
			<time>2022-05-29T18:23:28Z</time>
		</trkpt>
		<trkpt lat="59.401284" lon="24.263658">
			<ele>327.747</ele>
			<time>2022-05-29T18:23:36Z</time>
		</trkpt>
		<trkpt lat="59.401661" lon="24.264688">
			<ele>330.834</ele>
			<time>2022-05-29T18:23:38Z</time>
		</trkpt>
		<trkpt lat="59.401695" lon="24.264918">
			<ele>331.123</ele>
			<time>2022-05-29T18:23:39Z</time>
		</trkpt>
		<trkpt lat="59.401765" lon="24.26538">
			<ele>332.834</ele>
			<time>2022-05-29T18:23:41Z</time>
		</trkpt>
		<trkpt lat="59.401596" lon="24.267018">
			<ele>337.377</ele>
			<time>2022-05-29T18:23:45Z</time>
		</trkpt>
		<trkpt lat="59.401593" lon="24.26748">
			<ele>340.7</ele>
			<time>2022-05-29T18:23:52Z</time>
		</trkpt>
		<trkpt lat="59.402229" lon="24.268632">
			<ele>342.132</ele>
			<time>2022-05-29T18:23:55Z</time>
		</trkpt>
		<trkpt lat="59.402708" lon="24.269604">
			<ele>346.031</ele>
			<time>2022-05-29T18:24:00Z</time>
		</trkpt>
		<trkpt lat="59.402739" lon="24.269836">
			<ele>346.044</ele>
			<time>2022-05-29T18:24:01Z</time>
		</trkpt>
		<trkpt lat="59.402776" lon="24.270988">
			<ele>350.013</ele>
			<time>2022-05-29T18:24:07Z</time>
		</trkpt>
		<trkpt lat="59.402776" lon="24.270988">
			<ele>355.922</ele>
			<time>2022-05-29T18:24:09Z</time>
		</trkpt>
		<trkpt lat="59.402647" lon="24.272532">
			<ele>356.226</ele>
			<time>2022-05-29T18:24:10Z</time>
		</trkpt>
		<trkpt lat="59.402648" lon="24.27259">
			<ele>359.329</ele>
			<time>2022-05-29T18:24:12Z</time>
		</trkpt>
		<trkpt lat="59.402834" lon="24.274686">
			<ele>362.723</ele>
			<time>2022-05-29T18:24:21Z</time>
		</trkpt>
		<trkpt lat="59.40284" lon="24.275386">
			<ele>364.35</ele>
			<time>2022-05-29T18:24:24Z</time>
		</trkpt>
		<trkpt lat="59.402839" lon="24.276686">
			<ele>367.978</ele>
			<time>2022-05-29T18:24:29Z</time>
		</trkpt>
		<trkpt lat="59.402692" lon="24.277778">
			<ele>371.787</ele>
			<time>2022-05-29T18:24:34Z</time>
		</trkpt>
		<trkpt lat="59.402711" lon="24.278305">
			<ele>371.639</ele>
			<time>2022-05-29T18:24:38Z</time>
		</trkpt>
		<trkpt lat="59.401896" lon="24.278648">
			<ele>375.443</ele>
			<time>2022-05-29T18:24:40Z</time>
		</trkpt>
		<trkpt lat="59.401557" lon="24.279768">
			<ele>378.823</ele>
			<time>2022-05-29T18:24:46Z</time>
		</trkpt>
		<trkpt lat="59.401766" lon="24.28127">
			<ele>382.312</ele>
			<time>2022-05-29T18:24:51Z</time>
		</trkpt>
		<trkpt lat="59.401636" lon="24.281899">
			<ele>384.212</ele>
			<time>2022-05-29T18:24:54Z</time>
		</trkpt>
		<trkpt lat="59.401425" lon="24.282832">
			<ele>389.161</ele>
			<time>2022-05-29T18:24:58Z</time>
		</trkpt>
		<trkpt lat="59.401274" lon="24.282854">
			<ele>390.768</ele>
			<time>2022-05-29T18:25:01Z</time>
		</trkpt>
		<trkpt lat="59.400908" lon="24.283243">
			<ele>394.01</ele>
			<time>2022-05-29T18:25:03Z</time>
		</trkpt>
		<trkpt lat="59.401032" lon="24.284551">
			<ele>397.912</ele>
			<time>2022-05-29T18:25:07Z</time>
		</trkpt>
		<trkpt lat="59.400767" lon="24.2858">
			<ele>401.521</ele>
			<time>2022-05-29T18:25:13Z</time>
		</trkpt>
		<trkpt lat="59.400643" lon="24.286433">
			<ele>403.353</ele>
			<time>2022-05-29T18:25:16Z</time>
		</trkpt>
		<trkpt lat="59.400523" lon="24.287082">
			<ele>404.923</ele>
			<time>2022-05-29T18:25:19Z</time>
		</trkpt>
		<trkpt lat="59.400396" lon="24.287733">
			<ele>409.265</ele>
			<time>2022-05-29T18:25:22Z</time>
		</trkpt>
		<trkpt lat="59.400309" lon="24.288156">
			<ele>412.376</ele>
			<time>2022-05-29T18:25:24Z</time>
		</trkpt>
		<trkpt lat="59.400213" lon="24.288568">
			<ele>413.188</ele>
			<time>2022-05-29T18:25:26Z</time>
		</trkpt>
		<trkpt lat="59.399995" lon="24.289357">
			<ele>416.564</ele>
			<time>2022-05-29T18:25:30Z</time>
		</trkpt>
		<trkpt lat="59.399819" lon="24.289922">
			<ele>418.409</ele>
			<time>2022-05-29T18:25:33Z</time>
		</trkpt>
		<trkpt lat="59.399423" lon="24.290955">
			<ele>421.441</ele>
			<time>2022-05-29T18:25:39Z</time>
		</trkpt>
		<trkpt lat="59.399276" lon="24.291526">
			<ele>424.986</ele>
			<time>2022-05-29T18:25:42Z</time>
		</trkpt>
		<trkpt lat="59.399226" lon="24.291997">
			<ele>423.5</ele>
			<time>2022-05-29T18:25:44Z</time>
		</trkpt>
		<trkpt lat="59.399198" lon="24.293248">
			<ele>427.913</ele>
			<time>2022-05-29T18:25:49Z</time>
		</trkpt>
		<trkpt lat="59.399209" lon="24.293497">
			<ele>427.995</ele>
			<time>2022-05-29T18:25:50Z</time>
		</trkpt>
		<trkpt lat="59.39967" lon="24.295325">
			<ele>431.552</ele>
			<time>2022-05-29T18:25:56Z</time>
		</trkpt>
		<trkpt lat="59.399579" lon="24.295707">
			<ele>433.895</ele>
			<time>2022-05-29T18:26:00Z</time>
		</trkpt>
		<trkpt lat="59.399702" lon="24.29735">
			<ele>437.133</ele>
			<time>2022-05-29T18:26:05Z</time>
		</trkpt>
		<trkpt lat="59.399736" lon="24.297611">
			<ele>437.142</ele>
			<time>2022-05-29T18:26:06Z</time>
		</trkpt>
		<trkpt lat="59.399909" lon="24.298916">
			<ele>440.235</ele>
			<time>2022-05-29T18:26:11Z</time>
		</trkpt>
		<trkpt lat="59.400215" lon="24.300734">
			<ele>443.913</ele>
			<time>2022-05-29T18:26:18Z</time>
		</trkpt>
		<trkpt lat="59.400264" lon="24.300992">
			<ele>443.74</ele>
			<time>2022-05-29T18:26:19Z</time>
		</trkpt>
		<trkpt lat="59.400459" lon="24.302035">
			<ele>445.598</ele>
			<time>2022-05-29T18:26:23Z</time>
		</trkpt>
		<trkpt lat="59.400609" lon="24.302816">
			<ele>447.723</ele>
			<time>2022-05-29T18:26:26Z</time>
		</trkpt>
		<trkpt lat="59.400786" lon="24.303873">
			<ele>451.865</ele>
			<time>2022-05-29T18:26:30Z</time>
		</trkpt>
		<trkpt lat="59.400975" lon="24.3052">
			<ele>455.099</ele>
			<time>2022-05-29T18:26:35Z</time>
		</trkpt>
		<trkpt lat="59.401038" lon="24.305733">
			<ele>456.499</ele>
			<time>2022-05-29T18:26:37Z</time>
		</trkpt>
		<trkpt lat="59.401137" lon="24.306518">
			<ele>459.949</ele>
			<time>2022-05-29T18:26:40Z</time>
		</trkpt>
		<trkpt lat="59.4012" lon="24.30705">
			<ele>460.857</ele>
			<time>2022-05-29T18:26:42Z</time>
		</trkpt>
		<trkpt lat="59.401246" lon="24.308926">
			<ele>464.626</ele>
			<time>2022-05-29T18:26:46Z</time>
		</trkpt>
		<trkpt lat="59.401309" lon="24.308948">
			<ele>464.627</ele>
			<time>2022-05-29T18:26:47Z</time>
		</trkpt>
		<trkpt lat="59.401984" lon="24.310354">
			<ele>467.645</ele>
			<time>2022-05-29T18:26:53Z</time>
		</trkpt>
		<trkpt lat="59.401964" lon="24.310435">
			<ele>471.06</ele>
			<time>2022-05-29T18:26:57Z</time>
		</trkpt>
		<trkpt lat="59.401916" lon="24.311885">
			<ele>472.299</ele>
			<time>2022-05-29T18:27:00Z</time>
		</trkpt>
		<trkpt lat="59.402097" lon="24.313177">
			<ele>475.72</ele>
			<time>2022-05-29T18:27:05Z</time>
		</trkpt>
		<trkpt lat="59.401904" lon="24.313938">
			<ele>479.052</ele>
			<time>2022-05-29T18:27:09Z</time>
		</trkpt>
		<trkpt lat="59.402295" lon="24.31483">
			<ele>480.29</ele>
			<time>2022-05-29T18:27:11Z</time>
		</trkpt>
		<trkpt lat="59.402459" lon="24.316454">
			<ele>484.306</ele>
			<time>2022-05-29T18:27:17Z</time>
		</trkpt>
		<trkpt lat="59.402524" lon="24.317266">
			<ele>487.346</ele>
			<time>2022-05-29T18:27:20Z</time>
		</trkpt>
		<trkpt lat="59.402608" lon="24.318618">
			<ele>491.623</ele>
			<time>2022-05-29T18:27:25Z</time>
		</trkpt>
		<trkpt lat="59.402639" lon="24.319424">
			<ele>494.716</ele>
			<time>2022-05-29T18:27:28Z</time>
		</trkpt>
		<trkpt lat="59.402707" lon="24.320497">
			<ele>497.47</ele>
			<time>2022-05-29T18:27:32Z</time>
		</trkpt>
		<trkpt lat="59.402783" lon="24.321849">
			<ele>500.782</ele>
			<time>2022-05-29T18:27:37Z</time>
		</trkpt>
		<trkpt lat="59.402832" lon="24.322925">
			<ele>504.594</ele>
			<time>2022-05-29T18:27:41Z</time>
		</trkpt>
		<trkpt lat="59.402856" lon="24.323455">
			<ele>507.673</ele>
			<time>2022-05-29T18:27:43Z</time>
		</trkpt>
		<trkpt lat="59.402904" lon="24.324238">
			<ele>511.105</ele>
			<time>2022-05-29T18:27:46Z</time>
		</trkpt>
		<trkpt lat="59.402969" lon="24.325825">
			<ele>514.431</ele>
			<time>2022-05-29T18:27:52Z</time>
		</trkpt>
		<trkpt lat="59.402996" lon="24.326601">
			<ele>518.526</ele>
			<time>2022-05-29T18:27:55Z</time>
		</trkpt>
		<trkpt lat="59.403542" lon="24.327698">
			<ele>522.197</ele>
			<time>2022-05-29T18:28:00Z</time>
		</trkpt>
		<trkpt lat="59.403573" lon="24.32795">
			<ele>521.749</ele>
			<time>2022-05-29T18:28:01Z</time>
		</trkpt>
		<trkpt lat="59.403411" lon="24.329596">
			<ele>525.808</ele>
			<time>2022-05-29T18:28:06Z</time>
		</trkpt>
		<trkpt lat="59.403475" lon="24.330287">
			<ele>529.62</ele>
			<time>2022-05-29T18:28:10Z</time>
		</trkpt>
		<trkpt lat="59.403505" lon="24.330447">
			<ele>529.846</ele>
			<time>2022-05-29T18:28:11Z</time>
		</trkpt>
		<trkpt lat="59.403557" lon="24.33171">
			<ele>532.978</ele>
			<time>2022-05-29T18:28:15Z</time>
		</trkpt>
		<trkpt lat="59.403591" lon="24.331894">
			<ele>533.758</ele>
			<time>2022-05-29T18:28:17Z</time>
		</trkpt>
		<trkpt lat="59.403101" lon="24.333931">
			<ele>536.817</ele>
			<time>2022-05-29T18:28:23Z</time>
		</trkpt>
		<trkpt lat="59.403079" lon="24.334704">
			<ele>539.17</ele>
			<time>2022-05-29T18:28:26Z</time>
		</trkpt>
		<trkpt lat="59.403027" lon="24.335985">
			<ele>541.634</ele>
			<time>2022-05-29T18:28:31Z</time>
		</trkpt>
		<trkpt lat="59.40323" lon="24.337601">
			<ele>544.618</ele>
			<time>2022-05-29T18:28:35Z</time>
		</trkpt>
		<trkpt lat="59.402454" lon="24.339287">
			<ele>548.418</ele>
			<time>2022-05-29T18:28:45Z</time>
		</trkpt>
		<trkpt lat="59.402583" lon="24.340231">
			<ele>549.973</ele>
			<time>2022-05-29T18:28:48Z</time>
		</trkpt>
		<trkpt lat="59.403535" lon="24.340849">
			<ele>549.301</ele>
			<time>2022-05-29T18:28:53Z</time>
		</trkpt>
		<trkpt lat="59.40397" lon="24.340454">
			<ele>549.31</ele>
			<time>2022-05-29T18:28:57Z</time>
		</trkpt>
		<trkpt lat="59.404904" lon="24.339112">
			<ele>553.073</ele>
			<time>2022-05-29T18:29:07Z</time>
		</trkpt>
		<trkpt lat="59.405468" lon="24.33832">
			<ele>554.476</ele>
			<time>2022-05-29T18:29:13Z</time>
		</trkpt>
		<trkpt lat="59.406348" lon="24.336905">
			<ele>557.959</ele>
			<time>2022-05-29T18:29:23Z</time>
		</trkpt>
		<trkpt lat="59.40687" lon="24.336048">
			<ele>561.159</ele>
			<time>2022-05-29T18:29:29Z</time>
		</trkpt>
		<trkpt lat="59.407112" lon="24.335602">
			<ele>562.915</ele>
			<time>2022-05-29T18:29:32Z</time>
		</trkpt>
		<trkpt lat="59.407307" lon="24.335124">
			<ele>566.295</ele>
			<time>2022-05-29T18:29:35Z</time>
		</trkpt>
		<trkpt lat="59.407391" lon="24.334788">
			<ele>567.494</ele>
			<time>2022-05-29T18:29:37Z</time>
		</trkpt>
		<trkpt lat="59.40742" lon="24.333953">
			<ele>570.818</ele>
			<time>2022-05-29T18:29:42Z</time>
		</trkpt>
		<trkpt lat="59.407245" lon="24.332413">
			<ele>575.362</ele>
			<time>2022-05-29T18:29:50Z</time>
		</trkpt>
		<trkpt lat="59.40726" lon="24.331178">
			<ele>580.107</ele>
			<time>2022-05-29T18:29:58Z</time>
		</trkpt>
		<trkpt lat="59.407262" lon="24.330978">
			<ele>580.641</ele>
			<time>2022-05-29T18:29:59Z</time>
		</trkpt>
		<trkpt lat="59.408202" lon="24.330735">
			<ele>583.33</ele>
			<time>2022-05-29T18:30:06Z</time>
		</trkpt>
		<trkpt lat="59.408376" lon="24.330554">
			<ele>585.71</ele>
			<time>2022-05-29T18:30:08Z</time>
		</trkpt>
		<trkpt lat="59.409064" lon="24.330198">
			<ele>591.29</ele>
			<time>2022-05-29T18:30:13Z</time>
		</trkpt>
		<trkpt lat="59.409664" lon="24.330683">
			<ele>595.408</ele>
			<time>2022-05-29T18:30:18Z</time>
		</trkpt>
		<trkpt lat="59.411065" lon="24.331082">
			<ele>599.146</ele>
			<time>2022-05-29T18:30:25Z</time>
		</trkpt>
		<trkpt lat="59.411288" lon="24.331318">
			<ele>600.901</ele>
			<time>2022-05-29T18:30:28Z</time>
		</trkpt>
		<trkpt lat="59.411595" lon="24.331992">
			<ele>604.263</ele>
			<time>2022-05-29T18:30:33Z</time>
		</trkpt>
		<trkpt lat="59.412312" lon="24.334121">
			<ele>609.029</ele>
			<time>2022-05-29T18:30:37Z</time>
		</trkpt>
		<trkpt lat="59.41241" lon="24.334266">
			<ele>610.371</ele>
			<time>2022-05-29T18:30:40Z</time>
		</trkpt>
		<trkpt lat="59.413069" lon="24.333987">
			<ele>611.415</ele>
			<time>2022-05-29T18:30:42Z</time>
		</trkpt>
		<trkpt lat="59.413434" lon="24.334117">
			<ele>610.262</ele>
			<time>2022-05-29T18:30:44Z</time>
		</trkpt>
		<trkpt lat="59.413466" lon="24.333958">
			<ele>610.119</ele>
			<time>2022-05-29T18:30:45Z</time>
		</trkpt>
		<trkpt lat="59.41359" lon="24.333328">
			<ele>615.072</ele>
			<time>2022-05-29T18:30:49Z</time>
		</trkpt>
		<trkpt lat="59.414339" lon="24.333573">
			<ele>615.924</ele>
			<time>2022-05-29T18:30:51Z</time>
		</trkpt>
		<trkpt lat="59.414556" lon="24.332206">
			<ele>618.509</ele>
			<time>2022-05-29T18:30:59Z</time>
		</trkpt>
		<trkpt lat="59.415142" lon="24.331546">
			<ele>620.052</ele>
			<time>2022-05-29T18:31:03Z</time>
		</trkpt>
		<trkpt lat="59.415362" lon="24.330872">
			<ele>620.914</ele>
			<time>2022-05-29T18:31:07Z</time>
		</trkpt>
		<trkpt lat="59.415752" lon="24.330359">
			<ele>621.659</ele>
			<time>2022-05-29T18:31:11Z</time>
		</trkpt>
		<trkpt lat="59.415986" lon="24.330179">
			<ele>623.983</ele>
			<time>2022-05-29T18:31:13Z</time>
		</trkpt>
		<trkpt lat="59.416936" lon="24.328429">
			<ele>624.842</ele>
			<time>2022-05-29T18:31:25Z</time>
		</trkpt>
		<trkpt lat="59.417028" lon="24.327916">
			<ele>621.976</ele>
			<time>2022-05-29T18:31:28Z</time>
		</trkpt>
		<trkpt lat="59.417053" lon="24.32741">
			<ele>624.785</ele>
			<time>2022-05-29T18:31:31Z</time>
		</trkpt>
		<trkpt lat="59.416867" lon="24.326564">
			<ele>621.676</ele>
			<time>2022-05-29T18:31:37Z</time>
		</trkpt>
		<trkpt lat="59.416203" lon="24.326129">
			<ele>618.024</ele>
			<time>2022-05-29T18:31:46Z</time>
		</trkpt>
		<trkpt lat="59.416023" lon="24.326278">
			<ele>617.16</ele>
			<time>2022-05-29T18:31:48Z</time>
		</trkpt>
		<trkpt lat="59.415386" lon="24.327818">
			<ele>615.668</ele>
			<time>2022-05-29T18:31:57Z</time>
		</trkpt>
		<trkpt lat="59.41534" lon="24.32805">
			<ele>614.837</ele>
			<time>2022-05-29T18:31:58Z</time>
		</trkpt>
		<trkpt lat="59.415065" lon="24.331439">
			<ele>612.031</ele>
			<time>2022-05-29T18:32:11Z</time>
		</trkpt>
		<trkpt lat="59.414856" lon="24.334267">
			<ele>608.961</ele>
			<time>2022-05-29T18:32:22Z</time>
		</trkpt>
		<trkpt lat="59.414524" lon="24.337583">
			<ele>607.429</ele>
			<time>2022-05-29T18:32:35Z</time>
		</trkpt>
		<trkpt lat="59.413947" lon="24.34026">
			<ele>610.262</ele>
			<time>2022-05-29T18:32:47Z</time>
		</trkpt>
		<trkpt lat="59.41372" lon="24.34169">
			<ele>609.875</ele>
			<time>2022-05-29T18:32:53Z</time>
		</trkpt>
		<trkpt lat="59.413451" lon="24.344292">
			<ele>606.968</ele>
			<time>2022-05-29T18:33:03Z</time>
		</trkpt>
		<trkpt lat="59.413011" lon="24.344523">
			<ele>605.878</ele>
			<time>2022-05-29T18:33:07Z</time>
		</trkpt>
		<trkpt lat="59.412562" lon="24.348181">
			<ele>604.624</ele>
			<time>2022-05-29T18:33:21Z</time>
		</trkpt>
		<trkpt lat="59.412552" lon="24.348732">
			<ele>602.881</ele>
			<time>2022-05-29T18:33:23Z</time>
		</trkpt>
		<trkpt lat="59.412457" lon="24.349978">
			<ele>604.725</ele>
			<time>2022-05-29T18:33:26Z</time>
		</trkpt>
		<trkpt lat="59.412929" lon="24.35099">
			<ele>602.957</ele>
			<time>2022-05-29T18:33:31Z</time>
		</trkpt>
		<trkpt lat="59.413252" lon="24.352674">
			<ele>604.562</ele>
			<time>2022-05-29T18:33:38Z</time>
		</trkpt>
		<trkpt lat="59.413612" lon="24.353685">
			<ele>604.228</ele>
			<time>2022-05-29T18:33:44Z</time>
		</trkpt>
		<trkpt lat="59.414444" lon="24.353345">
			<ele>605.518</ele>
			<time>2022-05-29T18:33:47Z</time>
		</trkpt>
		<trkpt lat="59.414807" lon="24.353977">
			<ele>602.448</ele>
			<time>2022-05-29T18:33:50Z</time>
		</trkpt>
		<trkpt lat="59.414755" lon="24.355434">
			<ele>603.306</ele>
			<time>2022-05-29T18:33:55Z</time>
		</trkpt>
		<trkpt lat="59.414574" lon="24.355678">
			<ele>604.285</ele>
			<time>2022-05-29T18:33:57Z</time>
		</trkpt>
		<trkpt lat="59.413334" lon="24.357347">
			<ele>608.046</ele>
			<time>2022-05-29T18:34:11Z</time>
		</trkpt>
		<trkpt lat="59.412154" lon="24.359517">
			<ele>611.329</ele>
			<time>2022-05-29T18:34:26Z</time>
		</trkpt>
		<trkpt lat="59.411441" lon="24.360914">
			<ele>614.676</ele>
			<time>2022-05-29T18:34:35Z</time>
		</trkpt>
		<trkpt lat="59.410139" lon="24.362993">
			<ele>617.77</ele>
			<time>2022-05-29T18:34:49Z</time>
		</trkpt>
		<trkpt lat="59.410134" lon="24.363173">
			<ele>618.054</ele>
			<time>2022-05-29T18:34:50Z</time>
		</trkpt>
		<trkpt lat="59.410095" lon="24.364282">
			<ele>619.72</ele>
			<time>2022-05-29T18:34:56Z</time>
		</trkpt>
		<trkpt lat="59.410066" lon="24.364989">
			<ele>618.323</ele>
			<time>2022-05-29T18:34:59Z</time>
		</trkpt>
		<trkpt lat="59.409253" lon="24.366852">
			<ele>622.527</ele>
			<time>2022-05-29T18:35:07Z</time>
		</trkpt>
		<trkpt lat="59.409211" lon="24.367095">
			<ele>622.745</ele>
			<time>2022-05-29T18:35:08Z</time>
		</trkpt>
		<trkpt lat="59.408937" lon="24.370476">
			<ele>623.337</ele>
			<time>2022-05-29T18:35:21Z</time>
		</trkpt>
		<trkpt lat="59.408486" lon="24.371682">
			<ele>621.695</ele>
			<time>2022-05-29T18:35:28Z</time>
		</trkpt>
		<trkpt lat="59.408152" lon="24.37131">
			<ele>621.091</ele>
			<time>2022-05-29T18:35:33Z</time>
		</trkpt>
		<trkpt lat="59.408302" lon="24.370471">
			<ele>620.337</ele>
			<time>2022-05-29T18:35:38Z</time>
		</trkpt>
		<trkpt lat="59.408437" lon="24.370164">
			<ele>620.892</ele>
			<time>2022-05-29T18:35:40Z</time>
		</trkpt>
		<trkpt lat="59.408581" lon="24.369319">
			<ele>618.739</ele>
			<time>2022-05-29T18:35:45Z</time>
		</trkpt>
		<trkpt lat="59.408598" lon="24.368167">
			<ele>618.378</ele>
			<time>2022-05-29T18:35:52Z</time>
		</trkpt>
		<trkpt lat="59.408617" lon="24.367483">
			<ele>615.331</ele>
			<time>2022-05-29T18:35:56Z</time>
		</trkpt>
		<trkpt lat="59.408614" lon="24.36697">
			<ele>613.993</ele>
			<time>2022-05-29T18:35:59Z</time>
		</trkpt>
		<trkpt lat="59.408626" lon="24.366293">
			<ele>610.875</ele>
			<time>2022-05-29T18:36:03Z</time>
		</trkpt>
		<trkpt lat="59.408622" lon="24.366123">
			<ele>610.654</ele>
			<time>2022-05-29T18:36:04Z</time>
		</trkpt>
		<trkpt lat="59.408418" lon="24.365457">
			<ele>606.887</ele>
			<time>2022-05-29T18:36:09Z</time>
		</trkpt>
		<trkpt lat="59.408226" lon="24.365434">
			<ele>605.441</ele>
			<time>2022-05-29T18:36:11Z</time>
		</trkpt>
		<trkpt lat="59.407868" lon="24.365902">
			<ele>604.883</ele>
			<time>2022-05-29T18:36:15Z</time>
		</trkpt>
		<trkpt lat="59.40757" lon="24.366621">
			<ele>600.446</ele>
			<time>2022-05-29T18:36:19Z</time>
		</trkpt>
		<trkpt lat="59.40731" lon="24.36747">
			<ele>596.944</ele>
			<time>2022-05-29T18:36:23Z</time>
		</trkpt>
		<trkpt lat="59.407171" lon="24.36818">
			<ele>595.708</ele>
			<time>2022-05-29T18:36:26Z</time>
		</trkpt>
		<trkpt lat="59.407048" lon="24.369205">
			<ele>591.27</ele>
			<time>2022-05-29T18:36:30Z</time>
		</trkpt>
		<trkpt lat="59.407027" lon="24.369466">
			<ele>591.189</ele>
			<time>2022-05-29T18:36:31Z</time>
		</trkpt>
		<trkpt lat="59.40691" lon="24.370183">
			<ele>587.519</ele>
			<time>2022-05-29T18:36:34Z</time>
		</trkpt>
		<trkpt lat="59.406808" lon="24.370647">
			<ele>584.089</ele>
			<time>2022-05-29T18:36:36Z</time>
		</trkpt>
		<trkpt lat="59.406681" lon="24.371381">
			<ele>581.939</ele>
			<time>2022-05-29T18:36:39Z</time>
		</trkpt>
		<trkpt lat="59.406479" lon="24.372584">
			<ele>578.705</ele>
			<time>2022-05-29T18:36:44Z</time>
		</trkpt>
		<trkpt lat="59.406534" lon="24.373899">
			<ele>575.375</ele>
			<time>2022-05-29T18:36:46Z</time>
		</trkpt>
		<trkpt lat="59.406257" lon="24.374071">
			<ele>570.747</ele>
			<time>2022-05-29T18:36:50Z</time>
		</trkpt>
		<trkpt lat="59.406038" lon="24.374207">
			<ele>566.051</ele>
			<time>2022-05-29T18:36:53Z</time>
		</trkpt>
		<trkpt lat="59.406045" lon="24.375275">
			<ele>562.594</ele>
			<time>2022-05-29T18:36:55Z</time>
		</trkpt>
		<trkpt lat="59.405955" lon="24.375747">
			<ele>559.532</ele>
			<time>2022-05-29T18:36:57Z</time>
		</trkpt>
		<trkpt lat="59.405909" lon="24.375985">
			<ele>555.91</ele>
			<time>2022-05-29T18:36:58Z</time>
		</trkpt>
		<trkpt lat="59.405807" lon="24.376453">
			<ele>551.666</ele>
			<time>2022-05-29T18:37:00Z</time>
		</trkpt>
		<trkpt lat="59.405754" lon="24.376681">
			<ele>551.507</ele>
			<time>2022-05-29T18:37:01Z</time>
		</trkpt>
		<trkpt lat="59.40554" lon="24.377565">
			<ele>547.739</ele>
			<time>2022-05-29T18:37:05Z</time>
		</trkpt>
		<trkpt lat="59.405429" lon="24.377995">
			<ele>543.874</ele>
			<time>2022-05-29T18:37:07Z</time>
		</trkpt>
		<trkpt lat="59.405371" lon="24.378213">
			<ele>540.53</ele>
			<time>2022-05-29T18:37:08Z</time>
		</trkpt>
		<trkpt lat="59.405253" lon="24.378652">
			<ele>537.269</ele>
			<time>2022-05-29T18:37:10Z</time>
		</trkpt>
		<trkpt lat="59.405079" lon="24.379291">
			<ele>532.762</ele>
			<time>2022-05-29T18:37:13Z</time>
		</trkpt>
		<trkpt lat="59.404965" lon="24.379715">
			<ele>529.07</ele>
			<time>2022-05-29T18:37:15Z</time>
		</trkpt>
		<trkpt lat="59.404848" lon="24.380139">
			<ele>525.635</ele>
			<time>2022-05-29T18:37:17Z</time>
		</trkpt>
		<trkpt lat="59.404727" lon="24.380558">
			<ele>522.252</ele>
			<time>2022-05-29T18:37:19Z</time>
		</trkpt>
		<trkpt lat="59.404606" lon="24.380968">
			<ele>519.06</ele>
			<time>2022-05-29T18:37:21Z</time>
		</trkpt>
		<trkpt lat="59.404545" lon="24.38117">
			<ele>516.055</ele>
			<time>2022-05-29T18:37:22Z</time>
		</trkpt>
		<trkpt lat="59.404358" lon="24.381777">
			<ele>511.804</ele>
			<time>2022-05-29T18:37:25Z</time>
		</trkpt>
		<trkpt lat="59.404236" lon="24.382193">
			<ele>508.266</ele>
			<time>2022-05-29T18:37:27Z</time>
		</trkpt>
		<trkpt lat="59.404125" lon="24.382625">
			<ele>504.925</ele>
			<time>2022-05-29T18:37:29Z</time>
		</trkpt>
		<trkpt lat="59.404021" lon="24.383064">
			<ele>501.07</ele>
			<time>2022-05-29T18:37:31Z</time>
		</trkpt>
		<trkpt lat="59.403876" lon="24.383742">
			<ele>496.379</ele>
			<time>2022-05-29T18:37:34Z</time>
		</trkpt>
		<trkpt lat="59.40378" lon="24.384197">
			<ele>492.357</ele>
			<time>2022-05-29T18:37:36Z</time>
		</trkpt>
		<trkpt lat="59.403686" lon="24.384651">
			<ele>488.363</ele>
			<time>2022-05-29T18:37:38Z</time>
		</trkpt>
		<trkpt lat="59.40351" lon="24.385574">
			<ele>483.137</ele>
			<time>2022-05-29T18:37:42Z</time>
		</trkpt>
		<trkpt lat="59.40342" lon="24.386038">
			<ele>479.266</ele>
			<time>2022-05-29T18:37:44Z</time>
		</trkpt>
		<trkpt lat="59.403334" lon="24.386504">
			<ele>475.21</ele>
			<time>2022-05-29T18:37:46Z</time>
		</trkpt>
		<trkpt lat="59.403248" lon="24.38697">
			<ele>469.678</ele>
			<time>2022-05-29T18:37:48Z</time>
		</trkpt>
		<trkpt lat="59.403134" lon="24.387692">
			<ele>467.268</ele>
			<time>2022-05-29T18:37:51Z</time>
		</trkpt>
		<trkpt lat="59.403081" lon="24.38819">
			<ele>465.285</ele>
			<time>2022-05-29T18:37:53Z</time>
		</trkpt>
		<trkpt lat="59.40301" lon="24.389426">
			<ele>460.545</ele>
			<time>2022-05-29T18:37:58Z</time>
		</trkpt>
		<trkpt lat="59.403002" lon="24.389945">
			<ele>455.618</ele>
			<time>2022-05-29T18:38:00Z</time>
		</trkpt>
		<trkpt lat="59.402973" lon="24.390699">
			<ele>451.833</ele>
			<time>2022-05-29T18:38:03Z</time>
		</trkpt>
		<trkpt lat="59.402932" lon="24.391187">
			<ele>449.908</ele>
			<time>2022-05-29T18:38:05Z</time>
		</trkpt>
		<trkpt lat="59.402888" lon="24.391676">
			<ele>445.503</ele>
			<time>2022-05-29T18:38:07Z</time>
		</trkpt>
		<trkpt lat="59.402861" lon="24.392173">
			<ele>440.899</ele>
			<time>2022-05-29T18:38:09Z</time>
		</trkpt>
		<trkpt lat="59.402848" lon="24.392683">
			<ele>437.35</ele>
			<time>2022-05-29T18:38:11Z</time>
		</trkpt>
		<trkpt lat="59.402856" lon="24.393696">
			<ele>434.811</ele>
			<time>2022-05-29T18:38:15Z</time>
		</trkpt>
		<trkpt lat="59.402934" lon="24.395403">
			<ele>432.005</ele>
			<time>2022-05-29T18:38:22Z</time>
		</trkpt>
		<trkpt lat="59.40285" lon="24.396047">
			<ele>427.554</ele>
			<time>2022-05-29T18:38:25Z</time>
		</trkpt>
		<trkpt lat="59.402663" lon="24.396319">
			<ele>423.634</ele>
			<time>2022-05-29T18:38:27Z</time>
		</trkpt>
		<trkpt lat="59.402236" lon="24.397049">
			<ele>418.059</ele>
			<time>2022-05-29T18:38:32Z</time>
		</trkpt>
		<trkpt lat="59.402062" lon="24.397317">
			<ele>413.541</ele>
			<time>2022-05-29T18:38:34Z</time>
		</trkpt>
		<trkpt lat="59.401892" lon="24.397599">
			<ele>409.808</ele>
			<time>2022-05-29T18:38:36Z</time>
		</trkpt>
		<trkpt lat="59.401643" lon="24.398024">
			<ele>405.26</ele>
			<time>2022-05-29T18:38:39Z</time>
		</trkpt>
		<trkpt lat="59.401476" lon="24.398312">
			<ele>400.462</ele>
			<time>2022-05-29T18:38:41Z</time>
		</trkpt>
		<trkpt lat="59.400874" lon="24.398674">
			<ele>396.429</ele>
			<time>2022-05-29T18:38:44Z</time>
		</trkpt>
		<trkpt lat="59.400846" lon="24.39917">
			<ele>391.615</ele>
			<time>2022-05-29T18:38:47Z</time>
		</trkpt>
		<trkpt lat="59.400826" lon="24.399513">
			<ele>387.44</ele>
			<time>2022-05-29T18:38:49Z</time>
		</trkpt>
		<trkpt lat="59.400835" lon="24.399772">
			<ele>384.112</ele>
			<time>2022-05-29T18:38:51Z</time>
		</trkpt>
		<trkpt lat="59.400866" lon="24.400131">
			<ele>380.947</ele>
			<time>2022-05-29T18:38:54Z</time>
		</trkpt>
		<trkpt lat="59.400319" lon="24.400655">
			<ele>375.687</ele>
			<time>2022-05-29T18:38:56Z</time>
		</trkpt>
		<trkpt lat="59.400174" lon="24.40097">
			<ele>370.981</ele>
			<time>2022-05-29T18:38:58Z</time>
		</trkpt>
		<trkpt lat="59.399944" lon="24.401426">
			<ele>366.819</ele>
			<time>2022-05-29T18:39:01Z</time>
		</trkpt>
		<trkpt lat="59.39979" lon="24.401734">
			<ele>362.993</ele>
			<time>2022-05-29T18:39:03Z</time>
		</trkpt>
		<trkpt lat="59.399635" lon="24.402041">
			<ele>358.642</ele>
			<time>2022-05-29T18:39:05Z</time>
		</trkpt>
		<trkpt lat="59.399398" lon="24.402496">
			<ele>353.617</ele>
			<time>2022-05-29T18:39:08Z</time>
		</trkpt>
		<trkpt lat="59.399243" lon="24.402797">
			<ele>350.22</ele>
			<time>2022-05-29T18:39:10Z</time>
		</trkpt>
		<trkpt lat="59.399109" lon="24.403845">
			<ele>347.048</ele>
			<time>2022-05-29T18:39:12Z</time>
		</trkpt>
		<trkpt lat="59.398937" lon="24.403862">
			<ele>343.963</ele>
			<time>2022-05-29T18:39:14Z</time>
		</trkpt>
		<trkpt lat="59.398756" lon="24.40388">
			<ele>340.656</ele>
			<time>2022-05-29T18:39:16Z</time>
		</trkpt>
		<trkpt lat="59.398564" lon="24.403899">
			<ele>337.242</ele>
			<time>2022-05-29T18:39:18Z</time>
		</trkpt>
		<trkpt lat="59.398269" lon="24.403918">
			<ele>333.037</ele>
			<time>2022-05-29T18:39:21Z</time>
		</trkpt>
		<trkpt lat="59.398165" lon="24.403918">
			<ele>329.111</ele>
			<time>2022-05-29T18:39:22Z</time>
		</trkpt>
		<trkpt lat="59.397951" lon="24.403918">
			<ele>326.095</ele>
			<time>2022-05-29T18:39:24Z</time>
		</trkpt>
		<trkpt lat="59.397733" lon="24.403918">
			<ele>323.777</ele>
			<time>2022-05-29T18:39:26Z</time>
		</trkpt>
		<trkpt lat="59.397152" lon="24.404704">
			<ele>318.659</ele>
			<time>2022-05-29T18:39:29Z</time>
		</trkpt>
		<trkpt lat="59.397122" lon="24.404946">
			<ele>314.849</ele>
			<time>2022-05-29T18:39:30Z</time>
		</trkpt>
		<trkpt lat="59.39706" lon="24.405457">
			<ele>311.301</ele>
			<time>2022-05-29T18:39:32Z</time>
		</trkpt>
		<trkpt lat="59.397008" lon="24.405885">
			<ele>307.419</ele>
			<time>2022-05-29T18:39:34Z</time>
		</trkpt>
		<trkpt lat="59.396987" lon="24.406062">
			<ele>306.522</ele>
			<time>2022-05-29T18:39:35Z</time>
		</trkpt>
		<trkpt lat="59.396913" lon="24.406588">
			<ele>301.61</ele>
			<time>2022-05-29T18:39:38Z</time>
		</trkpt>
		<trkpt lat="59.396854" lon="24.406969">
			<ele>296.855</ele>
			<time>2022-05-29T18:39:40Z</time>
		</trkpt>
		<trkpt lat="59.396193" lon="24.407272">
			<ele>293.632</ele>
			<time>2022-05-29T18:39:43Z</time>
		</trkpt>
		<trkpt lat="59.395887" lon="24.40774">
			<ele>287.19</ele>
			<time>2022-05-29T18:39:46Z</time>
		</trkpt>
		<trkpt lat="59.395569" lon="24.408213">
			<ele>282.813</ele>
			<time>2022-05-29T18:39:49Z</time>
		</trkpt>
		<trkpt lat="59.395143" lon="24.408821">
			<ele>278.706</ele>
			<time>2022-05-29T18:39:53Z</time>
		</trkpt>
		<trkpt lat="59.394818" lon="24.40928">
			<ele>275.198</ele>
			<time>2022-05-29T18:39:56Z</time>
		</trkpt>
		<trkpt lat="59.394704" lon="24.409428">
			<ele>274.91</ele>
			<time>2022-05-29T18:39:57Z</time>
		</trkpt>
		<trkpt lat="59.394018" lon="24.410219">
			<ele>272.785</ele>
			<time>2022-05-29T18:40:03Z</time>
		</trkpt>
		<trkpt lat="59.393438" lon="24.410809">
			<ele>269.244</ele>
			<time>2022-05-29T18:40:08Z</time>
		</trkpt>
		<trkpt lat="59.392965" lon="24.411261">
			<ele>265.864</ele>
			<time>2022-05-29T18:40:12Z</time>
		</trkpt>
		<trkpt lat="59.392847" lon="24.411374">
			<ele>265.79</ele>
			<time>2022-05-29T18:40:13Z</time>
		</trkpt>
		<trkpt lat="59.392491" lon="24.411704">
			<ele>262.001</ele>
			<time>2022-05-29T18:40:16Z</time>
		</trkpt>
		<trkpt lat="59.39237" lon="24.411807">
			<ele>261.92</ele>
			<time>2022-05-29T18:40:17Z</time>
		</trkpt>
		<trkpt lat="59.392058" lon="24.412923">
			<ele>258.655</ele>
			<time>2022-05-29T18:40:20Z</time>
		</trkpt>
		<trkpt lat="59.391544" lon="24.412994">
			<ele>255.016</ele>
			<time>2022-05-29T18:40:24Z</time>
		</trkpt>
		<trkpt lat="59.391433" lon="24.412984">
			<ele>255.019</ele>
			<time>2022-05-29T18:40:25Z</time>
		</trkpt>
		<trkpt lat="59.391103" lon="24.412951">
			<ele>251.839</ele>
			<time>2022-05-29T18:40:28Z</time>
		</trkpt>
		<trkpt lat="59.390915" lon="24.412882">
			<ele>250.822</ele>
			<time>2022-05-29T18:40:30Z</time>
		</trkpt>
		<trkpt lat="59.390498" lon="24.413651">
			<ele>247.074</ele>
			<time>2022-05-29T18:40:33Z</time>
		</trkpt>
		<trkpt lat="59.390254" lon="24.41386">
			<ele>243.575</ele>
			<time>2022-05-29T18:40:35Z</time>
		</trkpt>
		<trkpt lat="59.390007" lon="24.414043">
			<ele>242.399</ele>
			<time>2022-05-29T18:40:37Z</time>
		</trkpt>
		<trkpt lat="59.389885" lon="24.414123">
			<ele>241.848</ele>
			<time>2022-05-29T18:40:38Z</time>
		</trkpt>
		<trkpt lat="59.389647" lon="24.414214">
			<ele>240.522</ele>
			<time>2022-05-29T18:40:40Z</time>
		</trkpt>
		<trkpt lat="59.389462" lon="24.413997">
			<ele>236.668</ele>
			<time>2022-05-29T18:40:42Z</time>
		</trkpt>
		<trkpt lat="59.389064" lon="24.413123">
			<ele>233.065</ele>
			<time>2022-05-29T18:40:43Z</time>
		</trkpt>
		<trkpt lat="59.38913" lon="24.412939">
			<ele>228.189</ele>
			<time>2022-05-29T18:40:45Z</time>
		</trkpt>
		<trkpt lat="59.389279" lon="24.412522">
			<ele>226.964</ele>
			<time>2022-05-29T18:40:49Z</time>
		</trkpt>
		<trkpt lat="59.390005" lon="24.412546">
			<ele>220.508</ele>
			<time>2022-05-29T18:40:53Z</time>
		</trkpt>
		<trkpt lat="59.390306" lon="24.412657">
			<ele>216.094</ele>
			<time>2022-05-29T18:40:57Z</time>
		</trkpt>
		<trkpt lat="59.390451" lon="24.412711">
			<ele>212.536</ele>
			<time>2022-05-29T18:40:59Z</time>
		</trkpt>
		<trkpt lat="59.390726" lon="24.411639">
			<ele>209.392</ele>
			<time>2022-05-29T18:41:01Z</time>
		</trkpt>
		<trkpt lat="59.390966" lon="24.411286">
			<ele>206.011</ele>
			<time>2022-05-29T18:41:04Z</time>
		</trkpt>
		<trkpt lat="59.391046" lon="24.411176">
			<ele>206.261</ele>
			<time>2022-05-29T18:41:05Z</time>
		</trkpt>
		<trkpt lat="59.391279" lon="24.410838">
			<ele>202.616</ele>
			<time>2022-05-29T18:41:08Z</time>
		</trkpt>
		<trkpt lat="59.391588" lon="24.41035">
			<ele>198.917</ele>
			<time>2022-05-29T18:41:12Z</time>
		</trkpt>
		<trkpt lat="59.391513" lon="24.410186">
			<ele>195.171</ele>
			<time>2022-05-29T18:41:15Z</time>
		</trkpt>
		<trkpt lat="59.391464" lon="24.409884">
			<ele>191.126</ele>
			<time>2022-05-29T18:41:18Z</time>
		</trkpt>
		<trkpt lat="59.392202" lon="24.409021">
			<ele>187.46</ele>
			<time>2022-05-29T18:41:21Z</time>
		</trkpt>
		<trkpt lat="59.392318" lon="24.408705">
			<ele>183.685</ele>
			<time>2022-05-29T18:41:23Z</time>
		</trkpt>
		<trkpt lat="59.392429" lon="24.408357">
			<ele>180.074</ele>
			<time>2022-05-29T18:41:25Z</time>
		</trkpt>
		<trkpt lat="59.392543" lon="24.408">
			<ele>177.208</ele>
			<time>2022-05-29T18:41:27Z</time>
		</trkpt>
		<trkpt lat="59.39292" lon="24.40794">
			<ele>169.096</ele>
			<time>2022-05-29T18:41:31Z</time>
		</trkpt>
		<trkpt lat="59.393207" lon="24.407546">
			<ele>158.888</ele>
			<time>2022-05-29T18:41:35Z</time>
		</trkpt>
		<trkpt lat="59.39316" lon="24.407211">
			<ele>154.719</ele>
			<time>2022-05-29T18:41:36Z</time>
		</trkpt>
		<trkpt lat="59.393129" lon="24.406924">
			<ele>155.504</ele>
			<time>2022-05-29T18:41:37Z</time>
		</trkpt>
		<trkpt lat="59.393323" lon="24.406766">
			<ele>145.469</ele>
			<time>2022-05-29T18:41:40Z</time>
		</trkpt>
		<trkpt lat="59.393382" lon="24.406957">
			<ele>133.654</ele>
			<time>2022-05-29T18:41:41Z</time>
		</trkpt>
		<trkpt lat="59.393439" lon="24.407315">
			<ele>129.901</ele>
			<time>2022-05-29T18:41:42Z</time>
		</trkpt>
		<trkpt lat="59.393609" lon="24.407814">
			<ele>131.893</ele>
			<time>2022-05-29T18:41:46Z</time>
		</trkpt>
		<trkpt lat="59.393704" lon="24.407625">
			<ele>127.989</ele>
			<time>2022-05-29T18:41:47Z</time>
		</trkpt>
		<trkpt lat="59.393794" lon="24.407435">
			<ele>128.784</ele>
			<time>2022-05-29T18:41:48Z</time>
		</trkpt>
		<trkpt lat="59.393949" lon="24.407097">
			<ele>133.167</ele>
			<time>2022-05-29T18:41:50Z</time>
		</trkpt>
		<trkpt lat="59.394031" lon="24.407046">
			<ele>133.143</ele>
			<time>2022-05-29T18:41:51Z</time>
		</trkpt>
		<trkpt lat="59.394313" lon="24.407087">
			<ele>127.71</ele>
			<time>2022-05-29T18:41:54Z</time>
		</trkpt>
		<trkpt lat="59.394607" lon="24.406745">
			<ele>124.058</ele>
			<time>2022-05-29T18:41:57Z</time>
		</trkpt>
		<trkpt lat="59.395009" lon="24.406134">
			<ele>121.594</ele>
			<time>2022-05-29T18:42:02Z</time>
		</trkpt>
		<trkpt lat="59.395179" lon="24.405934">
			<ele>120.55</ele>
			<time>2022-05-29T18:42:04Z</time>
		</trkpt>
		<trkpt lat="59.395258" lon="24.405827">
			<ele>120.003</ele>
			<time>2022-05-29T18:42:05Z</time>
		</trkpt>
		<trkpt lat="59.395537" lon="24.405652">
			<ele>116.297</ele>
			<time>2022-05-29T18:42:08Z</time>
		</trkpt>
		<trkpt lat="59.395643" lon="24.405643">
			<ele>114.217</ele>
			<time>2022-05-29T18:42:09Z</time>
		</trkpt>
		<trkpt lat="59.39611" lon="24.405338">
			<ele>109.33</ele>
			<time>2022-05-29T18:42:14Z</time>
		</trkpt>
		<trkpt lat="59.396386" lon="24.405146">
			<ele>104.274</ele>
			<time>2022-05-29T18:42:17Z</time>
		</trkpt>
		<trkpt lat="59.396571" lon="24.405114">
			<ele>103.204</ele>
			<time>2022-05-29T18:42:19Z</time>
		</trkpt>
		<trkpt lat="59.397047" lon="24.405568">
			<ele>99.367</ele>
			<time>2022-05-29T18:42:21Z</time>
		</trkpt>
		<trkpt lat="59.397003" lon="24.405933">
			<ele>92.851</ele>
			<time>2022-05-29T18:42:23Z</time>
		</trkpt>
		<trkpt lat="59.396976" lon="24.406149">
			<ele>89.41</ele>
			<time>2022-05-29T18:42:24Z</time>
		</trkpt>
		<trkpt lat="59.396954" lon="24.406323">
			<ele>85.667</ele>
			<time>2022-05-29T18:42:25Z</time>
		</trkpt>
		<trkpt lat="59.396264" lon="24.405835">
			<ele>81.726</ele>
			<time>2022-05-29T18:42:26Z</time>
		</trkpt>
		<trkpt lat="59.396195" lon="24.405566">
			<ele>78.552</ele>
			<time>2022-05-29T18:42:27Z</time>
		</trkpt>
		<trkpt lat="59.396295" lon="24.403905">
			<ele>74.685</ele>
			<time>2022-05-29T18:42:28Z</time>
		</trkpt>
		<trkpt lat="59.396254" lon="24.405112">
			<ele>70.635</ele>
			<time>2022-05-29T18:42:29Z</time>
		</trkpt>
		<trkpt lat="59.396779" lon="24.403911">
			<ele>76.289</ele>
			<time>2022-05-29T18:42:32Z</time>
		</trkpt>
		<trkpt lat="59.396846" lon="24.403912">
			<ele>78.327</ele>
			<time>2022-05-29T18:42:33Z</time>
		</trkpt>
		<trkpt lat="59.397206" lon="24.403917">
			<ele>67.269</ele>
			<time>2022-05-29T18:42:37Z</time>
		</trkpt>
		<trkpt lat="59.397308" lon="24.403918">
			<ele>67.17</ele>
			<time>2022-05-29T18:42:38Z</time>
		</trkpt>
		<trkpt lat="59.39748" lon="24.403918">
			<ele>68.34</ele>
			<time>2022-05-29T18:42:40Z</time>
		</trkpt>
		<trkpt lat="59.397622" lon="24.403918">
			<ele>69.027</ele>
			<time>2022-05-29T18:42:42Z</time>
		</trkpt>
		<trkpt lat="59.397691" lon="24.403918">
			<ele>69.731</ele>
			<time>2022-05-29T18:42:43Z</time>
		</trkpt>
		<trkpt lat="59.397774" lon="24.403171">
			<ele>66.429</ele>
			<time>2022-05-29T18:42:48Z</time>
		</trkpt>
		<trkpt lat="59.39775" lon="24.402944">
			<ele>66.358</ele>
			<time>2022-05-29T18:42:49Z</time>
		</trkpt>
		<trkpt lat="59.397642" lon="24.400694">
			<ele>70.039</ele>
			<time>2022-05-29T18:42:59Z</time>
		</trkpt>
		<trkpt lat="59.397635" lon="24.400464">
			<ele>70.067</ele>
			<time>2022-05-29T18:43:00Z</time>
		</trkpt>
		<trkpt lat="59.397682" lon="24.398198">
			<ele>73.616</ele>
			<time>2022-05-29T18:43:10Z</time>
		</trkpt>
		<trkpt lat="59.397713" lon="24.39778">
			<ele>76.287</ele>
			<time>2022-05-29T18:43:12Z</time>
		</trkpt>
		<trkpt lat="59.397688" lon="24.39689">
			<ele>75.116</ele>
			<time>2022-05-29T18:43:16Z</time>
		</trkpt>
		<trkpt lat="59.397682" lon="24.395563">
			<ele>78.305</ele>
			<time>2022-05-29T18:43:22Z</time>
		</trkpt>
		<trkpt lat="59.397793" lon="24.3943">
			<ele>81.331</ele>
			<time>2022-05-29T18:43:28Z</time>
		</trkpt>
		<trkpt lat="59.397863" lon="24.39368">
			<ele>85.594</ele>
			<time>2022-05-29T18:43:31Z</time>
		</trkpt>
		<trkpt lat="59.397884" lon="24.393475">
			<ele>85.886</ele>
			<time>2022-05-29T18:43:32Z</time>
		</trkpt>
		<trkpt lat="59.397948" lon="24.392403">
			<ele>89.088</ele>
			<time>2022-05-29T18:43:37Z</time>
		</trkpt>
		<trkpt lat="59.398029" lon="24.391778">
			<ele>93.713</ele>
			<time>2022-05-29T18:43:40Z</time>
		</trkpt>
		<trkpt lat="59.398065" lon="24.391576">
			<ele>93.92</ele>
			<time>2022-05-29T18:43:41Z</time>
		</trkpt>
		<trkpt lat="59.39815" lon="24.391145">
			<ele>90.452</ele>
			<time>2022-05-29T18:43:43Z</time>
		</trkpt>
		<trkpt lat="59.398338" lon="24.388592">
			<ele>94.888</ele>
			<time>2022-05-29T18:43:54Z</time>
		</trkpt>
		<trkpt lat="59.398364" lon="24.3879">
			<ele>98.334</ele>
			<time>2022-05-29T18:43:57Z</time>
		</trkpt>
		<trkpt lat="59.398483" lon="24.386766">
			<ele>101.887</ele>
			<time>2022-05-29T18:44:02Z</time>
		</trkpt>
		<trkpt lat="59.398596" lon="24.385877">
			<ele>105.313</ele>
			<time>2022-05-29T18:44:06Z</time>
		</trkpt>
		<trkpt lat="59.398738" lon="24.385021">
			<ele>108.652</ele>
			<time>2022-05-29T18:44:10Z</time>
		</trkpt>
		<trkpt lat="59.398781" lon="24.384799">
			<ele>105.607</ele>
			<time>2022-05-29T18:44:11Z</time>
		</trkpt>
		<trkpt lat="59.398879" lon="24.384317">
			<ele>101.639</ele>
			<time>2022-05-29T18:44:13Z</time>
		</trkpt>
		<trkpt lat="59.399163" lon="24.382769">
			<ele>104.761</ele>
			<time>2022-05-29T18:44:19Z</time>
		</trkpt>
		<trkpt lat="59.399349" lon="24.380898">
			<ele>104.804</ele>
			<time>2022-05-29T18:44:26Z</time>
		</trkpt>
		<trkpt lat="59.3994" lon="24.380365">
			<ele>106.033</ele>
			<time>2022-05-29T18:44:28Z</time>
		</trkpt>
		<trkpt lat="59.400087" lon="24.378386">
			<ele>109.306</ele>
			<time>2022-05-29T18:44:36Z</time>
		</trkpt>
		<trkpt lat="59.400008" lon="24.375701">
			<ele>112.395</ele>
			<time>2022-05-29T18:44:46Z</time>
		</trkpt>
		<trkpt lat="59.39978" lon="24.373019">
			<ele>116.843</ele>
			<time>2022-05-29T18:44:57Z</time>
		</trkpt>
		<trkpt lat="59.399708" lon="24.372554">
			<ele>123.852</ele>
			<time>2022-05-29T18:44:59Z</time>
		</trkpt>
		<trkpt lat="59.400228" lon="24.370456">
			<ele>127.533</ele>
			<time>2022-05-29T18:45:07Z</time>
		</trkpt>
		<trkpt lat="59.400318" lon="24.368375">
			<ele>130.793</ele>
			<time>2022-05-29T18:45:16Z</time>
		</trkpt>
		<trkpt lat="59.400334" lon="24.368152">
			<ele>131.024</ele>
			<time>2022-05-29T18:45:17Z</time>
		</trkpt>
		<trkpt lat="59.400458" lon="24.366792">
			<ele>134.577</ele>
			<time>2022-05-29T18:45:23Z</time>
		</trkpt>
		<trkpt lat="59.400529" lon="24.36636">
			<ele>135.421</ele>
			<time>2022-05-29T18:45:25Z</time>
		</trkpt>
		<trkpt lat="59.401058" lon="24.363004">
			<ele>138.995</ele>
			<time>2022-05-29T18:45:41Z</time>
		</trkpt>
		<trkpt lat="59.40113" lon="24.362594">
			<ele>139.949</ele>
			<time>2022-05-29T18:45:43Z</time>
		</trkpt>
		<trkpt lat="59.401199" lon="24.361963">
			<ele>139.998</ele>
			<time>2022-05-29T18:45:46Z</time>
		</trkpt>
		<trkpt lat="59.401565" lon="24.361017">
			<ele>144.379</ele>
			<time>2022-05-29T18:45:52Z</time>
		</trkpt>
		<trkpt lat="59.401745" lon="24.360839">
			<ele>146.818</ele>
			<time>2022-05-29T18:45:54Z</time>
		</trkpt>
		<trkpt lat="59.402127" lon="24.360218">
			<ele>151.847</ele>
			<time>2022-05-29T18:45:59Z</time>
		</trkpt>
		<trkpt lat="59.402326" lon="24.359773">
			<ele>153.563</ele>
			<time>2022-05-29T18:46:02Z</time>
		</trkpt>
		<trkpt lat="59.402939" lon="24.358417">
			<ele>155.872</ele>
			<time>2022-05-29T18:46:11Z</time>
		</trkpt>
		<trkpt lat="59.403075" lon="24.357863">
			<ele>158.019</ele>
			<time>2022-05-29T18:46:14Z</time>
		</trkpt>
		<trkpt lat="59.402924" lon="24.356832">
			<ele>154.424</ele>
			<time>2022-05-29T18:46:19Z</time>
		</trkpt>
		<trkpt lat="59.402593" lon="24.356753">
			<ele>150.738</ele>
			<time>2022-05-29T18:46:21Z</time>
		</trkpt>
		<trkpt lat="59.402033" lon="24.357763">
			<ele>152.107</ele>
			<time>2022-05-29T18:46:26Z</time>
		</trkpt>
		<trkpt lat="59.40208" lon="24.357984">
			<ele>154.465</ele>
			<time>2022-05-29T18:46:28Z</time>
		</trkpt>
		<trkpt lat="59.402107" lon="24.358059">
			<ele>151.806</ele>
			<time>2022-05-29T18:46:31Z</time>
		</trkpt>
		<trkpt lat="59.401237" lon="24.36175">
			<ele>148.8</ele>
			<time>2022-05-29T18:46:42Z</time>
		</trkpt>
		<trkpt lat="59.400986" lon="24.363552">
			<ele>141.666</ele>
			<time>2022-05-29T18:46:49Z</time>
		</trkpt>
		<trkpt lat="59.400935" lon="24.364148">
			<ele>136.83</ele>
			<time>2022-05-29T18:46:51Z</time>
		</trkpt>
		<trkpt lat="59.400882" lon="24.366186">
			<ele>133.498</ele>
			<time>2022-05-29T18:46:58Z</time>
		</trkpt>
		<trkpt lat="59.400937" lon="24.369303">
			<ele>130.243</ele>
			<time>2022-05-29T18:47:09Z</time>
		</trkpt>
		<trkpt lat="59.400941" lon="24.369871">
			<ele>129.538</ele>
			<time>2022-05-29T18:47:11Z</time>
		</trkpt>
		<trkpt lat="59.400914" lon="24.371286">
			<ele>133.276</ele>
			<time>2022-05-29T18:47:16Z</time>
		</trkpt>
		<trkpt lat="59.400861" lon="24.372032">
			<ele>138.44</ele>
			<time>2022-05-29T18:47:19Z</time>
		</trkpt>
		<trkpt lat="59.400761" lon="24.373249">
			<ele>136.26</ele>
			<time>2022-05-29T18:47:24Z</time>
		</trkpt>
		<trkpt lat="59.400699" lon="24.373752">
			<ele>139.577</ele>
			<time>2022-05-29T18:47:26Z</time>
		</trkpt>
		<trkpt lat="59.400611" lon="24.374516">
			<ele>134.454</ele>
			<time>2022-05-29T18:47:29Z</time>
		</trkpt>
		<trkpt lat="59.400094" lon="24.375014">
			<ele>131.273</ele>
			<time>2022-05-29T18:47:31Z</time>
		</trkpt>
		<trkpt lat="59.400008" lon="24.37652">
			<ele>132.167</ele>
			<time>2022-05-29T18:47:36Z</time>
		</trkpt>
		<trkpt lat="59.400074" lon="24.377936">
			<ele>128.41</ele>
			<time>2022-05-29T18:47:41Z</time>
		</trkpt>
		<trkpt lat="59.400091" lon="24.378215">
			<ele>128.85</ele>
			<time>2022-05-29T18:47:42Z</time>
		</trkpt>
		<trkpt lat="59.400051" lon="24.379113">
			<ele>131.907</ele>
			<time>2022-05-29T18:47:45Z</time>
		</trkpt>
		<trkpt lat="59.400051" lon="24.379363">
			<ele>131.842</ele>
			<time>2022-05-29T18:47:46Z</time>
		</trkpt>
		<trkpt lat="59.400051" lon="24.380144">
			<ele>135.174</ele>
			<time>2022-05-29T18:47:49Z</time>
		</trkpt>
		<trkpt lat="59.399775" lon="24.383372">
			<ele>138.487</ele>
			<time>2022-05-29T18:48:02Z</time>
		</trkpt>
		<trkpt lat="59.399748" lon="24.383615">
			<ele>138.376</ele>
			<time>2022-05-29T18:48:03Z</time>
		</trkpt>
		<trkpt lat="59.399022" lon="24.385561">
			<ele>135.105</ele>
			<time>2022-05-29T18:48:12Z</time>
		</trkpt>
		<trkpt lat="59.398995" lon="24.386048">
			<ele>134.452</ele>
			<time>2022-05-29T18:48:14Z</time>
		</trkpt>
		<trkpt lat="59.398884" lon="24.387948">
			<ele>130.73</ele>
			<time>2022-05-29T18:48:22Z</time>
		</trkpt>
		<trkpt lat="59.398846" lon="24.388424">
			<ele>127.179</ele>
			<time>2022-05-29T18:48:24Z</time>
		</trkpt>
		<trkpt lat="59.398804" lon="24.3889">
			<ele>126.28</ele>
			<time>2022-05-29T18:48:26Z</time>
		</trkpt>
		<trkpt lat="59.398751" lon="24.389618">
			<ele>125.001</ele>
			<time>2022-05-29T18:48:29Z</time>
		</trkpt>
		<trkpt lat="59.398635" lon="24.390806">
			<ele>121.893</ele>
			<time>2022-05-29T18:48:34Z</time>
		</trkpt>
		<trkpt lat="59.398527" lon="24.391757">
			<ele>118.512</ele>
			<time>2022-05-29T18:48:38Z</time>
		</trkpt>
		<trkpt lat="59.398412" lon="24.39269">
			<ele>115.053</ele>
			<time>2022-05-29T18:48:42Z</time>
		</trkpt>
		<trkpt lat="59.398283" lon="24.393636">
			<ele>112.031</ele>
			<time>2022-05-29T18:48:46Z</time>
		</trkpt>
		<trkpt lat="59.39825" lon="24.393869">
			<ele>112.116</ele>
			<time>2022-05-29T18:48:47Z</time>
		</trkpt>
		<trkpt lat="59.398072" lon="24.395036">
			<ele>108.802</ele>
			<time>2022-05-29T18:48:52Z</time>
		</trkpt>
		<trkpt lat="59.397957" lon="24.395747">
			<ele>105.766</ele>
			<time>2022-05-29T18:48:55Z</time>
		</trkpt>
		<trkpt lat="59.397712" lon="24.397151">
			<ele>101.86</ele>
			<time>2022-05-29T18:49:01Z</time>
		</trkpt>
		<trkpt lat="59.397454" lon="24.398541">
			<ele>97.689</ele>
			<time>2022-05-29T18:49:07Z</time>
		</trkpt>
		<trkpt lat="59.397314" lon="24.399195">
			<ele>94.325</ele>
			<time>2022-05-29T18:49:10Z</time>
		</trkpt>
		<trkpt lat="59.397134" lon="24.400013">
			<ele>89.55</ele>
			<time>2022-05-29T18:49:14Z</time>
		</trkpt>
		<trkpt lat="59.397044" lon="24.400459">
			<ele>86.433</ele>
			<time>2022-05-29T18:49:16Z</time>
		</trkpt>
		<trkpt lat="59.396901" lon="24.401305">
			<ele>80.917</ele>
			<time>2022-05-29T18:49:20Z</time>
		</trkpt>
		<trkpt lat="59.39683" lon="24.401748">
			<ele>76.512</ele>
			<time>2022-05-29T18:49:22Z</time>
		</trkpt>
		<trkpt lat="59.396762" lon="24.402198">
			<ele>72.426</ele>
			<time>2022-05-29T18:49:24Z</time>
		</trkpt>
		<trkpt lat="59.396693" lon="24.402643">
			<ele>68.835</ele>
			<time>2022-05-29T18:49:26Z</time>
		</trkpt>
		<trkpt lat="59.39662" lon="24.403085">
			<ele>65.527</ele>
			<time>2022-05-29T18:49:28Z</time>
		</trkpt>
		<trkpt lat="59.396555" lon="24.403533">
			<ele>61.54</ele>
			<time>2022-05-29T18:49:30Z</time>
		</trkpt>
		<trkpt lat="59.396383" lon="24.404572">
			<ele>57.384</ele>
			<time>2022-05-29T18:49:35Z</time>
		</trkpt>
		<trkpt lat="59.396252" lon="24.405193">
			<ele>53.481</ele>
			<time>2022-05-29T18:49:38Z</time>
		</trkpt>
		<trkpt lat="59.395768" lon="24.40722">
			<ele>51.809</ele>
			<time>2022-05-29T18:49:48Z</time>
		</trkpt>
		<trkpt lat="59.395164" lon="24.407615">
			<ele>45.461</ele>
			<time>2022-05-29T18:49:54Z</time>
		</trkpt>
		<trkpt lat="59.39517" lon="24.406877">
			<ele>43.63</ele>
			<time>2022-05-29T18:49:58Z</time>
		</trkpt>
		<trkpt lat="59.395349" lon="24.406786">
			<ele>43.607</ele>
			<time>2022-05-29T18:50:00Z</time>
		</trkpt>
		<trkpt lat="59.395808" lon="24.406458">
			<ele>43.01</ele>
			<time>2022-05-29T18:50:06Z</time>
		</trkpt>
		<trkpt lat="59.396247" lon="24.405993">
			<ele>39.102</ele>
			<time>2022-05-29T18:50:12Z</time>
		</trkpt>
		<trkpt lat="59.396431" lon="24.405628">
			<ele>36.643</ele>
			<time>2022-05-29T18:50:15Z</time>
		</trkpt>
		<trkpt lat="59.396481" lon="24.405482">
			<ele>35.574</ele>
			<time>2022-05-29T18:50:16Z</time>
		</trkpt>
		<trkpt lat="59.397102" lon="24.405108">
			<ele>30.376</ele>
			<time>2022-05-29T18:50:20Z</time>
		</trkpt>
		<trkpt lat="59.397121" lon="24.404957">
			<ele>30.565</ele>
			<time>2022-05-29T18:50:21Z</time>
		</trkpt>
		<trkpt lat="59.397156" lon="24.404667">
			<ele>27.142</ele>
			<time>2022-05-29T18:50:23Z</time>
		</trkpt>
		<trkpt lat="59.397207" lon="24.404248">
			<ele>22.91</ele>
			<time>2022-05-29T18:50:26Z</time>
		</trkpt>
		<trkpt lat="59.397225" lon="24.404117">
			<ele>19.791</ele>
			<time>2022-05-29T18:50:27Z</time>
		</trkpt>
		<trkpt lat="59.397261" lon="24.403918">
			<ele>14.007</ele>
			<time>2022-05-29T18:50:29Z</time>
		</trkpt>
		<trkpt lat="59.397261" lon="24.403918">
			<ele>10.64</ele>
			<time>2022-05-29T18:50:30Z</time>
		</trkpt>
		<trkpt lat="59.397591" lon="24.403918">
			<ele>8.895</ele>
			<time>2022-05-29T18:50:38Z</time>
		</trkpt>
		<trkpt lat="59.397591" lon="24.403918">
			<ele>8.828</ele>
			<time>2022-05-29T18:50:51Z</time>
		</trkpt>
		<trkpt lat="59.397591" lon="24.403918">
			<ele>8.75</ele>
			<time>2022-05-29T18:51:17Z</time>
		</trkpt>
		<trkpt lat="59.397591" lon="24.403918">
			<ele>9.076</ele>
			<time>2022-05-29T18:51:38Z</time>
		</trkpt>
		<trkpt lat="59.397591" lon="24.403918">
			<ele>9.17</ele>
			<time>2022-05-29T18:51:57Z</time>
		</trkpt>
		<trkpt lat="59.397591" lon="24.403918">
			<ele>9.172</ele>
			<time>2022-05-29T18:52:15Z</time>
		</trkpt>
		<trkpt lat="59.397591" lon="24.403918">
			<ele>8.756</ele>
			<time>2022-05-29T18:52:46Z</time>
		</trkpt>
		<trkpt lat="59.397591" lon="24.403918">
			<ele>8.789</ele>
			<time>2022-05-29T18:53:07Z</time>
		</trkpt>
		<trkpt lat="59.397591" lon="24.403918">
			<ele>8.932</ele>
			<time>2022-05-29T18:56:50Z</time>
		</trkpt>
		<trkpt lat="59.397591" lon="24.403918">
			<ele>9.344</ele>
			<time>2022-05-29T18:57:30Z</time>
		</trkpt>
		<trkpt lat="59.397591" lon="24.403918">
			<ele>9.601</ele>
			<time>2022-05-29T18:59:14Z</time>
		</trkpt>
		<trkpt lat="59.397591" lon="24.403918">
			<ele>9.72</ele>
			<time>2022-05-29T19:00:10Z</time>
		</trkpt>
		<trkpt lat="59.397591" lon="24.403918">
			<ele>9.272</ele>
			<time>2022-05-29T19:03:34Z</time>
		</trkpt>
		<trkpt lat="59.397591" lon="24.403918">
			<ele>9.212</ele>
			<time>2022-05-29T19:06:35Z</time>
		</trkpt>
		<trkpt lat="59.397591" lon="24.403918">
			<ele>8.891</ele>
			<time>2022-05-29T19:06:53Z</time>
		</trkpt>
		<trkpt lat="59.397591" lon="24.403918">
			<ele>10.051</ele>
			<time>2022-05-29T19:07:30Z</time>
		</trkpt>
		<trkpt lat="59.397591" lon="24.403918">
			<ele>9.428</ele>
			<time>2022-05-29T19:07:55Z</time>
		</trkpt>
		<trkpt lat="59.397591" lon="24.403918">
			<ele>9.565</ele>
			<time>2022-05-29T19:08:16Z</time>
		</trkpt>
		<trkpt lat="59.397591" lon="24.403918">
			<ele>9.498</ele>
			<time>2022-05-29T19:08:58Z</time>
		</trkpt>
		<trkpt lat="59.397591" lon="24.403918">
			<ele>9.535</ele>
			<time>2022-05-29T19:09:15Z</time>
		</trkpt>
		<trkpt lat="59.397591" lon="24.403918">
			<ele>9.576</ele>
			<time>2022-05-29T19:09:45Z</time>
		</trkpt>
		<trkpt lat="59.397591" lon="24.403918">
			<ele>9.468</ele>
			<time>2022-05-29T19:09:57Z</time>
		</trkpt>
		<trkpt lat="59.397591" lon="24.403918">
			<ele>9.444</ele>
			<time>2022-05-29T19:10:11Z</time>
		</trkpt>
		<trkpt lat="59.397591" lon="24.403918">
			<ele>9.549</ele>
			<time>2022-05-29T19:10:14Z</time>
		</trkpt>
		<trkpt lat="59.397515" lon="24.403918">
			<ele>9.261</ele>
			<time>2022-05-29T19:10:18Z</time>
		</trkpt>
		<trkpt lat="59.397594" lon="24.403918">
			<ele>7.519</ele>
			<time>2022-05-29T19:10:20Z</time>
		</trkpt>
		<trkpt lat="59.397911" lon="24.403918">
			<ele>12.028</ele>
			<time>2022-05-29T19:10:25Z</time>
		</trkpt>
		<trkpt lat="59.397564" lon="24.402291">
			<ele>12.379</ele>
			<time>2022-05-29T19:10:29Z</time>
		</trkpt>
		<trkpt lat="59.397261" lon="24.403918">
			<ele>16.988</ele>
			<time>2022-05-29T19:10:32Z</time>
		</trkpt>
		<trkpt lat="59.396781" lon="24.403911">
			<ele>13.295</ele>
			<time>2022-05-29T19:10:37Z</time>
		</trkpt>
		<trkpt lat="59.397261" lon="24.403918">
			<ele>15.158</ele>
			<time>2022-05-29T19:10:38Z</time>
		</trkpt>
		<trkpt lat="59.397261" lon="24.403918">
			<ele>17.049</ele>
			<time>2022-05-29T19:10:40Z</time>
		</trkpt>
		<trkpt lat="59.397234" lon="24.403917">
			<ele>23.208</ele>
			<time>2022-05-29T19:10:43Z</time>
		</trkpt>
		<trkpt lat="59.397345" lon="24.403918">
			<ele>23.956</ele>
			<time>2022-05-29T19:10:45Z</time>
		</trkpt>
		<trkpt lat="59.397261" lon="24.403918">
			<ele>27.988</ele>
			<time>2022-05-29T19:10:49Z</time>
		</trkpt>
		<trkpt lat="59.397402" lon="24.401575">
			<ele>29.977</ele>
			<time>2022-05-29T19:10:53Z</time>
		</trkpt>
		<trkpt lat="59.396993" lon="24.400742">
			<ele>31.862</ele>
			<time>2022-05-29T19:10:58Z</time>
		</trkpt>
		<trkpt lat="59.396791" lon="24.40023">
			<ele>33.664</ele>
			<time>2022-05-29T19:11:01Z</time>
		</trkpt>
		<trkpt lat="59.396567" lon="24.399452">
			<ele>35.909</ele>
			<time>2022-05-29T19:11:05Z</time>
		</trkpt>
		<trkpt lat="59.396349" lon="24.398705">
			<ele>36.678</ele>
			<time>2022-05-29T19:11:09Z</time>
		</trkpt>
		<trkpt lat="59.396432" lon="24.398028">
			<ele>38.841</ele>
			<time>2022-05-29T19:11:13Z</time>
		</trkpt>
		<trkpt lat="59.396586" lon="24.398032">
			<ele>35.484</ele>
			<time>2022-05-29T19:11:14Z</time>
		</trkpt>
		<trkpt lat="59.396713" lon="24.398023">
			<ele>38.88</ele>
			<time>2022-05-29T19:11:15Z</time>
		</trkpt>
		<trkpt lat="59.396782" lon="24.397482">
			<ele>34.438</ele>
			<time>2022-05-29T19:11:18Z</time>
		</trkpt>
		<trkpt lat="59.396958" lon="24.396807">
			<ele>36.394</ele>
			<time>2022-05-29T19:11:22Z</time>
		</trkpt>
		<trkpt lat="59.39712" lon="24.397027">
			<ele>31.087</ele>
			<time>2022-05-29T19:11:23Z</time>
		</trkpt>
		<trkpt lat="59.397198" lon="24.397285">
			<ele>30.172</ele>
			<time>2022-05-29T19:11:24Z</time>
		</trkpt>
		<trkpt lat="59.397371" lon="24.39728">
			<ele>40.396</ele>
			<time>2022-05-29T19:11:27Z</time>
		</trkpt>
		<trkpt lat="59.397469" lon="24.396876">
			<ele>43.626</ele>
			<time>2022-05-29T19:11:29Z</time>
		</trkpt>
		<trkpt lat="59.3976" lon="24.39655">
			<ele>45.138</ele>
			<time>2022-05-29T19:11:31Z</time>
		</trkpt>
		<trkpt lat="59.397816" lon="24.396171">
			<ele>47.716</ele>
			<time>2022-05-29T19:11:34Z</time>
		</trkpt>
		<trkpt lat="59.398159" lon="24.395252">
			<ele>50.922</ele>
			<time>2022-05-29T19:11:40Z</time>
		</trkpt>
		<trkpt lat="59.398212" lon="24.395083">
			<ele>50.851</ele>
			<time>2022-05-29T19:11:41Z</time>
		</trkpt>
		<trkpt lat="59.398354" lon="24.394564">
			<ele>52.102</ele>
			<time>2022-05-29T19:11:44Z</time>
		</trkpt>
		<trkpt lat="59.398526" lon="24.394064">
			<ele>55.587</ele>
			<time>2022-05-29T19:11:47Z</time>
		</trkpt>
		<trkpt lat="59.39867" lon="24.393742">
			<ele>52.444</ele>
			<time>2022-05-29T19:11:49Z</time>
		</trkpt>
		<trkpt lat="59.398807" lon="24.393456">
			<ele>50.783</ele>
			<time>2022-05-29T19:11:51Z</time>
		</trkpt>
		<trkpt lat="59.399018" lon="24.392969">
			<ele>49.07</ele>
			<time>2022-05-29T19:11:54Z</time>
		</trkpt>
		<trkpt lat="59.399111" lon="24.391834">
			<ele>51.592</ele>
			<time>2022-05-29T19:11:59Z</time>
		</trkpt>
		<trkpt lat="59.399117" lon="24.391621">
			<ele>50.368</ele>
			<time>2022-05-29T19:12:00Z</time>
		</trkpt>
		<trkpt lat="59.399137" lon="24.391161">
			<ele>46.951</ele>
			<time>2022-05-29T19:12:02Z</time>
		</trkpt>
		<trkpt lat="59.399144" lon="24.390893">
			<ele>43.139</ele>
			<time>2022-05-29T19:12:03Z</time>
		</trkpt>
		<trkpt lat="59.399196" lon="24.38954">
			<ele>46.342</ele>
			<time>2022-05-29T19:12:08Z</time>
		</trkpt>
		<trkpt lat="59.399219" lon="24.388799">
			<ele>49.354</ele>
			<time>2022-05-29T19:12:11Z</time>
		</trkpt>
		<trkpt lat="59.399221" lon="24.38699">
			<ele>52.563</ele>
			<time>2022-05-29T19:12:18Z</time>
		</trkpt>
		<trkpt lat="59.399213" lon="24.386737">
			<ele>52.087</ele>
			<time>2022-05-29T19:12:19Z</time>
		</trkpt>
		<trkpt lat="59.399186" lon="24.385428">
			<ele>55.559</ele>
			<time>2022-05-29T19:12:24Z</time>
		</trkpt>
		<trkpt lat="59.399185" lon="24.383602">
			<ele>59.593</ele>
			<time>2022-05-29T19:12:31Z</time>
		</trkpt>
		<trkpt lat="59.399193" lon="24.383342">
			<ele>59.689</ele>
			<time>2022-05-29T19:12:32Z</time>
		</trkpt>
		<trkpt lat="59.3992" lon="24.382817">
			<ele>62.95</ele>
			<time>2022-05-29T19:12:34Z</time>
		</trkpt>
		<trkpt lat="59.399216" lon="24.382024">
			<ele>67.107</ele>
			<time>2022-05-29T19:12:37Z</time>
		</trkpt>
		<trkpt lat="59.399228" lon="24.38176">
			<ele>66.679</ele>
			<time>2022-05-29T19:12:38Z</time>
		</trkpt>
		<trkpt lat="59.399273" lon="24.380713">
			<ele>69.742</ele>
			<time>2022-05-29T19:12:42Z</time>
		</trkpt>
		<trkpt lat="59.399335" lon="24.379677">
			<ele>73.161</ele>
			<time>2022-05-29T19:12:46Z</time>
		</trkpt>
		<trkpt lat="59.399427" lon="24.378383">
			<ele>77.482</ele>
			<time>2022-05-29T19:12:51Z</time>
		</trkpt>
		<trkpt lat="59.399497" lon="24.377357">
			<ele>80.6</ele>
			<time>2022-05-29T19:12:55Z</time>
		</trkpt>
		<trkpt lat="59.400008" lon="24.376309">
			<ele>84.569</ele>
			<time>2022-05-29T19:12:59Z</time>
		</trkpt>
		<trkpt lat="59.400008" lon="24.375529">
			<ele>90.872</ele>
			<time>2022-05-29T19:13:02Z</time>
		</trkpt>
		<trkpt lat="59.400023" lon="24.375423">
			<ele>88.548</ele>
			<time>2022-05-29T19:13:03Z</time>
		</trkpt>
		<trkpt lat="59.399905" lon="24.373797">
			<ele>91.673</ele>
			<time>2022-05-29T19:13:08Z</time>
		</trkpt>
		<trkpt lat="59.399791" lon="24.373084">
			<ele>95.167</ele>
			<time>2022-05-29T19:13:11Z</time>
		</trkpt>
		<trkpt lat="59.39969" lon="24.372424">
			<ele>98.835</ele>
			<time>2022-05-29T19:13:14Z</time>
		</trkpt>
		<trkpt lat="59.399536" lon="24.371624">
			<ele>102.703</ele>
			<time>2022-05-29T19:13:18Z</time>
		</trkpt>
		<trkpt lat="59.3994" lon="24.371272">
			<ele>107.81</ele>
			<time>2022-05-29T19:13:21Z</time>
		</trkpt>
		<trkpt lat="59.399686" lon="24.369126">
			<ele>112.371</ele>
			<time>2022-05-29T19:13:27Z</time>
		</trkpt>
		<trkpt lat="59.399667" lon="24.368873">
			<ele>112.529</ele>
			<time>2022-05-29T19:13:28Z</time>
		</trkpt>
		<trkpt lat="59.399621" lon="24.368377">
			<ele>114.538</ele>
			<time>2022-05-29T19:13:30Z</time>
		</trkpt>
		<trkpt lat="59.399528" lon="24.367131">
			<ele>116.562</ele>
			<time>2022-05-29T19:13:35Z</time>
		</trkpt>
		<trkpt lat="59.399535" lon="24.366139">
			<ele>117.807</ele>
			<time>2022-05-29T19:13:39Z</time>
		</trkpt>
		<trkpt lat="59.399591" lon="24.365668">
			<ele>118.966</ele>
			<time>2022-05-29T19:13:41Z</time>
		</trkpt>
		<trkpt lat="59.39971" lon="24.364999">
			<ele>121.005</ele>
			<time>2022-05-29T19:13:44Z</time>
		</trkpt>
		<trkpt lat="59.399852" lon="24.364341">
			<ele>122.605</ele>
			<time>2022-05-29T19:13:47Z</time>
		</trkpt>
		<trkpt lat="59.400053" lon="24.36348">
			<ele>125.268</ele>
			<time>2022-05-29T19:13:51Z</time>
		</trkpt>
		<trkpt lat="59.400202" lon="24.362826">
			<ele>128.475</ele>
			<time>2022-05-29T19:13:54Z</time>
		</trkpt>
		<trkpt lat="59.400364" lon="24.362208">
			<ele>131.958</ele>
			<time>2022-05-29T19:13:57Z</time>
		</trkpt>
		<trkpt lat="59.400427" lon="24.362014">
			<ele>131.967</ele>
			<time>2022-05-29T19:13:58Z</time>
		</trkpt>
		<trkpt lat="59.400717" lon="24.360999">
			<ele>135.493</ele>
			<time>2022-05-29T19:14:03Z</time>
		</trkpt>
		<trkpt lat="59.400817" lon="24.360587">
			<ele>136.149</ele>
			<time>2022-05-29T19:14:05Z</time>
		</trkpt>
		<trkpt lat="59.400916" lon="24.360173">
			<ele>137.736</ele>
			<time>2022-05-29T19:14:07Z</time>
		</trkpt>
		<trkpt lat="59.401044" lon="24.35866">
			<ele>139.111</ele>
			<time>2022-05-29T19:14:10Z</time>
		</trkpt>
		<trkpt lat="59.4013" lon="24.3586">
			<ele>144.095</ele>
			<time>2022-05-29T19:14:14Z</time>
		</trkpt>
		<trkpt lat="59.401402" lon="24.358462">
			<ele>144.064</ele>
			<time>2022-05-29T19:14:15Z</time>
		</trkpt>
		<trkpt lat="59.401789" lon="24.357669">
			<ele>147.181</ele>
			<time>2022-05-29T19:14:21Z</time>
		</trkpt>
		<trkpt lat="59.402046" lon="24.35648">
			<ele>148.628</ele>
			<time>2022-05-29T19:14:26Z</time>
		</trkpt>
		<trkpt lat="59.402345" lon="24.355556">
			<ele>151.92</ele>
			<time>2022-05-29T19:14:31Z</time>
		</trkpt>
		<trkpt lat="59.402973" lon="24.353997">
			<ele>153.283</ele>
			<time>2022-05-29T19:14:40Z</time>
		</trkpt>
		<trkpt lat="59.403254" lon="24.353291">
			<ele>156.583</ele>
			<time>2022-05-29T19:14:44Z</time>
		</trkpt>
		<trkpt lat="59.403324" lon="24.353114">
			<ele>156.668</ele>
			<time>2022-05-29T19:14:45Z</time>
		</trkpt>
		<trkpt lat="59.403523" lon="24.352602">
			<ele>160.794</ele>
			<time>2022-05-29T19:14:48Z</time>
		</trkpt>
		<trkpt lat="59.403923" lon="24.351622">
			<ele>163.905</ele>
			<time>2022-05-29T19:14:54Z</time>
		</trkpt>
		<trkpt lat="59.404628" lon="24.349801">
			<ele>167.62</ele>
			<time>2022-05-29T19:15:05Z</time>
		</trkpt>
		<trkpt lat="59.404852" lon="24.34907">
			<ele>170.921</ele>
			<time>2022-05-29T19:15:09Z</time>
		</trkpt>
		<trkpt lat="59.40503" lon="24.348546">
			<ele>167.211</ele>
			<time>2022-05-29T19:15:12Z</time>
		</trkpt>
		<trkpt lat="59.405089" lon="24.348369">
			<ele>169.415</ele>
			<time>2022-05-29T19:15:13Z</time>
		</trkpt>
		<trkpt lat="59.405207" lon="24.348013">
			<ele>172.459</ele>
			<time>2022-05-29T19:15:15Z</time>
		</trkpt>
		<trkpt lat="59.405268" lon="24.347842">
			<ele>172.103</ele>
			<time>2022-05-29T19:15:16Z</time>
		</trkpt>
		<trkpt lat="59.405849" lon="24.346324">
			<ele>175.526</ele>
			<time>2022-05-29T19:15:25Z</time>
		</trkpt>
		<trkpt lat="59.406048" lon="24.345852">
			<ele>177.867</ele>
			<time>2022-05-29T19:15:28Z</time>
		</trkpt>
		<trkpt lat="59.406856" lon="24.3437">
			<ele>180.787</ele>
			<time>2022-05-29T19:15:41Z</time>
		</trkpt>
		<trkpt lat="59.408546" lon="24.339767">
			<ele>179.493</ele>
			<time>2022-05-29T19:16:06Z</time>
		</trkpt>
		<trkpt lat="59.408715" lon="24.33952">
			<ele>177.753</ele>
			<time>2022-05-29T19:16:08Z</time>
		</trkpt>
		<trkpt lat="59.409162" lon="24.338955">
			<ele>174.243</ele>
			<time>2022-05-29T19:16:13Z</time>
		</trkpt>
		<trkpt lat="59.410174" lon="24.337933">
			<ele>169.76</ele>
			<time>2022-05-29T19:16:24Z</time>
		</trkpt>
		<trkpt lat="59.410541" lon="24.33753">
			<ele>165.662</ele>
			<time>2022-05-29T19:16:28Z</time>
		</trkpt>
		<trkpt lat="59.411294" lon="24.337528">
			<ele>162.453</ele>
			<time>2022-05-29T19:16:33Z</time>
		</trkpt>
		<trkpt lat="59.411109" lon="24.336554">
			<ele>161.814</ele>
			<time>2022-05-29T19:16:35Z</time>
		</trkpt>
		<trkpt lat="59.41135" lon="24.33648">
			<ele>157.032</ele>
			<time>2022-05-29T19:16:38Z</time>
		</trkpt>
		<trkpt lat="59.411402" lon="24.336476">
			<ele>158.317</ele>
			<time>2022-05-29T19:16:39Z</time>
		</trkpt>
		<trkpt lat="59.412463" lon="24.33444">
			<ele>156.996</ele>
			<time>2022-05-29T19:16:51Z</time>
		</trkpt>
		<trkpt lat="59.412496" lon="24.334309">
			<ele>153.791</ele>
			<time>2022-05-29T19:16:56Z</time>
		</trkpt>
		<trkpt lat="59.412884" lon="24.333152">
			<ele>157.2</ele>
			<time>2022-05-29T19:16:59Z</time>
		</trkpt>
		<trkpt lat="59.413651" lon="24.333023">
			<ele>154.112</ele>
			<time>2022-05-29T19:17:03Z</time>
		</trkpt>
		<trkpt lat="59.413781" lon="24.332551">
			<ele>152.025</ele>
			<time>2022-05-29T19:17:08Z</time>
		</trkpt>
		<trkpt lat="59.413772" lon="24.332349">
			<ele>149.036</ele>
			<time>2022-05-29T19:17:10Z</time>
		</trkpt>
		<trkpt lat="59.414886" lon="24.332317">
			<ele>144.886</ele>
			<time>2022-05-29T19:17:18Z</time>
		</trkpt>
		<trkpt lat="59.415221" lon="24.332304">
			<ele>142.956</ele>
			<time>2022-05-29T19:17:21Z</time>
		</trkpt>
		<trkpt lat="59.415788" lon="24.332326">
			<ele>139.278</ele>
			<time>2022-05-29T19:17:26Z</time>
		</trkpt>
		<trkpt lat="59.416368" lon="24.332505">
			<ele>137.14</ele>
			<time>2022-05-29T19:17:31Z</time>
		</trkpt>
		<trkpt lat="59.416941" lon="24.332623">
			<ele>133.644</ele>
			<time>2022-05-29T19:17:36Z</time>
		</trkpt>
		<trkpt lat="59.417179" lon="24.332665">
			<ele>132.477</ele>
			<time>2022-05-29T19:17:38Z</time>
		</trkpt>
		<trkpt lat="59.417756" lon="24.332765">
			<ele>126.901</ele>
			<time>2022-05-29T19:17:43Z</time>
		</trkpt>
		<trkpt lat="59.418332" lon="24.332846">
			<ele>123.149</ele>
			<time>2022-05-29T19:17:48Z</time>
		</trkpt>
		<trkpt lat="59.418447" lon="24.332855">
			<ele>122.612</ele>
			<time>2022-05-29T19:17:49Z</time>
		</trkpt>
		<trkpt lat="59.418672" lon="24.332814">
			<ele>119.45</ele>
			<time>2022-05-29T19:17:51Z</time>
		</trkpt>
		<trkpt lat="59.41911" lon="24.332595">
			<ele>116.891</ele>
			<time>2022-05-29T19:17:55Z</time>
		</trkpt>
		<trkpt lat="59.419834" lon="24.331948">
			<ele>113.024</ele>
			<time>2022-05-29T19:18:03Z</time>
		</trkpt>
		<trkpt lat="59.420115" lon="24.331597">
			<ele>107.283</ele>
			<time>2022-05-29T19:18:07Z</time>
		</trkpt>
		<trkpt lat="59.420191" lon="24.331491">
			<ele>104.774</ele>
			<time>2022-05-29T19:18:08Z</time>
		</trkpt>
		<trkpt lat="59.420414" lon="24.330946">
			<ele>98.323</ele>
			<time>2022-05-29T19:18:12Z</time>
		</trkpt>
		<trkpt lat="59.420502" lon="24.330632">
			<ele>92.21</ele>
			<time>2022-05-29T19:18:14Z</time>
		</trkpt>
		<trkpt lat="59.420577" lon="24.330285">
			<ele>89.186</ele>
			<time>2022-05-29T19:18:16Z</time>
		</trkpt>
		<trkpt lat="59.420655" lon="24.329931">
			<ele>85.335</ele>
			<time>2022-05-29T19:18:18Z</time>
		</trkpt>
		<trkpt lat="59.420803" lon="24.329422">
			<ele>82.563</ele>
			<time>2022-05-29T19:18:21Z</time>
		</trkpt>
		<trkpt lat="59.420867" lon="24.32886">
			<ele>80.178</ele>
			<time>2022-05-29T19:18:24Z</time>
		</trkpt>
		<trkpt lat="59.420591" lon="24.328344">
			<ele>76.871</ele>
			<time>2022-05-29T19:18:27Z</time>
		</trkpt>
		<trkpt lat="59.420116" lon="24.328927">
			<ele>78.65</ele>
			<time>2022-05-29T19:18:32Z</time>
		</trkpt>
		<trkpt lat="59.420066" lon="24.32959">
			<ele>78.459</ele>
			<time>2022-05-29T19:18:35Z</time>
		</trkpt>
		<trkpt lat="59.420078" lon="24.330049">
			<ele>77.81</ele>
			<time>2022-05-29T19:18:37Z</time>
		</trkpt>
		<trkpt lat="59.420358" lon="24.330618">
			<ele>73.929</ele>
			<time>2022-05-29T19:18:41Z</time>
		</trkpt>
		<trkpt lat="59.420479" lon="24.330556">
			<ele>74.932</ele>
			<time>2022-05-29T19:18:42Z</time>
		</trkpt>
		<trkpt lat="59.420637" lon="24.330349">
			<ele>79.372</ele>
			<time>2022-05-29T19:18:44Z</time>
		</trkpt>
		<trkpt lat="59.420689" lon="24.33024">
			<ele>81.933</ele>
			<time>2022-05-29T19:18:45Z</time>
		</trkpt>
		<trkpt lat="59.420785" lon="24.329992">
			<ele>83.809</ele>
			<time>2022-05-29T19:18:47Z</time>
		</trkpt>
		<trkpt lat="59.420977" lon="24.329299">
			<ele>84.663</ele>
			<time>2022-05-29T19:18:51Z</time>
		</trkpt>
		<trkpt lat="59.421425" lon="24.328586">
			<ele>89.902</ele>
			<time>2022-05-29T19:18:54Z</time>
		</trkpt>
		<trkpt lat="59.421251" lon="24.3274">
			<ele>93.798</ele>
			<time>2022-05-29T19:18:59Z</time>
		</trkpt>
		<trkpt lat="59.421294" lon="24.327314">
			<ele>98.082</ele>
			<time>2022-05-29T19:19:02Z</time>
		</trkpt>
		<trkpt lat="59.421294" lon="24.327314">
			<ele>98.872</ele>
			<time>2022-05-29T19:19:03Z</time>
		</trkpt>
		<trkpt lat="59.421594" lon="24.32755">
			<ele>100.67</ele>
			<time>2022-05-29T19:19:05Z</time>
		</trkpt>
		<trkpt lat="59.421594" lon="24.32755">
			<ele>96.861</ele>
			<time>2022-05-29T19:19:09Z</time>
		</trkpt>
		<trkpt lat="59.422251" lon="24.327081">
			<ele>91.041</ele>
			<time>2022-05-29T19:19:11Z</time>
		</trkpt>
		<trkpt lat="59.421875" lon="24.328521">
			<ele>95.808</ele>
			<time>2022-05-29T19:19:15Z</time>
		</trkpt>
		<trkpt lat="59.421965" lon="24.328883">
			<ele>94.865</ele>
			<time>2022-05-29T19:19:17Z</time>
		</trkpt>
		<trkpt lat="59.422088" lon="24.329747">
			<ele>92.831</ele>
			<time>2022-05-29T19:19:21Z</time>
		</trkpt>
		<trkpt lat="59.422642" lon="24.330543">
			<ele>94.562</ele>
			<time>2022-05-29T19:19:26Z</time>
		</trkpt>
		<trkpt lat="59.422783" lon="24.331142">
			<ele>92.2</ele>
			<time>2022-05-29T19:19:30Z</time>
		</trkpt>
		<trkpt lat="59.422841" lon="24.331431">
			<ele>91.731</ele>
			<time>2022-05-29T19:19:34Z</time>
		</trkpt>
		<trkpt lat="59.424296" lon="24.330747">
			<ele>93.309</ele>
			<time>2022-05-29T19:19:43Z</time>
		</trkpt>
		<trkpt lat="59.424368" lon="24.330051">
			<ele>88.266</ele>
			<time>2022-05-29T19:19:47Z</time>
		</trkpt>
		<trkpt lat="59.424228" lon="24.329652">
			<ele>83.86</ele>
			<time>2022-05-29T19:19:49Z</time>
		</trkpt>
		<trkpt lat="59.423872" lon="24.328568">
			<ele>78.36</ele>
			<time>2022-05-29T19:19:55Z</time>
		</trkpt>
		<trkpt lat="59.42376" lon="24.328131">
			<ele>76.353</ele>
			<time>2022-05-29T19:19:57Z</time>
		</trkpt>
		<trkpt lat="59.423457" lon="24.327245">
			<ele>74.459</ele>
			<time>2022-05-29T19:20:02Z</time>
		</trkpt>
		<trkpt lat="59.423219" lon="24.3265">
			<ele>71.521</ele>
			<time>2022-05-29T19:20:06Z</time>
		</trkpt>
		<trkpt lat="59.422698" lon="24.325138">
			<ele>67.768</ele>
			<time>2022-05-29T19:20:14Z</time>
		</trkpt>
		<trkpt lat="59.422512" lon="24.324592">
			<ele>66.145</ele>
			<time>2022-05-29T19:20:17Z</time>
		</trkpt>
		<trkpt lat="59.422261" lon="24.32366">
			<ele>60.855</ele>
			<time>2022-05-29T19:20:22Z</time>
		</trkpt>
		<trkpt lat="59.422097" lon="24.323104">
			<ele>57.301</ele>
			<time>2022-05-29T19:20:25Z</time>
		</trkpt>
		<trkpt lat="59.422038" lon="24.322924">
			<ele>57.454</ele>
			<time>2022-05-29T19:20:26Z</time>
		</trkpt>
		<trkpt lat="59.421599" lon="24.322023">
			<ele>54.285</ele>
			<time>2022-05-29T19:20:32Z</time>
		</trkpt>
		<trkpt lat="59.421409" lon="24.321792">
			<ele>52.916</ele>
			<time>2022-05-29T19:20:34Z</time>
		</trkpt>
		<trkpt lat="59.420825" lon="24.32152">
			<ele>48.76</ele>
			<time>2022-05-29T19:20:39Z</time>
		</trkpt>
		<trkpt lat="59.420221" lon="24.322164">
			<ele>45.502</ele>
			<time>2022-05-29T19:20:41Z</time>
		</trkpt>
		<trkpt lat="59.420524" lon="24.322779">
			<ele>47.718</ele>
			<time>2022-05-29T19:20:45Z</time>
		</trkpt>
		<trkpt lat="59.420636" lon="24.323492">
			<ele>46.785</ele>
			<time>2022-05-29T19:20:49Z</time>
		</trkpt>
		<trkpt lat="59.420677" lon="24.32382">
			<ele>45.816</ele>
			<time>2022-05-29T19:20:51Z</time>
		</trkpt>
		<trkpt lat="59.421717" lon="24.325696">
			<ele>48.426</ele>
			<time>2022-05-29T19:21:02Z</time>
		</trkpt>
		<trkpt lat="59.421816" lon="24.3261">
			<ele>49.517</ele>
			<time>2022-05-29T19:21:04Z</time>
		</trkpt>
		<trkpt lat="59.421642" lon="24.327675">
			<ele>48.028</ele>
			<time>2022-05-29T19:21:09Z</time>
		</trkpt>
		<trkpt lat="59.422433" lon="24.327453">
			<ele>43.032</ele>
			<time>2022-05-29T19:21:13Z</time>
		</trkpt>
		<trkpt lat="59.422498" lon="24.327265">
			<ele>39.548</ele>
			<time>2022-05-29T19:21:14Z</time>
		</trkpt>
		<trkpt lat="59.422587" lon="24.326784">
			<ele>37.776</ele>
			<time>2022-05-29T19:21:16Z</time>
		</trkpt>
		<trkpt lat="59.422897" lon="24.325774">
			<ele>36.382</ele>
			<time>2022-05-29T19:21:22Z</time>
		</trkpt>
		<trkpt lat="59.423273" lon="24.32528">
			<ele>32.088</ele>
			<time>2022-05-29T19:21:27Z</time>
		</trkpt>
		<trkpt lat="59.42333" lon="24.32536">
			<ele>28.352</ele>
			<time>2022-05-29T19:21:28Z</time>
		</trkpt>
		<trkpt lat="59.423403" lon="24.325636">
			<ele>23.713</ele>
			<time>2022-05-29T19:21:29Z</time>
		</trkpt>
		<trkpt lat="59.423075" lon="24.326308">
			<ele>23.781</ele>
			<time>2022-05-29T19:21:32Z</time>
		</trkpt>
		<trkpt lat="59.422801" lon="24.326666">
			<ele>27.72</ele>
			<time>2022-05-29T19:21:35Z</time>
		</trkpt>
		<trkpt lat="59.422535" lon="24.32708">
			<ele>26.347</ele>
			<time>2022-05-29T19:21:38Z</time>
		</trkpt>
		<trkpt lat="59.422445" lon="24.327222">
			<ele>26.494</ele>
			<time>2022-05-29T19:21:39Z</time>
		</trkpt>
		<trkpt lat="59.42198" lon="24.328945">
			<ele>24.103</ele>
			<time>2022-05-29T19:21:46Z</time>
		</trkpt>
		<trkpt lat="59.422452" lon="24.329481">
			<ele>26.32</ele>
			<time>2022-05-29T19:21:48Z</time>
		</trkpt>
		<trkpt lat="59.422572" lon="24.330166">
			<ele>29.783</ele>
			<time>2022-05-29T19:21:53Z</time>
		</trkpt>
		<trkpt lat="59.422734" lon="24.330934">
			<ele>28.936</ele>
			<time>2022-05-29T19:21:57Z</time>
		</trkpt>
		<trkpt lat="59.423595" lon="24.331672">
			<ele>30.879</ele>
			<time>2022-05-29T19:22:03Z</time>
		</trkpt>
		<trkpt lat="59.42365" lon="24.331854">
			<ele>30.746</ele>
			<time>2022-05-29T19:22:04Z</time>
		</trkpt>
		<trkpt lat="59.423246" lon="24.332314">
			<ele>29.341</ele>
			<time>2022-05-29T19:22:08Z</time>
		</trkpt>
		<trkpt lat="59.42368" lon="24.333201">
			<ele>28.715</ele>
			<time>2022-05-29T19:22:10Z</time>
		</trkpt>
		<trkpt lat="59.423653" lon="24.333437">
			<ele>29.148</ele>
			<time>2022-05-29T19:22:11Z</time>
		</trkpt>
		<trkpt lat="59.422946" lon="24.33441">
			<ele>34.089</ele>
			<time>2022-05-29T19:22:16Z</time>
		</trkpt>
		<trkpt lat="59.422946" lon="24.333987">
			<ele>35.61</ele>
			<time>2022-05-29T19:22:19Z</time>
		</trkpt>
		<trkpt lat="59.422661" lon="24.333442">
			<ele>37.357</ele>
			<time>2022-05-29T19:22:25Z</time>
		</trkpt>
		<trkpt lat="59.422495" lon="24.332678">
			<ele>40.364</ele>
			<time>2022-05-29T19:22:28Z</time>
		</trkpt>
		<trkpt lat="59.422495" lon="24.332678">
			<ele>44.009</ele>
			<time>2022-05-29T19:22:31Z</time>
		</trkpt>
		<trkpt lat="59.422679" lon="24.332893">
			<ele>42.314</ele>
			<time>2022-05-29T19:22:33Z</time>
		</trkpt>
		<trkpt lat="59.423" lon="24.332651">
			<ele>42.863</ele>
			<time>2022-05-29T19:22:36Z</time>
		</trkpt>
		<trkpt lat="59.423246" lon="24.332314">
			<ele>43.518</ele>
			<time>2022-05-29T19:22:42Z</time>
		</trkpt>
		<trkpt lat="59.42396" lon="24.332671">
			<ele>40.438</ele>
			<time>2022-05-29T19:22:47Z</time>
		</trkpt>
		<trkpt lat="59.423817" lon="24.333429">
			<ele>41.337</ele>
			<time>2022-05-29T19:22:50Z</time>
		</trkpt>
		<trkpt lat="59.423675" lon="24.334043">
			<ele>44.699</ele>
			<time>2022-05-29T19:22:53Z</time>
		</trkpt>
		<trkpt lat="59.422967" lon="24.335255">
			<ele>44.336</ele>
			<time>2022-05-29T19:22:58Z</time>
		</trkpt>
		<trkpt lat="59.423049" lon="24.336614">
			<ele>40.785</ele>
			<time>2022-05-29T19:23:04Z</time>
		</trkpt>
		<trkpt lat="59.423139" lon="24.337463">
			<ele>37.464</ele>
			<time>2022-05-29T19:23:08Z</time>
		</trkpt>
		<trkpt lat="59.423753" lon="24.338009">
			<ele>34.307</ele>
			<time>2022-05-29T19:23:11Z</time>
		</trkpt>
		<trkpt lat="59.424071" lon="24.339199">
			<ele>30.601</ele>
			<time>2022-05-29T19:23:17Z</time>
		</trkpt>
		<trkpt lat="59.424491" lon="24.340193">
			<ele>26.835</ele>
			<time>2022-05-29T19:23:23Z</time>
		</trkpt>
		<trkpt lat="59.424571" lon="24.340335">
			<ele>26.596</ele>
			<time>2022-05-29T19:23:24Z</time>
		</trkpt>
		<trkpt lat="59.424933" lon="24.34084">
			<ele>23.501</ele>
			<time>2022-05-29T19:23:28Z</time>
		</trkpt>
		<trkpt lat="59.425023" lon="24.340978">
			<ele>23.384</ele>
			<time>2022-05-29T19:23:29Z</time>
		</trkpt>
		<trkpt lat="59.425627" lon="24.341924">
			<ele>19.951</ele>
			<time>2022-05-29T19:23:36Z</time>
		</trkpt>
		<trkpt lat="59.425987" lon="24.342422">
			<ele>15.437</ele>
			<time>2022-05-29T19:23:40Z</time>
		</trkpt>
		<trkpt lat="59.426165" lon="24.343386">
			<ele>15.579</ele>
			<time>2022-05-29T19:23:41Z</time>
		</trkpt>
		<trkpt lat="59.426911" lon="24.343604">
			<ele>9.579</ele>
			<time>2022-05-29T19:23:50Z</time>
		</trkpt>
		<trkpt lat="59.427429" lon="24.343967">
			<ele>5.892</ele>
			<time>2022-05-29T19:23:55Z</time>
		</trkpt>
		<trkpt lat="59.42754" lon="24.34405">
			<ele>5.744</ele>
			<time>2022-05-29T19:23:56Z</time>
		</trkpt>
		<trkpt lat="59.428315" lon="24.344828">
			<ele>2.993</ele>
			<time>2022-05-29T19:24:04Z</time>
		</trkpt>
		<trkpt lat="59.428501" lon="24.345037">
			<ele>4.514</ele>
			<time>2022-05-29T19:24:06Z</time>
		</trkpt>
		<trkpt lat="59.428897" lon="24.345286">
			<ele>4.832</ele>
			<time>2022-05-29T19:24:10Z</time>
		</trkpt>
		<trkpt lat="59.429291" lon="24.34563">
			<ele>5.061</ele>
			<time>2022-05-29T19:24:14Z</time>
		</trkpt>
		<trkpt lat="59.430547" lon="24.34673">
			<ele>3.04</ele>
			<time>2022-05-29T19:24:27Z</time>
		</trkpt>
		<trkpt lat="59.430935" lon="24.347062">
			<ele>4.925</ele>
			<time>2022-05-29T19:24:31Z</time>
		</trkpt>
		<trkpt lat="59.431737" lon="24.347721">
			<ele>5.109</ele>
			<time>2022-05-29T19:24:39Z</time>
		</trkpt>
		<trkpt lat="59.432415" lon="24.34832">
			<ele>8.854</ele>
			<time>2022-05-29T19:24:46Z</time>
		</trkpt>
		<trkpt lat="59.432515" lon="24.348392">
			<ele>9.222</ele>
			<time>2022-05-29T19:24:47Z</time>
		</trkpt>
		<trkpt lat="59.433141" lon="24.348669">
			<ele>11.446</ele>
			<time>2022-05-29T19:24:53Z</time>
		</trkpt>
		<trkpt lat="59.433342" lon="24.348762">
			<ele>14.642</ele>
			<time>2022-05-29T19:24:55Z</time>
		</trkpt>
		<trkpt lat="59.433644" lon="24.348913">
			<ele>16.738</ele>
			<time>2022-05-29T19:24:58Z</time>
		</trkpt>
		<trkpt lat="59.433747" lon="24.34895">
			<ele>16.309</ele>
			<time>2022-05-29T19:24:59Z</time>
		</trkpt>
		<trkpt lat="59.43405" lon="24.348962">
			<ele>19.817</ele>
			<time>2022-05-29T19:25:02Z</time>
		</trkpt>
		<trkpt lat="59.43438" lon="24.34932">
			<ele>15.164</ele>
			<time>2022-05-29T19:25:06Z</time>
		</trkpt>
		<trkpt lat="59.434289" lon="24.349706">
			<ele>11.653</ele>
			<time>2022-05-29T19:25:08Z</time>
		</trkpt>
		<trkpt lat="59.433818" lon="24.349777">
			<ele>14.758</ele>
			<time>2022-05-29T19:25:11Z</time>
		</trkpt>
		<trkpt lat="59.433709" lon="24.349633">
			<ele>18.093</ele>
			<time>2022-05-29T19:25:12Z</time>
		</trkpt>
		<trkpt lat="59.433513" lon="24.349393">
			<ele>19.671</ele>
			<time>2022-05-29T19:25:14Z</time>
		</trkpt>
		<trkpt lat="59.433009" lon="24.348744">
			<ele>19.247</ele>
			<time>2022-05-29T19:25:19Z</time>
		</trkpt>
		<trkpt lat="59.432624" lon="24.348364">
			<ele>24.577</ele>
			<time>2022-05-29T19:25:23Z</time>
		</trkpt>
		<trkpt lat="59.431888" lon="24.347753">
			<ele>27.007</ele>
			<time>2022-05-29T19:25:30Z</time>
		</trkpt>
		<trkpt lat="59.431138" lon="24.34716">
			<ele>31.044</ele>
			<time>2022-05-29T19:25:37Z</time>
		</trkpt>
		<trkpt lat="59.430622" lon="24.346721">
			<ele>35.111</ele>
			<time>2022-05-29T19:25:42Z</time>
		</trkpt>
		<trkpt lat="59.430208" lon="24.34638">
			<ele>38.531</ele>
			<time>2022-05-29T19:25:46Z</time>
		</trkpt>
		<trkpt lat="59.430106" lon="24.346293">
			<ele>38.756</ele>
			<time>2022-05-29T19:25:47Z</time>
		</trkpt>
		<trkpt lat="59.429684" lon="24.345914">
			<ele>43.693</ele>
			<time>2022-05-29T19:25:51Z</time>
		</trkpt>
		<trkpt lat="59.429485" lon="24.345735">
			<ele>46.705</ele>
			<time>2022-05-29T19:25:53Z</time>
		</trkpt>
		<trkpt lat="59.428975" lon="24.345238">
			<ele>50.653</ele>
			<time>2022-05-29T19:25:58Z</time>
		</trkpt>
		<trkpt lat="59.428776" lon="24.345038">
			<ele>52.47</ele>
			<time>2022-05-29T19:26:00Z</time>
		</trkpt>
		<trkpt lat="59.428491" lon="24.344721">
			<ele>56.198</ele>
			<time>2022-05-29T19:26:03Z</time>
		</trkpt>
		<trkpt lat="59.428192" lon="24.344383">
			<ele>57.932</ele>
			<time>2022-05-29T19:26:06Z</time>
		</trkpt>
		<trkpt lat="59.427805" lon="24.343945">
			<ele>62.311</ele>
			<time>2022-05-29T19:26:10Z</time>
		</trkpt>
		<trkpt lat="59.427609" lon="24.343721">
			<ele>63.141</ele>
			<time>2022-05-29T19:26:12Z</time>
		</trkpt>
		<trkpt lat="59.427408" lon="24.343476">
			<ele>66.177</ele>
			<time>2022-05-29T19:26:14Z</time>
		</trkpt>
		<trkpt lat="59.427131" lon="24.343098">
			<ele>69.206</ele>
			<time>2022-05-29T19:26:17Z</time>
		</trkpt>
		<trkpt lat="59.426692" lon="24.342097">
			<ele>72.73</ele>
			<time>2022-05-29T19:26:23Z</time>
		</trkpt>
		<trkpt lat="59.426419" lon="24.341222">
			<ele>76.419</ele>
			<time>2022-05-29T19:26:28Z</time>
		</trkpt>
		<trkpt lat="59.42636" lon="24.341052">
			<ele>76.697</ele>
			<time>2022-05-29T19:26:29Z</time>
		</trkpt>
		<trkpt lat="59.426117" lon="24.34035">
			<ele>79.742</ele>
			<time>2022-05-29T19:26:33Z</time>
		</trkpt>
		<trkpt lat="59.426009" lon="24.339992">
			<ele>83.335</ele>
			<time>2022-05-29T19:26:35Z</time>
		</trkpt>
		<trkpt lat="59.425879" lon="24.339431">
			<ele>87.408</ele>
			<time>2022-05-29T19:26:38Z</time>
		</trkpt>
		<trkpt lat="59.425837" lon="24.339245">
			<ele>87.39</ele>
			<time>2022-05-29T19:26:39Z</time>
		</trkpt>
		<trkpt lat="59.425754" lon="24.338879">
			<ele>90.617</ele>
			<time>2022-05-29T19:26:41Z</time>
		</trkpt>
		<trkpt lat="59.425468" lon="24.338052">
			<ele>93.514</ele>
			<time>2022-05-29T19:26:46Z</time>
		</trkpt>
		<trkpt lat="59.425238" lon="24.337596">
			<ele>96.578</ele>
			<time>2022-05-29T19:26:49Z</time>
		</trkpt>
		<trkpt lat="59.424956" lon="24.337301">
			<ele>99.896</ele>
			<time>2022-05-29T19:26:52Z</time>
		</trkpt>
		<trkpt lat="59.424844" lon="24.337258">
			<ele>99.676</ele>
			<time>2022-05-29T19:26:53Z</time>
		</trkpt>
		<trkpt lat="59.423764" lon="24.336352">
			<ele>105.753</ele>
			<time>2022-05-29T19:27:03Z</time>
		</trkpt>
		<trkpt lat="59.42301" lon="24.336156">
			<ele>108.113</ele>
			<time>2022-05-29T19:27:06Z</time>
		</trkpt>
		<trkpt lat="59.423131" lon="24.33582">
			<ele>109.881</ele>
			<time>2022-05-29T19:27:09Z</time>
		</trkpt>
		<trkpt lat="59.42168" lon="24.335415">
			<ele>112.226</ele>
			<time>2022-05-29T19:27:21Z</time>
		</trkpt>
		<trkpt lat="59.421178" lon="24.335567">
			<ele>113.843</ele>
			<time>2022-05-29T19:27:25Z</time>
		</trkpt>
		<trkpt lat="59.420917" lon="24.33566">
			<ele>112.003</ele>
			<time>2022-05-29T19:27:27Z</time>
		</trkpt>
		<trkpt lat="59.418644" lon="24.336111">
			<ele>112.582</ele>
			<time>2022-05-29T19:27:44Z</time>
		</trkpt>
		<trkpt lat="59.418123" lon="24.336375">
			<ele>110.114</ele>
			<time>2022-05-29T19:27:48Z</time>
		</trkpt>
		<trkpt lat="59.417505" lon="24.336793">
			<ele>109.64</ele>
			<time>2022-05-29T19:27:53Z</time>
		</trkpt>
		<trkpt lat="59.417297" lon="24.337085">
			<ele>106.394</ele>
			<time>2022-05-29T19:27:55Z</time>
		</trkpt>
		<trkpt lat="59.416611" lon="24.338404">
			<ele>101.819</ele>
			<time>2022-05-29T19:28:03Z</time>
		</trkpt>
		<trkpt lat="59.416526" lon="24.338581">
			<ele>101.598</ele>
			<time>2022-05-29T19:28:04Z</time>
		</trkpt>
		<trkpt lat="59.415339" lon="24.338591">
			<ele>98.455</ele>
			<time>2022-05-29T19:28:11Z</time>
		</trkpt>
		<trkpt lat="59.415101" lon="24.338777">
			<ele>97.454</ele>
			<time>2022-05-29T19:28:13Z</time>
		</trkpt>
		<trkpt lat="59.414644" lon="24.339152">
			<ele>92.984</ele>
			<time>2022-05-29T19:28:17Z</time>
		</trkpt>
		<trkpt lat="59.414405" lon="24.339325">
			<ele>89.646</ele>
			<time>2022-05-29T19:28:19Z</time>
		</trkpt>
		<trkpt lat="59.414156" lon="24.339484">
			<ele>86.524</ele>
			<time>2022-05-29T19:28:21Z</time>
		</trkpt>
		<trkpt lat="59.413692" lon="24.339845">
			<ele>82.934</ele>
			<time>2022-05-29T19:28:25Z</time>
		</trkpt>
		<trkpt lat="59.413343" lon="24.340111">
			<ele>78.662</ele>
			<time>2022-05-29T19:28:28Z</time>
		</trkpt>
		<trkpt lat="59.41299" lon="24.340368">
			<ele>75.647</ele>
			<time>2022-05-29T19:28:31Z</time>
		</trkpt>
		<trkpt lat="59.412531" lon="24.340735">
			<ele>72.767</ele>
			<time>2022-05-29T19:28:35Z</time>
		</trkpt>
		<trkpt lat="59.412153" lon="24.341433">
			<ele>69.556</ele>
			<time>2022-05-29T19:28:37Z</time>
		</trkpt>
		<trkpt lat="59.412153" lon="24.341433">
			<ele>69.35</ele>
			<time>2022-05-29T19:28:38Z</time>
		</trkpt>
		<trkpt lat="59.411907" lon="24.341626">
			<ele>67.781</ele>
			<time>2022-05-29T19:28:41Z</time>
		</trkpt>
		<trkpt lat="59.410798" lon="24.342497">
			<ele>64.423</ele>
			<time>2022-05-29T19:28:51Z</time>
		</trkpt>
		<trkpt lat="59.410302" lon="24.342052">
			<ele>61.338</ele>
			<time>2022-05-29T19:28:54Z</time>
		</trkpt>
		<trkpt lat="59.410096" lon="24.342338">
			<ele>60.341</ele>
			<time>2022-05-29T19:28:56Z</time>
		</trkpt>
		<trkpt lat="59.409344" lon="24.343249">
			<ele>55.993</ele>
			<time>2022-05-29T19:29:03Z</time>
		</trkpt>
		<trkpt lat="59.409122" lon="24.343488">
			<ele>54.661</ele>
			<time>2022-05-29T19:29:05Z</time>
		</trkpt>
		<trkpt lat="59.408817" lon="24.343924">
			<ele>57.776</ele>
			<time>2022-05-29T19:29:08Z</time>
		</trkpt>
		<trkpt lat="59.407981" lon="24.344974">
			<ele>60.374</ele>
			<time>2022-05-29T19:29:16Z</time>
		</trkpt>
		<trkpt lat="59.407451" lon="24.345667">
			<ele>64.024</ele>
			<time>2022-05-29T19:29:21Z</time>
		</trkpt>
		<trkpt lat="59.407062" lon="24.34625">
			<ele>67.892</ele>
			<time>2022-05-29T19:29:25Z</time>
		</trkpt>
		<trkpt lat="59.406942" lon="24.34691">
			<ele>65.61</ele>
			<time>2022-05-29T19:29:28Z</time>
		</trkpt>
		<trkpt lat="59.406585" lon="24.347673">
			<ele>68.056</ele>
			<time>2022-05-29T19:29:32Z</time>
		</trkpt>
		<trkpt lat="59.406147" lon="24.349246">
			<ele>70.565</ele>
			<time>2022-05-29T19:29:40Z</time>
		</trkpt>
		<trkpt lat="59.405778" lon="24.3525">
			<ele>73.246</ele>
			<time>2022-05-29T19:29:54Z</time>
		</trkpt>
		<trkpt lat="59.405583" lon="24.354133">
			<ele>72.106</ele>
			<time>2022-05-29T19:30:01Z</time>
		</trkpt>
		<trkpt lat="59.405362" lon="24.355026">
			<ele>71.835</ele>
			<time>2022-05-29T19:30:05Z</time>
		</trkpt>
		<trkpt lat="59.404012" lon="24.358312">
			<ele>70.906</ele>
			<time>2022-05-29T19:30:22Z</time>
		</trkpt>
		<trkpt lat="59.40352" lon="24.359392">
			<ele>74.2</ele>
			<time>2022-05-29T19:30:28Z</time>
		</trkpt>
		<trkpt lat="59.402839" lon="24.361373">
			<ele>77.291</ele>
			<time>2022-05-29T19:30:38Z</time>
		</trkpt>
		<trkpt lat="59.402423" lon="24.362887">
			<ele>80.675</ele>
			<time>2022-05-29T19:30:45Z</time>
		</trkpt>
		<trkpt lat="59.402295" lon="24.363303">
			<ele>81.472</ele>
			<time>2022-05-29T19:30:47Z</time>
		</trkpt>
		<trkpt lat="59.401853" lon="24.36503">
			<ele>85.223</ele>
			<time>2022-05-29T19:30:55Z</time>
		</trkpt>
		<trkpt lat="59.401805" lon="24.365257">
			<ele>85.034</ele>
			<time>2022-05-29T19:30:56Z</time>
		</trkpt>
		<trkpt lat="59.401147" lon="24.368204">
			<ele>88.297</ele>
			<time>2022-05-29T19:31:09Z</time>
		</trkpt>
		<trkpt lat="59.400878" lon="24.369317">
			<ele>89.063</ele>
			<time>2022-05-29T19:31:14Z</time>
		</trkpt>
		<trkpt lat="59.400431" lon="24.371309">
			<ele>90.809</ele>
			<time>2022-05-29T19:31:23Z</time>
		</trkpt>
		<trkpt lat="59.400306" lon="24.371972">
			<ele>92.088</ele>
			<time>2022-05-29T19:31:26Z</time>
		</trkpt>
		<trkpt lat="59.399819" lon="24.373263">
			<ele>94.486</ele>
			<time>2022-05-29T19:31:31Z</time>
		</trkpt>
		<trkpt lat="59.399935" lon="24.373984">
			<ele>96.197</ele>
			<time>2022-05-29T19:31:35Z</time>
		</trkpt>
		<trkpt lat="59.400008" lon="24.376404">
			<ele>93.408</ele>
			<time>2022-05-29T19:31:45Z</time>
		</trkpt>
		<trkpt lat="59.400042" lon="24.377497">
			<ele>89.496</ele>
			<time>2022-05-29T19:31:50Z</time>
		</trkpt>
		<trkpt lat="59.400088" lon="24.378356">
			<ele>87.37</ele>
			<time>2022-05-29T19:31:53Z</time>
		</trkpt>
		<trkpt lat="59.399241" lon="24.37942">
			<ele>80.283</ele>
			<time>2022-05-29T19:31:58Z</time>
		</trkpt>
		<trkpt lat="59.399185" lon="24.379653">
			<ele>82.132</ele>
			<time>2022-05-29T19:31:59Z</time>
		</trkpt>
		<trkpt lat="59.399131" lon="24.379885">
			<ele>85.974</ele>
			<time>2022-05-29T19:32:00Z</time>
		</trkpt>
		<trkpt lat="59.399077" lon="24.380116">
			<ele>82.508</ele>
			<time>2022-05-29T19:32:01Z</time>
		</trkpt>
		<trkpt lat="59.39897" lon="24.380562">
			<ele>85.857</ele>
			<time>2022-05-29T19:32:03Z</time>
		</trkpt>
		<trkpt lat="59.398678" lon="24.38197">
			<ele>82.641</ele>
			<time>2022-05-29T19:32:09Z</time>
		</trkpt>
		<trkpt lat="59.398451" lon="24.382882">
			<ele>80.59</ele>
			<time>2022-05-29T19:32:13Z</time>
		</trkpt>
		<trkpt lat="59.398261" lon="24.383454">
			<ele>80.014</ele>
			<time>2022-05-29T19:32:16Z</time>
		</trkpt>
		<trkpt lat="59.398138" lon="24.384348">
			<ele>73.412</ele>
			<time>2022-05-29T19:32:20Z</time>
		</trkpt>
		<trkpt lat="59.398089" lon="24.384823">
			<ele>72.453</ele>
			<time>2022-05-29T19:32:22Z</time>
		</trkpt>
		<trkpt lat="59.398035" lon="24.385737">
			<ele>70.605</ele>
			<time>2022-05-29T19:32:26Z</time>
		</trkpt>
		<trkpt lat="59.398037" lon="24.387095">
			<ele>68.057</ele>
			<time>2022-05-29T19:32:32Z</time>
		</trkpt>
		<trkpt lat="59.398065" lon="24.387996">
			<ele>66.445</ele>
			<time>2022-05-29T19:32:36Z</time>
		</trkpt>
		<trkpt lat="59.398068" lon="24.388464">
			<ele>62.478</ele>
			<time>2022-05-29T19:32:38Z</time>
		</trkpt>
		<trkpt lat="59.398076" lon="24.389164">
			<ele>59.322</ele>
			<time>2022-05-29T19:32:41Z</time>
		</trkpt>
		<trkpt lat="59.398081" lon="24.389392">
			<ele>59.669</ele>
			<time>2022-05-29T19:32:42Z</time>
		</trkpt>
		<trkpt lat="59.398114" lon="24.39095">
			<ele>56.64</ele>
			<time>2022-05-29T19:32:49Z</time>
		</trkpt>
		<trkpt lat="59.398139" lon="24.391397">
			<ele>55.439</ele>
			<time>2022-05-29T19:32:51Z</time>
		</trkpt>
		<trkpt lat="59.398188" lon="24.392717">
			<ele>52.393</ele>
			<time>2022-05-29T19:32:57Z</time>
		</trkpt>
		<trkpt lat="59.398207" lon="24.393588">
			<ele>52.244</ele>
			<time>2022-05-29T19:33:01Z</time>
		</trkpt>
		<trkpt lat="59.398213" lon="24.394679">
			<ele>48.866</ele>
			<time>2022-05-29T19:33:06Z</time>
		</trkpt>
		<trkpt lat="59.398354" lon="24.397868">
			<ele>45.786</ele>
			<time>2022-05-29T19:33:21Z</time>
		</trkpt>
		<trkpt lat="59.398336" lon="24.400903">
			<ele>43.562</ele>
			<time>2022-05-29T19:33:35Z</time>
		</trkpt>
		<trkpt lat="59.397913" lon="24.401484">
			<ele>39.527</ele>
			<time>2022-05-29T19:33:40Z</time>
		</trkpt>
		<trkpt lat="59.397441" lon="24.401686">
			<ele>41.264</ele>
			<time>2022-05-29T19:33:44Z</time>
		</trkpt>
		<trkpt lat="59.396852" lon="24.401828">
			<ele>39.594</ele>
			<time>2022-05-29T19:33:49Z</time>
		</trkpt>
		<trkpt lat="59.395974" lon="24.4023">
			<ele>36.482</ele>
			<time>2022-05-29T19:33:57Z</time>
		</trkpt>
		<trkpt lat="59.395643" lon="24.403896">
			<ele>32.95</ele>
			<time>2022-05-29T19:34:05Z</time>
		</trkpt>
		<trkpt lat="59.395717" lon="24.403897">
			<ele>32.869</ele>
			<time>2022-05-29T19:34:06Z</time>
		</trkpt>
		<trkpt lat="59.396361" lon="24.403906">
			<ele>31.06</ele>
			<time>2022-05-29T19:34:13Z</time>
		</trkpt>
		<trkpt lat="59.396709" lon="24.40391">
			<ele>27.074</ele>
			<time>2022-05-29T19:34:17Z</time>
		</trkpt>
		<trkpt lat="59.396931" lon="24.403913">
			<ele>21.724</ele>
			<time>2022-05-29T19:34:20Z</time>
		</trkpt>
		<trkpt lat="59.397095" lon="24.403915">
			<ele>16.572</ele>
			<time>2022-05-29T19:34:22Z</time>
		</trkpt>
		<trkpt lat="59.397183" lon="24.403917">
			<ele>11.544</ele>
			<time>2022-05-29T19:34:23Z</time>
		</trkpt>
		<trkpt lat="59.397476" lon="24.403014">
			<ele>11.313</ele>
			<time>2022-05-29T19:34:30Z</time>
		</trkpt>
		<trkpt lat="59.397463" lon="24.403028">
			<ele>10.804</ele>
			<time>2022-05-29T19:34:45Z</time>
		</trkpt>
		<trkpt lat="59.397448" lon="24.403005">
			<ele>11.179</ele>
			<time>2022-05-29T19:35:04Z</time>
		</trkpt>
		<trkpt lat="59.397461" lon="24.403087">
			<ele>10.77</ele>
			<time>2022-05-29T19:35:27Z</time>
		</trkpt>
		<trkpt lat="59.397455" lon="24.403292">
			<ele>10.907</ele>
			<time>2022-05-29T19:35:46Z</time>
		</trkpt>
		<trkpt lat="59.39735" lon="24.403575">
			<ele>11.228</ele>
			<time>2022-05-29T19:36:12Z</time>
		</trkpt>
		<trkpt lat="59.397368" lon="24.403693">
			<ele>11.025</ele>
			<time>2022-05-29T19:37:26Z</time>
		</trkpt>
		<trkpt lat="59.397346" lon="24.403826">
			<ele>11.575</ele>
			<time>2022-05-29T19:37:45Z</time>
		</trkpt>
		<trkpt lat="59.397341" lon="24.403805">
			<ele>10.372</ele>
			<time>2022-05-29T19:38:07Z</time>
		</trkpt>
		<trkpt lat="59.397341" lon="24.403808">
			<ele>12.558</ele>
			<time>2022-05-29T19:43:43Z</time>
		</trkpt>
		<trkpt lat="59.397214" lon="24.403837">
			<ele>12.98</ele>
			<time>2022-05-29T19:43:58Z</time>
		</trkpt>
		<trkpt lat="59.397164" lon="24.403815">
			<ele>12.499</ele>
			<time>2022-05-29T19:44:17Z</time>
		</trkpt>
		<trkpt lat="59.397174" lon="24.403838">
			<ele>12.949</ele>
			<time>2022-05-29T19:44:27Z</time>
		</trkpt>
		<trkpt lat="59.397348" lon="24.403808">
			<ele>11.95</ele>
			<time>2022-05-29T19:44:50Z</time>
		</trkpt>
		<trkpt lat="59.397357" lon="24.403764">
			<ele>12.274</ele>
			<time>2022-05-29T19:45:03Z</time>
		</trkpt>
		<trkpt lat="59.397358" lon="24.403696">
			<ele>13.1</ele>
			<time>2022-05-29T19:45:20Z</time>
		</trkpt>
		<trkpt lat="59.397388" lon="24.403692">
			<ele>14.92</ele>
			<time>2022-05-29T19:50:34Z</time>
		</trkpt>
		<trkpt lat="59.397359" lon="24.403667">
			<ele>14.744</ele>
			<time>2022-05-29T19:51:54Z</time>
		</trkpt>
		<trkpt lat="59.397369" lon="24.403627">
			<ele>15.498</ele>
			<time>2022-05-29T19:52:58Z</time>
		</trkpt>
		<trkpt lat="59.397384" lon="24.403641">
			<ele>15.775</ele>
			<time>2022-05-29T19:53:18Z</time>
		</trkpt>
		<trkpt lat="59.397399" lon="24.40365">
			<ele>15.187</ele>
			<time>2022-05-29T19:53:39Z</time>
		</trkpt>
		<trkpt lat="59.397406" lon="24.403674">
			<ele>15.223</ele>
			<time>2022-05-29T19:54:04Z</time>
		</trkpt>
		<trkpt lat="59.3974" lon="24.403688">
			<ele>14.827</ele>
			<time>2022-05-29T19:54:25Z</time>
		</trkpt>
		<trkpt lat="59.397321" lon="24.403667">
			<ele>14.318</ele>
			<time>2022-05-29T19:55:02Z</time>
		</trkpt>
		<trkpt lat="59.397286" lon="24.40351">
			<ele>14.34</ele>
			<time>2022-05-29T19:55:27Z</time>
		</trkpt>
		<trkpt lat="59.397168" lon="24.403493">
			<ele>14.145</ele>
			<time>2022-05-29T19:55:36Z</time>
		</trkpt>
		<trkpt lat="59.397166" lon="24.403579">
			<ele>14.222</ele>
			<time>2022-05-29T19:55:46Z</time>
		</trkpt>
		<trkpt lat="59.397191" lon="24.40383">
			<ele>14.356</ele>
			<time>2022-05-29T19:55:58Z</time>
		</trkpt>
		<trkpt lat="59.397328" lon="24.403896">
			<ele>14.431</ele>
			<time>2022-05-29T19:56:05Z</time>
		</trkpt>
		<trkpt lat="59.397427" lon="24.403788">
			<ele>13.93</ele>
			<time>2022-05-29T19:56:22Z</time>
		</trkpt>
		<trkpt lat="59.397426" lon="24.40377">
			<ele>14.145</ele>
			<time>2022-05-29T19:56:23Z</time>
		</trkpt>
		<trkpt lat="59.397432" lon="24.403592">
			<ele>13.805</ele>
			<time>2022-05-29T19:56:28Z</time>
		</trkpt>
		<trkpt lat="59.397244" lon="24.403747">
			<ele>14.37</ele>
			<time>2022-05-29T19:56:37Z</time>
		</trkpt>
		<trkpt lat="59.397371" lon="24.403892">
			<ele>14.669</ele>
			<time>2022-05-29T19:56:42Z</time>
		</trkpt>
		<trkpt lat="59.398346" lon="24.403918">
			<ele>12.719</ele>
			<time>2022-05-29T19:56:57Z</time>
		</trkpt>
		<trkpt lat="59.398568" lon="24.403899">
			<ele>12.682</ele>
			<time>2022-05-29T19:57:00Z</time>
		</trkpt>
		<trkpt lat="59.399784" lon="24.403748">
			<ele>12.342</ele>
			<time>2022-05-29T19:57:17Z</time>
		</trkpt>
		<trkpt lat="59.401097" lon="24.403536">
			<ele>12.914</ele>
			<time>2022-05-29T19:57:38Z</time>
		</trkpt>
		<trkpt lat="59.401177" lon="24.404123">
			<ele>13.326</ele>
			<time>2022-05-29T19:57:45Z</time>
		</trkpt>
		<trkpt lat="59.401201" lon="24.404935">
			<ele>13.104</ele>
			<time>2022-05-29T19:57:50Z</time>
		</trkpt>
		<trkpt lat="59.401262" lon="24.40564">
			<ele>13.542</ele>
			<time>2022-05-29T19:57:54Z</time>
		</trkpt>
		<trkpt lat="59.401626" lon="24.408567">
			<ele>14.477</ele>
			<time>2022-05-29T19:58:08Z</time>
		</trkpt>
		<trkpt lat="59.401676" lon="24.410353">
			<ele>13.128</ele>
			<time>2022-05-29T19:58:18Z</time>
		</trkpt>
		<trkpt lat="59.401481" lon="24.410889">
			<ele>13.496</ele>
			<time>2022-05-29T19:58:23Z</time>
		</trkpt>
		<trkpt lat="59.401147" lon="24.411586">
			<ele>12.647</ele>
			<time>2022-05-29T19:58:28Z</time>
		</trkpt>
		<trkpt lat="59.400798" lon="24.412183">
			<ele>14.084</ele>
			<time>2022-05-29T19:58:36Z</time>
		</trkpt>
		<trkpt lat="59.399468" lon="24.41269">
			<ele>15.057</ele>
			<time>2022-05-29T19:58:46Z</time>
		</trkpt>
		<trkpt lat="59.396869" lon="24.41282">
			<ele>16.718</ele>
			<time>2022-05-29T19:59:01Z</time>
		</trkpt>
		<trkpt lat="59.393111" lon="24.41278">
			<ele>18.204</ele>
			<time>2022-05-29T19:59:23Z</time>
		</trkpt>
		<trkpt lat="59.39111" lon="24.412952">
			<ele>18.623</ele>
			<time>2022-05-29T19:59:37Z</time>
		</trkpt>
		<trkpt lat="59.389437" lon="24.412337">
			<ele>21.474</ele>
			<time>2022-05-29T19:59:50Z</time>
		</trkpt>
		<trkpt lat="59.38847" lon="24.411966">
			<ele>23.289</ele>
			<time>2022-05-29T20:00:00Z</time>
		</trkpt>
		<trkpt lat="59.387759" lon="24.411793">
			<ele>23.61</ele>
			<time>2022-05-29T20:00:07Z</time>
		</trkpt>
		<trkpt lat="59.386798" lon="24.412638">
			<ele>23.307</ele>
			<time>2022-05-29T20:00:15Z</time>
		</trkpt>
		<trkpt lat="59.386425" lon="24.414561">
			<ele>22.502</ele>
			<time>2022-05-29T20:00:22Z</time>
		</trkpt>
		<trkpt lat="59.386521" lon="24.415481">
			<ele>22.367</ele>
			<time>2022-05-29T20:00:25Z</time>
		</trkpt>
		<trkpt lat="59.386961" lon="24.41973">
			<ele>23.053</ele>
			<time>2022-05-29T20:00:38Z</time>
		</trkpt>
		<trkpt lat="59.386631" lon="24.423112">
			<ele>23.581</ele>
			<time>2022-05-29T20:00:48Z</time>
		</trkpt>
		<trkpt lat="59.385347" lon="24.428181">
			<ele>23.576</ele>
			<time>2022-05-29T20:01:04Z</time>
		</trkpt>
		<trkpt lat="59.383883" lon="24.433732">
			<ele>24.339</ele>
			<time>2022-05-29T20:01:20Z</time>
		</trkpt>
		<trkpt lat="59.382129" lon="24.440628">
			<ele>23.518</ele>
			<time>2022-05-29T20:01:39Z</time>
		</trkpt>
		<trkpt lat="59.381244" lon="24.445459">
			<ele>23.457</ele>
			<time>2022-05-29T20:01:52Z</time>
		</trkpt>
		<trkpt lat="59.380124" lon="24.451523">
			<ele>23.337</ele>
			<time>2022-05-29T20:02:08Z</time>
		</trkpt>
		<trkpt lat="59.378348" lon="24.4565">
			<ele>24.014</ele>
			<time>2022-05-29T20:02:22Z</time>
		</trkpt>
		<trkpt lat="59.37676" lon="24.461196">
			<ele>22.084</ele>
			<time>2022-05-29T20:02:35Z</time>
		</trkpt>
		<trkpt lat="59.376081" lon="24.464884">
			<ele>20.343</ele>
			<time>2022-05-29T20:02:46Z</time>
		</trkpt>
		<trkpt lat="59.375206" lon="24.46873">
			<ele>21.424</ele>
			<time>2022-05-29T20:02:56Z</time>
		</trkpt>
		<trkpt lat="59.373985" lon="24.471382">
			<ele>19.706</ele>
			<time>2022-05-29T20:03:05Z</time>
		</trkpt>
		<trkpt lat="59.372175" lon="24.473831">
			<ele>22.23</ele>
			<time>2022-05-29T20:03:17Z</time>
		</trkpt>
		<trkpt lat="59.369891" lon="24.476549">
			<ele>22.706</ele>
			<time>2022-05-29T20:03:30Z</time>
		</trkpt>
		<trkpt lat="59.368856" lon="24.478332">
			<ele>25.735</ele>
			<time>2022-05-29T20:03:36Z</time>
		</trkpt>
		<trkpt lat="59.368687" lon="24.478664">
			<ele>25.374</ele>
			<time>2022-05-29T20:03:37Z</time>
		</trkpt>
		<trkpt lat="59.366896" lon="24.48222">
			<ele>28.44</ele>
			<time>2022-05-29T20:03:48Z</time>
		</trkpt>
		<trkpt lat="59.364676" lon="24.485533">
			<ele>29.979</ele>
			<time>2022-05-29T20:04:01Z</time>
		</trkpt>
		<trkpt lat="59.363053" lon="24.487985">
			<ele>34.049</ele>
			<time>2022-05-29T20:04:12Z</time>
		</trkpt>
		<trkpt lat="59.362903" lon="24.48821">
			<ele>34.21</ele>
			<time>2022-05-29T20:04:13Z</time>
		</trkpt>
		<trkpt lat="59.362364" lon="24.489069">
			<ele>37.788</ele>
			<time>2022-05-29T20:04:17Z</time>
		</trkpt>
		<trkpt lat="59.362135" lon="24.489479">
			<ele>38.583</ele>
			<time>2022-05-29T20:04:19Z</time>
		</trkpt>
		<trkpt lat="59.361251" lon="24.492036">
			<ele>41.106</ele>
			<time>2022-05-29T20:04:28Z</time>
		</trkpt>
		<trkpt lat="59.360356" lon="24.495247">
			<ele>40.241</ele>
			<time>2022-05-29T20:04:40Z</time>
		</trkpt>
		<trkpt lat="59.360321" lon="24.495374">
			<ele>40.455</ele>
			<time>2022-05-29T20:04:41Z</time>
		</trkpt>
		<trkpt lat="59.360481" lon="24.495802">
			<ele>40.778</ele>
			<time>2022-05-29T20:04:46Z</time>
		</trkpt>
		<trkpt lat="59.361636" lon="24.497484">
			<ele>42.971</ele>
			<time>2022-05-29T20:04:56Z</time>
		</trkpt>
		<trkpt lat="59.363086" lon="24.500812">
			<ele>44.469</ele>
			<time>2022-05-29T20:05:08Z</time>
		</trkpt>
		<trkpt lat="59.364359" lon="24.504574">
			<ele>41.255</ele>
			<time>2022-05-29T20:05:18Z</time>
		</trkpt>
		<trkpt lat="59.365066" lon="24.507437">
			<ele>39.146</ele>
			<time>2022-05-29T20:05:25Z</time>
		</trkpt>
		<trkpt lat="59.365459" lon="24.509088">
			<ele>37.62</ele>
			<time>2022-05-29T20:05:29Z</time>
		</trkpt>
		<trkpt lat="59.366317" lon="24.512809">
			<ele>34.498</ele>
			<time>2022-05-29T20:05:38Z</time>
		</trkpt>
		<trkpt lat="59.367782" lon="24.518984">
			<ele>30.85</ele>
			<time>2022-05-29T20:05:53Z</time>
		</trkpt>
		<trkpt lat="59.36823" lon="24.520588">
			<ele>28.044</ele>
			<time>2022-05-29T20:05:57Z</time>
		</trkpt>
		<trkpt lat="59.368584" lon="24.521763">
			<ele>26.055</ele>
			<time>2022-05-29T20:06:00Z</time>
		</trkpt>
		<trkpt lat="59.370703" lon="24.527064">
			<ele>25.641</ele>
			<time>2022-05-29T20:06:15Z</time>
		</trkpt>
		<trkpt lat="59.3733" lon="24.531538">
			<ele>25.895</ele>
			<time>2022-05-29T20:06:30Z</time>
		</trkpt>
		<trkpt lat="59.375782" lon="24.534788">
			<ele>26.563</ele>
			<time>2022-05-29T20:06:45Z</time>
		</trkpt>
		<trkpt lat="59.377783" lon="24.537252">
			<ele>23.826</ele>
			<time>2022-05-29T20:06:59Z</time>
		</trkpt>
		<trkpt lat="59.379643" lon="24.539584">
			<ele>23.571</ele>
			<time>2022-05-29T20:07:17Z</time>
		</trkpt>
		<trkpt lat="59.38076" lon="24.541118">
			<ele>26.716</ele>
			<time>2022-05-29T20:07:27Z</time>
		</trkpt>
		<trkpt lat="59.38124" lon="24.542097">
			<ele>28.443</ele>
			<time>2022-05-29T20:07:31Z</time>
		</trkpt>
		<trkpt lat="59.382908" lon="24.545857">
			<ele>30.376</ele>
			<time>2022-05-29T20:07:44Z</time>
		</trkpt>
		<trkpt lat="59.383854" lon="24.547978">
			<ele>33.928</ele>
			<time>2022-05-29T20:07:51Z</time>
		</trkpt>
		<trkpt lat="59.384486" lon="24.549101">
			<ele>36.489</ele>
			<time>2022-05-29T20:07:55Z</time>
		</trkpt>
		<trkpt lat="59.387531" lon="24.553389">
			<ele>37.749</ele>
			<time>2022-05-29T20:08:13Z</time>
		</trkpt>
		<trkpt lat="59.389266" lon="24.556843">
			<ele>38.251</ele>
			<time>2022-05-29T20:08:25Z</time>
		</trkpt>
		<trkpt lat="59.389729" lon="24.55955">
			<ele>37.017</ele>
			<time>2022-05-29T20:08:33Z</time>
		</trkpt>
		<trkpt lat="59.389848" lon="24.564288">
			<ele>36.006</ele>
			<time>2022-05-29T20:08:45Z</time>
		</trkpt>
		<trkpt lat="59.390119" lon="24.571978">
			<ele>35.678</ele>
			<time>2022-05-29T20:09:05Z</time>
		</trkpt>
		<trkpt lat="59.390786" lon="24.576291">
			<ele>34.782</ele>
			<time>2022-05-29T20:09:17Z</time>
		</trkpt>
		<trkpt lat="59.391329" lon="24.57894">
			<ele>31.652</ele>
			<time>2022-05-29T20:09:25Z</time>
		</trkpt>
		<trkpt lat="59.391395" lon="24.57926">
			<ele>31.469</ele>
			<time>2022-05-29T20:09:26Z</time>
		</trkpt>
		<trkpt lat="59.393132" lon="24.587224">
			<ele>28.994</ele>
			<time>2022-05-29T20:09:51Z</time>
		</trkpt>
		<trkpt lat="59.394606" lon="24.592137">
			<ele>26.818</ele>
			<time>2022-05-29T20:10:08Z</time>
		</trkpt>
		<trkpt lat="59.396109" lon="24.59573">
			<ele>27.003</ele>
			<time>2022-05-29T20:10:25Z</time>
		</trkpt>
		<trkpt lat="59.39765" lon="24.599665">
			<ele>29.924</ele>
			<time>2022-05-29T20:10:41Z</time>
		</trkpt>
		<trkpt lat="59.399529" lon="24.604851">
			<ele>31.388</ele>
			<time>2022-05-29T20:10:59Z</time>
		</trkpt>
		<trkpt lat="59.40085" lon="24.607602">
			<ele>27.67</ele>
			<time>2022-05-29T20:11:10Z</time>
		</trkpt>
		<trkpt lat="59.400985" lon="24.607825">
			<ele>27.386</ele>
			<time>2022-05-29T20:11:11Z</time>
		</trkpt>
		<trkpt lat="59.401543" lon="24.608694">
			<ele>24.1</ele>
			<time>2022-05-29T20:11:15Z</time>
		</trkpt>
		<trkpt lat="59.402142" lon="24.609457">
			<ele>20.794</ele>
			<time>2022-05-29T20:11:19Z</time>
		</trkpt>
		<trkpt lat="59.402611" lon="24.610007">
			<ele>17.155</ele>
			<time>2022-05-29T20:11:22Z</time>
		</trkpt>
		<trkpt lat="59.403158" lon="24.61086">
			<ele>13.813</ele>
			<time>2022-05-29T20:11:26Z</time>
		</trkpt>
		<trkpt lat="59.403646" lon="24.611802">
			<ele>10.316</ele>
			<time>2022-05-29T20:11:30Z</time>
		</trkpt>
		<trkpt lat="59.403765" lon="24.612033">
			<ele>10.015</ele>
			<time>2022-05-29T20:11:31Z</time>
		</trkpt>
		<trkpt lat="59.404747" lon="24.613939">
			<ele>6.775</ele>
			<time>2022-05-29T20:11:39Z</time>
		</trkpt>
		<trkpt lat="59.406573" lon="24.617488">
			<ele>3.333</ele>
			<time>2022-05-29T20:11:56Z</time>
		</trkpt>
		<trkpt lat="59.407393" lon="24.620314">
			<ele>2.848</ele>
			<time>2022-05-29T20:12:09Z</time>
		</trkpt>
		<trkpt lat="59.40773" lon="24.62397">
			<ele>1.854</ele>
			<time>2022-05-29T20:12:24Z</time>
		</trkpt>
		<trkpt lat="59.408396" lon="24.627116">
			<ele>2.782</ele>
			<time>2022-05-29T20:12:37Z</time>
		</trkpt>
		<trkpt lat="59.409829" lon="24.631293">
			<ele>3.134</ele>
			<time>2022-05-29T20:12:56Z</time>
		</trkpt>
		<trkpt lat="59.411232" lon="24.63313">
			<ele>1.994</ele>
			<time>2022-05-29T20:13:09Z</time>
		</trkpt>
		<trkpt lat="59.412888" lon="24.633851">
			<ele>1.63</ele>
			<time>2022-05-29T20:13:22Z</time>
		</trkpt>
		<trkpt lat="59.41494" lon="24.63467">
			<ele>2.691</ele>
			<time>2022-05-29T20:13:38Z</time>
		</trkpt>
		<trkpt lat="59.417558" lon="24.636969">
			<ele>4.48</ele>
			<time>2022-05-29T20:14:00Z</time>
		</trkpt>
		<trkpt lat="59.419653" lon="24.638911">
			<ele>4.933</ele>
			<time>2022-05-29T20:14:18Z</time>
		</trkpt>
		<trkpt lat="59.421292" lon="24.642042">
			<ele>5.973</ele>
			<time>2022-05-29T20:14:35Z</time>
		</trkpt>
		<trkpt lat="59.421966" lon="24.64359">
			<ele>9.117</ele>
			<time>2022-05-29T20:14:43Z</time>
		</trkpt>
		<trkpt lat="59.422428" lon="24.644622">
			<ele>12.163</ele>
			<time>2022-05-29T20:14:48Z</time>
		</trkpt>
		<trkpt lat="59.422796" lon="24.645445">
			<ele>15.108</ele>
			<time>2022-05-29T20:14:53Z</time>
		</trkpt>
		<trkpt lat="59.422989" lon="24.646432">
			<ele>17</ele>
			<time>2022-05-29T20:14:59Z</time>
		</trkpt>
		<trkpt lat="59.424052" lon="24.649009">
			<ele>13.844</ele>
			<time>2022-05-29T20:15:08Z</time>
		</trkpt>
		<trkpt lat="59.424297" lon="24.650029">
			<ele>10.777</ele>
			<time>2022-05-29T20:15:12Z</time>
		</trkpt>
		<trkpt lat="59.424319" lon="24.650123">
			<ele>8.002</ele>
			<time>2022-05-29T20:15:16Z</time>
		</trkpt>
		<trkpt lat="59.425514" lon="24.65547">
			<ele>5.684</ele>
			<time>2022-05-29T20:15:34Z</time>
		</trkpt>
		<trkpt lat="59.426406" lon="24.659604">
			<ele>5.03</ele>
			<time>2022-05-29T20:15:51Z</time>
		</trkpt>
		<trkpt lat="59.427103" lon="24.664328">
			<ele>2.173</ele>
			<time>2022-05-29T20:16:08Z</time>
		</trkpt>
		<trkpt lat="59.427749" lon="24.670865">
			<ele>1.709</ele>
			<time>2022-05-29T20:16:27Z</time>
		</trkpt>
		<trkpt lat="59.427996" lon="24.674856">
			<ele>1.639</ele>
			<time>2022-05-29T20:16:41Z</time>
		</trkpt>
		<trkpt lat="59.428609" lon="24.679886">
			<ele>-0.272</ele>
			<time>2022-05-29T20:17:01Z</time>
		</trkpt>
		<trkpt lat="59.429041" lon="24.68356">
			<ele>-0.514</ele>
			<time>2022-05-29T20:17:17Z</time>
		</trkpt>
		<trkpt lat="59.429129" lon="24.684434">
			<ele>-0.398</ele>
			<time>2022-05-29T20:17:26Z</time>
		</trkpt>
		<trkpt lat="59.429242" lon="24.685478">
			<ele>0.729</ele>
			<time>2022-05-29T20:17:35Z</time>
		</trkpt>
		<trkpt lat="59.429471" lon="24.688708">
			<ele>1.238</ele>
			<time>2022-05-29T20:17:48Z</time>
		</trkpt>
		<trkpt lat="59.429569" lon="24.692414">
			<ele>2.424</ele>
			<time>2022-05-29T20:18:03Z</time>
		</trkpt>
		<trkpt lat="59.429471" lon="24.696137">
			<ele>2.817</ele>
			<time>2022-05-29T20:18:18Z</time>
		</trkpt>
		<trkpt lat="59.429137" lon="24.701415">
			<ele>2.041</ele>
			<time>2022-05-29T20:18:40Z</time>
		</trkpt>
		<trkpt lat="59.42913" lon="24.704533">
			<ele>2.589</ele>
			<time>2022-05-29T20:18:54Z</time>
		</trkpt>
		<trkpt lat="59.429224" lon="24.705087">
			<ele>2.314</ele>
			<time>2022-05-29T20:18:57Z</time>
		</trkpt>
		<trkpt lat="59.429957" lon="24.708015">
			<ele>2.082</ele>
			<time>2022-05-29T20:19:11Z</time>
		</trkpt>
		<trkpt lat="59.430864" lon="24.710867">
			<ele>2.67</ele>
			<time>2022-05-29T20:19:25Z</time>
		</trkpt>
		<trkpt lat="59.431987" lon="24.714373">
			<ele>3.286</ele>
			<time>2022-05-29T20:19:42Z</time>
		</trkpt>
		<trkpt lat="59.432532" lon="24.716039">
			<ele>2.063</ele>
			<time>2022-05-29T20:19:51Z</time>
		</trkpt>
		<trkpt lat="59.43255" lon="24.716095">
			<ele>2.691</ele>
			<time>2022-05-29T20:19:57Z</time>
		</trkpt>
		<trkpt lat="59.43255" lon="24.716095">
			<ele>3.082</ele>
			<time>2022-05-29T20:20:24Z</time>
		</trkpt>
		<trkpt lat="59.432562" lon="24.716132">
			<ele>3.412</ele>
			<time>2022-05-29T20:20:43Z</time>
		</trkpt>
		<trkpt lat="59.432962" lon="24.717487">
			<ele>4.116</ele>
			<time>2022-05-29T20:20:53Z</time>
		</trkpt>
		<trkpt lat="59.43361" lon="24.7205">
			<ele>4.492</ele>
			<time>2022-05-29T20:21:07Z</time>
		</trkpt>
		<trkpt lat="59.434297" lon="24.724002">
			<ele>6.59</ele>
			<time>2022-05-29T20:21:24Z</time>
		</trkpt>
		<trkpt lat="59.434454" lon="24.72473">
			<ele>8.694</ele>
			<time>2022-05-29T20:21:27Z</time>
		</trkpt>
		<trkpt lat="59.434704" lon="24.726536">
			<ele>10.167</ele>
			<time>2022-05-29T20:21:35Z</time>
		</trkpt>
		<trkpt lat="59.434789" lon="24.727247">
			<ele>10.49</ele>
			<time>2022-05-29T20:21:38Z</time>
		</trkpt>
		<trkpt lat="59.434969" lon="24.729035">
			<ele>14.286</ele>
			<time>2022-05-29T20:21:46Z</time>
		</trkpt>
		<trkpt lat="59.435017" lon="24.730266">
			<ele>16.976</ele>
			<time>2022-05-29T20:21:52Z</time>
		</trkpt>
		<trkpt lat="59.434914" lon="24.732338">
			<ele>16.172</ele>
			<time>2022-05-29T20:22:04Z</time>
		</trkpt>
		<trkpt lat="59.434908" lon="24.732435">
			<ele>16.516</ele>
			<time>2022-05-29T20:22:12Z</time>
		</trkpt>
		<trkpt lat="59.434898" lon="24.732592">
			<ele>16.639</ele>
			<time>2022-05-29T20:22:19Z</time>
		</trkpt>
		<trkpt lat="59.435177" lon="24.732842">
			<ele>15.645</ele>
			<time>2022-05-29T20:22:26Z</time>
		</trkpt>
		<trkpt lat="59.436084" lon="24.73265">
			<ele>12.847</ele>
			<time>2022-05-29T20:22:35Z</time>
		</trkpt>
		<trkpt lat="59.436314" lon="24.732735">
			<ele>13.833</ele>
			<time>2022-05-29T20:22:38Z</time>
		</trkpt>
		<trkpt lat="59.43738" lon="24.733651">
			<ele>14.237</ele>
			<time>2022-05-29T20:22:48Z</time>
		</trkpt>
		<trkpt lat="59.438507" lon="24.734889">
			<ele>15.196</ele>
			<time>2022-05-29T20:22:59Z</time>
		</trkpt>
		<trkpt lat="59.438976" lon="24.735868">
			<ele>15.456</ele>
			<time>2022-05-29T20:23:04Z</time>
		</trkpt>
		<trkpt lat="59.439296" lon="24.736633">
			<ele>15.379</ele>
			<time>2022-05-29T20:23:08Z</time>
		</trkpt>
		<trkpt lat="59.440176" lon="24.739194">
			<ele>16.406</ele>
			<time>2022-05-29T20:23:23Z</time>
		</trkpt>
		<trkpt lat="59.441612" lon="24.74294">
			<ele>14.618</ele>
			<time>2022-05-29T20:23:38Z</time>
		</trkpt>
		<trkpt lat="59.442043" lon="24.744301">
			<ele>13.689</ele>
			<time>2022-05-29T20:23:45Z</time>
		</trkpt>
		<trkpt lat="59.441982" lon="24.745112">
			<ele>14.054</ele>
			<time>2022-05-29T20:23:49Z</time>
		</trkpt>
		<trkpt lat="59.441957" lon="24.745547">
			<ele>14.09</ele>
			<time>2022-05-29T20:23:51Z</time>
		</trkpt>
		<trkpt lat="59.442154" lon="24.746572">
			<ele>15.186</ele>
			<time>2022-05-29T20:23:56Z</time>
		</trkpt>
		<trkpt lat="59.442792" lon="24.748901">
			<ele>11.87</ele>
			<time>2022-05-29T20:24:07Z</time>
		</trkpt>
		<trkpt lat="59.442876" lon="24.749224">
			<ele>11.038</ele>
			<time>2022-05-29T20:24:09Z</time>
		</trkpt>
		<trkpt lat="59.442902" lon="24.749322">
			<ele>10.267</ele>
			<time>2022-05-29T20:24:10Z</time>
		</trkpt>
		<trkpt lat="59.443303" lon="24.749392">
			<ele>7.576</ele>
			<time>2022-05-29T20:24:15Z</time>
		</trkpt>
		<trkpt lat="59.44342" lon="24.749408">
			<ele>6.189</ele>
			<time>2022-05-29T20:24:17Z</time>
		</trkpt>
		<trkpt lat="59.443588" lon="24.750073">
			<ele>5.369</ele>
			<time>2022-05-29T20:24:25Z</time>
		</trkpt>
		<trkpt lat="59.442974" lon="24.751562">
			<ele>4.485</ele>
			<time>2022-05-29T20:24:33Z</time>
		</trkpt>
		<trkpt lat="59.441206" lon="24.753249">
			<ele>3.61</ele>
			<time>2022-05-29T20:24:48Z</time>
		</trkpt>
		<trkpt lat="59.440432" lon="24.754931">
			<ele>2.919</ele>
			<time>2022-05-29T20:24:57Z</time>
		</trkpt>
		<trkpt lat="59.439594" lon="24.758306">
			<ele>1.957</ele>
			<time>2022-05-29T20:25:13Z</time>
		</trkpt>
		<trkpt lat="59.439552" lon="24.761322">
			<ele>1.733</ele>
			<time>2022-05-29T20:25:26Z</time>
		</trkpt>
		<trkpt lat="59.439728" lon="24.762527">
			<ele>0.542</ele>
			<time>2022-05-29T20:25:35Z</time>
		</trkpt>
		<trkpt lat="59.439919" lon="24.763377">
			<ele>1.422</ele>
			<time>2022-05-29T20:25:46Z</time>
		</trkpt>
		<trkpt lat="59.440687" lon="24.765823">
			<ele>1.074</ele>
			<time>2022-05-29T20:25:59Z</time>
		</trkpt>
		<trkpt lat="59.441507" lon="24.770758">
			<ele>1.11</ele>
			<time>2022-05-29T20:26:21Z</time>
		</trkpt>
		<trkpt lat="59.442398" lon="24.774862">
			<ele>1.197</ele>
			<time>2022-05-29T20:26:39Z</time>
		</trkpt>
		<trkpt lat="59.443889" lon="24.780993">
			<ele>1.609</ele>
			<time>2022-05-29T20:27:02Z</time>
		</trkpt>
		<trkpt lat="59.44349" lon="24.78453">
			<ele>2.237</ele>
			<time>2022-05-29T20:27:17Z</time>
		</trkpt>
		<trkpt lat="59.443023" lon="24.788303">
			<ele>1.369</ele>
			<time>2022-05-29T20:27:34Z</time>
		</trkpt>
		<trkpt lat="59.442547" lon="24.789945">
			<ele>2.703</ele>
			<time>2022-05-29T20:27:46Z</time>
		</trkpt>
		<trkpt lat="59.442673" lon="24.792338">
			<ele>1.86</ele>
			<time>2022-05-29T20:27:59Z</time>
		</trkpt>
		<trkpt lat="59.442708" lon="24.792602">
			<ele>1.419</ele>
			<time>2022-05-29T20:28:07Z</time>
		</trkpt>
		<trkpt lat="59.442797" lon="24.793626">
			<ele>3.619</ele>
			<time>2022-05-29T20:28:17Z</time>
		</trkpt>
		<trkpt lat="59.442965" lon="24.794782">
			<ele>3.942</ele>
			<time>2022-05-29T20:28:28Z</time>
		</trkpt>
		<trkpt lat="59.443298" lon="24.795553">
			<ele>4.765</ele>
			<time>2022-05-29T20:28:38Z</time>
		</trkpt>
		<trkpt lat="59.444205" lon="24.797014">
			<ele>4.269</ele>
			<time>2022-05-29T20:28:48Z</time>
		</trkpt>
		<trkpt lat="59.446208" lon="24.80018">
			<ele>4.418</ele>
			<time>2022-05-29T20:29:09Z</time>
		</trkpt>
		<trkpt lat="59.448023" lon="24.802905">
			<ele>5.652</ele>
			<time>2022-05-29T20:29:27Z</time>
		</trkpt>
		<trkpt lat="59.450532" lon="24.806347">
			<ele>5.103</ele>
			<time>2022-05-29T20:29:51Z</time>
		</trkpt>
		<trkpt lat="59.452699" lon="24.807962">
			<ele>5.023</ele>
			<time>2022-05-29T20:30:09Z</time>
		</trkpt>
		<trkpt lat="59.455566" lon="24.810014">
			<ele>5.306</ele>
			<time>2022-05-29T20:30:32Z</time>
		</trkpt>
		<trkpt lat="59.458259" lon="24.812827">
			<ele>4.844</ele>
			<time>2022-05-29T20:30:55Z</time>
		</trkpt>
		<trkpt lat="59.459575" lon="24.815711">
			<ele>5.204</ele>
			<time>2022-05-29T20:31:10Z</time>
		</trkpt>
		<trkpt lat="59.460849" lon="24.819976">
			<ele>3.961</ele>
			<time>2022-05-29T20:31:29Z</time>
		</trkpt>
		<trkpt lat="59.462487" lon="24.825663">
			<ele>3.455</ele>
			<time>2022-05-29T20:31:54Z</time>
		</trkpt>
		<trkpt lat="59.464009" lon="24.828689">
			<ele>5.504</ele>
			<time>2022-05-29T20:32:10Z</time>
		</trkpt>
		<trkpt lat="59.466322" lon="24.832991">
			<ele>5.927</ele>
			<time>2022-05-29T20:32:34Z</time>
		</trkpt>
		<trkpt lat="59.466902" lon="24.833559">
			<ele>6.035</ele>
			<time>2022-05-29T20:32:39Z</time>
		</trkpt>
		<trkpt lat="59.469603" lon="24.834915">
			<ele>5.42</ele>
			<time>2022-05-29T20:33:00Z</time>
		</trkpt>
		<trkpt lat="59.472063" lon="24.836138">
			<ele>4.948</ele>
			<time>2022-05-29T20:33:19Z</time>
		</trkpt>
		<trkpt lat="59.473939" lon="24.83746">
			<ele>5.147</ele>
			<time>2022-05-29T20:33:34Z</time>
		</trkpt>
		<trkpt lat="59.475759" lon="24.838997">
			<ele>4.792</ele>
			<time>2022-05-29T20:33:49Z</time>
		</trkpt>
		<trkpt lat="59.477456" lon="24.839703">
			<ele>4.927</ele>
			<time>2022-05-29T20:34:02Z</time>
		</trkpt>
		<trkpt lat="59.479944" lon="24.840485">
			<ele>4.295</ele>
			<time>2022-05-29T20:34:22Z</time>
		</trkpt>
		<trkpt lat="59.480652" lon="24.84069">
			<ele>3.499</ele>
			<time>2022-05-29T20:34:29Z</time>
		</trkpt>
		<trkpt lat="59.480831" lon="24.841157">
			<ele>3.545</ele>
			<time>2022-05-29T20:34:34Z</time>
		</trkpt>
		<trkpt lat="59.480748" lon="24.843411">
			<ele>5.065</ele>
			<time>2022-05-29T20:34:47Z</time>
		</trkpt>
		<trkpt lat="59.480714" lon="24.845242">
			<ele>5.743</ele>
			<time>2022-05-29T20:34:59Z</time>
		</trkpt>
		<trkpt lat="59.480901" lon="24.845465">
			<ele>6.197</ele>
			<time>2022-05-29T20:35:04Z</time>
		</trkpt>
		<trkpt lat="59.481312" lon="24.845491">
			<ele>6.383</ele>
			<time>2022-05-29T20:35:09Z</time>
		</trkpt>
		<trkpt lat="59.482375" lon="24.846267">
			<ele>6.566</ele>
			<time>2022-05-29T20:35:21Z</time>
		</trkpt>
		<trkpt lat="59.483628" lon="24.847281">
			<ele>6.873</ele>
			<time>2022-05-29T20:35:36Z</time>
		</trkpt>
		<trkpt lat="59.483678" lon="24.847321">
			<ele>6.669</ele>
			<time>2022-05-29T20:35:37Z</time>
		</trkpt>
		<trkpt lat="59.483702" lon="24.847663">
			<ele>7.504</ele>
			<time>2022-05-29T20:35:42Z</time>
		</trkpt>
		<trkpt lat="59.48359" lon="24.848236">
			<ele>7.908</ele>
			<time>2022-05-29T20:35:47Z</time>
		</trkpt>
		<trkpt lat="59.48364" lon="24.848661">
			<ele>8.411</ele>
			<time>2022-05-29T20:35:52Z</time>
		</trkpt>
		<trkpt lat="59.484306" lon="24.849906">
			<ele>9.657</ele>
			<time>2022-05-29T20:36:07Z</time>
		</trkpt>
		<trkpt lat="59.484429" lon="24.850029">
			<ele>10.045</ele>
			<time>2022-05-29T20:36:11Z</time>
		</trkpt>
		<trkpt lat="59.484546" lon="24.850146">
			<ele>9.752</ele>
			<time>2022-05-29T20:36:26Z</time>
		</trkpt>
		<trkpt lat="59.484546" lon="24.850146">
			<ele>9.314</ele>
			<time>2022-05-29T20:36:47Z</time>
		</trkpt>
		<trkpt lat="59.484546" lon="24.850146">
			<ele>9.585</ele>
			<time>2022-05-29T20:37:06Z</time>
		</trkpt>
		<trkpt lat="59.484546" lon="24.850146">
			<ele>10.265</ele>
			<time>2022-05-29T20:37:25Z</time>
		</trkpt>
		<trkpt lat="59.484546" lon="24.850146">
			<ele>9.521</ele>
			<time>2022-05-29T20:37:50Z</time>
		</trkpt>
		<trkpt lat="59.484546" lon="24.850146">
			<ele>10.025</ele>
			<time>2022-05-29T20:37:51Z</time>
		</trkpt>
		<trkpt lat="59.484546" lon="24.850146">
			<ele>10.009</ele>
			<time>2022-05-29T20:38:09Z</time>
		</trkpt>
		<trkpt lat="59.484546" lon="24.850146">
			<ele>9.561</ele>
			<time>2022-05-29T20:38:32Z</time>
		</trkpt>
		<trkpt lat="59.484546" lon="24.850146">
			<ele>9.984</ele>
			<time>2022-05-29T20:38:59Z</time>
		</trkpt>
		<trkpt lat="59.484546" lon="24.850146">
			<ele>10.764</ele>
			<time>2022-05-29T20:39:42Z</time>
		</trkpt>
		<trkpt lat="59.484546" lon="24.850146">
			<ele>10.528</ele>
			<time>2022-05-29T20:40:03Z</time>
		</trkpt>
		<trkpt lat="59.484546" lon="24.850146">
			<ele>10.471</ele>
			<time>2022-05-29T20:40:27Z</time>
		</trkpt>
		<trkpt lat="59.484546" lon="24.850146">
			<ele>10.632</ele>
			<time>2022-05-29T20:40:37Z</time>
		</trkpt>
		<trkpt lat="59.484546" lon="24.850146">
			<ele>10.111</ele>
			<time>2022-05-29T20:40:42Z</time>
		</trkpt>
		<trkpt lat="59.484546" lon="24.850146">
			<ele>9.721</ele>
			<time>2022-05-29T20:41:01Z</time>
		</trkpt>
	</trkseg>
</trk>

</gpx>