<?xml version="1.0" encoding="UTF-8" standalone="no"?>
<gpx version="1.1" creator="GPX Editor 1.7.14.1740" xmlns="http://www.topografix.com/GPX/1/1" xmlns:xsi="http://www.w3.org/2001/XMLSchema-instance" xsi:schemaLocation="http://www.topografix.com/GPX/1/1 http://www.topografix.com/GPX/1/1/gpx.xsd">
<metadata>
	<link href="http://www.ppgps.info">
		<text>Track created by PPGpS 1.59a</text>
	</link>
	<time>2025-09-14T21:57:09Z</time>
	<bounds minlat="59.45397" minlon="24.8737417" maxlat="59.4665083" maxlon="24.902305" />
</metadata>
<trk>
	<name>PPGpS log</name>
	<trkseg>
		<trkpt lat="59.454885" lon="24.8956283">
			<ele>55.8</ele>
			<time>2025-09-14T21:31:17Z</time>
		</trkpt>
		<trkpt lat="59.454885" lon="24.8956283">
			<ele>55.8</ele>
			<time>2025-09-14T21:31:17Z</time>
		</trkpt>
		<trkpt lat="59.4549933" lon="24.8958433">
			<ele>55.8</ele>
			<time>2025-09-14T21:31:19Z</time>
		</trkpt>
		<trkpt lat="59.4549927" lon="24.8959592">
			<ele>56.3</ele>
			<time>2025-09-14T21:31:20Z</time>
		</trkpt>
		<trkpt lat="59.4550763" lon="24.8961992">
			<ele>55.7</ele>
			<time>2025-09-14T21:31:22Z</time>
		</trkpt>
		<trkpt lat="59.4551904" lon="24.8963452">
			<ele>55.9</ele>
			<time>2025-09-14T21:31:23Z</time>
		</trkpt>
		<trkpt lat="59.4552938" lon="24.8963893">
			<ele>56</ele>
			<time>2025-09-14T21:31:24Z</time>
		</trkpt>
		<trkpt lat="59.4553902" lon="24.8963854">
			<ele>56.4</ele>
			<time>2025-09-14T21:31:25Z</time>
		</trkpt>
		<trkpt lat="59.4554839" lon="24.8963339">
			<ele>56.5</ele>
			<time>2025-09-14T21:31:26Z</time>
		</trkpt>
		<trkpt lat="59.4555782" lon="24.8962564">
			<ele>56.6</ele>
			<time>2025-09-14T21:31:27Z</time>
		</trkpt>
		<trkpt lat="59.4556717" lon="24.8961553">
			<ele>56.7</ele>
			<time>2025-09-14T21:31:28Z</time>
		</trkpt>
		<trkpt lat="59.4557484" lon="24.8959753">
			<ele>56.5</ele>
			<time>2025-09-14T21:31:29Z</time>
		</trkpt>
		<trkpt lat="59.4557978" lon="24.8957228">
			<ele>57.3</ele>
			<time>2025-09-14T21:31:30Z</time>
		</trkpt>
		<trkpt lat="59.4558216" lon="24.8954476">
			<ele>57.9</ele>
			<time>2025-09-14T21:31:31Z</time>
		</trkpt>
		<trkpt lat="59.455832" lon="24.8951869">
			<ele>59</ele>
			<time>2025-09-14T21:31:32Z</time>
		</trkpt>
		<trkpt lat="59.4558331" lon="24.8949508">
			<ele>60</ele>
			<time>2025-09-14T21:31:33Z</time>
		</trkpt>
		<trkpt lat="59.4558174" lon="24.8947402">
			<ele>60.5</ele>
			<time>2025-09-14T21:31:34Z</time>
		</trkpt>
		<trkpt lat="59.4557763" lon="24.8945433">
			<ele>60</ele>
			<time>2025-09-14T21:31:35Z</time>
		</trkpt>
		<trkpt lat="59.4557117" lon="24.8943403">
			<ele>59.3</ele>
			<time>2025-09-14T21:31:36Z</time>
		</trkpt>
		<trkpt lat="59.4556324" lon="24.8941282">
			<ele>58.7</ele>
			<time>2025-09-14T21:31:37Z</time>
		</trkpt>
		<trkpt lat="59.4555447" lon="24.8939254">
			<ele>58.2</ele>
			<time>2025-09-14T21:31:38Z</time>
		</trkpt>
		<trkpt lat="59.4554424" lon="24.8937634">
			<ele>58.4</ele>
			<time>2025-09-14T21:31:39Z</time>
		</trkpt>
		<trkpt lat="59.4553202" lon="24.8936853">
			<ele>58.5</ele>
			<time>2025-09-14T21:31:40Z</time>
		</trkpt>
		<trkpt lat="59.455195" lon="24.893695">
			<ele>58.1</ele>
			<time>2025-09-14T21:31:41Z</time>
		</trkpt>
		<trkpt lat="59.4550711" lon="24.893743">
			<ele>58.2</ele>
			<time>2025-09-14T21:31:42Z</time>
		</trkpt>
		<trkpt lat="59.4549638" lon="24.8938069">
			<ele>58.1</ele>
			<time>2025-09-14T21:31:43Z</time>
		</trkpt>
		<trkpt lat="59.4548724" lon="24.8938846">
			<ele>58</ele>
			<time>2025-09-14T21:31:44Z</time>
		</trkpt>
		<trkpt lat="59.4547951" lon="24.8939989">
			<ele>55.8</ele>
			<time>2025-09-14T21:31:45Z</time>
		</trkpt>
		<trkpt lat="59.454731" lon="24.8941669">
			<ele>55.4</ele>
			<time>2025-09-14T21:31:46Z</time>
		</trkpt>
		<trkpt lat="59.4546815" lon="24.8943712">
			<ele>55.6</ele>
			<time>2025-09-14T21:31:47Z</time>
		</trkpt>
		<trkpt lat="59.4546589" lon="24.8945959">
			<ele>56.5</ele>
			<time>2025-09-14T21:31:48Z</time>
		</trkpt>
		<trkpt lat="59.4546764" lon="24.8948087">
			<ele>57.3</ele>
			<time>2025-09-14T21:31:49Z</time>
		</trkpt>
		<trkpt lat="59.4547145" lon="24.8949959">
			<ele>58.2</ele>
			<time>2025-09-14T21:31:50Z</time>
		</trkpt>
		<trkpt lat="59.4547658" lon="24.8951457">
			<ele>59.8</ele>
			<time>2025-09-14T21:31:51Z</time>
		</trkpt>
		<trkpt lat="59.4548191" lon="24.8952748">
			<ele>61.6</ele>
			<time>2025-09-14T21:31:52Z</time>
		</trkpt>
		<trkpt lat="59.4548706" lon="24.8954076">
			<ele>63.4</ele>
			<time>2025-09-14T21:31:53Z</time>
		</trkpt>
		<trkpt lat="59.4549256" lon="24.8955501">
			<ele>64.3</ele>
			<time>2025-09-14T21:31:54Z</time>
		</trkpt>
		<trkpt lat="59.4549908" lon="24.8956879">
			<ele>64.6</ele>
			<time>2025-09-14T21:31:55Z</time>
		</trkpt>
		<trkpt lat="59.4550714" lon="24.8958197">
			<ele>65.3</ele>
			<time>2025-09-14T21:31:56Z</time>
		</trkpt>
		<trkpt lat="59.4551664" lon="24.8959291">
			<ele>66.7</ele>
			<time>2025-09-14T21:31:57Z</time>
		</trkpt>
		<trkpt lat="59.4552654" lon="24.8959985">
			<ele>68.3</ele>
			<time>2025-09-14T21:31:58Z</time>
		</trkpt>
		<trkpt lat="59.455364" lon="24.8960189">
			<ele>69.4</ele>
			<time>2025-09-14T21:31:59Z</time>
		</trkpt>
		<trkpt lat="59.4554618" lon="24.8959984">
			<ele>70.3</ele>
			<time>2025-09-14T21:32:00Z</time>
		</trkpt>
		<trkpt lat="59.4555593" lon="24.8959469">
			<ele>70.9</ele>
			<time>2025-09-14T21:32:01Z</time>
		</trkpt>
		<trkpt lat="59.4556504" lon="24.8958708">
			<ele>72.6</ele>
			<time>2025-09-14T21:32:02Z</time>
		</trkpt>
		<trkpt lat="59.4557315" lon="24.8957687">
			<ele>73.5</ele>
			<time>2025-09-14T21:32:03Z</time>
		</trkpt>
		<trkpt lat="59.455808" lon="24.8956307">
			<ele>74.3</ele>
			<time>2025-09-14T21:32:04Z</time>
		</trkpt>
		<trkpt lat="59.4558737" lon="24.8954586">
			<ele>74.6</ele>
			<time>2025-09-14T21:32:05Z</time>
		</trkpt>
		<trkpt lat="59.4559278" lon="24.8952435">
			<ele>73.8</ele>
			<time>2025-09-14T21:32:06Z</time>
		</trkpt>
		<trkpt lat="59.45598" lon="24.894998">
			<ele>72.8</ele>
			<time>2025-09-14T21:32:07Z</time>
		</trkpt>
		<trkpt lat="59.4560283" lon="24.8947271">
			<ele>72</ele>
			<time>2025-09-14T21:32:08Z</time>
		</trkpt>
		<trkpt lat="59.4560584" lon="24.8944346">
			<ele>70.9</ele>
			<time>2025-09-14T21:32:09Z</time>
		</trkpt>
		<trkpt lat="59.4560522" lon="24.8941295">
			<ele>69</ele>
			<time>2025-09-14T21:32:10Z</time>
		</trkpt>
		<trkpt lat="59.4559974" lon="24.8938282">
			<ele>67.5</ele>
			<time>2025-09-14T21:32:11Z</time>
		</trkpt>
		<trkpt lat="59.4558804" lon="24.8935607">
			<ele>65.3</ele>
			<time>2025-09-14T21:32:12Z</time>
		</trkpt>
		<trkpt lat="59.4557437" lon="24.8933297">
			<ele>63.9</ele>
			<time>2025-09-14T21:32:13Z</time>
		</trkpt>
		<trkpt lat="59.4556149" lon="24.8930952">
			<ele>65.1</ele>
			<time>2025-09-14T21:32:14Z</time>
		</trkpt>
		<trkpt lat="59.4555173" lon="24.8928446">
			<ele>65.6</ele>
			<time>2025-09-14T21:32:15Z</time>
		</trkpt>
		<trkpt lat="59.4554699" lon="24.8926027">
			<ele>67.3</ele>
			<time>2025-09-14T21:32:16Z</time>
		</trkpt>
		<trkpt lat="59.4554426" lon="24.8923742">
			<ele>68.5</ele>
			<time>2025-09-14T21:32:17Z</time>
		</trkpt>
		<trkpt lat="59.455413" lon="24.8921453">
			<ele>69.3</ele>
			<time>2025-09-14T21:32:18Z</time>
		</trkpt>
		<trkpt lat="59.455376" lon="24.8918924">
			<ele>69.1</ele>
			<time>2025-09-14T21:32:19Z</time>
		</trkpt>
		<trkpt lat="59.4553441" lon="24.8916064">
			<ele>69.2</ele>
			<time>2025-09-14T21:32:20Z</time>
		</trkpt>
		<trkpt lat="59.4553364" lon="24.891321">
			<ele>69.9</ele>
			<time>2025-09-14T21:32:21Z</time>
		</trkpt>
		<trkpt lat="59.4553695" lon="24.8910693">
			<ele>70.3</ele>
			<time>2025-09-14T21:32:22Z</time>
		</trkpt>
		<trkpt lat="59.4554393" lon="24.890872">
			<ele>70.6</ele>
			<time>2025-09-14T21:32:23Z</time>
		</trkpt>
		<trkpt lat="59.4555363" lon="24.8907488">
			<ele>71.3</ele>
			<time>2025-09-14T21:32:24Z</time>
		</trkpt>
		<trkpt lat="59.4556459" lon="24.8906749">
			<ele>72.5</ele>
			<time>2025-09-14T21:32:25Z</time>
		</trkpt>
		<trkpt lat="59.4557495" lon="24.8906303">
			<ele>74.9</ele>
			<time>2025-09-14T21:32:26Z</time>
		</trkpt>
		<trkpt lat="59.4558374" lon="24.8906189">
			<ele>76.4</ele>
			<time>2025-09-14T21:32:27Z</time>
		</trkpt>
		<trkpt lat="59.4559092" lon="24.890647">
			<ele>77.7</ele>
			<time>2025-09-14T21:32:28Z</time>
		</trkpt>
		<trkpt lat="59.4559708" lon="24.8907035">
			<ele>77.7</ele>
			<time>2025-09-14T21:32:29Z</time>
		</trkpt>
		<trkpt lat="59.4560225" lon="24.8907814">
			<ele>77.7</ele>
			<time>2025-09-14T21:32:30Z</time>
		</trkpt>
		<trkpt lat="59.4560659" lon="24.8908861">
			<ele>77.8</ele>
			<time>2025-09-14T21:32:31Z</time>
		</trkpt>
		<trkpt lat="59.4560944" lon="24.8910049">
			<ele>78</ele>
			<time>2025-09-14T21:32:32Z</time>
		</trkpt>
		<trkpt lat="59.4561021" lon="24.8911331">
			<ele>78.3</ele>
			<time>2025-09-14T21:32:33Z</time>
		</trkpt>
		<trkpt lat="59.456091" lon="24.8912678">
			<ele>77.9</ele>
			<time>2025-09-14T21:32:34Z</time>
		</trkpt>
		<trkpt lat="59.4560633" lon="24.8914063">
			<ele>77.4</ele>
			<time>2025-09-14T21:32:35Z</time>
		</trkpt>
		<trkpt lat="59.4560125" lon="24.8915404">
			<ele>77.3</ele>
			<time>2025-09-14T21:32:36Z</time>
		</trkpt>
		<trkpt lat="59.455894" lon="24.8916446">
			<ele>77.1</ele>
			<time>2025-09-14T21:32:37Z</time>
		</trkpt>
		<trkpt lat="59.455776" lon="24.8917514">
			<ele>77.1</ele>
			<time>2025-09-14T21:32:38Z</time>
		</trkpt>
		<trkpt lat="59.4556812" lon="24.8918833">
			<ele>77.1</ele>
			<time>2025-09-14T21:32:39Z</time>
		</trkpt>
		<trkpt lat="59.4556162" lon="24.8920319">
			<ele>77.2</ele>
			<time>2025-09-14T21:32:40Z</time>
		</trkpt>
		<trkpt lat="59.4555611" lon="24.8921853">
			<ele>77</ele>
			<time>2025-09-14T21:32:41Z</time>
		</trkpt>
		<trkpt lat="59.4554943" lon="24.8923438">
			<ele>76.5</ele>
			<time>2025-09-14T21:32:42Z</time>
		</trkpt>
		<trkpt lat="59.4554094" lon="24.8924977">
			<ele>76.7</ele>
			<time>2025-09-14T21:32:43Z</time>
		</trkpt>
		<trkpt lat="59.4553264" lon="24.8926571">
			<ele>78.4</ele>
			<time>2025-09-14T21:32:44Z</time>
		</trkpt>
		<trkpt lat="59.455273" lon="24.8928257">
			<ele>80.2</ele>
			<time>2025-09-14T21:32:45Z</time>
		</trkpt>
		<trkpt lat="59.4552541" lon="24.8929923">
			<ele>81.7</ele>
			<time>2025-09-14T21:32:46Z</time>
		</trkpt>
		<trkpt lat="59.4552485" lon="24.8931493">
			<ele>82.5</ele>
			<time>2025-09-14T21:32:47Z</time>
		</trkpt>
		<trkpt lat="59.4552379" lon="24.8933058">
			<ele>82</ele>
			<time>2025-09-14T21:32:48Z</time>
		</trkpt>
		<trkpt lat="59.4552302" lon="24.8934673">
			<ele>81.9</ele>
			<time>2025-09-14T21:32:49Z</time>
		</trkpt>
		<trkpt lat="59.455245" lon="24.8936329">
			<ele>81.9</ele>
			<time>2025-09-14T21:32:50Z</time>
		</trkpt>
		<trkpt lat="59.4552843" lon="24.8937794">
			<ele>81.8</ele>
			<time>2025-09-14T21:32:51Z</time>
		</trkpt>
		<trkpt lat="59.4553255" lon="24.8938971">
			<ele>82.4</ele>
			<time>2025-09-14T21:32:52Z</time>
		</trkpt>
		<trkpt lat="59.4553508" lon="24.8940073">
			<ele>81.8</ele>
			<time>2025-09-14T21:32:53Z</time>
		</trkpt>
		<trkpt lat="59.455367" lon="24.894118">
			<ele>80.6</ele>
			<time>2025-09-14T21:32:54Z</time>
		</trkpt>
		<trkpt lat="59.4553849" lon="24.8942359">
			<ele>79.2</ele>
			<time>2025-09-14T21:32:55Z</time>
		</trkpt>
		<trkpt lat="59.4554155" lon="24.8943659">
			<ele>77.9</ele>
			<time>2025-09-14T21:32:56Z</time>
		</trkpt>
		<trkpt lat="59.4554643" lon="24.8945105">
			<ele>76.9</ele>
			<time>2025-09-14T21:32:57Z</time>
		</trkpt>
		<trkpt lat="59.4555226" lon="24.894645">
			<ele>76.3</ele>
			<time>2025-09-14T21:32:58Z</time>
		</trkpt>
		<trkpt lat="59.4555823" lon="24.8947554">
			<ele>76.5</ele>
			<time>2025-09-14T21:32:59Z</time>
		</trkpt>
		<trkpt lat="59.4556402" lon="24.894837">
			<ele>76.7</ele>
			<time>2025-09-14T21:33:00Z</time>
		</trkpt>
		<trkpt lat="59.455696" lon="24.8949087">
			<ele>76.5</ele>
			<time>2025-09-14T21:33:01Z</time>
		</trkpt>
		<trkpt lat="59.4557473" lon="24.8949916">
			<ele>75.5</ele>
			<time>2025-09-14T21:33:02Z</time>
		</trkpt>
		<trkpt lat="59.4557935" lon="24.895095">
			<ele>74</ele>
			<time>2025-09-14T21:33:03Z</time>
		</trkpt>
		<trkpt lat="59.4558415" lon="24.8952231">
			<ele>72.9</ele>
			<time>2025-09-14T21:33:04Z</time>
		</trkpt>
		<trkpt lat="59.4558952" lon="24.89536">
			<ele>72.2</ele>
			<time>2025-09-14T21:33:05Z</time>
		</trkpt>
		<trkpt lat="59.4559624" lon="24.8954814">
			<ele>71.7</ele>
			<time>2025-09-14T21:33:06Z</time>
		</trkpt>
		<trkpt lat="59.4560497" lon="24.8955316">
			<ele>70.6</ele>
			<time>2025-09-14T21:33:07Z</time>
		</trkpt>
		<trkpt lat="59.4561478" lon="24.8955518">
			<ele>71.7</ele>
			<time>2025-09-14T21:33:08Z</time>
		</trkpt>
		<trkpt lat="59.4562432" lon="24.8955795">
			<ele>73.1</ele>
			<time>2025-09-14T21:33:09Z</time>
		</trkpt>
		<trkpt lat="59.4563221" lon="24.8956338">
			<ele>74.2</ele>
			<time>2025-09-14T21:33:10Z</time>
		</trkpt>
		<trkpt lat="59.4563831" lon="24.8956979">
			<ele>75.4</ele>
			<time>2025-09-14T21:33:11Z</time>
		</trkpt>
		<trkpt lat="59.4564345" lon="24.8957491">
			<ele>76.4</ele>
			<time>2025-09-14T21:33:12Z</time>
		</trkpt>
		<trkpt lat="59.4564894" lon="24.8957838">
			<ele>77</ele>
			<time>2025-09-14T21:33:13Z</time>
		</trkpt>
		<trkpt lat="59.4565543" lon="24.8958136">
			<ele>77.4</ele>
			<time>2025-09-14T21:33:14Z</time>
		</trkpt>
		<trkpt lat="59.4566348" lon="24.8958479">
			<ele>77.4</ele>
			<time>2025-09-14T21:33:15Z</time>
		</trkpt>
		<trkpt lat="59.4567294" lon="24.8958633">
			<ele>77.6</ele>
			<time>2025-09-14T21:33:16Z</time>
		</trkpt>
		<trkpt lat="59.4568245" lon="24.8958545">
			<ele>78</ele>
			<time>2025-09-14T21:33:17Z</time>
		</trkpt>
		<trkpt lat="59.4569089" lon="24.895847">
			<ele>78.3</ele>
			<time>2025-09-14T21:33:18Z</time>
		</trkpt>
		<trkpt lat="59.4569852" lon="24.8958648">
			<ele>78.6</ele>
			<time>2025-09-14T21:33:19Z</time>
		</trkpt>
		<trkpt lat="59.457051" lon="24.8959145">
			<ele>78.9</ele>
			<time>2025-09-14T21:33:20Z</time>
		</trkpt>
		<trkpt lat="59.4571182" lon="24.8959659">
			<ele>79.6</ele>
			<time>2025-09-14T21:33:21Z</time>
		</trkpt>
		<trkpt lat="59.4571923" lon="24.8960135">
			<ele>79.4</ele>
			<time>2025-09-14T21:33:22Z</time>
		</trkpt>
		<trkpt lat="59.4572779" lon="24.8960465">
			<ele>78.9</ele>
			<time>2025-09-14T21:33:23Z</time>
		</trkpt>
		<trkpt lat="59.4573699" lon="24.8960848">
			<ele>78</ele>
			<time>2025-09-14T21:33:24Z</time>
		</trkpt>
		<trkpt lat="59.4574651" lon="24.8961465">
			<ele>77.5</ele>
			<time>2025-09-14T21:33:25Z</time>
		</trkpt>
		<trkpt lat="59.4575608" lon="24.8962275">
			<ele>77.2</ele>
			<time>2025-09-14T21:33:26Z</time>
		</trkpt>
		<trkpt lat="59.4576619" lon="24.8962972">
			<ele>77.1</ele>
			<time>2025-09-14T21:33:27Z</time>
		</trkpt>
		<trkpt lat="59.4577659" lon="24.896337">
			<ele>77.9</ele>
			<time>2025-09-14T21:33:28Z</time>
		</trkpt>
		<trkpt lat="59.4578703" lon="24.8963477">
			<ele>79.5</ele>
			<time>2025-09-14T21:33:29Z</time>
		</trkpt>
		<trkpt lat="59.4579701" lon="24.8963461">
			<ele>80.6</ele>
			<time>2025-09-14T21:33:30Z</time>
		</trkpt>
		<trkpt lat="59.4580627" lon="24.8963532">
			<ele>81.7</ele>
			<time>2025-09-14T21:33:31Z</time>
		</trkpt>
		<trkpt lat="59.4581455" lon="24.8963828">
			<ele>82.4</ele>
			<time>2025-09-14T21:33:32Z</time>
		</trkpt>
		<trkpt lat="59.4582219" lon="24.8964303">
			<ele>83.2</ele>
			<time>2025-09-14T21:33:33Z</time>
		</trkpt>
		<trkpt lat="59.4582955" lon="24.8964854">
			<ele>84.3</ele>
			<time>2025-09-14T21:33:34Z</time>
		</trkpt>
		<trkpt lat="59.4583661" lon="24.896548">
			<ele>85</ele>
			<time>2025-09-14T21:33:35Z</time>
		</trkpt>
		<trkpt lat="59.4584383" lon="24.896629">
			<ele>85.9</ele>
			<time>2025-09-14T21:33:36Z</time>
		</trkpt>
		<trkpt lat="59.458506" lon="24.8967279">
			<ele>87</ele>
			<time>2025-09-14T21:33:37Z</time>
		</trkpt>
		<trkpt lat="59.4585683" lon="24.8968255">
			<ele>88.9</ele>
			<time>2025-09-14T21:33:38Z</time>
		</trkpt>
		<trkpt lat="59.4586266" lon="24.8968899">
			<ele>91.2</ele>
			<time>2025-09-14T21:33:39Z</time>
		</trkpt>
		<trkpt lat="59.4586778" lon="24.8968975">
			<ele>92.3</ele>
			<time>2025-09-14T21:33:40Z</time>
		</trkpt>
		<trkpt lat="59.4587276" lon="24.8968886">
			<ele>93.6</ele>
			<time>2025-09-14T21:33:41Z</time>
		</trkpt>
		<trkpt lat="59.4587854" lon="24.8968958">
			<ele>93.8</ele>
			<time>2025-09-14T21:33:42Z</time>
		</trkpt>
		<trkpt lat="59.4588608" lon="24.8969154">
			<ele>93.4</ele>
			<time>2025-09-14T21:33:43Z</time>
		</trkpt>
		<trkpt lat="59.4589444" lon="24.8969246">
			<ele>93</ele>
			<time>2025-09-14T21:33:44Z</time>
		</trkpt>
		<trkpt lat="59.4590314" lon="24.896907">
			<ele>92.6</ele>
			<time>2025-09-14T21:33:45Z</time>
		</trkpt>
		<trkpt lat="59.4591165" lon="24.8968626">
			<ele>92.2</ele>
			<time>2025-09-14T21:33:46Z</time>
		</trkpt>
		<trkpt lat="59.4591993" lon="24.8967703">
			<ele>91.8</ele>
			<time>2025-09-14T21:33:47Z</time>
		</trkpt>
		<trkpt lat="59.4592807" lon="24.8966457">
			<ele>92</ele>
			<time>2025-09-14T21:33:48Z</time>
		</trkpt>
		<trkpt lat="59.4593566" lon="24.8964856">
			<ele>91.5</ele>
			<time>2025-09-14T21:33:49Z</time>
		</trkpt>
		<trkpt lat="59.4594206" lon="24.8962771">
			<ele>90.4</ele>
			<time>2025-09-14T21:33:50Z</time>
		</trkpt>
		<trkpt lat="59.4594688" lon="24.8960166">
			<ele>89.7</ele>
			<time>2025-09-14T21:33:51Z</time>
		</trkpt>
		<trkpt lat="59.4594993" lon="24.8957244">
			<ele>89</ele>
			<time>2025-09-14T21:33:52Z</time>
		</trkpt>
		<trkpt lat="59.4595168" lon="24.8954249">
			<ele>88.4</ele>
			<time>2025-09-14T21:33:53Z</time>
		</trkpt>
		<trkpt lat="59.4595158" lon="24.8951296">
			<ele>87.8</ele>
			<time>2025-09-14T21:33:54Z</time>
		</trkpt>
		<trkpt lat="59.4594836" lon="24.8948415">
			<ele>87.1</ele>
			<time>2025-09-14T21:33:55Z</time>
		</trkpt>
		<trkpt lat="59.4594183" lon="24.8945679">
			<ele>86.2</ele>
			<time>2025-09-14T21:33:56Z</time>
		</trkpt>
		<trkpt lat="59.4593197" lon="24.8943183">
			<ele>85.2</ele>
			<time>2025-09-14T21:33:57Z</time>
		</trkpt>
		<trkpt lat="59.4591925" lon="24.894123">
			<ele>84.2</ele>
			<time>2025-09-14T21:33:58Z</time>
		</trkpt>
		<trkpt lat="59.4590443" lon="24.8939934">
			<ele>83.3</ele>
			<time>2025-09-14T21:33:59Z</time>
		</trkpt>
		<trkpt lat="59.4588921" lon="24.8939306">
			<ele>82.8</ele>
			<time>2025-09-14T21:34:00Z</time>
		</trkpt>
		<trkpt lat="59.4587531" lon="24.8938973">
			<ele>83.6</ele>
			<time>2025-09-14T21:34:01Z</time>
		</trkpt>
		<trkpt lat="59.4586318" lon="24.8938603">
			<ele>83</ele>
			<time>2025-09-14T21:34:02Z</time>
		</trkpt>
		<trkpt lat="59.4585242" lon="24.8938266">
			<ele>83.5</ele>
			<time>2025-09-14T21:34:03Z</time>
		</trkpt>
		<trkpt lat="59.4584159" lon="24.8938117">
			<ele>82.9</ele>
			<time>2025-09-14T21:34:04Z</time>
		</trkpt>
		<trkpt lat="59.4582952" lon="24.8938221">
			<ele>82</ele>
			<time>2025-09-14T21:34:05Z</time>
		</trkpt>
		<trkpt lat="59.4581596" lon="24.8938428">
			<ele>81.3</ele>
			<time>2025-09-14T21:34:06Z</time>
		</trkpt>
		<trkpt lat="59.4580223" lon="24.8938618">
			<ele>81.7</ele>
			<time>2025-09-14T21:34:07Z</time>
		</trkpt>
		<trkpt lat="59.4578908" lon="24.8938849">
			<ele>82.2</ele>
			<time>2025-09-14T21:34:08Z</time>
		</trkpt>
		<trkpt lat="59.4577701" lon="24.893911">
			<ele>82.3</ele>
			<time>2025-09-14T21:34:09Z</time>
		</trkpt>
		<trkpt lat="59.4576542" lon="24.8939449">
			<ele>82.5</ele>
			<time>2025-09-14T21:34:10Z</time>
		</trkpt>
		<trkpt lat="59.4575396" lon="24.8940006">
			<ele>82.9</ele>
			<time>2025-09-14T21:34:11Z</time>
		</trkpt>
		<trkpt lat="59.4574264" lon="24.8940765">
			<ele>83.9</ele>
			<time>2025-09-14T21:34:12Z</time>
		</trkpt>
		<trkpt lat="59.4573135" lon="24.8941618">
			<ele>84.8</ele>
			<time>2025-09-14T21:34:13Z</time>
		</trkpt>
		<trkpt lat="59.4571989" lon="24.8942443">
			<ele>85</ele>
			<time>2025-09-14T21:34:14Z</time>
		</trkpt>
		<trkpt lat="59.4570812" lon="24.8943044">
			<ele>85.7</ele>
			<time>2025-09-14T21:34:15Z</time>
		</trkpt>
		<trkpt lat="59.4569696" lon="24.8943387">
			<ele>86.9</ele>
			<time>2025-09-14T21:34:16Z</time>
		</trkpt>
		<trkpt lat="59.4568626" lon="24.8943655">
			<ele>86.5</ele>
			<time>2025-09-14T21:34:17Z</time>
		</trkpt>
		<trkpt lat="59.4567548" lon="24.8943988">
			<ele>86</ele>
			<time>2025-09-14T21:34:18Z</time>
		</trkpt>
		<trkpt lat="59.4566423" lon="24.8944451">
			<ele>85</ele>
			<time>2025-09-14T21:34:19Z</time>
		</trkpt>
		<trkpt lat="59.4565177" lon="24.8945006">
			<ele>84</ele>
			<time>2025-09-14T21:34:20Z</time>
		</trkpt>
		<trkpt lat="59.4563811" lon="24.8945453">
			<ele>84</ele>
			<time>2025-09-14T21:34:21Z</time>
		</trkpt>
		<trkpt lat="59.4562361" lon="24.89457">
			<ele>85</ele>
			<time>2025-09-14T21:34:22Z</time>
		</trkpt>
		<trkpt lat="59.4560899" lon="24.8945491">
			<ele>86.3</ele>
			<time>2025-09-14T21:34:23Z</time>
		</trkpt>
		<trkpt lat="59.4559474" lon="24.8944731">
			<ele>87.6</ele>
			<time>2025-09-14T21:34:24Z</time>
		</trkpt>
		<trkpt lat="59.4558158" lon="24.8943495">
			<ele>89.1</ele>
			<time>2025-09-14T21:34:25Z</time>
		</trkpt>
		<trkpt lat="59.4556907" lon="24.8942175">
			<ele>90.4</ele>
			<time>2025-09-14T21:34:26Z</time>
		</trkpt>
		<trkpt lat="59.4555668" lon="24.8941085">
			<ele>92</ele>
			<time>2025-09-14T21:34:27Z</time>
		</trkpt>
		<trkpt lat="59.4554459" lon="24.8940593">
			<ele>92.9</ele>
			<time>2025-09-14T21:34:28Z</time>
		</trkpt>
		<trkpt lat="59.4553293" lon="24.894083">
			<ele>93.4</ele>
			<time>2025-09-14T21:34:29Z</time>
		</trkpt>
		<trkpt lat="59.4552279" lon="24.8941545">
			<ele>93.8</ele>
			<time>2025-09-14T21:34:30Z</time>
		</trkpt>
		<trkpt lat="59.4551349" lon="24.8942525">
			<ele>94.1</ele>
			<time>2025-09-14T21:34:31Z</time>
		</trkpt>
		<trkpt lat="59.4550474" lon="24.894368">
			<ele>93.7</ele>
			<time>2025-09-14T21:34:32Z</time>
		</trkpt>
		<trkpt lat="59.4549699" lon="24.8944964">
			<ele>94.1</ele>
			<time>2025-09-14T21:34:33Z</time>
		</trkpt>
		<trkpt lat="59.4549003" lon="24.8946331">
			<ele>94.5</ele>
			<time>2025-09-14T21:34:34Z</time>
		</trkpt>
		<trkpt lat="59.454837" lon="24.8947733">
			<ele>94.4</ele>
			<time>2025-09-14T21:34:35Z</time>
		</trkpt>
		<trkpt lat="59.454782" lon="24.8949143">
			<ele>94.7</ele>
			<time>2025-09-14T21:34:36Z</time>
		</trkpt>
		<trkpt lat="59.4547334" lon="24.8950632">
			<ele>95.3</ele>
			<time>2025-09-14T21:34:37Z</time>
		</trkpt>
		<trkpt lat="59.4546961" lon="24.8952307">
			<ele>95.9</ele>
			<time>2025-09-14T21:34:38Z</time>
		</trkpt>
		<trkpt lat="59.4546682" lon="24.8954155">
			<ele>96.4</ele>
			<time>2025-09-14T21:34:39Z</time>
		</trkpt>
		<trkpt lat="59.4546423" lon="24.8956007">
			<ele>96.7</ele>
			<time>2025-09-14T21:34:40Z</time>
		</trkpt>
		<trkpt lat="59.454607" lon="24.8957724">
			<ele>97</ele>
			<time>2025-09-14T21:34:41Z</time>
		</trkpt>
		<trkpt lat="59.4545512" lon="24.8959231">
			<ele>98.1</ele>
			<time>2025-09-14T21:34:42Z</time>
		</trkpt>
		<trkpt lat="59.4544794" lon="24.8960487">
			<ele>98.8</ele>
			<time>2025-09-14T21:34:43Z</time>
		</trkpt>
		<trkpt lat="59.4544085" lon="24.8961633">
			<ele>99.8</ele>
			<time>2025-09-14T21:34:44Z</time>
		</trkpt>
		<trkpt lat="59.4543505" lon="24.8962713">
			<ele>100.4</ele>
			<time>2025-09-14T21:34:45Z</time>
		</trkpt>
		<trkpt lat="59.4543019" lon="24.8963789">
			<ele>100.9</ele>
			<time>2025-09-14T21:34:46Z</time>
		</trkpt>
		<trkpt lat="59.4542558" lon="24.8964885">
			<ele>101.7</ele>
			<time>2025-09-14T21:34:47Z</time>
		</trkpt>
		<trkpt lat="59.454205" lon="24.8965973">
			<ele>101.3</ele>
			<time>2025-09-14T21:34:48Z</time>
		</trkpt>
		<trkpt lat="59.454158" lon="24.8967213">
			<ele>100.2</ele>
			<time>2025-09-14T21:34:49Z</time>
		</trkpt>
		<trkpt lat="59.4541259" lon="24.8968744">
			<ele>98.6</ele>
			<time>2025-09-14T21:34:50Z</time>
		</trkpt>
		<trkpt lat="59.4541117" lon="24.89706">
			<ele>98.1</ele>
			<time>2025-09-14T21:34:51Z</time>
		</trkpt>
		<trkpt lat="59.4541" lon="24.89724">
			<ele>98.4</ele>
			<time>2025-09-14T21:34:52Z</time>
		</trkpt>
		<trkpt lat="59.45408" lon="24.8974083">
			<ele>99.2</ele>
			<time>2025-09-14T21:34:53Z</time>
		</trkpt>
		<trkpt lat="59.45405" lon="24.8975667">
			<ele>99.6</ele>
			<time>2025-09-14T21:34:54Z</time>
		</trkpt>
		<trkpt lat="59.4540217" lon="24.8977183">
			<ele>100</ele>
			<time>2025-09-14T21:34:55Z</time>
		</trkpt>
		<trkpt lat="59.453995" lon="24.8978617">
			<ele>100.2</ele>
			<time>2025-09-14T21:34:56Z</time>
		</trkpt>
		<trkpt lat="59.4539767" lon="24.898">
			<ele>99.9</ele>
			<time>2025-09-14T21:34:57Z</time>
		</trkpt>
		<trkpt lat="59.45397" lon="24.89814">
			<ele>99.2</ele>
			<time>2025-09-14T21:34:58Z</time>
		</trkpt>
		<trkpt lat="59.4539717" lon="24.8982833">
			<ele>98.9</ele>
			<time>2025-09-14T21:34:59Z</time>
		</trkpt>
		<trkpt lat="59.4539817" lon="24.898435">
			<ele>98.8</ele>
			<time>2025-09-14T21:35:00Z</time>
		</trkpt>
		<trkpt lat="59.4539967" lon="24.8985733">
			<ele>99.1</ele>
			<time>2025-09-14T21:35:01Z</time>
		</trkpt>
		<trkpt lat="59.454015" lon="24.898715">
			<ele>98.9</ele>
			<time>2025-09-14T21:35:02Z</time>
		</trkpt>
		<trkpt lat="59.45403" lon="24.89886">
			<ele>99.6</ele>
			<time>2025-09-14T21:35:03Z</time>
		</trkpt>
		<trkpt lat="59.4540417" lon="24.89901">
			<ele>100.1</ele>
			<time>2025-09-14T21:35:04Z</time>
		</trkpt>
		<trkpt lat="59.4540467" lon="24.8991617">
			<ele>100.8</ele>
			<time>2025-09-14T21:35:05Z</time>
		</trkpt>
		<trkpt lat="59.4540467" lon="24.899315">
			<ele>102.2</ele>
			<time>2025-09-14T21:35:06Z</time>
		</trkpt>
		<trkpt lat="59.4540467" lon="24.8994583">
			<ele>103.2</ele>
			<time>2025-09-14T21:35:07Z</time>
		</trkpt>
		<trkpt lat="59.4540533" lon="24.8996033">
			<ele>104.5</ele>
			<time>2025-09-14T21:35:08Z</time>
		</trkpt>
		<trkpt lat="59.4540717" lon="24.8997417">
			<ele>105.7</ele>
			<time>2025-09-14T21:35:09Z</time>
		</trkpt>
		<trkpt lat="59.454095" lon="24.8998633">
			<ele>107.3</ele>
			<time>2025-09-14T21:35:10Z</time>
		</trkpt>
		<trkpt lat="59.4541133" lon="24.8999667">
			<ele>108</ele>
			<time>2025-09-14T21:35:11Z</time>
		</trkpt>
		<trkpt lat="59.4541283" lon="24.9000717">
			<ele>108.5</ele>
			<time>2025-09-14T21:35:12Z</time>
		</trkpt>
		<trkpt lat="59.45414" lon="24.9001867">
			<ele>108.5</ele>
			<time>2025-09-14T21:35:13Z</time>
		</trkpt>
		<trkpt lat="59.4541483" lon="24.9003217">
			<ele>108.5</ele>
			<time>2025-09-14T21:35:14Z</time>
		</trkpt>
		<trkpt lat="59.4541483" lon="24.900475">
			<ele>108.7</ele>
			<time>2025-09-14T21:35:15Z</time>
		</trkpt>
		<trkpt lat="59.45414" lon="24.90064">
			<ele>108.3</ele>
			<time>2025-09-14T21:35:16Z</time>
		</trkpt>
		<trkpt lat="59.45414" lon="24.900795">
			<ele>108.8</ele>
			<time>2025-09-14T21:35:17Z</time>
		</trkpt>
		<trkpt lat="59.454155" lon="24.9009283">
			<ele>109.1</ele>
			<time>2025-09-14T21:35:18Z</time>
		</trkpt>
		<trkpt lat="59.45419" lon="24.9010383">
			<ele>109.4</ele>
			<time>2025-09-14T21:35:19Z</time>
		</trkpt>
		<trkpt lat="59.4542317" lon="24.901145">
			<ele>110.1</ele>
			<time>2025-09-14T21:35:20Z</time>
		</trkpt>
		<trkpt lat="59.454265" lon="24.9012667">
			<ele>110.4</ele>
			<time>2025-09-14T21:35:21Z</time>
		</trkpt>
		<trkpt lat="59.4542833" lon="24.9013917">
			<ele>112.4</ele>
			<time>2025-09-14T21:35:22Z</time>
		</trkpt>
		<trkpt lat="59.4543017" lon="24.9015">
			<ele>113.8</ele>
			<time>2025-09-14T21:35:23Z</time>
		</trkpt>
		<trkpt lat="59.4543333" lon="24.9015783">
			<ele>115.3</ele>
			<time>2025-09-14T21:35:24Z</time>
		</trkpt>
		<trkpt lat="59.454375" lon="24.9016233">
			<ele>116.3</ele>
			<time>2025-09-14T21:35:25Z</time>
		</trkpt>
		<trkpt lat="59.4544383" lon="24.90164">
			<ele>117</ele>
			<time>2025-09-14T21:35:26Z</time>
		</trkpt>
		<trkpt lat="59.45451" lon="24.9016683">
			<ele>116.7</ele>
			<time>2025-09-14T21:35:27Z</time>
		</trkpt>
		<trkpt lat="59.4545867" lon="24.9017017">
			<ele>116.2</ele>
			<time>2025-09-14T21:35:28Z</time>
		</trkpt>
		<trkpt lat="59.4546683" lon="24.9017317">
			<ele>115.7</ele>
			<time>2025-09-14T21:35:29Z</time>
		</trkpt>
		<trkpt lat="59.4547483" lon="24.9017433">
			<ele>115.4</ele>
			<time>2025-09-14T21:35:30Z</time>
		</trkpt>
		<trkpt lat="59.454825" lon="24.9017417">
			<ele>115.5</ele>
			<time>2025-09-14T21:35:31Z</time>
		</trkpt>
		<trkpt lat="59.4548967" lon="24.90173">
			<ele>115.4</ele>
			<time>2025-09-14T21:35:32Z</time>
		</trkpt>
		<trkpt lat="59.45497" lon="24.9017167">
			<ele>115.2</ele>
			<time>2025-09-14T21:35:33Z</time>
		</trkpt>
		<trkpt lat="59.455045" lon="24.901715">
			<ele>114.8</ele>
			<time>2025-09-14T21:35:34Z</time>
		</trkpt>
		<trkpt lat="59.4551233" lon="24.9017367">
			<ele>114.3</ele>
			<time>2025-09-14T21:35:35Z</time>
		</trkpt>
		<trkpt lat="59.4552033" lon="24.9017867">
			<ele>114</ele>
			<time>2025-09-14T21:35:36Z</time>
		</trkpt>
		<trkpt lat="59.45528" lon="24.9018567">
			<ele>114.1</ele>
			<time>2025-09-14T21:35:37Z</time>
		</trkpt>
		<trkpt lat="59.45535" lon="24.901935">
			<ele>114.5</ele>
			<time>2025-09-14T21:35:38Z</time>
		</trkpt>
		<trkpt lat="59.45541" lon="24.9020183">
			<ele>114.8</ele>
			<time>2025-09-14T21:35:39Z</time>
		</trkpt>
		<trkpt lat="59.4554633" lon="24.9021083">
			<ele>115.3</ele>
			<time>2025-09-14T21:35:40Z</time>
		</trkpt>
		<trkpt lat="59.4555167" lon="24.902195">
			<ele>115.9</ele>
			<time>2025-09-14T21:35:41Z</time>
		</trkpt>
		<trkpt lat="59.4555733" lon="24.9022517">
			<ele>116.4</ele>
			<time>2025-09-14T21:35:42Z</time>
		</trkpt>
		<trkpt lat="59.4556367" lon="24.9022717">
			<ele>117</ele>
			<time>2025-09-14T21:35:43Z</time>
		</trkpt>
		<trkpt lat="59.4557067" lon="24.902235">
			<ele>117.5</ele>
			<time>2025-09-14T21:35:44Z</time>
		</trkpt>
		<trkpt lat="59.4557733" lon="24.90219">
			<ele>118.2</ele>
			<time>2025-09-14T21:35:45Z</time>
		</trkpt>
		<trkpt lat="59.455845" lon="24.902215">
			<ele>118.3</ele>
			<time>2025-09-14T21:35:46Z</time>
		</trkpt>
		<trkpt lat="59.4559183" lon="24.902265">
			<ele>117.8</ele>
			<time>2025-09-14T21:35:47Z</time>
		</trkpt>
		<trkpt lat="59.456" lon="24.902305">
			<ele>117</ele>
			<time>2025-09-14T21:35:48Z</time>
		</trkpt>
		<trkpt lat="59.4561" lon="24.9022483">
			<ele>116.4</ele>
			<time>2025-09-14T21:35:49Z</time>
		</trkpt>
		<trkpt lat="59.4562" lon="24.902115">
			<ele>115.9</ele>
			<time>2025-09-14T21:35:50Z</time>
		</trkpt>
		<trkpt lat="59.4562883" lon="24.90193">
			<ele>116.1</ele>
			<time>2025-09-14T21:35:51Z</time>
		</trkpt>
		<trkpt lat="59.45636" lon="24.9017">
			<ele>115.8</ele>
			<time>2025-09-14T21:35:52Z</time>
		</trkpt>
		<trkpt lat="59.4564033" lon="24.9014367">
			<ele>115.2</ele>
			<time>2025-09-14T21:35:53Z</time>
		</trkpt>
		<trkpt lat="59.4564233" lon="24.90114">
			<ele>114.1</ele>
			<time>2025-09-14T21:35:54Z</time>
		</trkpt>
		<trkpt lat="59.456435" lon="24.9008283">
			<ele>113.3</ele>
			<time>2025-09-14T21:35:55Z</time>
		</trkpt>
		<trkpt lat="59.4564517" lon="24.900515">
			<ele>112.1</ele>
			<time>2025-09-14T21:35:56Z</time>
		</trkpt>
		<trkpt lat="59.4564817" lon="24.9002067">
			<ele>110.8</ele>
			<time>2025-09-14T21:35:57Z</time>
		</trkpt>
		<trkpt lat="59.45653" lon="24.8999067">
			<ele>109.9</ele>
			<time>2025-09-14T21:35:58Z</time>
		</trkpt>
		<trkpt lat="59.45659" lon="24.8996267">
			<ele>109.9</ele>
			<time>2025-09-14T21:35:59Z</time>
		</trkpt>
		<trkpt lat="59.4566567" lon="24.8993683">
			<ele>109.9</ele>
			<time>2025-09-14T21:36:00Z</time>
		</trkpt>
		<trkpt lat="59.456725" lon="24.8991383">
			<ele>110.3</ele>
			<time>2025-09-14T21:36:01Z</time>
		</trkpt>
		<trkpt lat="59.4567933" lon="24.8989267">
			<ele>111.3</ele>
			<time>2025-09-14T21:36:02Z</time>
		</trkpt>
		<trkpt lat="59.4568633" lon="24.8987333">
			<ele>113.1</ele>
			<time>2025-09-14T21:36:03Z</time>
		</trkpt>
		<trkpt lat="59.4569333" lon="24.8985433">
			<ele>113.8</ele>
			<time>2025-09-14T21:36:04Z</time>
		</trkpt>
		<trkpt lat="59.457005" lon="24.8983467">
			<ele>114.5</ele>
			<time>2025-09-14T21:36:05Z</time>
		</trkpt>
		<trkpt lat="59.4570833" lon="24.8981567">
			<ele>114.3</ele>
			<time>2025-09-14T21:36:06Z</time>
		</trkpt>
		<trkpt lat="59.4571717" lon="24.8979817">
			<ele>113.6</ele>
			<time>2025-09-14T21:36:07Z</time>
		</trkpt>
		<trkpt lat="59.4572717" lon="24.8978383">
			<ele>113.4</ele>
			<time>2025-09-14T21:36:08Z</time>
		</trkpt>
		<trkpt lat="59.45737" lon="24.897715">
			<ele>114.3</ele>
			<time>2025-09-14T21:36:09Z</time>
		</trkpt>
		<trkpt lat="59.4574617" lon="24.89758">
			<ele>115.3</ele>
			<time>2025-09-14T21:36:10Z</time>
		</trkpt>
		<trkpt lat="59.4575467" lon="24.897425">
			<ele>116</ele>
			<time>2025-09-14T21:36:11Z</time>
		</trkpt>
		<trkpt lat="59.4576283" lon="24.8972633">
			<ele>116.8</ele>
			<time>2025-09-14T21:36:12Z</time>
		</trkpt>
		<trkpt lat="59.457715" lon="24.89711">
			<ele>117.2</ele>
			<time>2025-09-14T21:36:13Z</time>
		</trkpt>
		<trkpt lat="59.457805" lon="24.8969533">
			<ele>118</ele>
			<time>2025-09-14T21:36:14Z</time>
		</trkpt>
		<trkpt lat="59.4578917" lon="24.8967633">
			<ele>118.8</ele>
			<time>2025-09-14T21:36:15Z</time>
		</trkpt>
		<trkpt lat="59.4579617" lon="24.89652">
			<ele>119.9</ele>
			<time>2025-09-14T21:36:16Z</time>
		</trkpt>
		<trkpt lat="59.4580133" lon="24.8962533">
			<ele>120.8</ele>
			<time>2025-09-14T21:36:17Z</time>
		</trkpt>
		<trkpt lat="59.4580667" lon="24.8960117">
			<ele>121.2</ele>
			<time>2025-09-14T21:36:18Z</time>
		</trkpt>
		<trkpt lat="59.4581417" lon="24.895835">
			<ele>121</ele>
			<time>2025-09-14T21:36:19Z</time>
		</trkpt>
		<trkpt lat="59.4582383" lon="24.895735">
			<ele>121.2</ele>
			<time>2025-09-14T21:36:20Z</time>
		</trkpt>
		<trkpt lat="59.4583383" lon="24.89566">
			<ele>122</ele>
			<time>2025-09-14T21:36:21Z</time>
		</trkpt>
		<trkpt lat="59.4584333" lon="24.8955583">
			<ele>122.7</ele>
			<time>2025-09-14T21:36:22Z</time>
		</trkpt>
		<trkpt lat="59.4585217" lon="24.8954117">
			<ele>122.6</ele>
			<time>2025-09-14T21:36:23Z</time>
		</trkpt>
		<trkpt lat="59.4586033" lon="24.8952317">
			<ele>121.8</ele>
			<time>2025-09-14T21:36:24Z</time>
		</trkpt>
		<trkpt lat="59.45869" lon="24.8950617">
			<ele>121.9</ele>
			<time>2025-09-14T21:36:25Z</time>
		</trkpt>
		<trkpt lat="59.458785" lon="24.8949283">
			<ele>121.9</ele>
			<time>2025-09-14T21:36:26Z</time>
		</trkpt>
		<trkpt lat="59.45888" lon="24.8948317">
			<ele>122.1</ele>
			<time>2025-09-14T21:36:27Z</time>
		</trkpt>
		<trkpt lat="59.4589683" lon="24.8947467">
			<ele>122.7</ele>
			<time>2025-09-14T21:36:28Z</time>
		</trkpt>
		<trkpt lat="59.4590467" lon="24.8946567">
			<ele>122.9</ele>
			<time>2025-09-14T21:36:29Z</time>
		</trkpt>
		<trkpt lat="59.459125" lon="24.89456">
			<ele>122.8</ele>
			<time>2025-09-14T21:36:30Z</time>
		</trkpt>
		<trkpt lat="59.4592033" lon="24.8944683">
			<ele>122.4</ele>
			<time>2025-09-14T21:36:31Z</time>
		</trkpt>
		<trkpt lat="59.459285" lon="24.8943783">
			<ele>122</ele>
			<time>2025-09-14T21:36:32Z</time>
		</trkpt>
		<trkpt lat="59.4593683" lon="24.89428">
			<ele>121.5</ele>
			<time>2025-09-14T21:36:33Z</time>
		</trkpt>
		<trkpt lat="59.4594483" lon="24.89417">
			<ele>121.3</ele>
			<time>2025-09-14T21:36:34Z</time>
		</trkpt>
		<trkpt lat="59.45953" lon="24.8940483">
			<ele>121.5</ele>
			<time>2025-09-14T21:36:35Z</time>
		</trkpt>
		<trkpt lat="59.4596083" lon="24.8939183">
			<ele>122</ele>
			<time>2025-09-14T21:36:36Z</time>
		</trkpt>
		<trkpt lat="59.4596833" lon="24.8937733">
			<ele>122.2</ele>
			<time>2025-09-14T21:36:37Z</time>
		</trkpt>
		<trkpt lat="59.459755" lon="24.89361">
			<ele>122.3</ele>
			<time>2025-09-14T21:36:38Z</time>
		</trkpt>
		<trkpt lat="59.45983" lon="24.8934383">
			<ele>122.1</ele>
			<time>2025-09-14T21:36:39Z</time>
		</trkpt>
		<trkpt lat="59.4599083" lon="24.8932617">
			<ele>122.4</ele>
			<time>2025-09-14T21:36:40Z</time>
		</trkpt>
		<trkpt lat="59.4599917" lon="24.893075">
			<ele>122.3</ele>
			<time>2025-09-14T21:36:41Z</time>
		</trkpt>
		<trkpt lat="59.4600717" lon="24.89288">
			<ele>122.3</ele>
			<time>2025-09-14T21:36:42Z</time>
		</trkpt>
		<trkpt lat="59.4601517" lon="24.8926733">
			<ele>122.5</ele>
			<time>2025-09-14T21:36:43Z</time>
		</trkpt>
		<trkpt lat="59.46023" lon="24.89246">
			<ele>122.9</ele>
			<time>2025-09-14T21:36:44Z</time>
		</trkpt>
		<trkpt lat="59.4603067" lon="24.892245">
			<ele>123.8</ele>
			<time>2025-09-14T21:36:45Z</time>
		</trkpt>
		<trkpt lat="59.46038" lon="24.8920333">
			<ele>124.6</ele>
			<time>2025-09-14T21:36:46Z</time>
		</trkpt>
		<trkpt lat="59.4604517" lon="24.8918283">
			<ele>125.5</ele>
			<time>2025-09-14T21:36:47Z</time>
		</trkpt>
		<trkpt lat="59.460525" lon="24.891635">
			<ele>126.3</ele>
			<time>2025-09-14T21:36:48Z</time>
		</trkpt>
		<trkpt lat="59.460605" lon="24.891475">
			<ele>126.5</ele>
			<time>2025-09-14T21:36:49Z</time>
		</trkpt>
		<trkpt lat="59.4606933" lon="24.8913467">
			<ele>126.7</ele>
			<time>2025-09-14T21:36:50Z</time>
		</trkpt>
		<trkpt lat="59.46078" lon="24.8912433">
			<ele>127.3</ele>
			<time>2025-09-14T21:36:51Z</time>
		</trkpt>
		<trkpt lat="59.4608633" lon="24.8911417">
			<ele>127.7</ele>
			<time>2025-09-14T21:36:52Z</time>
		</trkpt>
		<trkpt lat="59.4609417" lon="24.8910317">
			<ele>128.2</ele>
			<time>2025-09-14T21:36:53Z</time>
		</trkpt>
		<trkpt lat="59.4610167" lon="24.8909183">
			<ele>128.3</ele>
			<time>2025-09-14T21:36:54Z</time>
		</trkpt>
		<trkpt lat="59.4610917" lon="24.8908033">
			<ele>128.5</ele>
			<time>2025-09-14T21:36:55Z</time>
		</trkpt>
		<trkpt lat="59.4611683" lon="24.8906833">
			<ele>128.4</ele>
			<time>2025-09-14T21:36:56Z</time>
		</trkpt>
		<trkpt lat="59.4612517" lon="24.8905667">
			<ele>127.9</ele>
			<time>2025-09-14T21:36:57Z</time>
		</trkpt>
		<trkpt lat="59.4613383" lon="24.89045">
			<ele>128.3</ele>
			<time>2025-09-14T21:36:58Z</time>
		</trkpt>
		<trkpt lat="59.4614233" lon="24.8903217">
			<ele>128.8</ele>
			<time>2025-09-14T21:36:59Z</time>
		</trkpt>
		<trkpt lat="59.4615017" lon="24.8901967">
			<ele>129.8</ele>
			<time>2025-09-14T21:37:00Z</time>
		</trkpt>
		<trkpt lat="59.461575" lon="24.8900883">
			<ele>130.4</ele>
			<time>2025-09-14T21:37:01Z</time>
		</trkpt>
		<trkpt lat="59.4616483" lon="24.88999">
			<ele>130.9</ele>
			<time>2025-09-14T21:37:02Z</time>
		</trkpt>
		<trkpt lat="59.46172" lon="24.8898767">
			<ele>131.3</ele>
			<time>2025-09-14T21:37:03Z</time>
		</trkpt>
		<trkpt lat="59.4617933" lon="24.8897383">
			<ele>131.4</ele>
			<time>2025-09-14T21:37:04Z</time>
		</trkpt>
		<trkpt lat="59.4618667" lon="24.8895833">
			<ele>130.9</ele>
			<time>2025-09-14T21:37:05Z</time>
		</trkpt>
		<trkpt lat="59.461945" lon="24.8894433">
			<ele>130.3</ele>
			<time>2025-09-14T21:37:06Z</time>
		</trkpt>
		<trkpt lat="59.462025" lon="24.8893267">
			<ele>130.3</ele>
			<time>2025-09-14T21:37:07Z</time>
		</trkpt>
		<trkpt lat="59.4621067" lon="24.8892267">
			<ele>130.6</ele>
			<time>2025-09-14T21:37:08Z</time>
		</trkpt>
		<trkpt lat="59.462185" lon="24.8891167">
			<ele>131</ele>
			<time>2025-09-14T21:37:09Z</time>
		</trkpt>
		<trkpt lat="59.4622633" lon="24.8889967">
			<ele>130.7</ele>
			<time>2025-09-14T21:37:10Z</time>
		</trkpt>
		<trkpt lat="59.4623433" lon="24.8888883">
			<ele>130.3</ele>
			<time>2025-09-14T21:37:11Z</time>
		</trkpt>
		<trkpt lat="59.462425" lon="24.8888167">
			<ele>129.6</ele>
			<time>2025-09-14T21:37:12Z</time>
		</trkpt>
		<trkpt lat="59.4625133" lon="24.8887833">
			<ele>129.1</ele>
			<time>2025-09-14T21:37:13Z</time>
		</trkpt>
		<trkpt lat="59.462605" lon="24.888775">
			<ele>128.5</ele>
			<time>2025-09-14T21:37:14Z</time>
		</trkpt>
		<trkpt lat="59.4626983" lon="24.888755">
			<ele>129.3</ele>
			<time>2025-09-14T21:37:15Z</time>
		</trkpt>
		<trkpt lat="59.4627867" lon="24.8887067">
			<ele>128.9</ele>
			<time>2025-09-14T21:37:16Z</time>
		</trkpt>
		<trkpt lat="59.4628683" lon="24.8886367">
			<ele>129.4</ele>
			<time>2025-09-14T21:37:17Z</time>
		</trkpt>
		<trkpt lat="59.4629467" lon="24.8885617">
			<ele>129.7</ele>
			<time>2025-09-14T21:37:18Z</time>
		</trkpt>
		<trkpt lat="59.4630233" lon="24.8884833">
			<ele>130.1</ele>
			<time>2025-09-14T21:37:19Z</time>
		</trkpt>
		<trkpt lat="59.4631" lon="24.8884017">
			<ele>129.9</ele>
			<time>2025-09-14T21:37:20Z</time>
		</trkpt>
		<trkpt lat="59.4631783" lon="24.888315">
			<ele>129.7</ele>
			<time>2025-09-14T21:37:21Z</time>
		</trkpt>
		<trkpt lat="59.4632567" lon="24.8882333">
			<ele>129.4</ele>
			<time>2025-09-14T21:37:22Z</time>
		</trkpt>
		<trkpt lat="59.46334" lon="24.8881517">
			<ele>129.2</ele>
			<time>2025-09-14T21:37:23Z</time>
		</trkpt>
		<trkpt lat="59.463425" lon="24.8880583">
			<ele>128.6</ele>
			<time>2025-09-14T21:37:24Z</time>
		</trkpt>
		<trkpt lat="59.46351" lon="24.8879333">
			<ele>128.2</ele>
			<time>2025-09-14T21:37:25Z</time>
		</trkpt>
		<trkpt lat="59.4635933" lon="24.88777">
			<ele>127.7</ele>
			<time>2025-09-14T21:37:26Z</time>
		</trkpt>
		<trkpt lat="59.46367" lon="24.88759">
			<ele>128.1</ele>
			<time>2025-09-14T21:37:27Z</time>
		</trkpt>
		<trkpt lat="59.463745" lon="24.887435">
			<ele>128.2</ele>
			<time>2025-09-14T21:37:28Z</time>
		</trkpt>
		<trkpt lat="59.4638267" lon="24.8873067">
			<ele>128</ele>
			<time>2025-09-14T21:37:29Z</time>
		</trkpt>
		<trkpt lat="59.4639167" lon="24.8871933">
			<ele>128</ele>
			<time>2025-09-14T21:37:30Z</time>
		</trkpt>
		<trkpt lat="59.46401" lon="24.88706">
			<ele>127.8</ele>
			<time>2025-09-14T21:37:31Z</time>
		</trkpt>
		<trkpt lat="59.4641033" lon="24.88688">
			<ele>127.7</ele>
			<time>2025-09-14T21:37:32Z</time>
		</trkpt>
		<trkpt lat="59.4641867" lon="24.886655">
			<ele>128</ele>
			<time>2025-09-14T21:37:33Z</time>
		</trkpt>
		<trkpt lat="59.4642583" lon="24.886415">
			<ele>129.1</ele>
			<time>2025-09-14T21:37:34Z</time>
		</trkpt>
		<trkpt lat="59.4643183" lon="24.886185">
			<ele>131</ele>
			<time>2025-09-14T21:37:35Z</time>
		</trkpt>
		<trkpt lat="59.4643733" lon="24.8859717">
			<ele>132.7</ele>
			<time>2025-09-14T21:37:36Z</time>
		</trkpt>
		<trkpt lat="59.4644283" lon="24.8857683">
			<ele>133.9</ele>
			<time>2025-09-14T21:37:37Z</time>
		</trkpt>
		<trkpt lat="59.46449" lon="24.88557">
			<ele>134.4</ele>
			<time>2025-09-14T21:37:38Z</time>
		</trkpt>
		<trkpt lat="59.464555" lon="24.8853567">
			<ele>134.7</ele>
			<time>2025-09-14T21:37:39Z</time>
		</trkpt>
		<trkpt lat="59.4646233" lon="24.8851267">
			<ele>134.1</ele>
			<time>2025-09-14T21:37:40Z</time>
		</trkpt>
		<trkpt lat="59.4646867" lon="24.8848783">
			<ele>133.8</ele>
			<time>2025-09-14T21:37:41Z</time>
		</trkpt>
		<trkpt lat="59.4647417" lon="24.8846183">
			<ele>134</ele>
			<time>2025-09-14T21:37:42Z</time>
		</trkpt>
		<trkpt lat="59.4647917" lon="24.8843467">
			<ele>133.9</ele>
			<time>2025-09-14T21:37:43Z</time>
		</trkpt>
		<trkpt lat="59.4648317" lon="24.884065">
			<ele>133.6</ele>
			<time>2025-09-14T21:37:44Z</time>
		</trkpt>
		<trkpt lat="59.464865" lon="24.8837767">
			<ele>133.1</ele>
			<time>2025-09-14T21:37:45Z</time>
		</trkpt>
		<trkpt lat="59.4648983" lon="24.8834817">
			<ele>132.3</ele>
			<time>2025-09-14T21:37:46Z</time>
		</trkpt>
		<trkpt lat="59.464935" lon="24.8831783">
			<ele>131.8</ele>
			<time>2025-09-14T21:37:47Z</time>
		</trkpt>
		<trkpt lat="59.46498" lon="24.8828733">
			<ele>131.6</ele>
			<time>2025-09-14T21:37:48Z</time>
		</trkpt>
		<trkpt lat="59.465025" lon="24.8825783">
			<ele>131.3</ele>
			<time>2025-09-14T21:37:49Z</time>
		</trkpt>
		<trkpt lat="59.465065" lon="24.8822767">
			<ele>131.3</ele>
			<time>2025-09-14T21:37:50Z</time>
		</trkpt>
		<trkpt lat="59.4650933" lon="24.8819683">
			<ele>131</ele>
			<time>2025-09-14T21:37:51Z</time>
		</trkpt>
		<trkpt lat="59.465115" lon="24.88165">
			<ele>130.7</ele>
			<time>2025-09-14T21:37:52Z</time>
		</trkpt>
		<trkpt lat="59.4651367" lon="24.8813267">
			<ele>130.1</ele>
			<time>2025-09-14T21:37:53Z</time>
		</trkpt>
		<trkpt lat="59.4651667" lon="24.881005">
			<ele>129.3</ele>
			<time>2025-09-14T21:37:54Z</time>
		</trkpt>
		<trkpt lat="59.4652033" lon="24.8806833">
			<ele>128.9</ele>
			<time>2025-09-14T21:37:55Z</time>
		</trkpt>
		<trkpt lat="59.465245" lon="24.8803633">
			<ele>128.8</ele>
			<time>2025-09-14T21:37:56Z</time>
		</trkpt>
		<trkpt lat="59.4652833" lon="24.8800383">
			<ele>128.7</ele>
			<time>2025-09-14T21:37:57Z</time>
		</trkpt>
		<trkpt lat="59.4653183" lon="24.8797233">
			<ele>129.8</ele>
			<time>2025-09-14T21:37:58Z</time>
		</trkpt>
		<trkpt lat="59.4653517" lon="24.8794233">
			<ele>130.1</ele>
			<time>2025-09-14T21:37:59Z</time>
		</trkpt>
		<trkpt lat="59.46539" lon="24.87914">
			<ele>130.7</ele>
			<time>2025-09-14T21:38:00Z</time>
		</trkpt>
		<trkpt lat="59.465435" lon="24.878865">
			<ele>130.7</ele>
			<time>2025-09-14T21:38:01Z</time>
		</trkpt>
		<trkpt lat="59.46548" lon="24.8785767">
			<ele>131.3</ele>
			<time>2025-09-14T21:38:02Z</time>
		</trkpt>
		<trkpt lat="59.465515" lon="24.878275">
			<ele>131.3</ele>
			<time>2025-09-14T21:38:03Z</time>
		</trkpt>
		<trkpt lat="59.4655483" lon="24.8779617">
			<ele>131.3</ele>
			<time>2025-09-14T21:38:04Z</time>
		</trkpt>
		<trkpt lat="59.4655883" lon="24.8776467">
			<ele>130.8</ele>
			<time>2025-09-14T21:38:05Z</time>
		</trkpt>
		<trkpt lat="59.4656367" lon="24.8773517">
			<ele>130.9</ele>
			<time>2025-09-14T21:38:06Z</time>
		</trkpt>
		<trkpt lat="59.46568" lon="24.8770633">
			<ele>131.6</ele>
			<time>2025-09-14T21:38:07Z</time>
		</trkpt>
		<trkpt lat="59.46571" lon="24.8767667">
			<ele>132</ele>
			<time>2025-09-14T21:38:08Z</time>
		</trkpt>
		<trkpt lat="59.46573" lon="24.87645">
			<ele>132.1</ele>
			<time>2025-09-14T21:38:09Z</time>
		</trkpt>
		<trkpt lat="59.4657483" lon="24.876125">
			<ele>132</ele>
			<time>2025-09-14T21:38:10Z</time>
		</trkpt>
		<trkpt lat="59.4657717" lon="24.8758017">
			<ele>132</ele>
			<time>2025-09-14T21:38:11Z</time>
		</trkpt>
		<trkpt lat="59.4657967" lon="24.8754833">
			<ele>132.5</ele>
			<time>2025-09-14T21:38:12Z</time>
		</trkpt>
		<trkpt lat="59.4658267" lon="24.875165">
			<ele>132.7</ele>
			<time>2025-09-14T21:38:13Z</time>
		</trkpt>
		<trkpt lat="59.4658617" lon="24.874855">
			<ele>132.3</ele>
			<time>2025-09-14T21:38:14Z</time>
		</trkpt>
		<trkpt lat="59.4659117" lon="24.8745633">
			<ele>131.7</ele>
			<time>2025-09-14T21:38:15Z</time>
		</trkpt>
		<trkpt lat="59.4659783" lon="24.8743117">
			<ele>131.8</ele>
			<time>2025-09-14T21:38:16Z</time>
		</trkpt>
		<trkpt lat="59.4660583" lon="24.874115">
			<ele>131.9</ele>
			<time>2025-09-14T21:38:17Z</time>
		</trkpt>
		<trkpt lat="59.466145" lon="24.8739833">
			<ele>132.4</ele>
			<time>2025-09-14T21:38:18Z</time>
		</trkpt>
		<trkpt lat="59.466225" lon="24.87391">
			<ele>132.8</ele>
			<time>2025-09-14T21:38:19Z</time>
		</trkpt>
		<trkpt lat="59.466295" lon="24.8738733">
			<ele>133.4</ele>
			<time>2025-09-14T21:38:20Z</time>
		</trkpt>
		<trkpt lat="59.46635" lon="24.873875">
			<ele>133.5</ele>
			<time>2025-09-14T21:38:21Z</time>
		</trkpt>
		<trkpt lat="59.4663867" lon="24.8739367">
			<ele>133.6</ele>
			<time>2025-09-14T21:38:22Z</time>
		</trkpt>
		<trkpt lat="59.4664017" lon="24.87404">
			<ele>133.9</ele>
			<time>2025-09-14T21:38:23Z</time>
		</trkpt>
		<trkpt lat="59.4664117" lon="24.874135">
			<ele>134.2</ele>
			<time>2025-09-14T21:38:24Z</time>
		</trkpt>
		<trkpt lat="59.46642" lon="24.8742167">
			<ele>134.3</ele>
			<time>2025-09-14T21:38:25Z</time>
		</trkpt>
		<trkpt lat="59.4664217" lon="24.8742967">
			<ele>134.2</ele>
			<time>2025-09-14T21:38:26Z</time>
		</trkpt>
		<trkpt lat="59.46642" lon="24.8743833">
			<ele>133.6</ele>
			<time>2025-09-14T21:38:27Z</time>
		</trkpt>
		<trkpt lat="59.4664133" lon="24.8744817">
			<ele>133.2</ele>
			<time>2025-09-14T21:38:28Z</time>
		</trkpt>
		<trkpt lat="59.4664" lon="24.87458">
			<ele>132.6</ele>
			<time>2025-09-14T21:38:29Z</time>
		</trkpt>
		<trkpt lat="59.4663867" lon="24.8746767">
			<ele>132.1</ele>
			<time>2025-09-14T21:38:30Z</time>
		</trkpt>
		<trkpt lat="59.4663733" lon="24.8747667">
			<ele>131.9</ele>
			<time>2025-09-14T21:38:31Z</time>
		</trkpt>
		<trkpt lat="59.4663633" lon="24.8748517">
			<ele>132.1</ele>
			<time>2025-09-14T21:38:32Z</time>
		</trkpt>
		<trkpt lat="59.4663483" lon="24.874935">
			<ele>131.6</ele>
			<time>2025-09-14T21:38:33Z</time>
		</trkpt>
		<trkpt lat="59.466335" lon="24.8750233">
			<ele>131.2</ele>
			<time>2025-09-14T21:38:34Z</time>
		</trkpt>
		<trkpt lat="59.4663217" lon="24.8751167">
			<ele>130.8</ele>
			<time>2025-09-14T21:38:35Z</time>
		</trkpt>
		<trkpt lat="59.466315" lon="24.8752117">
			<ele>130.3</ele>
			<time>2025-09-14T21:38:36Z</time>
		</trkpt>
		<trkpt lat="59.4663167" lon="24.8753067">
			<ele>130</ele>
			<time>2025-09-14T21:38:37Z</time>
		</trkpt>
		<trkpt lat="59.4663117" lon="24.8753983">
			<ele>130</ele>
			<time>2025-09-14T21:38:38Z</time>
		</trkpt>
		<trkpt lat="59.4662967" lon="24.8754917">
			<ele>130.6</ele>
			<time>2025-09-14T21:38:39Z</time>
		</trkpt>
		<trkpt lat="59.4662733" lon="24.8755833">
			<ele>130.7</ele>
			<time>2025-09-14T21:38:40Z</time>
		</trkpt>
		<trkpt lat="59.4662417" lon="24.8756767">
			<ele>131.2</ele>
			<time>2025-09-14T21:38:41Z</time>
		</trkpt>
		<trkpt lat="59.4662083" lon="24.8757733">
			<ele>131.1</ele>
			<time>2025-09-14T21:38:42Z</time>
		</trkpt>
		<trkpt lat="59.466175" lon="24.8758767">
			<ele>130.7</ele>
			<time>2025-09-14T21:38:43Z</time>
		</trkpt>
		<trkpt lat="59.466145" lon="24.8759833">
			<ele>130.3</ele>
			<time>2025-09-14T21:38:44Z</time>
		</trkpt>
		<trkpt lat="59.466125" lon="24.8760883">
			<ele>130.1</ele>
			<time>2025-09-14T21:38:45Z</time>
		</trkpt>
		<trkpt lat="59.466115" lon="24.87619">
			<ele>130.1</ele>
			<time>2025-09-14T21:38:46Z</time>
		</trkpt>
		<trkpt lat="59.466115" lon="24.8762817">
			<ele>130.2</ele>
			<time>2025-09-14T21:38:47Z</time>
		</trkpt>
		<trkpt lat="59.466125" lon="24.8763633">
			<ele>129.7</ele>
			<time>2025-09-14T21:38:48Z</time>
		</trkpt>
		<trkpt lat="59.466145" lon="24.8764383">
			<ele>129.3</ele>
			<time>2025-09-14T21:38:49Z</time>
		</trkpt>
		<trkpt lat="59.4661733" lon="24.8765133">
			<ele>129.2</ele>
			<time>2025-09-14T21:38:50Z</time>
		</trkpt>
		<trkpt lat="59.4662017" lon="24.87659">
			<ele>129.2</ele>
			<time>2025-09-14T21:38:51Z</time>
		</trkpt>
		<trkpt lat="59.4662217" lon="24.8766767">
			<ele>129.5</ele>
			<time>2025-09-14T21:38:52Z</time>
		</trkpt>
		<trkpt lat="59.4662267" lon="24.8767767">
			<ele>129.5</ele>
			<time>2025-09-14T21:38:53Z</time>
		</trkpt>
		<trkpt lat="59.4662217" lon="24.87689">
			<ele>129.2</ele>
			<time>2025-09-14T21:38:54Z</time>
		</trkpt>
		<trkpt lat="59.4662067" lon="24.877005">
			<ele>129</ele>
			<time>2025-09-14T21:38:55Z</time>
		</trkpt>
		<trkpt lat="59.4661883" lon="24.8771167">
			<ele>128.9</ele>
			<time>2025-09-14T21:38:56Z</time>
		</trkpt>
		<trkpt lat="59.4661717" lon="24.87723">
			<ele>128.9</ele>
			<time>2025-09-14T21:38:57Z</time>
		</trkpt>
		<trkpt lat="59.4661583" lon="24.8773333">
			<ele>128.7</ele>
			<time>2025-09-14T21:38:58Z</time>
		</trkpt>
		<trkpt lat="59.4661433" lon="24.8774383">
			<ele>129.1</ele>
			<time>2025-09-14T21:38:59Z</time>
		</trkpt>
		<trkpt lat="59.4661167" lon="24.8775383">
			<ele>129.1</ele>
			<time>2025-09-14T21:39:00Z</time>
		</trkpt>
		<trkpt lat="59.4660733" lon="24.8776317">
			<ele>128.7</ele>
			<time>2025-09-14T21:39:01Z</time>
		</trkpt>
		<trkpt lat="59.4660167" lon="24.8777183">
			<ele>128.5</ele>
			<time>2025-09-14T21:39:02Z</time>
		</trkpt>
		<trkpt lat="59.4659567" lon="24.8777967">
			<ele>128.7</ele>
			<time>2025-09-14T21:39:03Z</time>
		</trkpt>
		<trkpt lat="59.465905" lon="24.877875">
			<ele>129</ele>
			<time>2025-09-14T21:39:04Z</time>
		</trkpt>
		<trkpt lat="59.465865" lon="24.8779583">
			<ele>129</ele>
			<time>2025-09-14T21:39:05Z</time>
		</trkpt>
		<trkpt lat="59.4658367" lon="24.878045">
			<ele>128.7</ele>
			<time>2025-09-14T21:39:06Z</time>
		</trkpt>
		<trkpt lat="59.4658183" lon="24.8781333">
			<ele>128.2</ele>
			<time>2025-09-14T21:39:07Z</time>
		</trkpt>
		<trkpt lat="59.46581" lon="24.8782217">
			<ele>127.4</ele>
			<time>2025-09-14T21:39:08Z</time>
		</trkpt>
		<trkpt lat="59.46581" lon="24.87831">
			<ele>126.8</ele>
			<time>2025-09-14T21:39:09Z</time>
		</trkpt>
		<trkpt lat="59.465815" lon="24.878395">
			<ele>125.6</ele>
			<time>2025-09-14T21:39:10Z</time>
		</trkpt>
		<trkpt lat="59.4658233" lon="24.8784833">
			<ele>124.5</ele>
			<time>2025-09-14T21:39:11Z</time>
		</trkpt>
		<trkpt lat="59.4658333" lon="24.8785767">
			<ele>123.7</ele>
			<time>2025-09-14T21:39:12Z</time>
		</trkpt>
		<trkpt lat="59.4658433" lon="24.878675">
			<ele>123</ele>
			<time>2025-09-14T21:39:13Z</time>
		</trkpt>
		<trkpt lat="59.4658533" lon="24.8787783">
			<ele>122.1</ele>
			<time>2025-09-14T21:39:14Z</time>
		</trkpt>
		<trkpt lat="59.46586" lon="24.8788867">
			<ele>121.6</ele>
			<time>2025-09-14T21:39:15Z</time>
		</trkpt>
		<trkpt lat="59.465865" lon="24.8789933">
			<ele>121.6</ele>
			<time>2025-09-14T21:39:16Z</time>
		</trkpt>
		<trkpt lat="59.4658533" lon="24.8790967">
			<ele>121.9</ele>
			<time>2025-09-14T21:39:17Z</time>
		</trkpt>
		<trkpt lat="59.4658417" lon="24.8792">
			<ele>121.8</ele>
			<time>2025-09-14T21:39:18Z</time>
		</trkpt>
		<trkpt lat="59.465845" lon="24.8793067">
			<ele>121.3</ele>
			<time>2025-09-14T21:39:19Z</time>
		</trkpt>
		<trkpt lat="59.4658617" lon="24.8794183">
			<ele>120.8</ele>
			<time>2025-09-14T21:39:20Z</time>
		</trkpt>
		<trkpt lat="59.46588" lon="24.8795383">
			<ele>120.7</ele>
			<time>2025-09-14T21:39:21Z</time>
		</trkpt>
		<trkpt lat="59.4658967" lon="24.8796683">
			<ele>120.4</ele>
			<time>2025-09-14T21:39:22Z</time>
		</trkpt>
		<trkpt lat="59.465915" lon="24.879795">
			<ele>119.1</ele>
			<time>2025-09-14T21:39:23Z</time>
		</trkpt>
		<trkpt lat="59.4659483" lon="24.8799133">
			<ele>118.9</ele>
			<time>2025-09-14T21:39:24Z</time>
		</trkpt>
		<trkpt lat="59.4659883" lon="24.880015">
			<ele>118.6</ele>
			<time>2025-09-14T21:39:25Z</time>
		</trkpt>
		<trkpt lat="59.4660283" lon="24.8801033">
			<ele>118.7</ele>
			<time>2025-09-14T21:39:26Z</time>
		</trkpt>
		<trkpt lat="59.46606" lon="24.880185">
			<ele>118.9</ele>
			<time>2025-09-14T21:39:27Z</time>
		</trkpt>
		<trkpt lat="59.4660883" lon="24.8802583">
			<ele>118.5</ele>
			<time>2025-09-14T21:39:28Z</time>
		</trkpt>
		<trkpt lat="59.46613" lon="24.88033">
			<ele>117.8</ele>
			<time>2025-09-14T21:39:29Z</time>
		</trkpt>
		<trkpt lat="59.4661833" lon="24.8804083">
			<ele>117.2</ele>
			<time>2025-09-14T21:39:30Z</time>
		</trkpt>
		<trkpt lat="59.46624" lon="24.8804967">
			<ele>116.6</ele>
			<time>2025-09-14T21:39:31Z</time>
		</trkpt>
		<trkpt lat="59.46629" lon="24.8805833">
			<ele>116</ele>
			<time>2025-09-14T21:39:32Z</time>
		</trkpt>
		<trkpt lat="59.4663433" lon="24.8806517">
			<ele>115.3</ele>
			<time>2025-09-14T21:39:33Z</time>
		</trkpt>
		<trkpt lat="59.466405" lon="24.880695">
			<ele>115.4</ele>
			<time>2025-09-14T21:39:34Z</time>
		</trkpt>
		<trkpt lat="59.46646" lon="24.8807417">
			<ele>115.4</ele>
			<time>2025-09-14T21:39:35Z</time>
		</trkpt>
		<trkpt lat="59.4664967" lon="24.88084">
			<ele>114.7</ele>
			<time>2025-09-14T21:39:36Z</time>
		</trkpt>
		<trkpt lat="59.4665083" lon="24.88097">
			<ele>114.4</ele>
			<time>2025-09-14T21:39:37Z</time>
		</trkpt>
		<trkpt lat="59.4665" lon="24.88112">
			<ele>114.4</ele>
			<time>2025-09-14T21:39:38Z</time>
		</trkpt>
		<trkpt lat="59.46647" lon="24.88127">
			<ele>114.3</ele>
			<time>2025-09-14T21:39:39Z</time>
		</trkpt>
		<trkpt lat="59.466435" lon="24.8814067">
			<ele>115.1</ele>
			<time>2025-09-14T21:39:40Z</time>
		</trkpt>
		<trkpt lat="59.466395" lon="24.8815367">
			<ele>115.5</ele>
			<time>2025-09-14T21:39:41Z</time>
		</trkpt>
		<trkpt lat="59.4663417" lon="24.88165">
			<ele>115.3</ele>
			<time>2025-09-14T21:39:42Z</time>
		</trkpt>
		<trkpt lat="59.466275" lon="24.8817533">
			<ele>114.6</ele>
			<time>2025-09-14T21:39:43Z</time>
		</trkpt>
		<trkpt lat="59.4661917" lon="24.8818433">
			<ele>113.5</ele>
			<time>2025-09-14T21:39:44Z</time>
		</trkpt>
		<trkpt lat="59.46611" lon="24.881935">
			<ele>112.1</ele>
			<time>2025-09-14T21:39:45Z</time>
		</trkpt>
		<trkpt lat="59.4660317" lon="24.8820417">
			<ele>111</ele>
			<time>2025-09-14T21:39:46Z</time>
		</trkpt>
		<trkpt lat="59.4659717" lon="24.8821667">
			<ele>110.1</ele>
			<time>2025-09-14T21:39:47Z</time>
		</trkpt>
		<trkpt lat="59.4659183" lon="24.882295">
			<ele>109.4</ele>
			<time>2025-09-14T21:39:48Z</time>
		</trkpt>
		<trkpt lat="59.4658583" lon="24.8824167">
			<ele>108.7</ele>
			<time>2025-09-14T21:39:49Z</time>
		</trkpt>
		<trkpt lat="59.4657883" lon="24.8825367">
			<ele>108</ele>
			<time>2025-09-14T21:39:50Z</time>
		</trkpt>
		<trkpt lat="59.4657183" lon="24.8826633">
			<ele>108</ele>
			<time>2025-09-14T21:39:51Z</time>
		</trkpt>
		<trkpt lat="59.4656583" lon="24.8827817">
			<ele>107.8</ele>
			<time>2025-09-14T21:39:52Z</time>
		</trkpt>
		<trkpt lat="59.4656" lon="24.882885">
			<ele>107.7</ele>
			<time>2025-09-14T21:39:53Z</time>
		</trkpt>
		<trkpt lat="59.4655383" lon="24.8829767">
			<ele>107.5</ele>
			<time>2025-09-14T21:39:54Z</time>
		</trkpt>
		<trkpt lat="59.4654717" lon="24.883065">
			<ele>106.9</ele>
			<time>2025-09-14T21:39:55Z</time>
		</trkpt>
		<trkpt lat="59.4654017" lon="24.8831517">
			<ele>105.8</ele>
			<time>2025-09-14T21:39:56Z</time>
		</trkpt>
		<trkpt lat="59.4653333" lon="24.883245">
			<ele>105.2</ele>
			<time>2025-09-14T21:39:57Z</time>
		</trkpt>
		<trkpt lat="59.46527" lon="24.88335">
			<ele>104.7</ele>
			<time>2025-09-14T21:39:58Z</time>
		</trkpt>
		<trkpt lat="59.4652117" lon="24.8834733">
			<ele>104.4</ele>
			<time>2025-09-14T21:39:59Z</time>
		</trkpt>
		<trkpt lat="59.46516" lon="24.8836117">
			<ele>104</ele>
			<time>2025-09-14T21:40:00Z</time>
		</trkpt>
		<trkpt lat="59.4651083" lon="24.8837483">
			<ele>104.4</ele>
			<time>2025-09-14T21:40:01Z</time>
		</trkpt>
		<trkpt lat="59.4650633" lon="24.883885">
			<ele>104.7</ele>
			<time>2025-09-14T21:40:02Z</time>
		</trkpt>
		<trkpt lat="59.4650217" lon="24.8840183">
			<ele>104.8</ele>
			<time>2025-09-14T21:40:03Z</time>
		</trkpt>
		<trkpt lat="59.4649817" lon="24.88415">
			<ele>104.7</ele>
			<time>2025-09-14T21:40:04Z</time>
		</trkpt>
		<trkpt lat="59.464935" lon="24.8842833">
			<ele>104.5</ele>
			<time>2025-09-14T21:40:05Z</time>
		</trkpt>
		<trkpt lat="59.46488" lon="24.8844117">
			<ele>104.3</ele>
			<time>2025-09-14T21:40:06Z</time>
		</trkpt>
		<trkpt lat="59.4648233" lon="24.8845283">
			<ele>104.6</ele>
			<time>2025-09-14T21:40:07Z</time>
		</trkpt>
		<trkpt lat="59.4647717" lon="24.88463">
			<ele>104.9</ele>
			<time>2025-09-14T21:40:08Z</time>
		</trkpt>
		<trkpt lat="59.4647267" lon="24.8847317">
			<ele>104.5</ele>
			<time>2025-09-14T21:40:09Z</time>
		</trkpt>
		<trkpt lat="59.4646817" lon="24.88484">
			<ele>103.8</ele>
			<time>2025-09-14T21:40:10Z</time>
		</trkpt>
		<trkpt lat="59.4646367" lon="24.8849633">
			<ele>103</ele>
			<time>2025-09-14T21:40:11Z</time>
		</trkpt>
		<trkpt lat="59.4645917" lon="24.8850933">
			<ele>102.5</ele>
			<time>2025-09-14T21:40:12Z</time>
		</trkpt>
		<trkpt lat="59.4645517" lon="24.88522">
			<ele>102.5</ele>
			<time>2025-09-14T21:40:13Z</time>
		</trkpt>
		<trkpt lat="59.464515" lon="24.8853417">
			<ele>102.5</ele>
			<time>2025-09-14T21:40:14Z</time>
		</trkpt>
		<trkpt lat="59.4644767" lon="24.8854567">
			<ele>102.4</ele>
			<time>2025-09-14T21:40:15Z</time>
		</trkpt>
		<trkpt lat="59.46444" lon="24.8855667">
			<ele>102.5</ele>
			<time>2025-09-14T21:40:16Z</time>
		</trkpt>
		<trkpt lat="59.4644117" lon="24.8856717">
			<ele>102.5</ele>
			<time>2025-09-14T21:40:17Z</time>
		</trkpt>
		<trkpt lat="59.464395" lon="24.88578">
			<ele>101.8</ele>
			<time>2025-09-14T21:40:18Z</time>
		</trkpt>
		<trkpt lat="59.4643817" lon="24.8859017">
			<ele>100.7</ele>
			<time>2025-09-14T21:40:19Z</time>
		</trkpt>
		<trkpt lat="59.4643633" lon="24.8860317">
			<ele>99.9</ele>
			<time>2025-09-14T21:40:20Z</time>
		</trkpt>
		<trkpt lat="59.4643317" lon="24.8861733">
			<ele>99.4</ele>
			<time>2025-09-14T21:40:21Z</time>
		</trkpt>
		<trkpt lat="59.4642917" lon="24.8863133">
			<ele>99.4</ele>
			<time>2025-09-14T21:40:22Z</time>
		</trkpt>
		<trkpt lat="59.4642567" lon="24.8864517">
			<ele>99.7</ele>
			<time>2025-09-14T21:40:23Z</time>
		</trkpt>
		<trkpt lat="59.46423" lon="24.886585">
			<ele>100.4</ele>
			<time>2025-09-14T21:40:24Z</time>
		</trkpt>
		<trkpt lat="59.4642067" lon="24.8867117">
			<ele>101.2</ele>
			<time>2025-09-14T21:40:25Z</time>
		</trkpt>
		<trkpt lat="59.464175" lon="24.88682">
			<ele>101.8</ele>
			<time>2025-09-14T21:40:26Z</time>
		</trkpt>
		<trkpt lat="59.4641367" lon="24.886915">
			<ele>102.5</ele>
			<time>2025-09-14T21:40:27Z</time>
		</trkpt>
		<trkpt lat="59.4641033" lon="24.88701">
			<ele>102.9</ele>
			<time>2025-09-14T21:40:28Z</time>
		</trkpt>
		<trkpt lat="59.464085" lon="24.88711">
			<ele>102.6</ele>
			<time>2025-09-14T21:40:29Z</time>
		</trkpt>
		<trkpt lat="59.4640767" lon="24.887225">
			<ele>102</ele>
			<time>2025-09-14T21:40:30Z</time>
		</trkpt>
		<trkpt lat="59.46407" lon="24.8873467">
			<ele>101.3</ele>
			<time>2025-09-14T21:40:31Z</time>
		</trkpt>
		<trkpt lat="59.4640567" lon="24.8874717">
			<ele>101.3</ele>
			<time>2025-09-14T21:40:32Z</time>
		</trkpt>
		<trkpt lat="59.4640367" lon="24.8875967">
			<ele>100.9</ele>
			<time>2025-09-14T21:40:33Z</time>
		</trkpt>
		<trkpt lat="59.4640083" lon="24.8877283">
			<ele>100.4</ele>
			<time>2025-09-14T21:40:34Z</time>
		</trkpt>
		<trkpt lat="59.4639717" lon="24.887865">
			<ele>99.9</ele>
			<time>2025-09-14T21:40:35Z</time>
		</trkpt>
		<trkpt lat="59.463935" lon="24.8880067">
			<ele>99.8</ele>
			<time>2025-09-14T21:40:36Z</time>
		</trkpt>
		<trkpt lat="59.463905" lon="24.88815">
			<ele>99.7</ele>
			<time>2025-09-14T21:40:37Z</time>
		</trkpt>
		<trkpt lat="59.4638883" lon="24.88829">
			<ele>99</ele>
			<time>2025-09-14T21:40:38Z</time>
		</trkpt>
		<trkpt lat="59.4638933" lon="24.888415">
			<ele>98.3</ele>
			<time>2025-09-14T21:40:39Z</time>
		</trkpt>
		<trkpt lat="59.4639217" lon="24.8885267">
			<ele>98</ele>
			<time>2025-09-14T21:40:40Z</time>
		</trkpt>
		<trkpt lat="59.4639683" lon="24.888625">
			<ele>97.5</ele>
			<time>2025-09-14T21:40:41Z</time>
		</trkpt>
		<trkpt lat="59.4640333" lon="24.8887017">
			<ele>97.1</ele>
			<time>2025-09-14T21:40:42Z</time>
		</trkpt>
		<trkpt lat="59.4641183" lon="24.8887667">
			<ele>96.7</ele>
			<time>2025-09-14T21:40:43Z</time>
		</trkpt>
		<trkpt lat="59.4642167" lon="24.8888067">
			<ele>96.4</ele>
			<time>2025-09-14T21:40:44Z</time>
		</trkpt>
		<trkpt lat="59.4643183" lon="24.8887983">
			<ele>97</ele>
			<time>2025-09-14T21:40:45Z</time>
		</trkpt>
		<trkpt lat="59.464415" lon="24.8887083">
			<ele>97.4</ele>
			<time>2025-09-14T21:40:46Z</time>
		</trkpt>
		<trkpt lat="59.4645033" lon="24.88854">
			<ele>98.4</ele>
			<time>2025-09-14T21:40:47Z</time>
		</trkpt>
		<trkpt lat="59.4645817" lon="24.8883633">
			<ele>100.1</ele>
			<time>2025-09-14T21:40:48Z</time>
		</trkpt>
		<trkpt lat="59.4646533" lon="24.888215">
			<ele>101.5</ele>
			<time>2025-09-14T21:40:49Z</time>
		</trkpt>
		<trkpt lat="59.4647233" lon="24.888085">
			<ele>102.3</ele>
			<time>2025-09-14T21:40:50Z</time>
		</trkpt>
		<trkpt lat="59.4647917" lon="24.8879483">
			<ele>102.6</ele>
			<time>2025-09-14T21:40:51Z</time>
		</trkpt>
		<trkpt lat="59.4648617" lon="24.8877833">
			<ele>102.9</ele>
			<time>2025-09-14T21:40:52Z</time>
		</trkpt>
		<trkpt lat="59.4649333" lon="24.8875867">
			<ele>103.3</ele>
			<time>2025-09-14T21:40:53Z</time>
		</trkpt>
		<trkpt lat="59.465005" lon="24.8873617">
			<ele>103.7</ele>
			<time>2025-09-14T21:40:54Z</time>
		</trkpt>
		<trkpt lat="59.4650667" lon="24.8871083">
			<ele>103.7</ele>
			<time>2025-09-14T21:40:55Z</time>
		</trkpt>
		<trkpt lat="59.465115" lon="24.8868233">
			<ele>103.6</ele>
			<time>2025-09-14T21:40:56Z</time>
		</trkpt>
		<trkpt lat="59.46515" lon="24.8865267">
			<ele>103.9</ele>
			<time>2025-09-14T21:40:57Z</time>
		</trkpt>
		<trkpt lat="59.4651683" lon="24.8862333">
			<ele>104.4</ele>
			<time>2025-09-14T21:40:58Z</time>
		</trkpt>
		<trkpt lat="59.465175" lon="24.8859467">
			<ele>104.5</ele>
			<time>2025-09-14T21:40:59Z</time>
		</trkpt>
		<trkpt lat="59.46518" lon="24.8856633">
			<ele>104.3</ele>
			<time>2025-09-14T21:41:00Z</time>
		</trkpt>
		<trkpt lat="59.4651833" lon="24.8853667">
			<ele>103.2</ele>
			<time>2025-09-14T21:41:01Z</time>
		</trkpt>
		<trkpt lat="59.4651883" lon="24.8850433">
			<ele>101.9</ele>
			<time>2025-09-14T21:41:02Z</time>
		</trkpt>
		<trkpt lat="59.4651867" lon="24.8847">
			<ele>101.1</ele>
			<time>2025-09-14T21:41:03Z</time>
		</trkpt>
		<trkpt lat="59.4651833" lon="24.884355">
			<ele>100.3</ele>
			<time>2025-09-14T21:41:04Z</time>
		</trkpt>
		<trkpt lat="59.46519" lon="24.8840167">
			<ele>99.7</ele>
			<time>2025-09-14T21:41:05Z</time>
		</trkpt>
		<trkpt lat="59.4652133" lon="24.8836983">
			<ele>99.6</ele>
			<time>2025-09-14T21:41:06Z</time>
		</trkpt>
		<trkpt lat="59.4652533" lon="24.8834167">
			<ele>99.9</ele>
			<time>2025-09-14T21:41:07Z</time>
		</trkpt>
		<trkpt lat="59.4652967" lon="24.8831667">
			<ele>100.5</ele>
			<time>2025-09-14T21:41:08Z</time>
		</trkpt>
		<trkpt lat="59.4653467" lon="24.882935">
			<ele>100.5</ele>
			<time>2025-09-14T21:41:09Z</time>
		</trkpt>
		<trkpt lat="59.465395" lon="24.8827017">
			<ele>100.9</ele>
			<time>2025-09-14T21:41:10Z</time>
		</trkpt>
		<trkpt lat="59.46544" lon="24.8824567">
			<ele>101</ele>
			<time>2025-09-14T21:41:11Z</time>
		</trkpt>
		<trkpt lat="59.4654833" lon="24.8822083">
			<ele>100.5</ele>
			<time>2025-09-14T21:41:12Z</time>
		</trkpt>
		<trkpt lat="59.4655267" lon="24.8819467">
			<ele>99.7</ele>
			<time>2025-09-14T21:41:13Z</time>
		</trkpt>
		<trkpt lat="59.4655733" lon="24.8816717">
			<ele>99.5</ele>
			<time>2025-09-14T21:41:14Z</time>
		</trkpt>
		<trkpt lat="59.4656117" lon="24.8813867">
			<ele>99.7</ele>
			<time>2025-09-14T21:41:15Z</time>
		</trkpt>
		<trkpt lat="59.465635" lon="24.8810783">
			<ele>99.5</ele>
			<time>2025-09-14T21:41:16Z</time>
		</trkpt>
		<trkpt lat="59.4656383" lon="24.8807633">
			<ele>99.9</ele>
			<time>2025-09-14T21:41:17Z</time>
		</trkpt>
		<trkpt lat="59.4656367" lon="24.8804483">
			<ele>100</ele>
			<time>2025-09-14T21:41:18Z</time>
		</trkpt>
		<trkpt lat="59.4656367" lon="24.8801317">
			<ele>99.9</ele>
			<time>2025-09-14T21:41:19Z</time>
		</trkpt>
		<trkpt lat="59.4656467" lon="24.87981">
			<ele>99.4</ele>
			<time>2025-09-14T21:41:20Z</time>
		</trkpt>
		<trkpt lat="59.4656617" lon="24.8794817">
			<ele>99.3</ele>
			<time>2025-09-14T21:41:21Z</time>
		</trkpt>
		<trkpt lat="59.465675" lon="24.879145">
			<ele>99.6</ele>
			<time>2025-09-14T21:41:22Z</time>
		</trkpt>
		<trkpt lat="59.4656817" lon="24.8788083">
			<ele>100.2</ele>
			<time>2025-09-14T21:41:23Z</time>
		</trkpt>
		<trkpt lat="59.46568" lon="24.87847">
			<ele>100.3</ele>
			<time>2025-09-14T21:41:24Z</time>
		</trkpt>
		<trkpt lat="59.4656717" lon="24.8781283">
			<ele>100.5</ele>
			<time>2025-09-14T21:41:25Z</time>
		</trkpt>
		<trkpt lat="59.4656683" lon="24.8777917">
			<ele>100.6</ele>
			<time>2025-09-14T21:41:26Z</time>
		</trkpt>
		<trkpt lat="59.4656767" lon="24.87746">
			<ele>100.9</ele>
			<time>2025-09-14T21:41:27Z</time>
		</trkpt>
		<trkpt lat="59.465695" lon="24.8771383">
			<ele>101.8</ele>
			<time>2025-09-14T21:41:28Z</time>
		</trkpt>
		<trkpt lat="59.46571" lon="24.8768217">
			<ele>103.5</ele>
			<time>2025-09-14T21:41:29Z</time>
		</trkpt>
		<trkpt lat="59.4657117" lon="24.876505">
			<ele>105.3</ele>
			<time>2025-09-14T21:41:30Z</time>
		</trkpt>
		<trkpt lat="59.4656983" lon="24.8761983">
			<ele>106.2</ele>
			<time>2025-09-14T21:41:31Z</time>
		</trkpt>
		<trkpt lat="59.4656783" lon="24.8758967">
			<ele>106.1</ele>
			<time>2025-09-14T21:41:32Z</time>
		</trkpt>
		<trkpt lat="59.4656567" lon="24.87559">
			<ele>105.5</ele>
			<time>2025-09-14T21:41:33Z</time>
		</trkpt>
		<trkpt lat="59.46564" lon="24.8752583">
			<ele>104</ele>
			<time>2025-09-14T21:41:34Z</time>
		</trkpt>
		<trkpt lat="59.46564" lon="24.8749167">
			<ele>102.4</ele>
			<time>2025-09-14T21:41:35Z</time>
		</trkpt>
		<trkpt lat="59.4656667" lon="24.8745883">
			<ele>101.7</ele>
			<time>2025-09-14T21:41:36Z</time>
		</trkpt>
		<trkpt lat="59.4657267" lon="24.8743">
			<ele>102</ele>
			<time>2025-09-14T21:41:37Z</time>
		</trkpt>
		<trkpt lat="59.4658117" lon="24.8740817">
			<ele>102.1</ele>
			<time>2025-09-14T21:41:38Z</time>
		</trkpt>
		<trkpt lat="59.4659067" lon="24.8739383">
			<ele>102.7</ele>
			<time>2025-09-14T21:41:39Z</time>
		</trkpt>
		<trkpt lat="59.466005" lon="24.8738483">
			<ele>103.2</ele>
			<time>2025-09-14T21:41:40Z</time>
		</trkpt>
		<trkpt lat="59.4660867" lon="24.87379">
			<ele>104.3</ele>
			<time>2025-09-14T21:41:41Z</time>
		</trkpt>
		<trkpt lat="59.4661567" lon="24.8737517">
			<ele>105.5</ele>
			<time>2025-09-14T21:41:42Z</time>
		</trkpt>
		<trkpt lat="59.4662117" lon="24.8737417">
			<ele>106.1</ele>
			<time>2025-09-14T21:41:43Z</time>
		</trkpt>
		<trkpt lat="59.466255" lon="24.8737617">
			<ele>106.7</ele>
			<time>2025-09-14T21:41:44Z</time>
		</trkpt>
		<trkpt lat="59.4662833" lon="24.873835">
			<ele>107.2</ele>
			<time>2025-09-14T21:41:45Z</time>
		</trkpt>
		<trkpt lat="59.4662783" lon="24.8739767">
			<ele>107.4</ele>
			<time>2025-09-14T21:41:46Z</time>
		</trkpt>
		<trkpt lat="59.466255" lon="24.8741117">
			<ele>107.6</ele>
			<time>2025-09-14T21:41:47Z</time>
		</trkpt>
		<trkpt lat="59.4662233" lon="24.8742267">
			<ele>108.2</ele>
			<time>2025-09-14T21:41:48Z</time>
		</trkpt>
		<trkpt lat="59.46619" lon="24.874325">
			<ele>108.8</ele>
			<time>2025-09-14T21:41:49Z</time>
		</trkpt>
		<trkpt lat="59.46615" lon="24.874405">
			<ele>108.9</ele>
			<time>2025-09-14T21:41:50Z</time>
		</trkpt>
		<trkpt lat="59.4661083" lon="24.8744967">
			<ele>108.8</ele>
			<time>2025-09-14T21:41:51Z</time>
		</trkpt>
		<trkpt lat="59.4660733" lon="24.8745933">
			<ele>108.9</ele>
			<time>2025-09-14T21:41:52Z</time>
		</trkpt>
		<trkpt lat="59.4660467" lon="24.8746933">
			<ele>109</ele>
			<time>2025-09-14T21:41:53Z</time>
		</trkpt>
		<trkpt lat="59.4660317" lon="24.8747933">
			<ele>109</ele>
			<time>2025-09-14T21:41:54Z</time>
		</trkpt>
		<trkpt lat="59.46602" lon="24.8748983">
			<ele>109</ele>
			<time>2025-09-14T21:41:55Z</time>
		</trkpt>
		<trkpt lat="59.4660067" lon="24.8750083">
			<ele>109.2</ele>
			<time>2025-09-14T21:41:56Z</time>
		</trkpt>
		<trkpt lat="59.4659933" lon="24.875115">
			<ele>109</ele>
			<time>2025-09-14T21:41:57Z</time>
		</trkpt>
		<trkpt lat="59.4659867" lon="24.8752183">
			<ele>108.6</ele>
			<time>2025-09-14T21:41:58Z</time>
		</trkpt>
		<trkpt lat="59.4659867" lon="24.87532">
			<ele>107.8</ele>
			<time>2025-09-14T21:41:59Z</time>
		</trkpt>
		<trkpt lat="59.46599" lon="24.875425">
			<ele>107.1</ele>
			<time>2025-09-14T21:42:00Z</time>
		</trkpt>
		<trkpt lat="59.465985" lon="24.875535">
			<ele>106.5</ele>
			<time>2025-09-14T21:42:01Z</time>
		</trkpt>
		<trkpt lat="59.4659783" lon="24.87565">
			<ele>106.1</ele>
			<time>2025-09-14T21:42:02Z</time>
		</trkpt>
		<trkpt lat="59.4659733" lon="24.8757567">
			<ele>105.3</ele>
			<time>2025-09-14T21:42:03Z</time>
		</trkpt>
		<trkpt lat="59.4659783" lon="24.8758633">
			<ele>104.6</ele>
			<time>2025-09-14T21:42:04Z</time>
		</trkpt>
		<trkpt lat="59.4659883" lon="24.8759733">
			<ele>105</ele>
			<time>2025-09-14T21:42:05Z</time>
		</trkpt>
		<trkpt lat="59.46599" lon="24.87609">
			<ele>104.9</ele>
			<time>2025-09-14T21:42:06Z</time>
		</trkpt>
		<trkpt lat="59.4659783" lon="24.8762083">
			<ele>104.8</ele>
			<time>2025-09-14T21:42:07Z</time>
		</trkpt>
		<trkpt lat="59.465965" lon="24.8763267">
			<ele>104.7</ele>
			<time>2025-09-14T21:42:08Z</time>
		</trkpt>
		<trkpt lat="59.4659583" lon="24.8764333">
			<ele>104.8</ele>
			<time>2025-09-14T21:42:09Z</time>
		</trkpt>
		<trkpt lat="59.465955" lon="24.8765417">
			<ele>105.1</ele>
			<time>2025-09-14T21:42:10Z</time>
		</trkpt>
		<trkpt lat="59.4659433" lon="24.8766467">
			<ele>105.4</ele>
			<time>2025-09-14T21:42:11Z</time>
		</trkpt>
		<trkpt lat="59.4659233" lon="24.8767533">
			<ele>105.7</ele>
			<time>2025-09-14T21:42:12Z</time>
		</trkpt>
		<trkpt lat="59.4659" lon="24.87686">
			<ele>105.9</ele>
			<time>2025-09-14T21:42:13Z</time>
		</trkpt>
		<trkpt lat="59.4658833" lon="24.8769733">
			<ele>105.5</ele>
			<time>2025-09-14T21:42:14Z</time>
		</trkpt>
		<trkpt lat="59.4658733" lon="24.877085">
			<ele>105</ele>
			<time>2025-09-14T21:42:15Z</time>
		</trkpt>
		<trkpt lat="59.4658667" lon="24.8772">
			<ele>104.6</ele>
			<time>2025-09-14T21:42:16Z</time>
		</trkpt>
		<trkpt lat="59.4658633" lon="24.8773217">
			<ele>104.3</ele>
			<time>2025-09-14T21:42:17Z</time>
		</trkpt>
		<trkpt lat="59.46587" lon="24.8774367">
			<ele>103.8</ele>
			<time>2025-09-14T21:42:18Z</time>
		</trkpt>
		<trkpt lat="59.4658833" lon="24.8775517">
			<ele>103.4</ele>
			<time>2025-09-14T21:42:19Z</time>
		</trkpt>
		<trkpt lat="59.4658983" lon="24.8776717">
			<ele>103.6</ele>
			<time>2025-09-14T21:42:20Z</time>
		</trkpt>
		<trkpt lat="59.465905" lon="24.877795">
			<ele>103.5</ele>
			<time>2025-09-14T21:42:21Z</time>
		</trkpt>
		<trkpt lat="59.46589" lon="24.877925">
			<ele>103.8</ele>
			<time>2025-09-14T21:42:22Z</time>
		</trkpt>
		<trkpt lat="59.4658583" lon="24.878045">
			<ele>105</ele>
			<time>2025-09-14T21:42:23Z</time>
		</trkpt>
		<trkpt lat="59.4658183" lon="24.8781483">
			<ele>106.5</ele>
			<time>2025-09-14T21:42:24Z</time>
		</trkpt>
		<trkpt lat="59.4657767" lon="24.878235">
			<ele>107.3</ele>
			<time>2025-09-14T21:42:25Z</time>
		</trkpt>
		<trkpt lat="59.46574" lon="24.878315">
			<ele>107.7</ele>
			<time>2025-09-14T21:42:26Z</time>
		</trkpt>
		<trkpt lat="59.4657067" lon="24.8784083">
			<ele>107.3</ele>
			<time>2025-09-14T21:42:27Z</time>
		</trkpt>
		<trkpt lat="59.4656783" lon="24.8785267">
			<ele>106.6</ele>
			<time>2025-09-14T21:42:28Z</time>
		</trkpt>
		<trkpt lat="59.4656517" lon="24.87867">
			<ele>106.5</ele>
			<time>2025-09-14T21:42:29Z</time>
		</trkpt>
		<trkpt lat="59.4656267" lon="24.878815">
			<ele>106.6</ele>
			<time>2025-09-14T21:42:30Z</time>
		</trkpt>
		<trkpt lat="59.465605" lon="24.8789483">
			<ele>107.1</ele>
			<time>2025-09-14T21:42:31Z</time>
		</trkpt>
		<trkpt lat="59.4655867" lon="24.879065">
			<ele>107.4</ele>
			<time>2025-09-14T21:42:32Z</time>
		</trkpt>
		<trkpt lat="59.46557" lon="24.8791783">
			<ele>107</ele>
			<time>2025-09-14T21:42:33Z</time>
		</trkpt>
		<trkpt lat="59.465555" lon="24.879295">
			<ele>106.8</ele>
			<time>2025-09-14T21:42:34Z</time>
		</trkpt>
		<trkpt lat="59.465545" lon="24.87941">
			<ele>106.4</ele>
			<time>2025-09-14T21:42:35Z</time>
		</trkpt>
		<trkpt lat="59.4655383" lon="24.879525">
			<ele>106.1</ele>
			<time>2025-09-14T21:42:36Z</time>
		</trkpt>
		<trkpt lat="59.465535" lon="24.8796367">
			<ele>105.6</ele>
			<time>2025-09-14T21:42:37Z</time>
		</trkpt>
		<trkpt lat="59.4655267" lon="24.8797467">
			<ele>105.7</ele>
			<time>2025-09-14T21:42:38Z</time>
		</trkpt>
		<trkpt lat="59.46551" lon="24.8798517">
			<ele>105.6</ele>
			<time>2025-09-14T21:42:39Z</time>
		</trkpt>
		<trkpt lat="59.4654967" lon="24.87995">
			<ele>105.4</ele>
			<time>2025-09-14T21:42:40Z</time>
		</trkpt>
		<trkpt lat="59.4654917" lon="24.8800483">
			<ele>104.4</ele>
			<time>2025-09-14T21:42:41Z</time>
		</trkpt>
		<trkpt lat="59.4654917" lon="24.8801617">
			<ele>103.4</ele>
			<time>2025-09-14T21:42:42Z</time>
		</trkpt>
		<trkpt lat="59.4654867" lon="24.8803">
			<ele>102.6</ele>
			<time>2025-09-14T21:42:43Z</time>
		</trkpt>
		<trkpt lat="59.46547" lon="24.8804583">
			<ele>101.9</ele>
			<time>2025-09-14T21:42:44Z</time>
		</trkpt>
		<trkpt lat="59.4654433" lon="24.8806217">
			<ele>101.7</ele>
			<time>2025-09-14T21:42:45Z</time>
		</trkpt>
		<trkpt lat="59.4654183" lon="24.88078">
			<ele>103.6</ele>
			<time>2025-09-14T21:42:46Z</time>
		</trkpt>
		<trkpt lat="59.46539" lon="24.88092">
			<ele>104.7</ele>
			<time>2025-09-14T21:42:47Z</time>
		</trkpt>
		<trkpt lat="59.4653667" lon="24.881025">
			<ele>106.5</ele>
			<time>2025-09-14T21:42:48Z</time>
		</trkpt>
		<trkpt lat="59.4653467" lon="24.8811017">
			<ele>107.8</ele>
			<time>2025-09-14T21:42:49Z</time>
		</trkpt>
		<trkpt lat="59.465325" lon="24.8811733">
			<ele>108</ele>
			<time>2025-09-14T21:42:50Z</time>
		</trkpt>
		<trkpt lat="59.4653033" lon="24.8812717">
			<ele>108.2</ele>
			<time>2025-09-14T21:42:51Z</time>
		</trkpt>
		<trkpt lat="59.4652783" lon="24.8813983">
			<ele>107.7</ele>
			<time>2025-09-14T21:42:52Z</time>
		</trkpt>
		<trkpt lat="59.4652517" lon="24.8815583">
			<ele>107.7</ele>
			<time>2025-09-14T21:42:53Z</time>
		</trkpt>
		<trkpt lat="59.4652233" lon="24.8817333">
			<ele>107.9</ele>
			<time>2025-09-14T21:42:54Z</time>
		</trkpt>
		<trkpt lat="59.4652017" lon="24.8819117">
			<ele>109.3</ele>
			<time>2025-09-14T21:42:55Z</time>
		</trkpt>
		<trkpt lat="59.4651867" lon="24.8820783">
			<ele>111</ele>
			<time>2025-09-14T21:42:56Z</time>
		</trkpt>
		<trkpt lat="59.4651733" lon="24.8822183">
			<ele>112.4</ele>
			<time>2025-09-14T21:42:57Z</time>
		</trkpt>
		<trkpt lat="59.46516" lon="24.88234">
			<ele>113.9</ele>
			<time>2025-09-14T21:42:58Z</time>
		</trkpt>
		<trkpt lat="59.465145" lon="24.8824583">
			<ele>114.7</ele>
			<time>2025-09-14T21:42:59Z</time>
		</trkpt>
		<trkpt lat="59.4651283" lon="24.882595">
			<ele>114.7</ele>
			<time>2025-09-14T21:43:00Z</time>
		</trkpt>
		<trkpt lat="59.4651083" lon="24.8827533">
			<ele>114.9</ele>
			<time>2025-09-14T21:43:01Z</time>
		</trkpt>
		<trkpt lat="59.4650767" lon="24.882915">
			<ele>115.3</ele>
			<time>2025-09-14T21:43:02Z</time>
		</trkpt>
		<trkpt lat="59.4650183" lon="24.8830433">
			<ele>115.4</ele>
			<time>2025-09-14T21:43:03Z</time>
		</trkpt>
		<trkpt lat="59.4649467" lon="24.8831367">
			<ele>116</ele>
			<time>2025-09-14T21:43:04Z</time>
		</trkpt>
		<trkpt lat="59.4648767" lon="24.883205">
			<ele>117.7</ele>
			<time>2025-09-14T21:43:05Z</time>
		</trkpt>
		<trkpt lat="59.464815" lon="24.8832717">
			<ele>118.9</ele>
			<time>2025-09-14T21:43:06Z</time>
		</trkpt>
		<trkpt lat="59.4647633" lon="24.88335">
			<ele>119.3</ele>
			<time>2025-09-14T21:43:07Z</time>
		</trkpt>
		<trkpt lat="59.4647183" lon="24.8834517">
			<ele>118.9</ele>
			<time>2025-09-14T21:43:08Z</time>
		</trkpt>
		<trkpt lat="59.4646767" lon="24.883575">
			<ele>118.6</ele>
			<time>2025-09-14T21:43:09Z</time>
		</trkpt>
		<trkpt lat="59.46464" lon="24.883705">
			<ele>118.5</ele>
			<time>2025-09-14T21:43:10Z</time>
		</trkpt>
		<trkpt lat="59.4646117" lon="24.883835">
			<ele>118</ele>
			<time>2025-09-14T21:43:11Z</time>
		</trkpt>
		<trkpt lat="59.4645867" lon="24.88396">
			<ele>117.9</ele>
			<time>2025-09-14T21:43:12Z</time>
		</trkpt>
		<trkpt lat="59.4645583" lon="24.8840867">
			<ele>117.3</ele>
			<time>2025-09-14T21:43:13Z</time>
		</trkpt>
		<trkpt lat="59.46452" lon="24.8842117">
			<ele>116.9</ele>
			<time>2025-09-14T21:43:14Z</time>
		</trkpt>
		<trkpt lat="59.4644767" lon="24.884335">
			<ele>116.8</ele>
			<time>2025-09-14T21:43:15Z</time>
		</trkpt>
		<trkpt lat="59.4644383" lon="24.8844583">
			<ele>117.1</ele>
			<time>2025-09-14T21:43:16Z</time>
		</trkpt>
		<trkpt lat="59.4644083" lon="24.8845867">
			<ele>117.8</ele>
			<time>2025-09-14T21:43:17Z</time>
		</trkpt>
		<trkpt lat="59.4643767" lon="24.88472">
			<ele>117.9</ele>
			<time>2025-09-14T21:43:18Z</time>
		</trkpt>
		<trkpt lat="59.4643417" lon="24.8848633">
			<ele>118.4</ele>
			<time>2025-09-14T21:43:19Z</time>
		</trkpt>
		<trkpt lat="59.4643" lon="24.8849983">
			<ele>118.4</ele>
			<time>2025-09-14T21:43:20Z</time>
		</trkpt>
		<trkpt lat="59.464265" lon="24.88512">
			<ele>119.7</ele>
			<time>2025-09-14T21:43:21Z</time>
		</trkpt>
		<trkpt lat="59.4642417" lon="24.8852267">
			<ele>120.6</ele>
			<time>2025-09-14T21:43:22Z</time>
		</trkpt>
		<trkpt lat="59.4642267" lon="24.8853167">
			<ele>121.6</ele>
			<time>2025-09-14T21:43:23Z</time>
		</trkpt>
		<trkpt lat="59.4642083" lon="24.8854017">
			<ele>121.8</ele>
			<time>2025-09-14T21:43:24Z</time>
		</trkpt>
		<trkpt lat="59.4641733" lon="24.8854983">
			<ele>121.9</ele>
			<time>2025-09-14T21:43:25Z</time>
		</trkpt>
		<trkpt lat="59.464125" lon="24.8856133">
			<ele>122.4</ele>
			<time>2025-09-14T21:43:26Z</time>
		</trkpt>
		<trkpt lat="59.4640767" lon="24.8857333">
			<ele>123</ele>
			<time>2025-09-14T21:43:27Z</time>
		</trkpt>
		<trkpt lat="59.4640367" lon="24.88585">
			<ele>123.9</ele>
			<time>2025-09-14T21:43:28Z</time>
		</trkpt>
		<trkpt lat="59.464" lon="24.8859567">
			<ele>124.4</ele>
			<time>2025-09-14T21:43:29Z</time>
		</trkpt>
		<trkpt lat="59.4639583" lon="24.8860583">
			<ele>124.2</ele>
			<time>2025-09-14T21:43:30Z</time>
		</trkpt>
		<trkpt lat="59.46391" lon="24.886155">
			<ele>124</ele>
			<time>2025-09-14T21:43:31Z</time>
		</trkpt>
		<trkpt lat="59.46386" lon="24.886255">
			<ele>124.2</ele>
			<time>2025-09-14T21:43:32Z</time>
		</trkpt>
		<trkpt lat="59.463815" lon="24.8863633">
			<ele>124.2</ele>
			<time>2025-09-14T21:43:33Z</time>
		</trkpt>
		<trkpt lat="59.4637733" lon="24.8864817">
			<ele>124.1</ele>
			<time>2025-09-14T21:43:34Z</time>
		</trkpt>
		<trkpt lat="59.4637317" lon="24.8866033">
			<ele>124.4</ele>
			<time>2025-09-14T21:43:35Z</time>
		</trkpt>
		<trkpt lat="59.463685" lon="24.8867267">
			<ele>124.4</ele>
			<time>2025-09-14T21:43:36Z</time>
		</trkpt>
		<trkpt lat="59.463635" lon="24.8868467">
			<ele>124.7</ele>
			<time>2025-09-14T21:43:37Z</time>
		</trkpt>
		<trkpt lat="59.4635817" lon="24.886955">
			<ele>125.1</ele>
			<time>2025-09-14T21:43:38Z</time>
		</trkpt>
		<trkpt lat="59.46353" lon="24.88705">
			<ele>125.4</ele>
			<time>2025-09-14T21:43:39Z</time>
		</trkpt>
		<trkpt lat="59.4634833" lon="24.8871483">
			<ele>125.5</ele>
			<time>2025-09-14T21:43:40Z</time>
		</trkpt>
		<trkpt lat="59.463435" lon="24.8872633">
			<ele>125.4</ele>
			<time>2025-09-14T21:43:41Z</time>
		</trkpt>
		<trkpt lat="59.4633833" lon="24.8873917">
			<ele>124.9</ele>
			<time>2025-09-14T21:43:42Z</time>
		</trkpt>
		<trkpt lat="59.4633333" lon="24.8875383">
			<ele>124.2</ele>
			<time>2025-09-14T21:43:43Z</time>
		</trkpt>
		<trkpt lat="59.463285" lon="24.887675">
			<ele>124.6</ele>
			<time>2025-09-14T21:43:44Z</time>
		</trkpt>
		<trkpt lat="59.4632333" lon="24.8878017">
			<ele>124.8</ele>
			<time>2025-09-14T21:43:45Z</time>
		</trkpt>
		<trkpt lat="59.463175" lon="24.88791">
			<ele>125.1</ele>
			<time>2025-09-14T21:43:46Z</time>
		</trkpt>
		<trkpt lat="59.46311" lon="24.8880133">
			<ele>125.1</ele>
			<time>2025-09-14T21:43:47Z</time>
		</trkpt>
		<trkpt lat="59.463045" lon="24.8881183">
			<ele>124.7</ele>
			<time>2025-09-14T21:43:48Z</time>
		</trkpt>
		<trkpt lat="59.4629867" lon="24.8882367">
			<ele>125.3</ele>
			<time>2025-09-14T21:43:49Z</time>
		</trkpt>
		<trkpt lat="59.462935" lon="24.88837">
			<ele>125.7</ele>
			<time>2025-09-14T21:43:50Z</time>
		</trkpt>
		<trkpt lat="59.4628933" lon="24.888515">
			<ele>126.4</ele>
			<time>2025-09-14T21:43:51Z</time>
		</trkpt>
		<trkpt lat="59.462855" lon="24.8886567">
			<ele>127.3</ele>
			<time>2025-09-14T21:43:52Z</time>
		</trkpt>
		<trkpt lat="59.46282" lon="24.8887783">
			<ele>128.3</ele>
			<time>2025-09-14T21:43:53Z</time>
		</trkpt>
		<trkpt lat="59.4627783" lon="24.8888683">
			<ele>129.3</ele>
			<time>2025-09-14T21:43:54Z</time>
		</trkpt>
		<trkpt lat="59.4627333" lon="24.8889517">
			<ele>130.3</ele>
			<time>2025-09-14T21:43:55Z</time>
		</trkpt>
		<trkpt lat="59.4626883" lon="24.8890367">
			<ele>130.7</ele>
			<time>2025-09-14T21:43:56Z</time>
		</trkpt>
		<trkpt lat="59.4626483" lon="24.8891317">
			<ele>130.9</ele>
			<time>2025-09-14T21:43:57Z</time>
		</trkpt>
		<trkpt lat="59.4626133" lon="24.889245">
			<ele>130.9</ele>
			<time>2025-09-14T21:43:58Z</time>
		</trkpt>
		<trkpt lat="59.4625767" lon="24.88936">
			<ele>130.8</ele>
			<time>2025-09-14T21:43:59Z</time>
		</trkpt>
		<trkpt lat="59.4625367" lon="24.889475">
			<ele>131.2</ele>
			<time>2025-09-14T21:44:00Z</time>
		</trkpt>
		<trkpt lat="59.462495" lon="24.8895867">
			<ele>131.8</ele>
			<time>2025-09-14T21:44:01Z</time>
		</trkpt>
		<trkpt lat="59.462455" lon="24.8896917">
			<ele>132.2</ele>
			<time>2025-09-14T21:44:02Z</time>
		</trkpt>
		<trkpt lat="59.4624133" lon="24.8897917">
			<ele>132.4</ele>
			<time>2025-09-14T21:44:03Z</time>
		</trkpt>
		<trkpt lat="59.46237" lon="24.8898917">
			<ele>132.4</ele>
			<time>2025-09-14T21:44:04Z</time>
		</trkpt>
		<trkpt lat="59.4623283" lon="24.8899983">
			<ele>132.1</ele>
			<time>2025-09-14T21:44:05Z</time>
		</trkpt>
		<trkpt lat="59.4622883" lon="24.8901083">
			<ele>131.9</ele>
			<time>2025-09-14T21:44:06Z</time>
		</trkpt>
		<trkpt lat="59.46226" lon="24.8902217">
			<ele>131.8</ele>
			<time>2025-09-14T21:44:07Z</time>
		</trkpt>
		<trkpt lat="59.46224" lon="24.8903433">
			<ele>131.5</ele>
			<time>2025-09-14T21:44:08Z</time>
		</trkpt>
		<trkpt lat="59.4622333" lon="24.8904733">
			<ele>130.6</ele>
			<time>2025-09-14T21:44:09Z</time>
		</trkpt>
		<trkpt lat="59.4622317" lon="24.8906">
			<ele>130</ele>
			<time>2025-09-14T21:44:10Z</time>
		</trkpt>
		<trkpt lat="59.4622283" lon="24.8907217">
			<ele>129.5</ele>
			<time>2025-09-14T21:44:11Z</time>
		</trkpt>
		<trkpt lat="59.462225" lon="24.8908333">
			<ele>129.5</ele>
			<time>2025-09-14T21:44:12Z</time>
		</trkpt>
		<trkpt lat="59.4622283" lon="24.8909417">
			<ele>129.5</ele>
			<time>2025-09-14T21:44:13Z</time>
		</trkpt>
		<trkpt lat="59.4622433" lon="24.89104">
			<ele>129.3</ele>
			<time>2025-09-14T21:44:14Z</time>
		</trkpt>
		<trkpt lat="59.462275" lon="24.89114">
			<ele>128.9</ele>
			<time>2025-09-14T21:44:15Z</time>
		</trkpt>
		<trkpt lat="59.462315" lon="24.89124">
			<ele>128.6</ele>
			<time>2025-09-14T21:44:16Z</time>
		</trkpt>
		<trkpt lat="59.4623583" lon="24.891345">
			<ele>128.3</ele>
			<time>2025-09-14T21:44:17Z</time>
		</trkpt>
		<trkpt lat="59.4623933" lon="24.8914517">
			<ele>128.4</ele>
			<time>2025-09-14T21:44:18Z</time>
		</trkpt>
		<trkpt lat="59.4624317" lon="24.8915533">
			<ele>128.6</ele>
			<time>2025-09-14T21:44:19Z</time>
		</trkpt>
		<trkpt lat="59.462475" lon="24.891635">
			<ele>128.8</ele>
			<time>2025-09-14T21:44:20Z</time>
		</trkpt>
		<trkpt lat="59.462535" lon="24.8916883">
			<ele>128.2</ele>
			<time>2025-09-14T21:44:21Z</time>
		</trkpt>
		<trkpt lat="59.462595" lon="24.8917517">
			<ele>127.6</ele>
			<time>2025-09-14T21:44:22Z</time>
		</trkpt>
		<trkpt lat="59.4626517" lon="24.8918367">
			<ele>127.5</ele>
			<time>2025-09-14T21:44:23Z</time>
		</trkpt>
		<trkpt lat="59.4626783" lon="24.8919517">
			<ele>126.8</ele>
			<time>2025-09-14T21:44:24Z</time>
		</trkpt>
		<trkpt lat="59.4626783" lon="24.8920733">
			<ele>126.5</ele>
			<time>2025-09-14T21:44:25Z</time>
		</trkpt>
		<trkpt lat="59.4626583" lon="24.8921867">
			<ele>125.8</ele>
			<time>2025-09-14T21:44:26Z</time>
		</trkpt>
		<trkpt lat="59.46263" lon="24.8922917">
			<ele>125.7</ele>
			<time>2025-09-14T21:44:27Z</time>
		</trkpt>
		<trkpt lat="59.4626033" lon="24.892395">
			<ele>125.4</ele>
			<time>2025-09-14T21:44:28Z</time>
		</trkpt>
		<trkpt lat="59.46259" lon="24.8925017">
			<ele>125.3</ele>
			<time>2025-09-14T21:44:29Z</time>
		</trkpt>
		<trkpt lat="59.4625817" lon="24.892615">
			<ele>124.9</ele>
			<time>2025-09-14T21:44:30Z</time>
		</trkpt>
		<trkpt lat="59.4625667" lon="24.8927317">
			<ele>124.4</ele>
			<time>2025-09-14T21:44:31Z</time>
		</trkpt>
		<trkpt lat="59.46254" lon="24.892845">
			<ele>124.5</ele>
			<time>2025-09-14T21:44:32Z</time>
		</trkpt>
		<trkpt lat="59.462515" lon="24.892945">
			<ele>124.5</ele>
			<time>2025-09-14T21:44:33Z</time>
		</trkpt>
		<trkpt lat="59.4624967" lon="24.8930383">
			<ele>124.4</ele>
			<time>2025-09-14T21:44:34Z</time>
		</trkpt>
		<trkpt lat="59.4624817" lon="24.893135">
			<ele>124.2</ele>
			<time>2025-09-14T21:44:35Z</time>
		</trkpt>
		<trkpt lat="59.4624617" lon="24.8932433">
			<ele>123.6</ele>
			<time>2025-09-14T21:44:36Z</time>
		</trkpt>
		<trkpt lat="59.4624383" lon="24.89336">
			<ele>122.9</ele>
			<time>2025-09-14T21:44:37Z</time>
		</trkpt>
		<trkpt lat="59.4624083" lon="24.8934833">
			<ele>122</ele>
			<time>2025-09-14T21:44:38Z</time>
		</trkpt>
		<trkpt lat="59.462375" lon="24.893615">
			<ele>120.6</ele>
			<time>2025-09-14T21:44:39Z</time>
		</trkpt>
		<trkpt lat="59.4623317" lon="24.8937533">
			<ele>119.5</ele>
			<time>2025-09-14T21:44:40Z</time>
		</trkpt>
		<trkpt lat="59.4622817" lon="24.8938983">
			<ele>118.5</ele>
			<time>2025-09-14T21:44:41Z</time>
		</trkpt>
		<trkpt lat="59.4622267" lon="24.8940433">
			<ele>118</ele>
			<time>2025-09-14T21:44:42Z</time>
		</trkpt>
		<trkpt lat="59.46217" lon="24.8941767">
			<ele>117.8</ele>
			<time>2025-09-14T21:44:43Z</time>
		</trkpt>
		<trkpt lat="59.4621083" lon="24.8942983">
			<ele>117.5</ele>
			<time>2025-09-14T21:44:44Z</time>
		</trkpt>
		<trkpt lat="59.462045" lon="24.8944133">
			<ele>116.8</ele>
			<time>2025-09-14T21:44:45Z</time>
		</trkpt>
		<trkpt lat="59.4619883" lon="24.894535">
			<ele>116.2</ele>
			<time>2025-09-14T21:44:46Z</time>
		</trkpt>
		<trkpt lat="59.461945" lon="24.8946817">
			<ele>115.6</ele>
			<time>2025-09-14T21:44:47Z</time>
		</trkpt>
		<trkpt lat="59.46191" lon="24.89485">
			<ele>114.2</ele>
			<time>2025-09-14T21:44:48Z</time>
		</trkpt>
		<trkpt lat="59.4618833" lon="24.89503">
			<ele>113.5</ele>
			<time>2025-09-14T21:44:49Z</time>
		</trkpt>
		<trkpt lat="59.4618633" lon="24.895205">
			<ele>113.7</ele>
			<time>2025-09-14T21:44:50Z</time>
		</trkpt>
		<trkpt lat="59.461855" lon="24.895375">
			<ele>113.6</ele>
			<time>2025-09-14T21:44:51Z</time>
		</trkpt>
		<trkpt lat="59.4618617" lon="24.8955333">
			<ele>113.5</ele>
			<time>2025-09-14T21:44:52Z</time>
		</trkpt>
		<trkpt lat="59.4618783" lon="24.8956683">
			<ele>114.2</ele>
			<time>2025-09-14T21:44:53Z</time>
		</trkpt>
		<trkpt lat="59.4618967" lon="24.8957767">
			<ele>114.8</ele>
			<time>2025-09-14T21:44:54Z</time>
		</trkpt>
		<trkpt lat="59.4619167" lon="24.8958667">
			<ele>115.8</ele>
			<time>2025-09-14T21:44:55Z</time>
		</trkpt>
		<trkpt lat="59.4619417" lon="24.8959517">
			<ele>116.2</ele>
			<time>2025-09-14T21:44:56Z</time>
		</trkpt>
		<trkpt lat="59.4619717" lon="24.8960483">
			<ele>116.6</ele>
			<time>2025-09-14T21:44:57Z</time>
		</trkpt>
		<trkpt lat="59.462005" lon="24.8961567">
			<ele>116.6</ele>
			<time>2025-09-14T21:44:58Z</time>
		</trkpt>
		<trkpt lat="59.4620467" lon="24.8962617">
			<ele>116.7</ele>
			<time>2025-09-14T21:44:59Z</time>
		</trkpt>
		<trkpt lat="59.4620967" lon="24.8963467">
			<ele>117.5</ele>
			<time>2025-09-14T21:45:00Z</time>
		</trkpt>
		<trkpt lat="59.4621383" lon="24.8964233">
			<ele>118.1</ele>
			<time>2025-09-14T21:45:01Z</time>
		</trkpt>
		<trkpt lat="59.4621583" lon="24.896505">
			<ele>118.4</ele>
			<time>2025-09-14T21:45:02Z</time>
		</trkpt>
		<trkpt lat="59.4621467" lon="24.89661">
			<ele>118.2</ele>
			<time>2025-09-14T21:45:03Z</time>
		</trkpt>
		<trkpt lat="59.4620817" lon="24.8967333">
			<ele>118.1</ele>
			<time>2025-09-14T21:45:04Z</time>
		</trkpt>
		<trkpt lat="59.4620017" lon="24.8968483">
			<ele>117.8</ele>
			<time>2025-09-14T21:45:05Z</time>
		</trkpt>
		<trkpt lat="59.46189" lon="24.89692">
			<ele>117.2</ele>
			<time>2025-09-14T21:45:06Z</time>
		</trkpt>
		<trkpt lat="59.4617583" lon="24.896935">
			<ele>116.9</ele>
			<time>2025-09-14T21:45:07Z</time>
		</trkpt>
		<trkpt lat="59.461615" lon="24.896865">
			<ele>116.8</ele>
			<time>2025-09-14T21:45:08Z</time>
		</trkpt>
		<trkpt lat="59.4614733" lon="24.89672">
			<ele>117</ele>
			<time>2025-09-14T21:45:09Z</time>
		</trkpt>
		<trkpt lat="59.4613467" lon="24.8965">
			<ele>116.7</ele>
			<time>2025-09-14T21:45:10Z</time>
		</trkpt>
		<trkpt lat="59.4612517" lon="24.896225">
			<ele>116.8</ele>
			<time>2025-09-14T21:45:11Z</time>
		</trkpt>
		<trkpt lat="59.4611867" lon="24.8959217">
			<ele>117.2</ele>
			<time>2025-09-14T21:45:12Z</time>
		</trkpt>
		<trkpt lat="59.4611517" lon="24.89561">
			<ele>117.5</ele>
			<time>2025-09-14T21:45:13Z</time>
		</trkpt>
		<trkpt lat="59.4611367" lon="24.8953">
			<ele>118</ele>
			<time>2025-09-14T21:45:14Z</time>
		</trkpt>
		<trkpt lat="59.4611383" lon="24.895005">
			<ele>118.6</ele>
			<time>2025-09-14T21:45:15Z</time>
		</trkpt>
		<trkpt lat="59.4611533" lon="24.8947233">
			<ele>118.7</ele>
			<time>2025-09-14T21:45:16Z</time>
		</trkpt>
		<trkpt lat="59.4611767" lon="24.894445">
			<ele>118.8</ele>
			<time>2025-09-14T21:45:17Z</time>
		</trkpt>
		<trkpt lat="59.46121" lon="24.8941683">
			<ele>118.7</ele>
			<time>2025-09-14T21:45:18Z</time>
		</trkpt>
		<trkpt lat="59.461255" lon="24.8939017">
			<ele>119</ele>
			<time>2025-09-14T21:45:19Z</time>
		</trkpt>
		<trkpt lat="59.46132" lon="24.893665">
			<ele>119.1</ele>
			<time>2025-09-14T21:45:20Z</time>
		</trkpt>
		<trkpt lat="59.4613983" lon="24.8934767">
			<ele>119.2</ele>
			<time>2025-09-14T21:45:21Z</time>
		</trkpt>
		<trkpt lat="59.461485" lon="24.89334">
			<ele>119.9</ele>
			<time>2025-09-14T21:45:22Z</time>
		</trkpt>
		<trkpt lat="59.46157" lon="24.8932233">
			<ele>120.8</ele>
			<time>2025-09-14T21:45:23Z</time>
		</trkpt>
		<trkpt lat="59.4616517" lon="24.89311">
			<ele>121.9</ele>
			<time>2025-09-14T21:45:24Z</time>
		</trkpt>
		<trkpt lat="59.461735" lon="24.8929967">
			<ele>122.4</ele>
			<time>2025-09-14T21:45:25Z</time>
		</trkpt>
		<trkpt lat="59.4618217" lon="24.8929067">
			<ele>122.4</ele>
			<time>2025-09-14T21:45:26Z</time>
		</trkpt>
		<trkpt lat="59.4619067" lon="24.8928517">
			<ele>122.6</ele>
			<time>2025-09-14T21:45:27Z</time>
		</trkpt>
		<trkpt lat="59.4619883" lon="24.892825">
			<ele>122.9</ele>
			<time>2025-09-14T21:45:28Z</time>
		</trkpt>
		<trkpt lat="59.4620667" lon="24.8928217">
			<ele>122.8</ele>
			<time>2025-09-14T21:45:29Z</time>
		</trkpt>
		<trkpt lat="59.46214" lon="24.8928467">
			<ele>122.8</ele>
			<time>2025-09-14T21:45:30Z</time>
		</trkpt>
		<trkpt lat="59.462205" lon="24.8929033">
			<ele>122.5</ele>
			<time>2025-09-14T21:45:31Z</time>
		</trkpt>
		<trkpt lat="59.4622517" lon="24.892995">
			<ele>122.6</ele>
			<time>2025-09-14T21:45:32Z</time>
		</trkpt>
		<trkpt lat="59.4622833" lon="24.8930967">
			<ele>123.2</ele>
			<time>2025-09-14T21:45:33Z</time>
		</trkpt>
		<trkpt lat="59.4623083" lon="24.893195">
			<ele>124.2</ele>
			<time>2025-09-14T21:45:34Z</time>
		</trkpt>
		<trkpt lat="59.462325" lon="24.89329">
			<ele>124.3</ele>
			<time>2025-09-14T21:45:35Z</time>
		</trkpt>
		<trkpt lat="59.4623317" lon="24.8933933">
			<ele>124.3</ele>
			<time>2025-09-14T21:45:36Z</time>
		</trkpt>
		<trkpt lat="59.4623217" lon="24.8935217">
			<ele>123.9</ele>
			<time>2025-09-14T21:45:37Z</time>
		</trkpt>
		<trkpt lat="59.4622917" lon="24.89366">
			<ele>123.7</ele>
			<time>2025-09-14T21:45:38Z</time>
		</trkpt>
		<trkpt lat="59.462245" lon="24.893795">
			<ele>124.1</ele>
			<time>2025-09-14T21:45:39Z</time>
		</trkpt>
		<trkpt lat="59.462185" lon="24.89392">
			<ele>123.9</ele>
			<time>2025-09-14T21:45:40Z</time>
		</trkpt>
		<trkpt lat="59.4621117" lon="24.8940267">
			<ele>123.7</ele>
			<time>2025-09-14T21:45:41Z</time>
		</trkpt>
		<trkpt lat="59.462025" lon="24.894115">
			<ele>123.8</ele>
			<time>2025-09-14T21:45:42Z</time>
		</trkpt>
		<trkpt lat="59.4619317" lon="24.894195">
			<ele>123.7</ele>
			<time>2025-09-14T21:45:43Z</time>
		</trkpt>
		<trkpt lat="59.4618383" lon="24.894275">
			<ele>123.1</ele>
			<time>2025-09-14T21:45:44Z</time>
		</trkpt>
		<trkpt lat="59.46175" lon="24.89437">
			<ele>122.5</ele>
			<time>2025-09-14T21:45:45Z</time>
		</trkpt>
		<trkpt lat="59.4616667" lon="24.894485">
			<ele>121.8</ele>
			<time>2025-09-14T21:45:46Z</time>
		</trkpt>
		<trkpt lat="59.4615883" lon="24.8946117">
			<ele>121.6</ele>
			<time>2025-09-14T21:45:47Z</time>
		</trkpt>
		<trkpt lat="59.4615183" lon="24.8947483">
			<ele>121.7</ele>
			<time>2025-09-14T21:45:48Z</time>
		</trkpt>
		<trkpt lat="59.46146" lon="24.8948917">
			<ele>121.8</ele>
			<time>2025-09-14T21:45:49Z</time>
		</trkpt>
		<trkpt lat="59.4614083" lon="24.89504">
			<ele>122.1</ele>
			<time>2025-09-14T21:45:50Z</time>
		</trkpt>
		<trkpt lat="59.4613583" lon="24.8951833">
			<ele>122.2</ele>
			<time>2025-09-14T21:45:51Z</time>
		</trkpt>
		<trkpt lat="59.461305" lon="24.8953183">
			<ele>122.5</ele>
			<time>2025-09-14T21:45:52Z</time>
		</trkpt>
		<trkpt lat="59.4612533" lon="24.89545">
			<ele>122.7</ele>
			<time>2025-09-14T21:45:53Z</time>
		</trkpt>
		<trkpt lat="59.461215" lon="24.8955817">
			<ele>122.6</ele>
			<time>2025-09-14T21:45:54Z</time>
		</trkpt>
		<trkpt lat="59.46119" lon="24.8957233">
			<ele>122.6</ele>
			<time>2025-09-14T21:45:55Z</time>
		</trkpt>
		<trkpt lat="59.4611767" lon="24.895875">
			<ele>122</ele>
			<time>2025-09-14T21:45:56Z</time>
		</trkpt>
		<trkpt lat="59.46117" lon="24.8960233">
			<ele>122</ele>
			<time>2025-09-14T21:45:57Z</time>
		</trkpt>
		<trkpt lat="59.4611733" lon="24.8961633">
			<ele>122.4</ele>
			<time>2025-09-14T21:45:58Z</time>
		</trkpt>
		<trkpt lat="59.4611933" lon="24.8962783">
			<ele>122.7</ele>
			<time>2025-09-14T21:45:59Z</time>
		</trkpt>
		<trkpt lat="59.4612283" lon="24.8963667">
			<ele>123.5</ele>
			<time>2025-09-14T21:46:00Z</time>
		</trkpt>
		<trkpt lat="59.4612733" lon="24.8964433">
			<ele>124.1</ele>
			<time>2025-09-14T21:46:01Z</time>
		</trkpt>
		<trkpt lat="59.4613233" lon="24.896515">
			<ele>124.6</ele>
			<time>2025-09-14T21:46:02Z</time>
		</trkpt>
		<trkpt lat="59.4613833" lon="24.8965767">
			<ele>124.8</ele>
			<time>2025-09-14T21:46:03Z</time>
		</trkpt>
		<trkpt lat="59.4614517" lon="24.8966167">
			<ele>125.3</ele>
			<time>2025-09-14T21:46:04Z</time>
		</trkpt>
		<trkpt lat="59.46153" lon="24.8966283">
			<ele>125.8</ele>
			<time>2025-09-14T21:46:05Z</time>
		</trkpt>
		<trkpt lat="59.4616067" lon="24.89661">
			<ele>126.1</ele>
			<time>2025-09-14T21:46:06Z</time>
		</trkpt>
		<trkpt lat="59.4616833" lon="24.896575">
			<ele>126.6</ele>
			<time>2025-09-14T21:46:07Z</time>
		</trkpt>
		<trkpt lat="59.461765" lon="24.89653">
			<ele>127.1</ele>
			<time>2025-09-14T21:46:08Z</time>
		</trkpt>
		<trkpt lat="59.461845" lon="24.896475">
			<ele>127.1</ele>
			<time>2025-09-14T21:46:09Z</time>
		</trkpt>
		<trkpt lat="59.4619367" lon="24.8964083">
			<ele>126.9</ele>
			<time>2025-09-14T21:46:10Z</time>
		</trkpt>
		<trkpt lat="59.462035" lon="24.8963283">
			<ele>126.7</ele>
			<time>2025-09-14T21:46:11Z</time>
		</trkpt>
		<trkpt lat="59.4621383" lon="24.8962417">
			<ele>127.1</ele>
			<time>2025-09-14T21:46:12Z</time>
		</trkpt>
		<trkpt lat="59.4622317" lon="24.896135">
			<ele>126.8</ele>
			<time>2025-09-14T21:46:13Z</time>
		</trkpt>
		<trkpt lat="59.4623183" lon="24.8959917">
			<ele>126.5</ele>
			<time>2025-09-14T21:46:14Z</time>
		</trkpt>
		<trkpt lat="59.4623933" lon="24.895795">
			<ele>125.6</ele>
			<time>2025-09-14T21:46:15Z</time>
		</trkpt>
		<trkpt lat="59.4624583" lon="24.8955567">
			<ele>124.4</ele>
			<time>2025-09-14T21:46:16Z</time>
		</trkpt>
		<trkpt lat="59.4625167" lon="24.8953133">
			<ele>124.1</ele>
			<time>2025-09-14T21:46:17Z</time>
		</trkpt>
		<trkpt lat="59.4625733" lon="24.8950683">
			<ele>125.3</ele>
			<time>2025-09-14T21:46:18Z</time>
		</trkpt>
		<trkpt lat="59.4626217" lon="24.8948167">
			<ele>126.2</ele>
			<time>2025-09-14T21:46:19Z</time>
		</trkpt>
		<trkpt lat="59.4626583" lon="24.8945517">
			<ele>127</ele>
			<time>2025-09-14T21:46:20Z</time>
		</trkpt>
		<trkpt lat="59.46268" lon="24.8942717">
			<ele>126.9</ele>
			<time>2025-09-14T21:46:21Z</time>
		</trkpt>
		<trkpt lat="59.4626867" lon="24.89397">
			<ele>126.6</ele>
			<time>2025-09-14T21:46:22Z</time>
		</trkpt>
		<trkpt lat="59.4626733" lon="24.893645">
			<ele>126.5</ele>
			<time>2025-09-14T21:46:23Z</time>
		</trkpt>
		<trkpt lat="59.4626283" lon="24.8933067">
			<ele>126.8</ele>
			<time>2025-09-14T21:46:24Z</time>
		</trkpt>
		<trkpt lat="59.4625433" lon="24.8929883">
			<ele>127.8</ele>
			<time>2025-09-14T21:46:25Z</time>
		</trkpt>
		<trkpt lat="59.4624267" lon="24.8927283">
			<ele>127.5</ele>
			<time>2025-09-14T21:46:26Z</time>
		</trkpt>
		<trkpt lat="59.46229" lon="24.8925667">
			<ele>126.7</ele>
			<time>2025-09-14T21:46:27Z</time>
		</trkpt>
		<trkpt lat="59.462145" lon="24.8924733">
			<ele>125.9</ele>
			<time>2025-09-14T21:46:28Z</time>
		</trkpt>
		<trkpt lat="59.4620067" lon="24.892405">
			<ele>125.1</ele>
			<time>2025-09-14T21:46:29Z</time>
		</trkpt>
		<trkpt lat="59.461875" lon="24.89234">
			<ele>124.4</ele>
			<time>2025-09-14T21:46:30Z</time>
		</trkpt>
		<trkpt lat="59.4617433" lon="24.89231">
			<ele>123.3</ele>
			<time>2025-09-14T21:46:31Z</time>
		</trkpt>
		<trkpt lat="59.4616117" lon="24.892335">
			<ele>121</ele>
			<time>2025-09-14T21:46:32Z</time>
		</trkpt>
		<trkpt lat="59.46148" lon="24.8924217">
			<ele>119.5</ele>
			<time>2025-09-14T21:46:33Z</time>
		</trkpt>
		<trkpt lat="59.461355" lon="24.8925283">
			<ele>120.6</ele>
			<time>2025-09-14T21:46:34Z</time>
		</trkpt>
		<trkpt lat="59.4612483" lon="24.8926217">
			<ele>122.3</ele>
			<time>2025-09-14T21:46:35Z</time>
		</trkpt>
		<trkpt lat="59.46117" lon="24.8927">
			<ele>124</ele>
			<time>2025-09-14T21:46:36Z</time>
		</trkpt>
		<trkpt lat="59.4611117" lon="24.8927883">
			<ele>125.2</ele>
			<time>2025-09-14T21:46:37Z</time>
		</trkpt>
		<trkpt lat="59.4610667" lon="24.8929">
			<ele>125.1</ele>
			<time>2025-09-14T21:46:38Z</time>
		</trkpt>
		<trkpt lat="59.4610233" lon="24.8930333">
			<ele>124.9</ele>
			<time>2025-09-14T21:46:39Z</time>
		</trkpt>
		<trkpt lat="59.4609767" lon="24.8931767">
			<ele>124.5</ele>
			<time>2025-09-14T21:46:40Z</time>
		</trkpt>
		<trkpt lat="59.4609417" lon="24.8933217">
			<ele>124.6</ele>
			<time>2025-09-14T21:46:41Z</time>
		</trkpt>
		<trkpt lat="59.4609233" lon="24.8934583">
			<ele>124.9</ele>
			<time>2025-09-14T21:46:42Z</time>
		</trkpt>
		<trkpt lat="59.4609133" lon="24.8935783">
			<ele>125.3</ele>
			<time>2025-09-14T21:46:43Z</time>
		</trkpt>
		<trkpt lat="59.4609" lon="24.8936933">
			<ele>125.2</ele>
			<time>2025-09-14T21:46:44Z</time>
		</trkpt>
		<trkpt lat="59.4608817" lon="24.893815">
			<ele>125.2</ele>
			<time>2025-09-14T21:46:45Z</time>
		</trkpt>
		<trkpt lat="59.46086" lon="24.8939467">
			<ele>125.3</ele>
			<time>2025-09-14T21:46:46Z</time>
		</trkpt>
		<trkpt lat="59.4608417" lon="24.894085">
			<ele>125.8</ele>
			<time>2025-09-14T21:46:47Z</time>
		</trkpt>
		<trkpt lat="59.460835" lon="24.8942167">
			<ele>126.8</ele>
			<time>2025-09-14T21:46:48Z</time>
		</trkpt>
		<trkpt lat="59.4608383" lon="24.894335">
			<ele>127.7</ele>
			<time>2025-09-14T21:46:49Z</time>
		</trkpt>
		<trkpt lat="59.4608517" lon="24.8944383">
			<ele>128.7</ele>
			<time>2025-09-14T21:46:50Z</time>
		</trkpt>
		<trkpt lat="59.4608717" lon="24.8945283">
			<ele>129.3</ele>
			<time>2025-09-14T21:46:51Z</time>
		</trkpt>
		<trkpt lat="59.4609" lon="24.89462">
			<ele>129.6</ele>
			<time>2025-09-14T21:46:52Z</time>
		</trkpt>
		<trkpt lat="59.46093" lon="24.89472">
			<ele>129.7</ele>
			<time>2025-09-14T21:46:53Z</time>
		</trkpt>
		<trkpt lat="59.4609633" lon="24.8948317">
			<ele>129.9</ele>
			<time>2025-09-14T21:46:54Z</time>
		</trkpt>
		<trkpt lat="59.461" lon="24.8949483">
			<ele>129.7</ele>
			<time>2025-09-14T21:46:55Z</time>
		</trkpt>
		<trkpt lat="59.4610417" lon="24.8950533">
			<ele>130.1</ele>
			<time>2025-09-14T21:46:56Z</time>
		</trkpt>
		<trkpt lat="59.4610933" lon="24.89514">
			<ele>130.6</ele>
			<time>2025-09-14T21:46:57Z</time>
		</trkpt>
		<trkpt lat="59.461155" lon="24.895195">
			<ele>130.7</ele>
			<time>2025-09-14T21:46:58Z</time>
		</trkpt>
		<trkpt lat="59.46123" lon="24.8951917">
			<ele>130.9</ele>
			<time>2025-09-14T21:46:59Z</time>
		</trkpt>
		<trkpt lat="59.461325" lon="24.8951083">
			<ele>131.4</ele>
			<time>2025-09-14T21:47:00Z</time>
		</trkpt>
		<trkpt lat="59.461415" lon="24.894985">
			<ele>131.8</ele>
			<time>2025-09-14T21:47:01Z</time>
		</trkpt>
		<trkpt lat="59.4615033" lon="24.894825">
			<ele>132.2</ele>
			<time>2025-09-14T21:47:02Z</time>
		</trkpt>
		<trkpt lat="59.4615867" lon="24.8946333">
			<ele>132.5</ele>
			<time>2025-09-14T21:47:03Z</time>
		</trkpt>
		<trkpt lat="59.4616633" lon="24.8944067">
			<ele>132</ele>
			<time>2025-09-14T21:47:04Z</time>
		</trkpt>
		<trkpt lat="59.4617233" lon="24.89415">
			<ele>131.9</ele>
			<time>2025-09-14T21:47:05Z</time>
		</trkpt>
		<trkpt lat="59.4617667" lon="24.8938717">
			<ele>132.2</ele>
			<time>2025-09-14T21:47:06Z</time>
		</trkpt>
		<trkpt lat="59.4618033" lon="24.8935917">
			<ele>133</ele>
			<time>2025-09-14T21:47:07Z</time>
		</trkpt>
		<trkpt lat="59.4618417" lon="24.8933217">
			<ele>132.6</ele>
			<time>2025-09-14T21:47:08Z</time>
		</trkpt>
		<trkpt lat="59.4618883" lon="24.8930767">
			<ele>132.6</ele>
			<time>2025-09-14T21:47:09Z</time>
		</trkpt>
		<trkpt lat="59.4619467" lon="24.8928517">
			<ele>132.4</ele>
			<time>2025-09-14T21:47:10Z</time>
		</trkpt>
		<trkpt lat="59.4620117" lon="24.8926317">
			<ele>133.1</ele>
			<time>2025-09-14T21:47:11Z</time>
		</trkpt>
		<trkpt lat="59.4620767" lon="24.8924167">
			<ele>133.5</ele>
			<time>2025-09-14T21:47:12Z</time>
		</trkpt>
		<trkpt lat="59.46214" lon="24.8922017">
			<ele>133.3</ele>
			<time>2025-09-14T21:47:13Z</time>
		</trkpt>
		<trkpt lat="59.462205" lon="24.8919933">
			<ele>133.5</ele>
			<time>2025-09-14T21:47:14Z</time>
		</trkpt>
		<trkpt lat="59.4622783" lon="24.891805">
			<ele>133.2</ele>
			<time>2025-09-14T21:47:15Z</time>
		</trkpt>
		<trkpt lat="59.4623617" lon="24.891675">
			<ele>132.4</ele>
			<time>2025-09-14T21:47:16Z</time>
		</trkpt>
		<trkpt lat="59.4624417" lon="24.8916417">
			<ele>131.5</ele>
			<time>2025-09-14T21:47:17Z</time>
		</trkpt>
		<trkpt lat="59.46252" lon="24.8916717">
			<ele>130.9</ele>
			<time>2025-09-14T21:47:18Z</time>
		</trkpt>
		<trkpt lat="59.4625917" lon="24.8917067">
			<ele>130.2</ele>
			<time>2025-09-14T21:47:19Z</time>
		</trkpt>
		<trkpt lat="59.4626733" lon="24.8916583">
			<ele>129.9</ele>
			<time>2025-09-14T21:47:20Z</time>
		</trkpt>
		<trkpt lat="59.4627567" lon="24.8915117">
			<ele>129.4</ele>
			<time>2025-09-14T21:47:21Z</time>
		</trkpt>
		<trkpt lat="59.4628333" lon="24.891275">
			<ele>128.7</ele>
			<time>2025-09-14T21:47:22Z</time>
		</trkpt>
		<trkpt lat="59.4629" lon="24.8910133">
			<ele>128.6</ele>
			<time>2025-09-14T21:47:23Z</time>
		</trkpt>
		<trkpt lat="59.462965" lon="24.8907567">
			<ele>129.1</ele>
			<time>2025-09-14T21:47:24Z</time>
		</trkpt>
		<trkpt lat="59.4630267" lon="24.890515">
			<ele>129.6</ele>
			<time>2025-09-14T21:47:25Z</time>
		</trkpt>
		<trkpt lat="59.46309" lon="24.8902833">
			<ele>129.8</ele>
			<time>2025-09-14T21:47:26Z</time>
		</trkpt>
		<trkpt lat="59.4631567" lon="24.8900517">
			<ele>129.1</ele>
			<time>2025-09-14T21:47:27Z</time>
		</trkpt>
		<trkpt lat="59.4632267" lon="24.8898233">
			<ele>128.3</ele>
			<time>2025-09-14T21:47:28Z</time>
		</trkpt>
		<trkpt lat="59.4632983" lon="24.8895933">
			<ele>128.5</ele>
			<time>2025-09-14T21:47:29Z</time>
		</trkpt>
		<trkpt lat="59.4633633" lon="24.889365">
			<ele>129.2</ele>
			<time>2025-09-14T21:47:30Z</time>
		</trkpt>
		<trkpt lat="59.463425" lon="24.8891367">
			<ele>130.1</ele>
			<time>2025-09-14T21:47:31Z</time>
		</trkpt>
		<trkpt lat="59.463485" lon="24.8889067">
			<ele>131.1</ele>
			<time>2025-09-14T21:47:32Z</time>
		</trkpt>
		<trkpt lat="59.4635433" lon="24.8886733">
			<ele>132.3</ele>
			<time>2025-09-14T21:47:33Z</time>
		</trkpt>
		<trkpt lat="59.463595" lon="24.88843">
			<ele>132.8</ele>
			<time>2025-09-14T21:47:34Z</time>
		</trkpt>
		<trkpt lat="59.4636383" lon="24.8881767">
			<ele>133</ele>
			<time>2025-09-14T21:47:35Z</time>
		</trkpt>
		<trkpt lat="59.463685" lon="24.8879083">
			<ele>133.9</ele>
			<time>2025-09-14T21:47:36Z</time>
		</trkpt>
		<trkpt lat="59.4637383" lon="24.88764">
			<ele>133.7</ele>
			<time>2025-09-14T21:47:37Z</time>
		</trkpt>
		<trkpt lat="59.4637967" lon="24.8873883">
			<ele>134</ele>
			<time>2025-09-14T21:47:38Z</time>
		</trkpt>
		<trkpt lat="59.4638617" lon="24.887155">
			<ele>134.7</ele>
			<time>2025-09-14T21:47:39Z</time>
		</trkpt>
		<trkpt lat="59.463925" lon="24.8869283">
			<ele>135.4</ele>
			<time>2025-09-14T21:47:40Z</time>
		</trkpt>
		<trkpt lat="59.463985" lon="24.8867033">
			<ele>136.1</ele>
			<time>2025-09-14T21:47:41Z</time>
		</trkpt>
		<trkpt lat="59.464045" lon="24.886475">
			<ele>135.7</ele>
			<time>2025-09-14T21:47:42Z</time>
		</trkpt>
		<trkpt lat="59.4641083" lon="24.8862433">
			<ele>135.7</ele>
			<time>2025-09-14T21:47:43Z</time>
		</trkpt>
		<trkpt lat="59.4641733" lon="24.8860083">
			<ele>135.5</ele>
			<time>2025-09-14T21:47:44Z</time>
		</trkpt>
		<trkpt lat="59.46424" lon="24.885765">
			<ele>135.6</ele>
			<time>2025-09-14T21:47:45Z</time>
		</trkpt>
		<trkpt lat="59.4643067" lon="24.885515">
			<ele>136</ele>
			<time>2025-09-14T21:47:46Z</time>
		</trkpt>
		<trkpt lat="59.46437" lon="24.8852633">
			<ele>135.9</ele>
			<time>2025-09-14T21:47:47Z</time>
		</trkpt>
		<trkpt lat="59.4644283" lon="24.88502">
			<ele>136.2</ele>
			<time>2025-09-14T21:47:48Z</time>
		</trkpt>
		<trkpt lat="59.4644833" lon="24.8847883">
			<ele>136.9</ele>
			<time>2025-09-14T21:47:49Z</time>
		</trkpt>
		<trkpt lat="59.4645383" lon="24.884565">
			<ele>137.2</ele>
			<time>2025-09-14T21:47:50Z</time>
		</trkpt>
		<trkpt lat="59.4645967" lon="24.8843433">
			<ele>136.9</ele>
			<time>2025-09-14T21:47:51Z</time>
		</trkpt>
		<trkpt lat="59.4646567" lon="24.8841217">
			<ele>136.4</ele>
			<time>2025-09-14T21:47:52Z</time>
		</trkpt>
		<trkpt lat="59.4647117" lon="24.8839067">
			<ele>135.9</ele>
			<time>2025-09-14T21:47:53Z</time>
		</trkpt>
		<trkpt lat="59.4647667" lon="24.883685">
			<ele>134.8</ele>
			<time>2025-09-14T21:47:54Z</time>
		</trkpt>
		<trkpt lat="59.4648183" lon="24.8834383">
			<ele>134.5</ele>
			<time>2025-09-14T21:47:55Z</time>
		</trkpt>
		<trkpt lat="59.464865" lon="24.8831733">
			<ele>134.3</ele>
			<time>2025-09-14T21:47:56Z</time>
		</trkpt>
		<trkpt lat="59.4649083" lon="24.8828883">
			<ele>134.4</ele>
			<time>2025-09-14T21:47:57Z</time>
		</trkpt>
		<trkpt lat="59.4649417" lon="24.882585">
			<ele>134.2</ele>
			<time>2025-09-14T21:47:58Z</time>
		</trkpt>
		<trkpt lat="59.4649717" lon="24.8822783">
			<ele>134.1</ele>
			<time>2025-09-14T21:47:59Z</time>
		</trkpt>
		<trkpt lat="59.4650083" lon="24.8819633">
			<ele>134.6</ele>
			<time>2025-09-14T21:48:00Z</time>
		</trkpt>
		<trkpt lat="59.465045" lon="24.8816733">
			<ele>135.2</ele>
			<time>2025-09-14T21:48:01Z</time>
		</trkpt>
		<trkpt lat="59.4650783" lon="24.8814167">
			<ele>136.2</ele>
			<time>2025-09-14T21:48:02Z</time>
		</trkpt>
		<trkpt lat="59.4651133" lon="24.881155">
			<ele>136.6</ele>
			<time>2025-09-14T21:48:03Z</time>
		</trkpt>
		<trkpt lat="59.4651467" lon="24.880885">
			<ele>137</ele>
			<time>2025-09-14T21:48:04Z</time>
		</trkpt>
		<trkpt lat="59.4651817" lon="24.8806017">
			<ele>137.3</ele>
			<time>2025-09-14T21:48:05Z</time>
		</trkpt>
		<trkpt lat="59.465215" lon="24.8803033">
			<ele>137.7</ele>
			<time>2025-09-14T21:48:06Z</time>
		</trkpt>
		<trkpt lat="59.4652417" lon="24.8799983">
			<ele>137.7</ele>
			<time>2025-09-14T21:48:07Z</time>
		</trkpt>
		<trkpt lat="59.4652633" lon="24.8796967">
			<ele>137.1</ele>
			<time>2025-09-14T21:48:08Z</time>
		</trkpt>
		<trkpt lat="59.465285" lon="24.8793933">
			<ele>136.6</ele>
			<time>2025-09-14T21:48:09Z</time>
		</trkpt>
		<trkpt lat="59.465315" lon="24.8790983">
			<ele>136.3</ele>
			<time>2025-09-14T21:48:10Z</time>
		</trkpt>
		<trkpt lat="59.465345" lon="24.8787967">
			<ele>136.5</ele>
			<time>2025-09-14T21:48:11Z</time>
		</trkpt>
		<trkpt lat="59.465375" lon="24.8784917">
			<ele>137</ele>
			<time>2025-09-14T21:48:12Z</time>
		</trkpt>
		<trkpt lat="59.4654083" lon="24.8782">
			<ele>137.5</ele>
			<time>2025-09-14T21:48:13Z</time>
		</trkpt>
		<trkpt lat="59.465455" lon="24.8779283">
			<ele>138.1</ele>
			<time>2025-09-14T21:48:14Z</time>
		</trkpt>
		<trkpt lat="59.4655117" lon="24.8776617">
			<ele>138.9</ele>
			<time>2025-09-14T21:48:15Z</time>
		</trkpt>
		<trkpt lat="59.4655617" lon="24.877405">
			<ele>139.9</ele>
			<time>2025-09-14T21:48:16Z</time>
		</trkpt>
		<trkpt lat="59.4656017" lon="24.8771367">
			<ele>140.7</ele>
			<time>2025-09-14T21:48:17Z</time>
		</trkpt>
		<trkpt lat="59.4656283" lon="24.8768517">
			<ele>141.2</ele>
			<time>2025-09-14T21:48:18Z</time>
		</trkpt>
		<trkpt lat="59.4656467" lon="24.876555">
			<ele>141.2</ele>
			<time>2025-09-14T21:48:19Z</time>
		</trkpt>
		<trkpt lat="59.4656733" lon="24.8762667">
			<ele>142.3</ele>
			<time>2025-09-14T21:48:20Z</time>
		</trkpt>
		<trkpt lat="59.4657183" lon="24.8759967">
			<ele>142</ele>
			<time>2025-09-14T21:48:21Z</time>
		</trkpt>
		<trkpt lat="59.4657917" lon="24.8757667">
			<ele>141.4</ele>
			<time>2025-09-14T21:48:22Z</time>
		</trkpt>
		<trkpt lat="59.4658867" lon="24.8755867">
			<ele>140.5</ele>
			<time>2025-09-14T21:48:23Z</time>
		</trkpt>
		<trkpt lat="59.4659883" lon="24.87549">
			<ele>140.8</ele>
			<time>2025-09-14T21:48:24Z</time>
		</trkpt>
		<trkpt lat="59.4660767" lon="24.875455">
			<ele>141</ele>
			<time>2025-09-14T21:48:25Z</time>
		</trkpt>
		<trkpt lat="59.466135" lon="24.8754867">
			<ele>140.7</ele>
			<time>2025-09-14T21:48:26Z</time>
		</trkpt>
		<trkpt lat="59.4661667" lon="24.8755633">
			<ele>142.1</ele>
			<time>2025-09-14T21:48:27Z</time>
		</trkpt>
		<trkpt lat="59.4661733" lon="24.8756467">
			<ele>143.1</ele>
			<time>2025-09-14T21:48:28Z</time>
		</trkpt>
		<trkpt lat="59.4661617" lon="24.8757383">
			<ele>142.3</ele>
			<time>2025-09-14T21:48:29Z</time>
		</trkpt>
		<trkpt lat="59.4661283" lon="24.8758367">
			<ele>141.2</ele>
			<time>2025-09-14T21:48:30Z</time>
		</trkpt>
		<trkpt lat="59.4660833" lon="24.8759433">
			<ele>140.2</ele>
			<time>2025-09-14T21:48:31Z</time>
		</trkpt>
		<trkpt lat="59.4660367" lon="24.87605">
			<ele>140.3</ele>
			<time>2025-09-14T21:48:32Z</time>
		</trkpt>
		<trkpt lat="59.4659867" lon="24.8761533">
			<ele>140.2</ele>
			<time>2025-09-14T21:48:33Z</time>
		</trkpt>
		<trkpt lat="59.4659383" lon="24.8762533">
			<ele>140.3</ele>
			<time>2025-09-14T21:48:34Z</time>
		</trkpt>
		<trkpt lat="59.4659017" lon="24.87635">
			<ele>139.8</ele>
			<time>2025-09-14T21:48:35Z</time>
		</trkpt>
		<trkpt lat="59.46587" lon="24.876445">
			<ele>140</ele>
			<time>2025-09-14T21:48:36Z</time>
		</trkpt>
		<trkpt lat="59.4658417" lon="24.87654">
			<ele>140.2</ele>
			<time>2025-09-14T21:48:37Z</time>
		</trkpt>
		<trkpt lat="59.46582" lon="24.8766417">
			<ele>140.7</ele>
			<time>2025-09-14T21:48:38Z</time>
		</trkpt>
		<trkpt lat="59.4658033" lon="24.8767417">
			<ele>141</ele>
			<time>2025-09-14T21:48:39Z</time>
		</trkpt>
		<trkpt lat="59.4657883" lon="24.87684">
			<ele>141.2</ele>
			<time>2025-09-14T21:48:40Z</time>
		</trkpt>
		<trkpt lat="59.4657667" lon="24.87694">
			<ele>141.1</ele>
			<time>2025-09-14T21:48:41Z</time>
		</trkpt>
		<trkpt lat="59.4657467" lon="24.87704">
			<ele>141.3</ele>
			<time>2025-09-14T21:48:42Z</time>
		</trkpt>
		<trkpt lat="59.465725" lon="24.877135">
			<ele>141.4</ele>
			<time>2025-09-14T21:48:43Z</time>
		</trkpt>
		<trkpt lat="59.465695" lon="24.8772317">
			<ele>142.1</ele>
			<time>2025-09-14T21:48:44Z</time>
		</trkpt>
		<trkpt lat="59.465665" lon="24.8773283">
			<ele>142.1</ele>
			<time>2025-09-14T21:48:45Z</time>
		</trkpt>
		<trkpt lat="59.4656367" lon="24.8774283">
			<ele>142.1</ele>
			<time>2025-09-14T21:48:46Z</time>
		</trkpt>
		<trkpt lat="59.4656167" lon="24.877535">
			<ele>141.9</ele>
			<time>2025-09-14T21:48:47Z</time>
		</trkpt>
		<trkpt lat="59.465595" lon="24.87764">
			<ele>141.8</ele>
			<time>2025-09-14T21:48:48Z</time>
		</trkpt>
		<trkpt lat="59.4655767" lon="24.8777483">
			<ele>142.5</ele>
			<time>2025-09-14T21:48:49Z</time>
		</trkpt>
		<trkpt lat="59.4655633" lon="24.877855">
			<ele>143.4</ele>
			<time>2025-09-14T21:48:50Z</time>
		</trkpt>
		<trkpt lat="59.4655517" lon="24.8779483">
			<ele>144</ele>
			<time>2025-09-14T21:48:51Z</time>
		</trkpt>
		<trkpt lat="59.46554" lon="24.8780383">
			<ele>144.2</ele>
			<time>2025-09-14T21:48:52Z</time>
		</trkpt>
		<trkpt lat="59.4655233" lon="24.878125">
			<ele>144.2</ele>
			<time>2025-09-14T21:48:53Z</time>
		</trkpt>
		<trkpt lat="59.4655083" lon="24.878225">
			<ele>144.1</ele>
			<time>2025-09-14T21:48:54Z</time>
		</trkpt>
		<trkpt lat="59.4654967" lon="24.8783333">
			<ele>143.7</ele>
			<time>2025-09-14T21:48:55Z</time>
		</trkpt>
		<trkpt lat="59.465485" lon="24.8784517">
			<ele>143.7</ele>
			<time>2025-09-14T21:48:56Z</time>
		</trkpt>
		<trkpt lat="59.4654617" lon="24.87857">
			<ele>143.2</ele>
			<time>2025-09-14T21:48:57Z</time>
		</trkpt>
		<trkpt lat="59.46543" lon="24.87868">
			<ele>143.7</ele>
			<time>2025-09-14T21:48:58Z</time>
		</trkpt>
		<trkpt lat="59.4653983" lon="24.8787983">
			<ele>144.1</ele>
			<time>2025-09-14T21:48:59Z</time>
		</trkpt>
		<trkpt lat="59.4653733" lon="24.878915">
			<ele>144.4</ele>
			<time>2025-09-14T21:49:00Z</time>
		</trkpt>
		<trkpt lat="59.4653567" lon="24.879025">
			<ele>145.2</ele>
			<time>2025-09-14T21:49:01Z</time>
		</trkpt>
		<trkpt lat="59.4653317" lon="24.8791267">
			<ele>144.8</ele>
			<time>2025-09-14T21:49:02Z</time>
		</trkpt>
		<trkpt lat="59.4652967" lon="24.8792283">
			<ele>144.5</ele>
			<time>2025-09-14T21:49:03Z</time>
		</trkpt>
		<trkpt lat="59.4652533" lon="24.8793383">
			<ele>144.1</ele>
			<time>2025-09-14T21:49:04Z</time>
		</trkpt>
		<trkpt lat="59.4652067" lon="24.8794533">
			<ele>143.7</ele>
			<time>2025-09-14T21:49:05Z</time>
		</trkpt>
		<trkpt lat="59.4651667" lon="24.8795783">
			<ele>143.5</ele>
			<time>2025-09-14T21:49:06Z</time>
		</trkpt>
		<trkpt lat="59.465135" lon="24.8797067">
			<ele>143.1</ele>
			<time>2025-09-14T21:49:07Z</time>
		</trkpt>
		<trkpt lat="59.465115" lon="24.8798317">
			<ele>142.6</ele>
			<time>2025-09-14T21:49:08Z</time>
		</trkpt>
		<trkpt lat="59.4651" lon="24.87994">
			<ele>142.5</ele>
			<time>2025-09-14T21:49:09Z</time>
		</trkpt>
		<trkpt lat="59.46508" lon="24.8800417">
			<ele>142.3</ele>
			<time>2025-09-14T21:49:10Z</time>
		</trkpt>
		<trkpt lat="59.4650517" lon="24.880145">
			<ele>141.3</ele>
			<time>2025-09-14T21:49:11Z</time>
		</trkpt>
		<trkpt lat="59.4650183" lon="24.8802683">
			<ele>141.2</ele>
			<time>2025-09-14T21:49:12Z</time>
		</trkpt>
		<trkpt lat="59.4649917" lon="24.8804">
			<ele>140.6</ele>
			<time>2025-09-14T21:49:13Z</time>
		</trkpt>
		<trkpt lat="59.4649717" lon="24.8805333">
			<ele>140.7</ele>
			<time>2025-09-14T21:49:14Z</time>
		</trkpt>
		<trkpt lat="59.4649517" lon="24.8806633">
			<ele>141.1</ele>
			<time>2025-09-14T21:49:15Z</time>
		</trkpt>
		<trkpt lat="59.4649233" lon="24.88079">
			<ele>140.8</ele>
			<time>2025-09-14T21:49:16Z</time>
		</trkpt>
		<trkpt lat="59.4648933" lon="24.8809117">
			<ele>140.6</ele>
			<time>2025-09-14T21:49:17Z</time>
		</trkpt>
		<trkpt lat="59.4648767" lon="24.8810383">
			<ele>140.5</ele>
			<time>2025-09-14T21:49:18Z</time>
		</trkpt>
		<trkpt lat="59.4648717" lon="24.881165">
			<ele>140.5</ele>
			<time>2025-09-14T21:49:19Z</time>
		</trkpt>
		<trkpt lat="59.4648733" lon="24.8812867">
			<ele>141.3</ele>
			<time>2025-09-14T21:49:20Z</time>
		</trkpt>
		<trkpt lat="59.4648733" lon="24.8814017">
			<ele>142.5</ele>
			<time>2025-09-14T21:49:21Z</time>
		</trkpt>
		<trkpt lat="59.464865" lon="24.8815117">
			<ele>142.6</ele>
			<time>2025-09-14T21:49:22Z</time>
		</trkpt>
		<trkpt lat="59.4648533" lon="24.8816117">
			<ele>142.3</ele>
			<time>2025-09-14T21:49:23Z</time>
		</trkpt>
		<trkpt lat="59.4648533" lon="24.881715">
			<ele>141.9</ele>
			<time>2025-09-14T21:49:24Z</time>
		</trkpt>
		<trkpt lat="59.46487" lon="24.8818167">
			<ele>141.3</ele>
			<time>2025-09-14T21:49:25Z</time>
		</trkpt>
		<trkpt lat="59.46489" lon="24.8819217">
			<ele>140.6</ele>
			<time>2025-09-14T21:49:26Z</time>
		</trkpt>
		<trkpt lat="59.464905" lon="24.8820383">
			<ele>139.7</ele>
			<time>2025-09-14T21:49:27Z</time>
		</trkpt>
		<trkpt lat="59.4649" lon="24.882175">
			<ele>138.8</ele>
			<time>2025-09-14T21:49:28Z</time>
		</trkpt>
		<trkpt lat="59.4648517" lon="24.882345">
			<ele>138.3</ele>
			<time>2025-09-14T21:49:29Z</time>
		</trkpt>
		<trkpt lat="59.4647933" lon="24.882505">
			<ele>138.2</ele>
			<time>2025-09-14T21:49:30Z</time>
		</trkpt>
		<trkpt lat="59.4647483" lon="24.8826583">
			<ele>137.9</ele>
			<time>2025-09-14T21:49:31Z</time>
		</trkpt>
		<trkpt lat="59.4647183" lon="24.8828017">
			<ele>138.3</ele>
			<time>2025-09-14T21:49:32Z</time>
		</trkpt>
		<trkpt lat="59.464705" lon="24.8829333">
			<ele>138.8</ele>
			<time>2025-09-14T21:49:33Z</time>
		</trkpt>
		<trkpt lat="59.4646983" lon="24.8830417">
			<ele>139.3</ele>
			<time>2025-09-14T21:49:34Z</time>
		</trkpt>
		<trkpt lat="59.4646917" lon="24.8831383">
			<ele>139.2</ele>
			<time>2025-09-14T21:49:35Z</time>
		</trkpt>
		<trkpt lat="59.4646783" lon="24.8832283">
			<ele>139.3</ele>
			<time>2025-09-14T21:49:36Z</time>
		</trkpt>
		<trkpt lat="59.46466" lon="24.8833367">
			<ele>139.3</ele>
			<time>2025-09-14T21:49:37Z</time>
		</trkpt>
		<trkpt lat="59.46464" lon="24.8834533">
			<ele>139.7</ele>
			<time>2025-09-14T21:49:38Z</time>
		</trkpt>
		<trkpt lat="59.464625" lon="24.88357">
			<ele>139.9</ele>
			<time>2025-09-14T21:49:39Z</time>
		</trkpt>
		<trkpt lat="59.4646133" lon="24.8836817">
			<ele>140.7</ele>
			<time>2025-09-14T21:49:40Z</time>
		</trkpt>
		<trkpt lat="59.4645967" lon="24.8837867">
			<ele>140.6</ele>
			<time>2025-09-14T21:49:41Z</time>
		</trkpt>
		<trkpt lat="59.4645783" lon="24.8838983">
			<ele>140.6</ele>
			<time>2025-09-14T21:49:42Z</time>
		</trkpt>
		<trkpt lat="59.4645633" lon="24.88401">
			<ele>140.4</ele>
			<time>2025-09-14T21:49:43Z</time>
		</trkpt>
		<trkpt lat="59.4645517" lon="24.884125">
			<ele>139.6</ele>
			<time>2025-09-14T21:49:44Z</time>
		</trkpt>
		<trkpt lat="59.464545" lon="24.8842417">
			<ele>138.4</ele>
			<time>2025-09-14T21:49:45Z</time>
		</trkpt>
		<trkpt lat="59.4645417" lon="24.88437">
			<ele>137.9</ele>
			<time>2025-09-14T21:49:46Z</time>
		</trkpt>
		<trkpt lat="59.4645333" lon="24.884505">
			<ele>136.7</ele>
			<time>2025-09-14T21:49:47Z</time>
		</trkpt>
		<trkpt lat="59.4645167" lon="24.8846383">
			<ele>135.7</ele>
			<time>2025-09-14T21:49:48Z</time>
		</trkpt>
		<trkpt lat="59.464495" lon="24.8847633">
			<ele>135.7</ele>
			<time>2025-09-14T21:49:49Z</time>
		</trkpt>
		<trkpt lat="59.4644833" lon="24.8848717">
			<ele>135.8</ele>
			<time>2025-09-14T21:49:50Z</time>
		</trkpt>
		<trkpt lat="59.4644817" lon="24.884965">
			<ele>135.5</ele>
			<time>2025-09-14T21:49:51Z</time>
		</trkpt>
		<trkpt lat="59.4644767" lon="24.885055">
			<ele>134.7</ele>
			<time>2025-09-14T21:49:52Z</time>
		</trkpt>
		<trkpt lat="59.4644633" lon="24.8851567">
			<ele>134.1</ele>
			<time>2025-09-14T21:49:53Z</time>
		</trkpt>
		<trkpt lat="59.46444" lon="24.88528">
			<ele>133.8</ele>
			<time>2025-09-14T21:49:54Z</time>
		</trkpt>
		<trkpt lat="59.4644083" lon="24.8854167">
			<ele>133.3</ele>
			<time>2025-09-14T21:49:55Z</time>
		</trkpt>
		<trkpt lat="59.464375" lon="24.8855483">
			<ele>133.6</ele>
			<time>2025-09-14T21:49:56Z</time>
		</trkpt>
		<trkpt lat="59.4643433" lon="24.8856667">
			<ele>134.3</ele>
			<time>2025-09-14T21:49:57Z</time>
		</trkpt>
		<trkpt lat="59.4643167" lon="24.8857783">
			<ele>134.3</ele>
			<time>2025-09-14T21:49:58Z</time>
		</trkpt>
		<trkpt lat="59.464295" lon="24.88589">
			<ele>134.7</ele>
			<time>2025-09-14T21:49:59Z</time>
		</trkpt>
		<trkpt lat="59.46427" lon="24.885995">
			<ele>134.6</ele>
			<time>2025-09-14T21:50:00Z</time>
		</trkpt>
		<trkpt lat="59.46424" lon="24.8860983">
			<ele>134.2</ele>
			<time>2025-09-14T21:50:01Z</time>
		</trkpt>
		<trkpt lat="59.464205" lon="24.8862083">
			<ele>133.8</ele>
			<time>2025-09-14T21:50:02Z</time>
		</trkpt>
		<trkpt lat="59.464165" lon="24.8863217">
			<ele>134</ele>
			<time>2025-09-14T21:50:03Z</time>
		</trkpt>
		<trkpt lat="59.4641217" lon="24.886435">
			<ele>134</ele>
			<time>2025-09-14T21:50:04Z</time>
		</trkpt>
		<trkpt lat="59.4640817" lon="24.8865517">
			<ele>133.9</ele>
			<time>2025-09-14T21:50:05Z</time>
		</trkpt>
		<trkpt lat="59.46404" lon="24.88667">
			<ele>133.8</ele>
			<time>2025-09-14T21:50:06Z</time>
		</trkpt>
		<trkpt lat="59.4639983" lon="24.8867867">
			<ele>133.6</ele>
			<time>2025-09-14T21:50:07Z</time>
		</trkpt>
		<trkpt lat="59.4639517" lon="24.8869017">
			<ele>133.2</ele>
			<time>2025-09-14T21:50:08Z</time>
		</trkpt>
		<trkpt lat="59.4639033" lon="24.8870183">
			<ele>132.9</ele>
			<time>2025-09-14T21:50:09Z</time>
		</trkpt>
		<trkpt lat="59.4638533" lon="24.8871367">
			<ele>132.9</ele>
			<time>2025-09-14T21:50:10Z</time>
		</trkpt>
		<trkpt lat="59.4638067" lon="24.8872583">
			<ele>132.7</ele>
			<time>2025-09-14T21:50:11Z</time>
		</trkpt>
		<trkpt lat="59.463765" lon="24.88738">
			<ele>132.4</ele>
			<time>2025-09-14T21:50:12Z</time>
		</trkpt>
		<trkpt lat="59.46373" lon="24.8875">
			<ele>132.2</ele>
			<time>2025-09-14T21:50:13Z</time>
		</trkpt>
		<trkpt lat="59.4636933" lon="24.88762">
			<ele>131.7</ele>
			<time>2025-09-14T21:50:14Z</time>
		</trkpt>
		<trkpt lat="59.4636567" lon="24.887745">
			<ele>131</ele>
			<time>2025-09-14T21:50:15Z</time>
		</trkpt>
		<trkpt lat="59.4636183" lon="24.8878783">
			<ele>130.4</ele>
			<time>2025-09-14T21:50:16Z</time>
		</trkpt>
		<trkpt lat="59.46358" lon="24.8880267">
			<ele>129.7</ele>
			<time>2025-09-14T21:50:17Z</time>
		</trkpt>
		<trkpt lat="59.4635417" lon="24.8881733">
			<ele>129.5</ele>
			<time>2025-09-14T21:50:18Z</time>
		</trkpt>
		<trkpt lat="59.4635033" lon="24.8882967">
			<ele>129.8</ele>
			<time>2025-09-14T21:50:19Z</time>
		</trkpt>
		<trkpt lat="59.46346" lon="24.888405">
			<ele>130.1</ele>
			<time>2025-09-14T21:50:20Z</time>
		</trkpt>
		<trkpt lat="59.463415" lon="24.8884983">
			<ele>129.4</ele>
			<time>2025-09-14T21:50:21Z</time>
		</trkpt>
		<trkpt lat="59.46337" lon="24.8886017">
			<ele>129.2</ele>
			<time>2025-09-14T21:50:22Z</time>
		</trkpt>
		<trkpt lat="59.4633283" lon="24.88872">
			<ele>128.9</ele>
			<time>2025-09-14T21:50:23Z</time>
		</trkpt>
		<trkpt lat="59.46329" lon="24.88885">
			<ele>128.8</ele>
			<time>2025-09-14T21:50:24Z</time>
		</trkpt>
		<trkpt lat="59.463245" lon="24.8889833">
			<ele>128.1</ele>
			<time>2025-09-14T21:50:25Z</time>
		</trkpt>
		<trkpt lat="59.4631933" lon="24.8891133">
			<ele>128.6</ele>
			<time>2025-09-14T21:50:26Z</time>
		</trkpt>
		<trkpt lat="59.4631367" lon="24.8892333">
			<ele>129</ele>
			<time>2025-09-14T21:50:27Z</time>
		</trkpt>
		<trkpt lat="59.4630833" lon="24.8893417">
			<ele>129.5</ele>
			<time>2025-09-14T21:50:28Z</time>
		</trkpt>
		<trkpt lat="59.4630317" lon="24.8894517">
			<ele>130.2</ele>
			<time>2025-09-14T21:50:29Z</time>
		</trkpt>
		<trkpt lat="59.4629767" lon="24.8895733">
			<ele>130.1</ele>
			<time>2025-09-14T21:50:30Z</time>
		</trkpt>
		<trkpt lat="59.4629167" lon="24.889695">
			<ele>130.2</ele>
			<time>2025-09-14T21:50:31Z</time>
		</trkpt>
		<trkpt lat="59.462855" lon="24.8898117">
			<ele>130.3</ele>
			<time>2025-09-14T21:50:32Z</time>
		</trkpt>
		<trkpt lat="59.462805" lon="24.8899267">
			<ele>130.7</ele>
			<time>2025-09-14T21:50:33Z</time>
		</trkpt>
		<trkpt lat="59.4627617" lon="24.89004">
			<ele>130.9</ele>
			<time>2025-09-14T21:50:34Z</time>
		</trkpt>
		<trkpt lat="59.4627233" lon="24.8901533">
			<ele>131.6</ele>
			<time>2025-09-14T21:50:35Z</time>
		</trkpt>
		<trkpt lat="59.4626783" lon="24.890255">
			<ele>131.4</ele>
			<time>2025-09-14T21:50:36Z</time>
		</trkpt>
		<trkpt lat="59.4626283" lon="24.89035">
			<ele>131.4</ele>
			<time>2025-09-14T21:50:37Z</time>
		</trkpt>
		<trkpt lat="59.46257" lon="24.8904433">
			<ele>131.5</ele>
			<time>2025-09-14T21:50:38Z</time>
		</trkpt>
		<trkpt lat="59.46251" lon="24.89054">
			<ele>131.5</ele>
			<time>2025-09-14T21:50:39Z</time>
		</trkpt>
		<trkpt lat="59.462455" lon="24.8906433">
			<ele>131.3</ele>
			<time>2025-09-14T21:50:40Z</time>
		</trkpt>
		<trkpt lat="59.4624117" lon="24.8907567">
			<ele>131</ele>
			<time>2025-09-14T21:50:41Z</time>
		</trkpt>
		<trkpt lat="59.462385" lon="24.890875">
			<ele>130</ele>
			<time>2025-09-14T21:50:42Z</time>
		</trkpt>
		<trkpt lat="59.4623667" lon="24.8909917">
			<ele>129.2</ele>
			<time>2025-09-14T21:50:43Z</time>
		</trkpt>
		<trkpt lat="59.462345" lon="24.8911033">
			<ele>128.6</ele>
			<time>2025-09-14T21:50:44Z</time>
		</trkpt>
		<trkpt lat="59.4623183" lon="24.8912183">
			<ele>127.8</ele>
			<time>2025-09-14T21:50:45Z</time>
		</trkpt>
		<trkpt lat="59.46229" lon="24.8913417">
			<ele>127.5</ele>
			<time>2025-09-14T21:50:46Z</time>
		</trkpt>
		<trkpt lat="59.4622567" lon="24.8914683">
			<ele>126.6</ele>
			<time>2025-09-14T21:50:47Z</time>
		</trkpt>
		<trkpt lat="59.4622267" lon="24.8915933">
			<ele>125.4</ele>
			<time>2025-09-14T21:50:48Z</time>
		</trkpt>
		<trkpt lat="59.4621933" lon="24.8917233">
			<ele>124.4</ele>
			<time>2025-09-14T21:50:49Z</time>
		</trkpt>
		<trkpt lat="59.462155" lon="24.8918533">
			<ele>124</ele>
			<time>2025-09-14T21:50:50Z</time>
		</trkpt>
		<trkpt lat="59.4621167" lon="24.8919833">
			<ele>124</ele>
			<time>2025-09-14T21:50:51Z</time>
		</trkpt>
		<trkpt lat="59.462075" lon="24.8921167">
			<ele>124.7</ele>
			<time>2025-09-14T21:50:52Z</time>
		</trkpt>
		<trkpt lat="59.46204" lon="24.89225">
			<ele>125.2</ele>
			<time>2025-09-14T21:50:53Z</time>
		</trkpt>
		<trkpt lat="59.462005" lon="24.89238">
			<ele>125.1</ele>
			<time>2025-09-14T21:50:54Z</time>
		</trkpt>
		<trkpt lat="59.4619683" lon="24.8925117">
			<ele>125.3</ele>
			<time>2025-09-14T21:50:55Z</time>
		</trkpt>
		<trkpt lat="59.4619283" lon="24.8926367">
			<ele>125</ele>
			<time>2025-09-14T21:50:56Z</time>
		</trkpt>
		<trkpt lat="59.4618833" lon="24.8927583">
			<ele>124.3</ele>
			<time>2025-09-14T21:50:57Z</time>
		</trkpt>
		<trkpt lat="59.461835" lon="24.8928817">
			<ele>124.7</ele>
			<time>2025-09-14T21:50:58Z</time>
		</trkpt>
		<trkpt lat="59.4617833" lon="24.893">
			<ele>125</ele>
			<time>2025-09-14T21:50:59Z</time>
		</trkpt>
		<trkpt lat="59.4617333" lon="24.8931217">
			<ele>124.6</ele>
			<time>2025-09-14T21:51:00Z</time>
		</trkpt>
		<trkpt lat="59.4616917" lon="24.89325">
			<ele>124.3</ele>
			<time>2025-09-14T21:51:01Z</time>
		</trkpt>
		<trkpt lat="59.461655" lon="24.893385">
			<ele>123.7</ele>
			<time>2025-09-14T21:51:02Z</time>
		</trkpt>
		<trkpt lat="59.4616133" lon="24.8935167">
			<ele>122.7</ele>
			<time>2025-09-14T21:51:03Z</time>
		</trkpt>
		<trkpt lat="59.4615667" lon="24.8936467">
			<ele>122.5</ele>
			<time>2025-09-14T21:51:04Z</time>
		</trkpt>
		<trkpt lat="59.46152" lon="24.8937733">
			<ele>122.5</ele>
			<time>2025-09-14T21:51:05Z</time>
		</trkpt>
		<trkpt lat="59.4614733" lon="24.893895">
			<ele>122.6</ele>
			<time>2025-09-14T21:51:06Z</time>
		</trkpt>
		<trkpt lat="59.46142" lon="24.8940117">
			<ele>122</ele>
			<time>2025-09-14T21:51:07Z</time>
		</trkpt>
		<trkpt lat="59.461355" lon="24.8941283">
			<ele>121.7</ele>
			<time>2025-09-14T21:51:08Z</time>
		</trkpt>
		<trkpt lat="59.4612867" lon="24.8942517">
			<ele>121.5</ele>
			<time>2025-09-14T21:51:09Z</time>
		</trkpt>
		<trkpt lat="59.461225" lon="24.894385">
			<ele>121.4</ele>
			<time>2025-09-14T21:51:10Z</time>
		</trkpt>
		<trkpt lat="59.4611733" lon="24.89453">
			<ele>121.4</ele>
			<time>2025-09-14T21:51:11Z</time>
		</trkpt>
		<trkpt lat="59.461125" lon="24.8946767">
			<ele>121.1</ele>
			<time>2025-09-14T21:51:12Z</time>
		</trkpt>
		<trkpt lat="59.4610683" lon="24.894815">
			<ele>120.1</ele>
			<time>2025-09-14T21:51:13Z</time>
		</trkpt>
		<trkpt lat="59.4609867" lon="24.894935">
			<ele>119.1</ele>
			<time>2025-09-14T21:51:14Z</time>
		</trkpt>
		<trkpt lat="59.4608783" lon="24.8950333">
			<ele>118.5</ele>
			<time>2025-09-14T21:51:15Z</time>
		</trkpt>
		<trkpt lat="59.460765" lon="24.895115">
			<ele>118.8</ele>
			<time>2025-09-14T21:51:16Z</time>
		</trkpt>
		<trkpt lat="59.460665" lon="24.8951983">
			<ele>118.9</ele>
			<time>2025-09-14T21:51:17Z</time>
		</trkpt>
		<trkpt lat="59.4605867" lon="24.8952967">
			<ele>119.1</ele>
			<time>2025-09-14T21:51:18Z</time>
		</trkpt>
		<trkpt lat="59.46051" lon="24.895395">
			<ele>118.6</ele>
			<time>2025-09-14T21:51:19Z</time>
		</trkpt>
		<trkpt lat="59.4604167" lon="24.895475">
			<ele>118</ele>
			<time>2025-09-14T21:51:20Z</time>
		</trkpt>
		<trkpt lat="59.46031" lon="24.895545">
			<ele>117.9</ele>
			<time>2025-09-14T21:51:21Z</time>
		</trkpt>
		<trkpt lat="59.4601983" lon="24.89562">
			<ele>116.9</ele>
			<time>2025-09-14T21:51:22Z</time>
		</trkpt>
		<trkpt lat="59.4600933" lon="24.8957067">
			<ele>116.8</ele>
			<time>2025-09-14T21:51:23Z</time>
		</trkpt>
		<trkpt lat="59.4599933" lon="24.895795">
			<ele>116.6</ele>
			<time>2025-09-14T21:51:24Z</time>
		</trkpt>
		<trkpt lat="59.45989" lon="24.8958733">
			<ele>115.9</ele>
			<time>2025-09-14T21:51:25Z</time>
		</trkpt>
		<trkpt lat="59.4597833" lon="24.8959417">
			<ele>115.2</ele>
			<time>2025-09-14T21:51:26Z</time>
		</trkpt>
		<trkpt lat="59.4596767" lon="24.8959983">
			<ele>113.9</ele>
			<time>2025-09-14T21:51:27Z</time>
		</trkpt>
		<trkpt lat="59.4595667" lon="24.8960633">
			<ele>113.1</ele>
			<time>2025-09-14T21:51:28Z</time>
		</trkpt>
		<trkpt lat="59.4594567" lon="24.896135">
			<ele>112.1</ele>
			<time>2025-09-14T21:51:29Z</time>
		</trkpt>
		<trkpt lat="59.4593467" lon="24.8962167">
			<ele>110.4</ele>
			<time>2025-09-14T21:51:30Z</time>
		</trkpt>
		<trkpt lat="59.4592433" lon="24.896305">
			<ele>109.3</ele>
			<time>2025-09-14T21:51:31Z</time>
		</trkpt>
		<trkpt lat="59.4591367" lon="24.8964083">
			<ele>108.4</ele>
			<time>2025-09-14T21:51:32Z</time>
		</trkpt>
		<trkpt lat="59.4590283" lon="24.8965133">
			<ele>106.8</ele>
			<time>2025-09-14T21:51:33Z</time>
		</trkpt>
		<trkpt lat="59.4589167" lon="24.8966167">
			<ele>105.6</ele>
			<time>2025-09-14T21:51:34Z</time>
		</trkpt>
		<trkpt lat="59.458805" lon="24.8967133">
			<ele>104.3</ele>
			<time>2025-09-14T21:51:35Z</time>
		</trkpt>
		<trkpt lat="59.458695" lon="24.8968167">
			<ele>104</ele>
			<time>2025-09-14T21:51:36Z</time>
		</trkpt>
		<trkpt lat="59.4585917" lon="24.896935">
			<ele>105.4</ele>
			<time>2025-09-14T21:51:37Z</time>
		</trkpt>
		<trkpt lat="59.458505" lon="24.89705">
			<ele>106.3</ele>
			<time>2025-09-14T21:51:38Z</time>
		</trkpt>
		<trkpt lat="59.4584233" lon="24.8971567">
			<ele>106.6</ele>
			<time>2025-09-14T21:51:39Z</time>
		</trkpt>
		<trkpt lat="59.4583333" lon="24.8972517">
			<ele>106.9</ele>
			<time>2025-09-14T21:51:40Z</time>
		</trkpt>
		<trkpt lat="59.4582317" lon="24.8973333">
			<ele>106.1</ele>
			<time>2025-09-14T21:51:41Z</time>
		</trkpt>
		<trkpt lat="59.45812" lon="24.8974167">
			<ele>105.8</ele>
			<time>2025-09-14T21:51:42Z</time>
		</trkpt>
		<trkpt lat="59.45801" lon="24.8975083">
			<ele>106.2</ele>
			<time>2025-09-14T21:51:43Z</time>
		</trkpt>
		<trkpt lat="59.45791" lon="24.8976117">
			<ele>106.7</ele>
			<time>2025-09-14T21:51:44Z</time>
		</trkpt>
		<trkpt lat="59.4578167" lon="24.8977167">
			<ele>107</ele>
			<time>2025-09-14T21:51:45Z</time>
		</trkpt>
		<trkpt lat="59.4577233" lon="24.8978083">
			<ele>106.4</ele>
			<time>2025-09-14T21:51:46Z</time>
		</trkpt>
		<trkpt lat="59.4576217" lon="24.8978817">
			<ele>106.2</ele>
			<time>2025-09-14T21:51:47Z</time>
		</trkpt>
		<trkpt lat="59.4575167" lon="24.8979467">
			<ele>106.6</ele>
			<time>2025-09-14T21:51:48Z</time>
		</trkpt>
		<trkpt lat="59.4574167" lon="24.8980317">
			<ele>106.5</ele>
			<time>2025-09-14T21:51:49Z</time>
		</trkpt>
		<trkpt lat="59.4573317" lon="24.8981633">
			<ele>106.4</ele>
			<time>2025-09-14T21:51:50Z</time>
		</trkpt>
		<trkpt lat="59.4572583" lon="24.898335">
			<ele>106.6</ele>
			<time>2025-09-14T21:51:51Z</time>
		</trkpt>
		<trkpt lat="59.4571817" lon="24.898505">
			<ele>106.4</ele>
			<time>2025-09-14T21:51:52Z</time>
		</trkpt>
		<trkpt lat="59.4570933" lon="24.8986433">
			<ele>107.1</ele>
			<time>2025-09-14T21:51:53Z</time>
		</trkpt>
		<trkpt lat="59.4569967" lon="24.89874">
			<ele>107.7</ele>
			<time>2025-09-14T21:51:54Z</time>
		</trkpt>
		<trkpt lat="59.4569067" lon="24.89881">
			<ele>108.8</ele>
			<time>2025-09-14T21:51:55Z</time>
		</trkpt>
		<trkpt lat="59.456825" lon="24.8988617">
			<ele>109</ele>
			<time>2025-09-14T21:51:56Z</time>
		</trkpt>
		<trkpt lat="59.45674" lon="24.8989067">
			<ele>108.7</ele>
			<time>2025-09-14T21:51:57Z</time>
		</trkpt>
		<trkpt lat="59.45664" lon="24.8989533">
			<ele>107.3</ele>
			<time>2025-09-14T21:51:58Z</time>
		</trkpt>
		<trkpt lat="59.4565283" lon="24.89901">
			<ele>105.7</ele>
			<time>2025-09-14T21:51:59Z</time>
		</trkpt>
		<trkpt lat="59.4564083" lon="24.8990733">
			<ele>104.1</ele>
			<time>2025-09-14T21:52:00Z</time>
		</trkpt>
		<trkpt lat="59.4562867" lon="24.8991283">
			<ele>102.8</ele>
			<time>2025-09-14T21:52:01Z</time>
		</trkpt>
		<trkpt lat="59.456165" lon="24.8991733">
			<ele>101.9</ele>
			<time>2025-09-14T21:52:02Z</time>
		</trkpt>
		<trkpt lat="59.4560417" lon="24.8992233">
			<ele>101.2</ele>
			<time>2025-09-14T21:52:03Z</time>
		</trkpt>
		<trkpt lat="59.4559167" lon="24.89927">
			<ele>100.8</ele>
			<time>2025-09-14T21:52:04Z</time>
		</trkpt>
		<trkpt lat="59.455785" lon="24.8993067">
			<ele>100.7</ele>
			<time>2025-09-14T21:52:05Z</time>
		</trkpt>
		<trkpt lat="59.4556483" lon="24.899315">
			<ele>100.9</ele>
			<time>2025-09-14T21:52:06Z</time>
		</trkpt>
		<trkpt lat="59.4555167" lon="24.899285">
			<ele>101.3</ele>
			<time>2025-09-14T21:52:07Z</time>
		</trkpt>
		<trkpt lat="59.455385" lon="24.8992267">
			<ele>101.9</ele>
			<time>2025-09-14T21:52:08Z</time>
		</trkpt>
		<trkpt lat="59.4552567" lon="24.899145">
			<ele>102.9</ele>
			<time>2025-09-14T21:52:09Z</time>
		</trkpt>
		<trkpt lat="59.4551317" lon="24.89905">
			<ele>104.2</ele>
			<time>2025-09-14T21:52:10Z</time>
		</trkpt>
		<trkpt lat="59.4550117" lon="24.8989517">
			<ele>105.2</ele>
			<time>2025-09-14T21:52:11Z</time>
		</trkpt>
		<trkpt lat="59.4548967" lon="24.89884">
			<ele>105.6</ele>
			<time>2025-09-14T21:52:12Z</time>
		</trkpt>
		<trkpt lat="59.4547883" lon="24.89871">
			<ele>106.4</ele>
			<time>2025-09-14T21:52:13Z</time>
		</trkpt>
		<trkpt lat="59.4546833" lon="24.898525">
			<ele>105.6</ele>
			<time>2025-09-14T21:52:14Z</time>
		</trkpt>
		<trkpt lat="59.4545833" lon="24.8982917">
			<ele>105.4</ele>
			<time>2025-09-14T21:52:15Z</time>
		</trkpt>
		<trkpt lat="59.4544867" lon="24.8980383">
			<ele>105.3</ele>
			<time>2025-09-14T21:52:16Z</time>
		</trkpt>
		<trkpt lat="59.4543983" lon="24.897775">
			<ele>104.7</ele>
			<time>2025-09-14T21:52:17Z</time>
		</trkpt>
		<trkpt lat="59.4543333" lon="24.8974967">
			<ele>104.3</ele>
			<time>2025-09-14T21:52:18Z</time>
		</trkpt>
		<trkpt lat="59.4542833" lon="24.8971983">
			<ele>104.2</ele>
			<time>2025-09-14T21:52:19Z</time>
		</trkpt>
		<trkpt lat="59.45425" lon="24.8968867">
			<ele>104.4</ele>
			<time>2025-09-14T21:52:20Z</time>
		</trkpt>
		<trkpt lat="59.4542233" lon="24.8965767">
			<ele>104.5</ele>
			<time>2025-09-14T21:52:21Z</time>
		</trkpt>
		<trkpt lat="59.4542067" lon="24.8962717">
			<ele>104.1</ele>
			<time>2025-09-14T21:52:22Z</time>
		</trkpt>
		<trkpt lat="59.4542017" lon="24.8959683">
			<ele>103.8</ele>
			<time>2025-09-14T21:52:23Z</time>
		</trkpt>
		<trkpt lat="59.4542067" lon="24.895685">
			<ele>103.7</ele>
			<time>2025-09-14T21:52:24Z</time>
		</trkpt>
		<trkpt lat="59.4542217" lon="24.8954183">
			<ele>103.3</ele>
			<time>2025-09-14T21:52:25Z</time>
		</trkpt>
		<trkpt lat="59.45425" lon="24.895165">
			<ele>103.4</ele>
			<time>2025-09-14T21:52:26Z</time>
		</trkpt>
		<trkpt lat="59.45429" lon="24.89492">
			<ele>103.4</ele>
			<time>2025-09-14T21:52:27Z</time>
		</trkpt>
		<trkpt lat="59.4543467" lon="24.8946967">
			<ele>103.4</ele>
			<time>2025-09-14T21:52:28Z</time>
		</trkpt>
		<trkpt lat="59.4544183" lon="24.8944933">
			<ele>102.4</ele>
			<time>2025-09-14T21:52:29Z</time>
		</trkpt>
		<trkpt lat="59.4545117" lon="24.8943083">
			<ele>102</ele>
			<time>2025-09-14T21:52:30Z</time>
		</trkpt>
		<trkpt lat="59.454615" lon="24.89415">
			<ele>101.7</ele>
			<time>2025-09-14T21:52:31Z</time>
		</trkpt>
		<trkpt lat="59.4547183" lon="24.8940183">
			<ele>101</ele>
			<time>2025-09-14T21:52:32Z</time>
		</trkpt>
		<trkpt lat="59.4548233" lon="24.893915">
			<ele>101.3</ele>
			<time>2025-09-14T21:52:33Z</time>
		</trkpt>
		<trkpt lat="59.4549267" lon="24.8938233">
			<ele>102.1</ele>
			<time>2025-09-14T21:52:34Z</time>
		</trkpt>
		<trkpt lat="59.4550267" lon="24.893735">
			<ele>102</ele>
			<time>2025-09-14T21:52:35Z</time>
		</trkpt>
		<trkpt lat="59.455125" lon="24.8936467">
			<ele>102.5</ele>
			<time>2025-09-14T21:52:36Z</time>
		</trkpt>
		<trkpt lat="59.455225" lon="24.89356">
			<ele>103.5</ele>
			<time>2025-09-14T21:52:37Z</time>
		</trkpt>
		<trkpt lat="59.4553217" lon="24.893485">
			<ele>104.7</ele>
			<time>2025-09-14T21:52:38Z</time>
		</trkpt>
		<trkpt lat="59.4554117" lon="24.8934333">
			<ele>104.3</ele>
			<time>2025-09-14T21:52:39Z</time>
		</trkpt>
		<trkpt lat="59.4555" lon="24.8934017">
			<ele>104.4</ele>
			<time>2025-09-14T21:52:40Z</time>
		</trkpt>
		<trkpt lat="59.4555833" lon="24.89339">
			<ele>104.8</ele>
			<time>2025-09-14T21:52:41Z</time>
		</trkpt>
		<trkpt lat="59.4556567" lon="24.8934">
			<ele>104.2</ele>
			<time>2025-09-14T21:52:42Z</time>
		</trkpt>
		<trkpt lat="59.4557233" lon="24.8934517">
			<ele>103.3</ele>
			<time>2025-09-14T21:52:43Z</time>
		</trkpt>
		<trkpt lat="59.4557817" lon="24.89355">
			<ele>102.5</ele>
			<time>2025-09-14T21:52:44Z</time>
		</trkpt>
		<trkpt lat="59.4558333" lon="24.89369">
			<ele>101.2</ele>
			<time>2025-09-14T21:52:45Z</time>
		</trkpt>
		<trkpt lat="59.4558817" lon="24.8938467">
			<ele>100.1</ele>
			<time>2025-09-14T21:52:46Z</time>
		</trkpt>
		<trkpt lat="59.4559283" lon="24.894">
			<ele>99.5</ele>
			<time>2025-09-14T21:52:47Z</time>
		</trkpt>
		<trkpt lat="59.4559667" lon="24.89414">
			<ele>99.3</ele>
			<time>2025-09-14T21:52:48Z</time>
		</trkpt>
		<trkpt lat="59.4559983" lon="24.8942767">
			<ele>98.9</ele>
			<time>2025-09-14T21:52:49Z</time>
		</trkpt>
		<trkpt lat="59.4560183" lon="24.8944183">
			<ele>98.3</ele>
			<time>2025-09-14T21:52:50Z</time>
		</trkpt>
		<trkpt lat="59.4560283" lon="24.89457">
			<ele>97.7</ele>
			<time>2025-09-14T21:52:51Z</time>
		</trkpt>
		<trkpt lat="59.4560433" lon="24.8947217">
			<ele>97</ele>
			<time>2025-09-14T21:52:52Z</time>
		</trkpt>
		<trkpt lat="59.45607" lon="24.8948633">
			<ele>96.1</ele>
			<time>2025-09-14T21:52:53Z</time>
		</trkpt>
		<trkpt lat="59.4561133" lon="24.8949867">
			<ele>96</ele>
			<time>2025-09-14T21:52:54Z</time>
		</trkpt>
		<trkpt lat="59.4561767" lon="24.89508">
			<ele>96</ele>
			<time>2025-09-14T21:52:55Z</time>
		</trkpt>
		<trkpt lat="59.4562467" lon="24.895155">
			<ele>96.4</ele>
			<time>2025-09-14T21:52:56Z</time>
		</trkpt>
		<trkpt lat="59.4563217" lon="24.8952267">
			<ele>96.8</ele>
			<time>2025-09-14T21:52:57Z</time>
		</trkpt>
		<trkpt lat="59.4564" lon="24.8952883">
			<ele>97.5</ele>
			<time>2025-09-14T21:52:58Z</time>
		</trkpt>
		<trkpt lat="59.4564867" lon="24.8953333">
			<ele>98.1</ele>
			<time>2025-09-14T21:52:59Z</time>
		</trkpt>
		<trkpt lat="59.4565817" lon="24.8953567">
			<ele>98.8</ele>
			<time>2025-09-14T21:53:00Z</time>
		</trkpt>
		<trkpt lat="59.4566733" lon="24.895385">
			<ele>99.4</ele>
			<time>2025-09-14T21:53:01Z</time>
		</trkpt>
		<trkpt lat="59.4567567" lon="24.8954233">
			<ele>100</ele>
			<time>2025-09-14T21:53:02Z</time>
		</trkpt>
		<trkpt lat="59.4568233" lon="24.89548">
			<ele>100.3</ele>
			<time>2025-09-14T21:53:03Z</time>
		</trkpt>
		<trkpt lat="59.4568817" lon="24.8955367">
			<ele>101</ele>
			<time>2025-09-14T21:53:04Z</time>
		</trkpt>
		<trkpt lat="59.4569467" lon="24.8955867">
			<ele>100.5</ele>
			<time>2025-09-14T21:53:05Z</time>
		</trkpt>
		<trkpt lat="59.4570217" lon="24.8956267">
			<ele>99.8</ele>
			<time>2025-09-14T21:53:06Z</time>
		</trkpt>
		<trkpt lat="59.4571067" lon="24.8956733">
			<ele>99.3</ele>
			<time>2025-09-14T21:53:07Z</time>
		</trkpt>
		<trkpt lat="59.4571917" lon="24.8957267">
			<ele>99.3</ele>
			<time>2025-09-14T21:53:08Z</time>
		</trkpt>
		<trkpt lat="59.4572767" lon="24.895775">
			<ele>99.6</ele>
			<time>2025-09-14T21:53:09Z</time>
		</trkpt>
		<trkpt lat="59.4573667" lon="24.895805">
			<ele>100.3</ele>
			<time>2025-09-14T21:53:10Z</time>
		</trkpt>
		<trkpt lat="59.4574633" lon="24.89581">
			<ele>100.9</ele>
			<time>2025-09-14T21:53:11Z</time>
		</trkpt>
		<trkpt lat="59.4575617" lon="24.8957983">
			<ele>102.3</ele>
			<time>2025-09-14T21:53:12Z</time>
		</trkpt>
		<trkpt lat="59.4576533" lon="24.89578">
			<ele>103.3</ele>
			<time>2025-09-14T21:53:13Z</time>
		</trkpt>
		<trkpt lat="59.4577433" lon="24.895765">
			<ele>104.4</ele>
			<time>2025-09-14T21:53:14Z</time>
		</trkpt>
		<trkpt lat="59.45783" lon="24.89573">
			<ele>104.8</ele>
			<time>2025-09-14T21:53:15Z</time>
		</trkpt>
		<trkpt lat="59.4579167" lon="24.8956567">
			<ele>105</ele>
			<time>2025-09-14T21:53:16Z</time>
		</trkpt>
		<trkpt lat="59.4580033" lon="24.8955217">
			<ele>105</ele>
			<time>2025-09-14T21:53:17Z</time>
		</trkpt>
		<trkpt lat="59.4580933" lon="24.8953683">
			<ele>105.5</ele>
			<time>2025-09-14T21:53:18Z</time>
		</trkpt>
		<trkpt lat="59.458185" lon="24.8952367">
			<ele>105.5</ele>
			<time>2025-09-14T21:53:19Z</time>
		</trkpt>
		<trkpt lat="59.4582783" lon="24.895135">
			<ele>106.4</ele>
			<time>2025-09-14T21:53:20Z</time>
		</trkpt>
		<trkpt lat="59.4583617" lon="24.8950633">
			<ele>107.6</ele>
			<time>2025-09-14T21:53:21Z</time>
		</trkpt>
		<trkpt lat="59.4584383" lon="24.895005">
			<ele>108.1</ele>
			<time>2025-09-14T21:53:22Z</time>
		</trkpt>
		<trkpt lat="59.458515" lon="24.8949533">
			<ele>107.7</ele>
			<time>2025-09-14T21:53:23Z</time>
		</trkpt>
		<trkpt lat="59.4586" lon="24.89488">
			<ele>106.4</ele>
			<time>2025-09-14T21:53:24Z</time>
		</trkpt>
		<trkpt lat="59.4586917" lon="24.8947933">
			<ele>104.9</ele>
			<time>2025-09-14T21:53:25Z</time>
		</trkpt>
		<trkpt lat="59.4587833" lon="24.8947217">
			<ele>104.2</ele>
			<time>2025-09-14T21:53:26Z</time>
		</trkpt>
		<trkpt lat="59.4588683" lon="24.8946733">
			<ele>104.7</ele>
			<time>2025-09-14T21:53:27Z</time>
		</trkpt>
		<trkpt lat="59.4589433" lon="24.8946383">
			<ele>105.1</ele>
			<time>2025-09-14T21:53:28Z</time>
		</trkpt>
		<trkpt lat="59.4590117" lon="24.894605">
			<ele>105.1</ele>
			<time>2025-09-14T21:53:29Z</time>
		</trkpt>
		<trkpt lat="59.4590817" lon="24.8945783">
			<ele>105</ele>
			<time>2025-09-14T21:53:30Z</time>
		</trkpt>
		<trkpt lat="59.4591583" lon="24.8945667">
			<ele>104.6</ele>
			<time>2025-09-14T21:53:31Z</time>
		</trkpt>
		<trkpt lat="59.45924" lon="24.89457">
			<ele>104.2</ele>
			<time>2025-09-14T21:53:32Z</time>
		</trkpt>
		<trkpt lat="59.4593283" lon="24.894565">
			<ele>103.9</ele>
			<time>2025-09-14T21:53:33Z</time>
		</trkpt>
		<trkpt lat="59.4594167" lon="24.8945417">
			<ele>104</ele>
			<time>2025-09-14T21:53:34Z</time>
		</trkpt>
		<trkpt lat="59.4594983" lon="24.8944917">
			<ele>103.8</ele>
			<time>2025-09-14T21:53:35Z</time>
		</trkpt>
		<trkpt lat="59.4595783" lon="24.8944367">
			<ele>103.9</ele>
			<time>2025-09-14T21:53:36Z</time>
		</trkpt>
		<trkpt lat="59.45966" lon="24.8943983">
			<ele>104</ele>
			<time>2025-09-14T21:53:37Z</time>
		</trkpt>
		<trkpt lat="59.459745" lon="24.8943883">
			<ele>103.7</ele>
			<time>2025-09-14T21:53:38Z</time>
		</trkpt>
		<trkpt lat="59.4598367" lon="24.894385">
			<ele>103</ele>
			<time>2025-09-14T21:53:39Z</time>
		</trkpt>
		<trkpt lat="59.4599383" lon="24.89435">
			<ele>102.5</ele>
			<time>2025-09-14T21:53:40Z</time>
		</trkpt>
		<trkpt lat="59.4600317" lon="24.8942583">
			<ele>101.4</ele>
			<time>2025-09-14T21:53:41Z</time>
		</trkpt>
		<trkpt lat="59.46012" lon="24.894125">
			<ele>101.2</ele>
			<time>2025-09-14T21:53:42Z</time>
		</trkpt>
		<trkpt lat="59.4602033" lon="24.8939917">
			<ele>101.8</ele>
			<time>2025-09-14T21:53:43Z</time>
		</trkpt>
		<trkpt lat="59.4602867" lon="24.8938883">
			<ele>102</ele>
			<time>2025-09-14T21:53:44Z</time>
		</trkpt>
		<trkpt lat="59.4603733" lon="24.8937983">
			<ele>102.5</ele>
			<time>2025-09-14T21:53:45Z</time>
		</trkpt>
		<trkpt lat="59.4604617" lon="24.8936917">
			<ele>102.6</ele>
			<time>2025-09-14T21:53:46Z</time>
		</trkpt>
		<trkpt lat="59.4605483" lon="24.8935617">
			<ele>103.3</ele>
			<time>2025-09-14T21:53:47Z</time>
		</trkpt>
		<trkpt lat="59.4606333" lon="24.8934267">
			<ele>104.1</ele>
			<time>2025-09-14T21:53:48Z</time>
		</trkpt>
		<trkpt lat="59.460725" lon="24.8932933">
			<ele>104.8</ele>
			<time>2025-09-14T21:53:49Z</time>
		</trkpt>
		<trkpt lat="59.4608133" lon="24.89319">
			<ele>105.3</ele>
			<time>2025-09-14T21:53:50Z</time>
		</trkpt>
		<trkpt lat="59.4608967" lon="24.89311">
			<ele>105.8</ele>
			<time>2025-09-14T21:53:51Z</time>
		</trkpt>
		<trkpt lat="59.460975" lon="24.89304">
			<ele>106.3</ele>
			<time>2025-09-14T21:53:52Z</time>
		</trkpt>
		<trkpt lat="59.46105" lon="24.8929867">
			<ele>105.9</ele>
			<time>2025-09-14T21:53:53Z</time>
		</trkpt>
		<trkpt lat="59.4611283" lon="24.8929517">
			<ele>104.9</ele>
			<time>2025-09-14T21:53:54Z</time>
		</trkpt>
		<trkpt lat="59.4612083" lon="24.8929367">
			<ele>104.3</ele>
			<time>2025-09-14T21:53:55Z</time>
		</trkpt>
		<trkpt lat="59.4612967" lon="24.8929317">
			<ele>103.8</ele>
			<time>2025-09-14T21:53:56Z</time>
		</trkpt>
		<trkpt lat="59.4613833" lon="24.8929433">
			<ele>103.3</ele>
			<time>2025-09-14T21:53:57Z</time>
		</trkpt>
		<trkpt lat="59.4614683" lon="24.8929833">
			<ele>102.6</ele>
			<time>2025-09-14T21:53:58Z</time>
		</trkpt>
		<trkpt lat="59.4615433" lon="24.893055">
			<ele>101.8</ele>
			<time>2025-09-14T21:53:59Z</time>
		</trkpt>
		<trkpt lat="59.4616167" lon="24.8931467">
			<ele>100.9</ele>
			<time>2025-09-14T21:54:00Z</time>
		</trkpt>
		<trkpt lat="59.4616783" lon="24.893235">
			<ele>100.8</ele>
			<time>2025-09-14T21:54:01Z</time>
		</trkpt>
		<trkpt lat="59.461735" lon="24.8933083">
			<ele>101.5</ele>
			<time>2025-09-14T21:54:02Z</time>
		</trkpt>
		<trkpt lat="59.4617833" lon="24.893375">
			<ele>101.9</ele>
			<time>2025-09-14T21:54:03Z</time>
		</trkpt>
		<trkpt lat="59.46182" lon="24.8934517">
			<ele>101.9</ele>
			<time>2025-09-14T21:54:04Z</time>
		</trkpt>
		<trkpt lat="59.4618467" lon="24.8935383">
			<ele>102</ele>
			<time>2025-09-14T21:54:05Z</time>
		</trkpt>
		<trkpt lat="59.4618733" lon="24.8936167">
			<ele>102.3</ele>
			<time>2025-09-14T21:54:06Z</time>
		</trkpt>
		<trkpt lat="59.4619033" lon="24.8936933">
			<ele>102.3</ele>
			<time>2025-09-14T21:54:07Z</time>
		</trkpt>
		<trkpt lat="59.46193" lon="24.8937833">
			<ele>101.7</ele>
			<time>2025-09-14T21:54:08Z</time>
		</trkpt>
		<trkpt lat="59.461945" lon="24.8938933">
			<ele>101.3</ele>
			<time>2025-09-14T21:54:09Z</time>
		</trkpt>
		<trkpt lat="59.4619533" lon="24.89404">
			<ele>100.8</ele>
			<time>2025-09-14T21:54:10Z</time>
		</trkpt>
		<trkpt lat="59.46196" lon="24.8942217">
			<ele>100.5</ele>
			<time>2025-09-14T21:54:11Z</time>
		</trkpt>
		<trkpt lat="59.4619633" lon="24.89439">
			<ele>100.5</ele>
			<time>2025-09-14T21:54:12Z</time>
		</trkpt>
		<trkpt lat="59.4619517" lon="24.8945417">
			<ele>99.9</ele>
			<time>2025-09-14T21:54:13Z</time>
		</trkpt>
		<trkpt lat="59.46192" lon="24.8946817">
			<ele>99.3</ele>
			<time>2025-09-14T21:54:14Z</time>
		</trkpt>
		<trkpt lat="59.4618633" lon="24.89483">
			<ele>98.8</ele>
			<time>2025-09-14T21:54:15Z</time>
		</trkpt>
		<trkpt lat="59.46178" lon="24.8949583">
			<ele>99.3</ele>
			<time>2025-09-14T21:54:16Z</time>
		</trkpt>
		<trkpt lat="59.4616933" lon="24.89506">
			<ele>99.9</ele>
			<time>2025-09-14T21:54:17Z</time>
		</trkpt>
		<trkpt lat="59.4616083" lon="24.8951483">
			<ele>99.7</ele>
			<time>2025-09-14T21:54:18Z</time>
		</trkpt>
		<trkpt lat="59.4615217" lon="24.8952383">
			<ele>99.2</ele>
			<time>2025-09-14T21:54:19Z</time>
		</trkpt>
		<trkpt lat="59.4614383" lon="24.89535">
			<ele>98.6</ele>
			<time>2025-09-14T21:54:20Z</time>
		</trkpt>
		<trkpt lat="59.461375" lon="24.8954933">
			<ele>97.6</ele>
			<time>2025-09-14T21:54:21Z</time>
		</trkpt>
		<trkpt lat="59.46135" lon="24.8956483">
			<ele>96.5</ele>
			<time>2025-09-14T21:54:22Z</time>
		</trkpt>
		<trkpt lat="59.4613533" lon="24.8957967">
			<ele>95.4</ele>
			<time>2025-09-14T21:54:23Z</time>
		</trkpt>
		<trkpt lat="59.4613883" lon="24.8959233">
			<ele>95</ele>
			<time>2025-09-14T21:54:24Z</time>
		</trkpt>
		<trkpt lat="59.4614783" lon="24.89597">
			<ele>94.8</ele>
			<time>2025-09-14T21:54:25Z</time>
		</trkpt>
		<trkpt lat="59.4615667" lon="24.89598">
			<ele>94.3</ele>
			<time>2025-09-14T21:54:26Z</time>
		</trkpt>
		<trkpt lat="59.4616583" lon="24.8959433">
			<ele>93.9</ele>
			<time>2025-09-14T21:54:27Z</time>
		</trkpt>
		<trkpt lat="59.4617483" lon="24.8958483">
			<ele>93.7</ele>
			<time>2025-09-14T21:54:28Z</time>
		</trkpt>
		<trkpt lat="59.46183" lon="24.8957283">
			<ele>93.6</ele>
			<time>2025-09-14T21:54:29Z</time>
		</trkpt>
		<trkpt lat="59.461905" lon="24.8955533">
			<ele>93.6</ele>
			<time>2025-09-14T21:54:30Z</time>
		</trkpt>
		<trkpt lat="59.46198" lon="24.8953717">
			<ele>93.8</ele>
			<time>2025-09-14T21:54:31Z</time>
		</trkpt>
		<trkpt lat="59.46205" lon="24.8951867">
			<ele>94.7</ele>
			<time>2025-09-14T21:54:32Z</time>
		</trkpt>
		<trkpt lat="59.4621167" lon="24.895025">
			<ele>95.7</ele>
			<time>2025-09-14T21:54:33Z</time>
		</trkpt>
		<trkpt lat="59.462185" lon="24.8948683">
			<ele>96.7</ele>
			<time>2025-09-14T21:54:34Z</time>
		</trkpt>
		<trkpt lat="59.46225" lon="24.8946883">
			<ele>97.4</ele>
			<time>2025-09-14T21:54:35Z</time>
		</trkpt>
		<trkpt lat="59.4622967" lon="24.8944617">
			<ele>97.7</ele>
			<time>2025-09-14T21:54:36Z</time>
		</trkpt>
		<trkpt lat="59.4623233" lon="24.8941867">
			<ele>97.6</ele>
			<time>2025-09-14T21:54:37Z</time>
		</trkpt>
		<trkpt lat="59.4623367" lon="24.8938867">
			<ele>97.9</ele>
			<time>2025-09-14T21:54:38Z</time>
		</trkpt>
		<trkpt lat="59.462335" lon="24.893575">
			<ele>97.8</ele>
			<time>2025-09-14T21:54:39Z</time>
		</trkpt>
		<trkpt lat="59.4623133" lon="24.89327">
			<ele>97.9</ele>
			<time>2025-09-14T21:54:40Z</time>
		</trkpt>
		<trkpt lat="59.4622633" lon="24.8929733">
			<ele>97.7</ele>
			<time>2025-09-14T21:54:41Z</time>
		</trkpt>
		<trkpt lat="59.4621867" lon="24.89269">
			<ele>96.9</ele>
			<time>2025-09-14T21:54:42Z</time>
		</trkpt>
		<trkpt lat="59.4620867" lon="24.892415">
			<ele>96.1</ele>
			<time>2025-09-14T21:54:43Z</time>
		</trkpt>
		<trkpt lat="59.4619683" lon="24.8921667">
			<ele>95.6</ele>
			<time>2025-09-14T21:54:44Z</time>
		</trkpt>
		<trkpt lat="59.46183" lon="24.8919517">
			<ele>94.9</ele>
			<time>2025-09-14T21:54:45Z</time>
		</trkpt>
		<trkpt lat="59.4616783" lon="24.89179">
			<ele>93.9</ele>
			<time>2025-09-14T21:54:46Z</time>
		</trkpt>
		<trkpt lat="59.461525" lon="24.8916867">
			<ele>93.7</ele>
			<time>2025-09-14T21:54:47Z</time>
		</trkpt>
		<trkpt lat="59.46138" lon="24.8916383">
			<ele>94.5</ele>
			<time>2025-09-14T21:54:48Z</time>
		</trkpt>
		<trkpt lat="59.4612483" lon="24.891635">
			<ele>94.6</ele>
			<time>2025-09-14T21:54:49Z</time>
		</trkpt>
		<trkpt lat="59.46113" lon="24.8916717">
			<ele>94.7</ele>
			<time>2025-09-14T21:54:50Z</time>
		</trkpt>
		<trkpt lat="59.461015" lon="24.8917383">
			<ele>95</ele>
			<time>2025-09-14T21:54:51Z</time>
		</trkpt>
		<trkpt lat="59.4609017" lon="24.8918117">
			<ele>95.6</ele>
			<time>2025-09-14T21:54:52Z</time>
		</trkpt>
		<trkpt lat="59.4607867" lon="24.89189">
			<ele>96.8</ele>
			<time>2025-09-14T21:54:53Z</time>
		</trkpt>
		<trkpt lat="59.4606817" lon="24.89195">
			<ele>97.8</ele>
			<time>2025-09-14T21:54:54Z</time>
		</trkpt>
		<trkpt lat="59.4605833" lon="24.8919967">
			<ele>98.2</ele>
			<time>2025-09-14T21:54:55Z</time>
		</trkpt>
		<trkpt lat="59.4604883" lon="24.8920467">
			<ele>98.2</ele>
			<time>2025-09-14T21:54:56Z</time>
		</trkpt>
		<trkpt lat="59.460405" lon="24.89213">
			<ele>98</ele>
			<time>2025-09-14T21:54:57Z</time>
		</trkpt>
		<trkpt lat="59.4603383" lon="24.8922617">
			<ele>97.4</ele>
			<time>2025-09-14T21:54:58Z</time>
		</trkpt>
		<trkpt lat="59.4602933" lon="24.8924317">
			<ele>96.6</ele>
			<time>2025-09-14T21:54:59Z</time>
		</trkpt>
		<trkpt lat="59.4602617" lon="24.8926183">
			<ele>96.7</ele>
			<time>2025-09-14T21:55:00Z</time>
		</trkpt>
		<trkpt lat="59.4602417" lon="24.8927983">
			<ele>97.6</ele>
			<time>2025-09-14T21:55:01Z</time>
		</trkpt>
		<trkpt lat="59.4602283" lon="24.8929617">
			<ele>99.2</ele>
			<time>2025-09-14T21:55:02Z</time>
		</trkpt>
		<trkpt lat="59.4602167" lon="24.893105">
			<ele>100.7</ele>
			<time>2025-09-14T21:55:03Z</time>
		</trkpt>
		<trkpt lat="59.4602033" lon="24.8932383">
			<ele>101.6</ele>
			<time>2025-09-14T21:55:04Z</time>
		</trkpt>
		<trkpt lat="59.46018" lon="24.89338">
			<ele>101.8</ele>
			<time>2025-09-14T21:55:05Z</time>
		</trkpt>
		<trkpt lat="59.460145" lon="24.893545">
			<ele>101.7</ele>
			<time>2025-09-14T21:55:06Z</time>
		</trkpt>
		<trkpt lat="59.4601033" lon="24.893735">
			<ele>101.6</ele>
			<time>2025-09-14T21:55:07Z</time>
		</trkpt>
		<trkpt lat="59.4600617" lon="24.8939367">
			<ele>101.5</ele>
			<time>2025-09-14T21:55:08Z</time>
		</trkpt>
		<trkpt lat="59.4600167" lon="24.8941233">
			<ele>101.5</ele>
			<time>2025-09-14T21:55:09Z</time>
		</trkpt>
		<trkpt lat="59.4599683" lon="24.8942867">
			<ele>102</ele>
			<time>2025-09-14T21:55:10Z</time>
		</trkpt>
		<trkpt lat="59.45992" lon="24.89443">
			<ele>102.3</ele>
			<time>2025-09-14T21:55:11Z</time>
		</trkpt>
		<trkpt lat="59.45987" lon="24.8945633">
			<ele>103</ele>
			<time>2025-09-14T21:55:12Z</time>
		</trkpt>
		<trkpt lat="59.4598233" lon="24.89471">
			<ele>103.1</ele>
			<time>2025-09-14T21:55:13Z</time>
		</trkpt>
		<trkpt lat="59.4597683" lon="24.8948633">
			<ele>103.1</ele>
			<time>2025-09-14T21:55:14Z</time>
		</trkpt>
		<trkpt lat="59.4597117" lon="24.8950167">
			<ele>103</ele>
			<time>2025-09-14T21:55:15Z</time>
		</trkpt>
		<trkpt lat="59.4596567" lon="24.8951683">
			<ele>103.4</ele>
			<time>2025-09-14T21:55:16Z</time>
		</trkpt>
		<trkpt lat="59.4596167" lon="24.8953083">
			<ele>104.1</ele>
			<time>2025-09-14T21:55:17Z</time>
		</trkpt>
		<trkpt lat="59.4595783" lon="24.8954317">
			<ele>104.4</ele>
			<time>2025-09-14T21:55:18Z</time>
		</trkpt>
		<trkpt lat="59.4595383" lon="24.89555">
			<ele>104.4</ele>
			<time>2025-09-14T21:55:19Z</time>
		</trkpt>
		<trkpt lat="59.4594967" lon="24.8956617">
			<ele>104.3</ele>
			<time>2025-09-14T21:55:20Z</time>
		</trkpt>
		<trkpt lat="59.4594617" lon="24.8957817">
			<ele>103.7</ele>
			<time>2025-09-14T21:55:21Z</time>
		</trkpt>
		<trkpt lat="59.4594333" lon="24.895915">
			<ele>102.8</ele>
			<time>2025-09-14T21:55:22Z</time>
		</trkpt>
		<trkpt lat="59.4594133" lon="24.89607">
			<ele>102.2</ele>
			<time>2025-09-14T21:55:23Z</time>
		</trkpt>
		<trkpt lat="59.459395" lon="24.8962483">
			<ele>101.2</ele>
			<time>2025-09-14T21:55:24Z</time>
		</trkpt>
		<trkpt lat="59.4593783" lon="24.8964317">
			<ele>101</ele>
			<time>2025-09-14T21:55:25Z</time>
		</trkpt>
		<trkpt lat="59.4593667" lon="24.8966117">
			<ele>101</ele>
			<time>2025-09-14T21:55:26Z</time>
		</trkpt>
		<trkpt lat="59.4593517" lon="24.8967717">
			<ele>101.2</ele>
			<time>2025-09-14T21:55:27Z</time>
		</trkpt>
		<trkpt lat="59.4593317" lon="24.896915">
			<ele>101.8</ele>
			<time>2025-09-14T21:55:28Z</time>
		</trkpt>
		<trkpt lat="59.4593067" lon="24.897055">
			<ele>102.3</ele>
			<time>2025-09-14T21:55:29Z</time>
		</trkpt>
		<trkpt lat="59.459285" lon="24.8971983">
			<ele>102.3</ele>
			<time>2025-09-14T21:55:30Z</time>
		</trkpt>
		<trkpt lat="59.45926" lon="24.8973567">
			<ele>102.1</ele>
			<time>2025-09-14T21:55:31Z</time>
		</trkpt>
		<trkpt lat="59.4592233" lon="24.8975167">
			<ele>101.4</ele>
			<time>2025-09-14T21:55:32Z</time>
		</trkpt>
		<trkpt lat="59.4591767" lon="24.89767">
			<ele>101.5</ele>
			<time>2025-09-14T21:55:33Z</time>
		</trkpt>
		<trkpt lat="59.4591167" lon="24.8978117">
			<ele>101.6</ele>
			<time>2025-09-14T21:55:34Z</time>
		</trkpt>
		<trkpt lat="59.4590467" lon="24.8979383">
			<ele>101</ele>
			<time>2025-09-14T21:55:35Z</time>
		</trkpt>
		<trkpt lat="59.4589633" lon="24.898045">
			<ele>100.7</ele>
			<time>2025-09-14T21:55:36Z</time>
		</trkpt>
		<trkpt lat="59.4588717" lon="24.898155">
			<ele>100.1</ele>
			<time>2025-09-14T21:55:37Z</time>
		</trkpt>
		<trkpt lat="59.458775" lon="24.8982733">
			<ele>99.5</ele>
			<time>2025-09-14T21:55:38Z</time>
		</trkpt>
		<trkpt lat="59.45867" lon="24.8983883">
			<ele>98.6</ele>
			<time>2025-09-14T21:55:39Z</time>
		</trkpt>
		<trkpt lat="59.4585483" lon="24.898485">
			<ele>98.2</ele>
			<time>2025-09-14T21:55:40Z</time>
		</trkpt>
		<trkpt lat="59.4584117" lon="24.8985167">
			<ele>98</ele>
			<time>2025-09-14T21:55:41Z</time>
		</trkpt>
		<trkpt lat="59.4582683" lon="24.8984717">
			<ele>98</ele>
			<time>2025-09-14T21:55:42Z</time>
		</trkpt>
		<trkpt lat="59.4581333" lon="24.8983833">
			<ele>98.1</ele>
			<time>2025-09-14T21:55:43Z</time>
		</trkpt>
		<trkpt lat="59.45801" lon="24.8983017">
			<ele>99.2</ele>
			<time>2025-09-14T21:55:44Z</time>
		</trkpt>
		<trkpt lat="59.4578917" lon="24.898225">
			<ele>100.5</ele>
			<time>2025-09-14T21:55:45Z</time>
		</trkpt>
		<trkpt lat="59.4577817" lon="24.8981183">
			<ele>102</ele>
			<time>2025-09-14T21:55:46Z</time>
		</trkpt>
		<trkpt lat="59.4576867" lon="24.897945">
			<ele>103.3</ele>
			<time>2025-09-14T21:55:47Z</time>
		</trkpt>
		<trkpt lat="59.4576017" lon="24.8977217">
			<ele>104</ele>
			<time>2025-09-14T21:55:48Z</time>
		</trkpt>
		<trkpt lat="59.4575233" lon="24.8974833">
			<ele>104</ele>
			<time>2025-09-14T21:55:49Z</time>
		</trkpt>
		<trkpt lat="59.45743" lon="24.8972417">
			<ele>103.4</ele>
			<time>2025-09-14T21:55:50Z</time>
		</trkpt>
		<trkpt lat="59.4573333" lon="24.8969933">
			<ele>103.1</ele>
			<time>2025-09-14T21:55:51Z</time>
		</trkpt>
		<trkpt lat="59.457245" lon="24.8967267">
			<ele>102.7</ele>
			<time>2025-09-14T21:55:52Z</time>
		</trkpt>
		<trkpt lat="59.457175" lon="24.8964417">
			<ele>102.5</ele>
			<time>2025-09-14T21:55:53Z</time>
		</trkpt>
		<trkpt lat="59.45712" lon="24.8961483">
			<ele>102.5</ele>
			<time>2025-09-14T21:55:54Z</time>
		</trkpt>
		<trkpt lat="59.45707" lon="24.8958617">
			<ele>102.8</ele>
			<time>2025-09-14T21:55:55Z</time>
		</trkpt>
		<trkpt lat="59.4570267" lon="24.89558">
			<ele>103.3</ele>
			<time>2025-09-14T21:55:56Z</time>
		</trkpt>
		<trkpt lat="59.4569983" lon="24.8953117">
			<ele>104.3</ele>
			<time>2025-09-14T21:55:57Z</time>
		</trkpt>
		<trkpt lat="59.456985" lon="24.8950567">
			<ele>105.3</ele>
			<time>2025-09-14T21:55:58Z</time>
		</trkpt>
		<trkpt lat="59.4569733" lon="24.894805">
			<ele>105.9</ele>
			<time>2025-09-14T21:55:59Z</time>
		</trkpt>
		<trkpt lat="59.4569483" lon="24.8945367">
			<ele>106.5</ele>
			<time>2025-09-14T21:56:00Z</time>
		</trkpt>
		<trkpt lat="59.4569" lon="24.8942533">
			<ele>105.3</ele>
			<time>2025-09-14T21:56:01Z</time>
		</trkpt>
		<trkpt lat="59.4568417" lon="24.89396">
			<ele>104.2</ele>
			<time>2025-09-14T21:56:02Z</time>
		</trkpt>
		<trkpt lat="59.4567833" lon="24.89367">
			<ele>103</ele>
			<time>2025-09-14T21:56:03Z</time>
		</trkpt>
		<trkpt lat="59.45672" lon="24.893395">
			<ele>102.7</ele>
			<time>2025-09-14T21:56:04Z</time>
		</trkpt>
		<trkpt lat="59.4566483" lon="24.8931383">
			<ele>102.2</ele>
			<time>2025-09-14T21:56:05Z</time>
		</trkpt>
		<trkpt lat="59.4565717" lon="24.8928917">
			<ele>101.2</ele>
			<time>2025-09-14T21:56:06Z</time>
		</trkpt>
		<trkpt lat="59.4564983" lon="24.892645">
			<ele>100.2</ele>
			<time>2025-09-14T21:56:07Z</time>
		</trkpt>
		<trkpt lat="59.456435" lon="24.89239">
			<ele>99.4</ele>
			<time>2025-09-14T21:56:08Z</time>
		</trkpt>
		<trkpt lat="59.4563767" lon="24.8921367">
			<ele>99.2</ele>
			<time>2025-09-14T21:56:09Z</time>
		</trkpt>
		<trkpt lat="59.4563133" lon="24.8918983">
			<ele>98.5</ele>
			<time>2025-09-14T21:56:10Z</time>
		</trkpt>
		<trkpt lat="59.4562283" lon="24.8916833">
			<ele>98.1</ele>
			<time>2025-09-14T21:56:11Z</time>
		</trkpt>
		<trkpt lat="59.4561133" lon="24.89152">
			<ele>98.6</ele>
			<time>2025-09-14T21:56:12Z</time>
		</trkpt>
		<trkpt lat="59.4559917" lon="24.8914">
			<ele>98.9</ele>
			<time>2025-09-14T21:56:13Z</time>
		</trkpt>
		<trkpt lat="59.45588" lon="24.8913033">
			<ele>98.6</ele>
			<time>2025-09-14T21:56:14Z</time>
		</trkpt>
		<trkpt lat="59.4557767" lon="24.8912">
			<ele>97.3</ele>
			<time>2025-09-14T21:56:15Z</time>
		</trkpt>
		<trkpt lat="59.45567" lon="24.89112">
			<ele>95.1</ele>
			<time>2025-09-14T21:56:16Z</time>
		</trkpt>
		<trkpt lat="59.4555467" lon="24.891075">
			<ele>92.2</ele>
			<time>2025-09-14T21:56:17Z</time>
		</trkpt>
		<trkpt lat="59.4554083" lon="24.89108">
			<ele>90</ele>
			<time>2025-09-14T21:56:18Z</time>
		</trkpt>
		<trkpt lat="59.45527" lon="24.891105">
			<ele>88.7</ele>
			<time>2025-09-14T21:56:19Z</time>
		</trkpt>
		<trkpt lat="59.4551483" lon="24.8911417">
			<ele>88.1</ele>
			<time>2025-09-14T21:56:20Z</time>
		</trkpt>
		<trkpt lat="59.45504" lon="24.8911917">
			<ele>87.7</ele>
			<time>2025-09-14T21:56:21Z</time>
		</trkpt>
		<trkpt lat="59.4549383" lon="24.8912567">
			<ele>86.2</ele>
			<time>2025-09-14T21:56:22Z</time>
		</trkpt>
		<trkpt lat="59.4548333" lon="24.8913217">
			<ele>84.4</ele>
			<time>2025-09-14T21:56:23Z</time>
		</trkpt>
		<trkpt lat="59.4547283" lon="24.8913967">
			<ele>83.6</ele>
			<time>2025-09-14T21:56:24Z</time>
		</trkpt>
		<trkpt lat="59.4546383" lon="24.8914983">
			<ele>82.9</ele>
			<time>2025-09-14T21:56:25Z</time>
		</trkpt>
		<trkpt lat="59.4545717" lon="24.8916317">
			<ele>82.2</ele>
			<time>2025-09-14T21:56:26Z</time>
		</trkpt>
		<trkpt lat="59.454525" lon="24.8917917">
			<ele>81.8</ele>
			<time>2025-09-14T21:56:27Z</time>
		</trkpt>
		<trkpt lat="59.454495" lon="24.891965">
			<ele>81.2</ele>
			<time>2025-09-14T21:56:28Z</time>
		</trkpt>
		<trkpt lat="59.4544683" lon="24.892135">
			<ele>80.7</ele>
			<time>2025-09-14T21:56:29Z</time>
		</trkpt>
		<trkpt lat="59.4544433" lon="24.8923017">
			<ele>80.6</ele>
			<time>2025-09-14T21:56:30Z</time>
		</trkpt>
		<trkpt lat="59.4544167" lon="24.8924517">
			<ele>80.2</ele>
			<time>2025-09-14T21:56:31Z</time>
		</trkpt>
		<trkpt lat="59.454395" lon="24.8925967">
			<ele>79.9</ele>
			<time>2025-09-14T21:56:32Z</time>
		</trkpt>
		<trkpt lat="59.4543867" lon="24.8927667">
			<ele>78.8</ele>
			<time>2025-09-14T21:56:33Z</time>
		</trkpt>
		<trkpt lat="59.4543933" lon="24.892955">
			<ele>77.4</ele>
			<time>2025-09-14T21:56:34Z</time>
		</trkpt>
		<trkpt lat="59.4544067" lon="24.8931367">
			<ele>77.4</ele>
			<time>2025-09-14T21:56:35Z</time>
		</trkpt>
		<trkpt lat="59.4544217" lon="24.8933083">
			<ele>77.5</ele>
			<time>2025-09-14T21:56:36Z</time>
		</trkpt>
		<trkpt lat="59.45443" lon="24.8934667">
			<ele>77.6</ele>
			<time>2025-09-14T21:56:37Z</time>
		</trkpt>
		<trkpt lat="59.4544367" lon="24.8936083">
			<ele>77</ele>
			<time>2025-09-14T21:56:38Z</time>
		</trkpt>
		<trkpt lat="59.4544483" lon="24.8937533">
			<ele>76.8</ele>
			<time>2025-09-14T21:56:39Z</time>
		</trkpt>
		<trkpt lat="59.4544667" lon="24.8939083">
			<ele>76.3</ele>
			<time>2025-09-14T21:56:40Z</time>
		</trkpt>
		<trkpt lat="59.4544933" lon="24.8940733">
			<ele>74.4</ele>
			<time>2025-09-14T21:56:41Z</time>
		</trkpt>
		<trkpt lat="59.4545267" lon="24.89424">
			<ele>72.3</ele>
			<time>2025-09-14T21:56:42Z</time>
		</trkpt>
		<trkpt lat="59.4545667" lon="24.8944067">
			<ele>69.7</ele>
			<time>2025-09-14T21:56:43Z</time>
		</trkpt>
		<trkpt lat="59.4546117" lon="24.8945683">
			<ele>67.2</ele>
			<time>2025-09-14T21:56:44Z</time>
		</trkpt>
		<trkpt lat="59.4546583" lon="24.8947233">
			<ele>65.6</ele>
			<time>2025-09-14T21:56:45Z</time>
		</trkpt>
		<trkpt lat="59.4547017" lon="24.894865">
			<ele>63</ele>
			<time>2025-09-14T21:56:46Z</time>
		</trkpt>
		<trkpt lat="59.4547383" lon="24.8950083">
			<ele>62.1</ele>
			<time>2025-09-14T21:56:47Z</time>
		</trkpt>
		<trkpt lat="59.45477" lon="24.8951417">
			<ele>60.3</ele>
			<time>2025-09-14T21:56:48Z</time>
		</trkpt>
		<trkpt lat="59.4547817" lon="24.89518">
			<ele>59.6</ele>
			<time>2025-09-14T21:56:49Z</time>
		</trkpt>
		<trkpt lat="59.454785" lon="24.8952033">
			<ele>59.1</ele>
			<time>2025-09-14T21:56:50Z</time>
		</trkpt>
		<trkpt lat="59.454785" lon="24.8952033">
			<ele>59.1</ele>
			<time>2025-09-14T21:56:50Z</time>
		</trkpt>
		<trkpt lat="59.4547167" lon="24.8952667">
			<ele>59.1</ele>
			<time>2025-09-14T21:56:51Z</time>
		</trkpt>
		<trkpt lat="59.4547483" lon="24.8952417">
			<ele>59.1</ele>
			<time>2025-09-14T21:56:53Z</time>
		</trkpt>
		<trkpt lat="59.4547583" lon="24.8952367">
			<ele>59.1</ele>
			<time>2025-09-14T21:56:55Z</time>
		</trkpt>
		<trkpt lat="59.4547483" lon="24.895225">
			<ele>58.7</ele>
			<time>2025-09-14T21:56:56Z</time>
		</trkpt>
		<trkpt lat="59.4547417" lon="24.895215">
			<ele>58.5</ele>
			<time>2025-09-14T21:56:57Z</time>
		</trkpt>
		<trkpt lat="59.45474" lon="24.8952">
			<ele>58.5</ele>
			<time>2025-09-14T21:56:58Z</time>
		</trkpt>
		<trkpt lat="59.4547417" lon="24.89519">
			<ele>58.5</ele>
			<time>2025-09-14T21:56:59Z</time>
		</trkpt>
		<trkpt lat="59.4547417" lon="24.89519">
			<ele>58.5</ele>
			<time>2025-09-14T21:56:59Z</time>
		</trkpt>
		<trkpt lat="59.4547417" lon="24.89519">
			<ele>58.5</ele>
			<time>2025-09-14T21:57:00Z</time>
		</trkpt>
		<trkpt lat="59.4547383" lon="24.8951533">
			<ele>58.6</ele>
			<time>2025-09-14T21:57:02Z</time>
		</trkpt>
		<trkpt lat="59.454735" lon="24.8951417">
			<ele>58.3</ele>
			<time>2025-09-14T21:57:04Z</time>
		</trkpt>
		<trkpt lat="59.454735" lon="24.895145">
			<ele>58.1</ele>
			<time>2025-09-14T21:57:05Z</time>
		</trkpt>
		<trkpt lat="59.4547333" lon="24.8951467">
			<ele>58</ele>
			<time>2025-09-14T21:57:06Z</time>
		</trkpt>
		<trkpt lat="59.454735" lon="24.8951483">
			<ele>58</ele>
			<time>2025-09-14T21:57:07Z</time>
		</trkpt>
		<trkpt lat="59.4547333" lon="24.8951467">
			<ele>57.9</ele>
			<time>2025-09-14T21:57:08Z</time>
		</trkpt>
	</trkseg>
</trk>

</gpx>